0.837603 0.838596 0.840832 0.843853 0.847252 0.850805 0.854449 0.858173 0.86196 0.86577 0.86956 0.873286 0.876912 0.88041 0.883759 0.886948 0.889974 0.892849 0.895603 0.898276 0.900906 0.903512 0.906088 0.908622 0.911104 0.913534 0.915915 0.918249 0.920533 0.922767 0.924949 0.92708 0.929162 0.931191 0.933167 0.935086 0.936946 0.938746 0.940487 0.942175 0.943824 0.945454 0.947098 0.948788 0.950555 0.952408 0.954329 0.956283 0.958225 0.960118 0.961936 0.963665 0.965294 0.966819 0.968238 0.969556 0.970782 0.971928 0.973013 0.974066 0.975116 0.976189 0.9773 0.978448 0.979624 0.980814 0.982006 0.983195 0.984381 0.985565 0.986752 0.987938 0.989117 0.990276 0.991402 0.992486 0.993523 0.994511 0.995443 0.996312 0.997105 0.997811 0.998421 0.998928 0.999331 0.999631 0.999836 0.999956 1 0.99998 0.999907 0.999789 0.999635 0.999452 0.999248 0.999028 0.9988 0.99857 0.998346 0.998135 0.997944 0.997782 0.997656 0.997566 0.997512 0.997484 0.997474 0.997472 0.997472 0.997471 0.997468 0.997464 0.997461 0.997457 0.997454 0.997453 0.997454 0.997457 0.997462 0.997468 0.997473 0.997478 0.997482 0.997484 0.997485 0.997484 0.997482 0.997478 0.997472 0.997464 0.997454 0.997441 0.997428 0.997414 0.997401 0.99739 0.997382 0.997377 0.997374 0.997374 0.997375 0.997379 0.997383 0.997388 0.997394 0.9974 0.997406 0.997413 0.99742 0.997428 0.997436 0.997445 0.997454 0.997464 0.997474 0.997485 0.997496 0.997506 0.997513 0.997516
0.836445 0.837439 0.839679 0.84271 0.846128 0.849707 0.85338 0.857133 0.860945 0.864779 0.86859 0.872338 0.875984 0.879501 0.882865 0.886066 0.889101 0.891985 0.894748 0.897436 0.900083 0.902706 0.905294 0.907834 0.910318 0.912749 0.915132 0.917469 0.919759 0.922001 0.924194 0.92634 0.92844 0.930493 0.932497 0.934449 0.936345 0.938184 0.939967 0.941699 0.94339 0.945062 0.946743 0.948463 0.950249 0.952108 0.954025 0.955963 0.957883 0.959752 0.961547 0.963256 0.964869 0.966383 0.967797 0.969116 0.970347 0.971503 0.972602 0.97367 0.974735 0.975821 0.97694 0.978092 0.979265 0.980449 0.981636 0.982825 0.984015 0.985207 0.986402 0.987597 0.988783 0.989947 0.991076 0.99216 0.993197 0.994185 0.99512 0.995993 0.996791 0.997504 0.998122 0.998637 0.999048 0.999358 0.999572 0.999701 0.999756 0.999749 0.999689 0.999586 0.999448 0.999283 0.999096 0.998895 0.998686 0.998475 0.998269 0.998075 0.997901 0.997753 0.997638 0.997557 0.99751 0.997487 0.997481 0.997482 0.997483 0.997483 0.99748 0.997476 0.99747 0.997464 0.99746 0.997457 0.997456 0.997458 0.997462 0.997467 0.997473 0.997477 0.997481 0.997483 0.997483 0.997482 0.99748 0.997477 0.997472 0.997464 0.997455 0.997443 0.997431 0.997418 0.997406 0.997396 0.997388 0.997383 0.99738 0.99738 0.997381 0.997383 0.997387 0.997392 0.997397 0.997402 0.997408 0.997415 0.997422 0.997429 0.997437 0.997445 0.997455 0.997464 0.997475 0.997486 0.997496 0.997506 0.997514 0.997517
0.833825 0.834823 0.837076 0.840136 0.843599 0.847236 0.850972 0.854785 0.858652 0.862537 0.866397 0.870194 0.873888 0.877448 0.880849 0.88408 0.887138 0.890044 0.892833 0.895553 0.898238 0.900893 0.903504 0.906055 0.908542 0.910975 0.913364 0.915711 0.918015 0.920275 0.922492 0.92467 0.926812 0.928918 0.930985 0.933009 0.934986 0.936913 0.938788 0.940616 0.942403 0.944166 0.945927 0.947712 0.949539 0.951412 0.953316 0.955221 0.957094 0.95891 0.960655 0.96232 0.9639 0.965392 0.966796 0.968115 0.969359 0.970537 0.971668 0.972772 0.973873 0.97499 0.976128 0.977284 0.97845 0.979621 0.980798 0.981986 0.983186 0.984396 0.985612 0.986827 0.988029 0.989203 0.990337 0.991422 0.992458 0.993449 0.99439 0.995273 0.996085 0.996815 0.99745 0.997984 0.998414 0.998743 0.998978 0.999129 0.999208 0.999228 0.999198 0.999128 0.999027 0.9989 0.998754 0.998594 0.998427 0.998259 0.998094 0.997939 0.997801 0.997685 0.997596 0.997536 0.997504 0.997494 0.997497 0.997504 0.99751 0.997511 0.997508 0.9975 0.99749 0.99748 0.997471 0.997464 0.997461 0.99746 0.997463 0.997467 0.997471 0.997476 0.997478 0.99748 0.99748 0.997479 0.997477 0.997475 0.997471 0.997465 0.997458 0.997449 0.997439 0.997428 0.997418 0.997409 0.997402 0.997397 0.997394 0.997393 0.997393 0.997394 0.997396 0.9974 0.997403 0.997408 0.997413 0.997418 0.997424 0.997431 0.997438 0.997446 0.997455 0.997465 0.997475 0.997486 0.997497 0.997507 0.997514 0.997517
0.830267 0.831275 0.833556 0.836663 0.840192 0.843908 0.847724 0.851611 0.855544 0.859492 0.863419 0.867284 0.871047 0.87467 0.878128 0.881404 0.884502 0.887444 0.890274 0.893038 0.895765 0.898454 0.901085 0.903643 0.906133 0.908573 0.910973 0.913336 0.915659 0.917943 0.920192 0.922413 0.924611 0.926787 0.928938 0.931058 0.933142 0.935184 0.93718 0.939132 0.941043 0.942923 0.944786 0.946651 0.948528 0.950418 0.952305 0.954166 0.955979 0.95773 0.959413 0.961024 0.962563 0.964028 0.96542 0.966742 0.968003 0.969213 0.970387 0.971542 0.972695 0.973855 0.97502 0.976182 0.977338 0.978492 0.979657 0.980846 0.982061 0.983295 0.984539 0.985781 0.987003 0.98819 0.989328 0.990413 0.99145 0.992446 0.993398 0.994299 0.995133 0.995886 0.996546 0.997106 0.997563 0.997918 0.998179 0.998359 0.99847 0.998524 0.998535 0.99851 0.998456 0.998381 0.998289 0.998185 0.998074 0.997962 0.997852 0.99775 0.99766 0.997587 0.997534 0.997504 0.997494 0.997501 0.997516 0.997533 0.997544 0.997548 0.997543 0.997531 0.997516 0.9975 0.997485 0.997473 0.997466 0.997462 0.997463 0.997466 0.99747 0.997473 0.997476 0.997477 0.997476 0.997476 0.997475 0.997474 0.997472 0.997469 0.997465 0.997459 0.997452 0.997444 0.997437 0.997429 0.997423 0.997417 0.997413 0.997411 0.997409 0.997409 0.997409 0.99741 0.997412 0.997415 0.997418 0.997422 0.997427 0.997433 0.99744 0.997448 0.997456 0.997466 0.997476 0.997487 0.997497 0.997507 0.997514 0.997517
0.826265 0.82729 0.829614 0.832787 0.836397 0.840197 0.844092 0.848049 0.852048 0.856063 0.860064 0.864012 0.867858 0.871561 0.875088 0.878425 0.881577 0.884572 0.887452 0.890262 0.893026 0.895736 0.898375 0.900935 0.903431 0.905882 0.9083 0.910683 0.913028 0.915337 0.917619 0.919886 0.922145 0.924398 0.92664 0.928865 0.931064 0.933229 0.935354 0.937437 0.939476 0.941476 0.943443 0.945387 0.947313 0.949216 0.951085 0.952901 0.954654 0.95634 0.95796 0.959519 0.961017 0.962457 0.963838 0.965166 0.966448 0.967694 0.968917 0.970131 0.971343 0.972553 0.97375 0.974924 0.976074 0.977215 0.978373 0.979567 0.9808 0.98206 0.983333 0.984599 0.98584 0.987037 0.988178 0.989263 0.990303 0.991309 0.992279 0.993203 0.994065 0.994847 0.995538 0.996127 0.996612 0.996996 0.997286 0.997497 0.997642 0.997736 0.997791 0.997815 0.997816 0.997797 0.997764 0.997721 0.997673 0.997622 0.997573 0.997529 0.997494 0.997469 0.997458 0.997461 0.997478 0.997505 0.997535 0.997561 0.997579 0.997584 0.997577 0.997562 0.997541 0.997518 0.997497 0.997481 0.99747 0.997464 0.997463 0.997465 0.997468 0.997471 0.997473 0.997474 0.997474 0.997474 0.997475 0.997476 0.997477 0.997478 0.997477 0.997475 0.997471 0.997466 0.99746 0.997453 0.997447 0.997441 0.997435 0.997431 0.997427 0.997424 0.997422 0.997422 0.997422 0.997422 0.997424 0.997427 0.99743 0.997435 0.997441 0.997448 0.997457 0.997466 0.997476 0.997486 0.997497 0.997506 0.997513 0.997516
0.822119 0.823169 0.825548 0.828799 0.832496 0.83638 0.840347 0.844366 0.848424 0.852509 0.856592 0.86063 0.86457 0.868361 0.871968 0.875377 0.878597 0.881654 0.884589 0.887441 0.890228 0.892944 0.895581 0.898142 0.900648 0.903117 0.905556 0.907961 0.910325 0.912656 0.914968 0.917279 0.919599 0.921929 0.924263 0.926591 0.928902 0.931186 0.933433 0.935639 0.937797 0.939907 0.941969 0.943983 0.94595 0.947863 0.949713 0.951489 0.953187 0.954814 0.956379 0.957891 0.959355 0.960774 0.962149 0.963484 0.964787 0.966069 0.967342 0.968614 0.969886 0.97115 0.972388 0.973585 0.974746 0.975893 0.977057 0.978262 0.97951 0.980789 0.98208 0.983361 0.984612 0.985813 0.986955 0.988043 0.989092 0.990115 0.991111 0.992065 0.992958 0.993773 0.994495 0.995115 0.995629 0.996041 0.996359 0.9966 0.99678 0.996915 0.997016 0.997092 0.997148 0.997188 0.997216 0.997234 0.997248 0.99726 0.997272 0.997288 0.997308 0.997334 0.997366 0.997406 0.997451 0.9975 0.997545 0.997582 0.997605 0.997612 0.997604 0.997585 0.997559 0.997532 0.997506 0.997486 0.997472 0.997465 0.997463 0.997464 0.997467 0.99747 0.997472 0.997472 0.997473 0.997474 0.997477 0.997482 0.997487 0.997492 0.997495 0.997497 0.997496 0.997493 0.997487 0.997481 0.997474 0.997466 0.997459 0.997452 0.997445 0.99744 0.997436 0.997432 0.99743 0.997429 0.997429 0.99743 0.997433 0.997437 0.997442 0.997449 0.997457 0.997466 0.997475 0.997485 0.997495 0.997504 0.997511 0.997514
0.81794 0.819017 0.821459 0.824794 0.82858 0.832545 0.83658 0.840659 0.844783 0.848943 0.853114 0.857247 0.861281 0.865161 0.868852 0.87234 0.875635 0.878761 0.881753 0.884641 0.887441 0.890157 0.89279 0.895356 0.897876 0.900366 0.902826 0.905246 0.907623 0.90997 0.912309 0.914662 0.917041 0.919447 0.921869 0.924294 0.926709 0.929101 0.931459 0.933773 0.936037 0.938242 0.940384 0.942458 0.944459 0.946379 0.948212 0.949953 0.951605 0.953182 0.9547 0.956173 0.957609 0.959011 0.960381 0.961724 0.963048 0.964363 0.96568 0.967006 0.968337 0.969658 0.970947 0.972189 0.973387 0.974565 0.975755 0.976978 0.978237 0.979519 0.980808 0.982086 0.983333 0.984532 0.985676 0.986774 0.987842 0.988893 0.98992 0.990908 0.991835 0.992683 0.993437 0.994087 0.994628 0.995064 0.995409 0.99568 0.995896 0.996073 0.996223 0.996353 0.996466 0.996565 0.996653 0.996732 0.996807 0.996879 0.996952 0.997027 0.997103 0.99718 0.997257 0.997334 0.99741 0.99748 0.997542 0.997589 0.997618 0.997628 0.997619 0.997598 0.997569 0.997538 0.997511 0.997488 0.997473 0.997465 0.997463 0.997465 0.997468 0.997471 0.997472 0.997473 0.997474 0.997477 0.997483 0.997491 0.997501 0.99751 0.997518 0.997523 0.997525 0.997523 0.997518 0.997511 0.997502 0.997492 0.997482 0.997472 0.997463 0.997454 0.997447 0.997441 0.997437 0.997434 0.997433 0.997433 0.997435 0.997438 0.997443 0.997449 0.997456 0.997464 0.997473 0.997483 0.997492 0.997501 0.997507 0.99751
0.813741 0.814847 0.817353 0.820773 0.824648 0.828696 0.832807 0.836961 0.841163 0.845409 0.84967 0.853894 0.858014 0.861977 0.865748 0.869318 0.872692 0.875889 0.878938 0.881861 0.884677 0.887395 0.890032 0.892607 0.895143 0.89765 0.900122 0.902548 0.90493 0.907287 0.90965 0.912046 0.914486 0.916965 0.919471 0.921986 0.924494 0.92698 0.929434 0.931843 0.934197 0.936484 0.938693 0.940817 0.942845 0.944772 0.946591 0.948304 0.949919 0.951456 0.952935 0.954374 0.955785 0.957173 0.95854 0.959891 0.961231 0.962573 0.963927 0.9653 0.966687 0.968069 0.969425 0.970736 0.972002 0.97324 0.974475 0.975721 0.976982 0.97825 0.979516 0.98077 0.981998 0.983188 0.984338 0.985456 0.986557 0.987645 0.98871 0.989735 0.990697 0.991578 0.992362 0.993038 0.993602 0.99406 0.994428 0.994728 0.99498 0.995203 0.995405 0.995593 0.995766 0.995926 0.996073 0.996212 0.996345 0.996477 0.996609 0.996741 0.996872 0.997001 0.997124 0.99724 0.997346 0.99744 0.997517 0.997576 0.997611 0.997624 0.997617 0.997596 0.997567 0.997537 0.997509 0.997488 0.997474 0.997466 0.997465 0.997467 0.99747 0.997473 0.997474 0.997475 0.997477 0.997482 0.997491 0.997503 0.997518 0.997532 0.997544 0.997552 0.997556 0.997555 0.99755 0.997541 0.99753 0.997517 0.997504 0.99749 0.997478 0.997466 0.997456 0.997448 0.997442 0.997438 0.997435 0.997435 0.997436 0.997439 0.997443 0.997449 0.997456 0.997463 0.997471 0.997479 0.997488 0.997496 0.997501 0.997504
0.809514 0.810646 0.813213 0.816715 0.820683 0.824825 0.82903 0.833279 0.837578 0.841918 0.846267 0.850568 0.854759 0.858792 0.862638 0.866286 0.869741 0.873014 0.876124 0.87909 0.881931 0.884665 0.887313 0.889903 0.892452 0.894966 0.897437 0.899857 0.902236 0.904602 0.906993 0.909435 0.911938 0.91449 0.917073 0.919667 0.922256 0.924823 0.927358 0.929846 0.932276 0.934631 0.936898 0.939063 0.941117 0.943051 0.944862 0.946555 0.948143 0.949649 0.951097 0.952508 0.953896 0.95527 0.956632 0.957986 0.959338 0.9607 0.962084 0.963498 0.964938 0.966388 0.967823 0.969224 0.970581 0.971901 0.973195 0.97447 0.975729 0.976971 0.978198 0.979412 0.980609 0.981786 0.982945 0.984094 0.985237 0.986371 0.987482 0.988546 0.989543 0.990454 0.991265 0.991963 0.992545 0.99302 0.993408 0.993736 0.994027 0.994298 0.994559 0.994808 0.995045 0.995266 0.995473 0.995669 0.995858 0.996045 0.996233 0.996421 0.996607 0.996787 0.996957 0.997114 0.997252 0.997371 0.997466 0.997536 0.997579 0.997598 0.997595 0.997578 0.997553 0.997527 0.997504 0.997486 0.997474 0.997468 0.997467 0.99747 0.997473 0.997476 0.997477 0.997478 0.99748 0.997487 0.997499 0.997515 0.997535 0.997554 0.99757 0.997582 0.997587 0.997587 0.99758 0.99757 0.997555 0.997539 0.997522 0.997505 0.997489 0.997475 0.997462 0.997451 0.997443 0.997438 0.997435 0.997435 0.997436 0.997439 0.997443 0.997449 0.997455 0.997461 0.997469 0.997476 0.997483 0.99749 0.997495 0.997497
0.805255 0.806411 0.809034 0.812616 0.816679 0.820929 0.825249 0.829615 0.834024 0.83846 0.842885 0.847247 0.851493 0.855582 0.859494 0.86322 0.866757 0.870111 0.873292 0.876314 0.879197 0.881961 0.884632 0.887236 0.889791 0.892301 0.894761 0.897169 0.899545 0.901926 0.904352 0.906847 0.909413 0.912033 0.914684 0.917345 0.919998 0.922631 0.925231 0.927786 0.930278 0.932691 0.935007 0.937211 0.939289 0.941234 0.943044 0.944726 0.946298 0.947783 0.949206 0.950593 0.95196 0.953318 0.954671 0.956023 0.957381 0.958757 0.960166 0.961617 0.96311 0.96463 0.966154 0.967656 0.969117 0.970529 0.97189 0.973198 0.974457 0.975672 0.976857 0.978025 0.979186 0.980348 0.981518 0.9827 0.983892 0.985077 0.986235 0.98734 0.988372 0.989313 0.990148 0.990864 0.991459 0.991945 0.992349 0.992702 0.993034 0.99336 0.993684 0.994001 0.994302 0.994585 0.994849 0.995098 0.995338 0.995576 0.995815 0.996055 0.996294 0.996526 0.996744 0.996943 0.997117 0.997262 0.997378 0.997463 0.997517 0.997545 0.997551 0.997543 0.997527 0.99751 0.997494 0.997482 0.997474 0.99747 0.99747 0.997473 0.997477 0.997479 0.99748 0.99748 0.997483 0.997491 0.997506 0.997526 0.997549 0.997573 0.997593 0.997608 0.997615 0.997614 0.997607 0.997593 0.997576 0.997556 0.997535 0.997514 0.997495 0.997477 0.997462 0.99745 0.99744 0.997435 0.997432 0.997432 0.997434 0.997438 0.997443 0.997449 0.997455 0.997461 0.997467 0.997473 0.997479 0.997484 0.997489 0.997491
0.800966 0.802143 0.804817 0.808476 0.812639 0.817006 0.821454 0.825947 0.83047 0.834997 0.839487 0.843895 0.84818 0.852316 0.856288 0.860089 0.863712 0.867155 0.87042 0.873516 0.876457 0.879266 0.881968 0.88459 0.887148 0.889649 0.892095 0.894495 0.896877 0.899284 0.901755 0.904306 0.906932 0.90961 0.912314 0.915024 0.917725 0.920408 0.92306 0.925668 0.928213 0.930676 0.933037 0.935277 0.937382 0.939344 0.941161 0.942845 0.94441 0.945883 0.94729 0.948657 0.950004 0.951343 0.952682 0.954027 0.955385 0.956772 0.958202 0.959689 0.961235 0.962827 0.964441 0.966045 0.96761 0.969114 0.970542 0.971888 0.973154 0.974352 0.975504 0.976632 0.97776 0.978908 0.980089 0.981303 0.982538 0.98377 0.984972 0.986118 0.987185 0.988157 0.989014 0.989746 0.990349 0.990841 0.991257 0.991637 0.992013 0.992398 0.992791 0.993177 0.993545 0.993887 0.994203 0.994498 0.994781 0.995062 0.995345 0.995633 0.995921 0.996203 0.996469 0.996712 0.996924 0.997101 0.997241 0.997346 0.997417 0.997459 0.997481 0.997489 0.997489 0.997487 0.997483 0.997478 0.997475 0.997473 0.997474 0.997476 0.997479 0.99748 0.997481 0.997481 0.997484 0.997493 0.997509 0.997532 0.997559 0.997586 0.99761 0.997627 0.997635 0.997634 0.997624 0.997608 0.997587 0.997564 0.997539 0.997515 0.997492 0.997472 0.997454 0.997441 0.997431 0.997425 0.997423 0.997424 0.997429 0.997435 0.997441 0.997448 0.997455 0.99746 0.997466 0.997471 0.997476 0.99748 0.997484 0.997486
0.796653 0.797849 0.80057 0.804303 0.808565 0.81305 0.817627 0.822245 0.826876 0.831485 0.836029 0.840473 0.844789 0.848965 0.852992 0.856867 0.860579 0.864119 0.867483 0.870668 0.873686 0.876555 0.879299 0.881943 0.884509 0.887007 0.889449 0.891855 0.89426 0.896708 0.89923 0.901836 0.904512 0.907231 0.909968 0.912707 0.915439 0.918157 0.92085 0.923503 0.926095 0.928604 0.931007 0.933284 0.93542 0.937406 0.939242 0.940936 0.942506 0.943977 0.945375 0.946727 0.948055 0.949374 0.950696 0.95203 0.953386 0.954783 0.956236 0.95776 0.959359 0.961021 0.96272 0.964419 0.966077 0.967664 0.969155 0.970542 0.971825 0.973021 0.974156 0.975261 0.976369 0.977509 0.978698 0.979934 0.981198 0.982462 0.983699 0.98488 0.985983 0.986986 0.987868 0.988615 0.989224 0.989721 0.990148 0.990557 0.990982 0.991432 0.991896 0.992352 0.992783 0.993178 0.993537 0.993868 0.994184 0.994497 0.994815 0.995142 0.995474 0.995802 0.996115 0.996403 0.996655 0.996868 0.997039 0.99717 0.997265 0.997332 0.997379 0.997413 0.997438 0.997456 0.997468 0.997474 0.997476 0.997476 0.997476 0.997478 0.99748 0.997481 0.997481 0.99748 0.997483 0.997492 0.997508 0.997533 0.997562 0.997591 0.997617 0.997635 0.997643 0.997641 0.997629 0.99761 0.997586 0.997559 0.99753 0.997503 0.997477 0.997455 0.997437 0.997422 0.997413 0.997408 0.997408 0.997412 0.997419 0.997428 0.997438 0.997447 0.997455 0.997461 0.997466 0.99747 0.997474 0.997478 0.997482 0.997483
0.792322 0.793536 0.796303 0.800108 0.804465 0.809061 0.813754 0.818484 0.82321 0.827889 0.83248 0.836956 0.841299 0.845509 0.849587 0.853532 0.857335 0.860981 0.864453 0.867743 0.870853 0.873796 0.876595 0.879276 0.881863 0.884375 0.886834 0.889267 0.891714 0.894212 0.896788 0.899441 0.902151 0.904891 0.907641 0.910391 0.913139 0.915882 0.918609 0.921302 0.923938 0.926492 0.928938 0.931256 0.933429 0.935447 0.93731 0.939026 0.940612 0.942091 0.943489 0.944833 0.946145 0.947446 0.94875 0.950072 0.951429 0.952838 0.954318 0.955883 0.957536 0.959265 0.961039 0.962817 0.964553 0.966207 0.967754 0.96918 0.970489 0.971697 0.972833 0.973935 0.97504 0.976182 0.977376 0.978619 0.97989 0.981166 0.98242 0.983627 0.984762 0.985798 0.986709 0.987474 0.988094 0.988599 0.989046 0.989491 0.98997 0.990488 0.991022 0.991544 0.992029 0.992466 0.992856 0.993211 0.993546 0.993878 0.99422 0.994576 0.994944 0.995313 0.995669 0.995999 0.996293 0.996544 0.996751 0.996915 0.997044 0.997147 0.997232 0.997304 0.997364 0.997412 0.997446 0.997467 0.997476 0.997478 0.997479 0.997481 0.997483 0.997484 0.997483 0.997483 0.997484 0.99749 0.997505 0.997529 0.997557 0.997587 0.997612 0.99763 0.997636 0.997631 0.997617 0.997594 0.997566 0.997536 0.997505 0.997475 0.997448 0.997424 0.997406 0.997392 0.997384 0.997381 0.997384 0.997392 0.997403 0.997417 0.99743 0.997443 0.997454 0.997461 0.997467 0.997471 0.997475 0.997479 0.997482 0.997484
0.787982 0.789216 0.792029 0.795903 0.800347 0.805039 0.809831 0.814652 0.819455 0.824193 0.828827 0.833333 0.837702 0.841942 0.846065 0.850077 0.853969 0.857722 0.86131 0.864714 0.867928 0.870958 0.873827 0.876563 0.879192 0.881743 0.884243 0.886727 0.88923 0.891786 0.894412 0.897099 0.899827 0.902571 0.905318 0.908068 0.910824 0.913586 0.916344 0.919076 0.921757 0.924357 0.926851 0.929215 0.931431 0.93349 0.93539 0.937138 0.93875 0.940247 0.941655 0.942999 0.944305 0.945593 0.946884 0.9482 0.94956 0.950988 0.952502 0.954113 0.95582 0.957609 0.959444 0.961282 0.963074 0.964778 0.966368 0.967829 0.969166 0.970397 0.971551 0.972668 0.973786 0.974937 0.976132 0.977367 0.978625 0.979889 0.981142 0.982363 0.983525 0.984593 0.985534 0.986324 0.986965 0.987494 0.987974 0.988467 0.989009 0.989594 0.990193 0.99077 0.991296 0.99176 0.992166 0.992528 0.992866 0.993203 0.993556 0.993931 0.994325 0.994727 0.995121 0.995491 0.995824 0.996113 0.996358 0.996562 0.996734 0.996884 0.99702 0.997143 0.997253 0.997343 0.997408 0.997449 0.997471 0.99748 0.997485 0.997489 0.997494 0.997497 0.997497 0.997494 0.997492 0.997494 0.997503 0.997521 0.997545 0.997571 0.997593 0.997607 0.997609 0.9976 0.997582 0.997555 0.997524 0.997491 0.997458 0.997426 0.997399 0.997376 0.997358 0.997346 0.997341 0.997342 0.99735 0.997362 0.997379 0.997398 0.997418 0.997435 0.99745 0.99746 0.997467 0.997473 0.997477 0.997482 0.997485 0.997487
0.783641 0.784895 0.787757 0.791699 0.79622 0.800991 0.805857 0.810747 0.81561 0.820398 0.825072 0.829609 0.834006 0.838275 0.842439 0.846511 0.850485 0.85434 0.858042 0.861561 0.864882 0.868009 0.870962 0.873771 0.876467 0.879083 0.881651 0.884205 0.886777 0.889394 0.892063 0.894775 0.897509 0.900248 0.902986 0.905731 0.908494 0.911276 0.914065 0.916838 0.919566 0.922217 0.924762 0.927177 0.929444 0.931552 0.933499 0.93529 0.936939 0.938466 0.939895 0.941251 0.942559 0.943845 0.945134 0.946452 0.947826 0.94928 0.950833 0.952492 0.954252 0.956091 0.957972 0.959848 0.961673 0.963407 0.965023 0.966512 0.967875 0.969132 0.970314 0.971457 0.972597 0.97376 0.974952 0.976168 0.9774 0.97864 0.979879 0.981103 0.982281 0.983377 0.98435 0.985173 0.98585 0.986422 0.986956 0.987513 0.988121 0.988771 0.989423 0.990038 0.990588 0.991063 0.991468 0.991821 0.992148 0.992476 0.992826 0.993208 0.99362 0.994047 0.994471 0.994874 0.995241 0.995565 0.995847 0.996094 0.996315 0.996521 0.996719 0.996908 0.997082 0.997228 0.997339 0.997413 0.997457 0.997482 0.997498 0.997512 0.997524 0.997531 0.997531 0.997525 0.997514 0.997506 0.997504 0.997511 0.997526 0.997543 0.997557 0.997563 0.997559 0.997544 0.997519 0.997488 0.997454 0.997418 0.997384 0.997353 0.997327 0.997305 0.997291 0.997283 0.997282 0.997288 0.997301 0.99732 0.997344 0.997371 0.997397 0.997421 0.99744 0.997455 0.997465 0.997472 0.997478 0.997483 0.997488 0.99749
0.779294 0.780571 0.783483 0.787491 0.792079 0.796913 0.801835 0.806774 0.811683 0.816515 0.82123 0.825804 0.830233 0.834535 0.838736 0.842859 0.846902 0.850844 0.854647 0.858271 0.861695 0.86492 0.867965 0.870863 0.873649 0.876355 0.879014 0.881657 0.884309 0.886989 0.889701 0.892434 0.895172 0.897904 0.900636 0.903381 0.906155 0.908961 0.911785 0.914603 0.91738 0.920083 0.922684 0.925155 0.92748 0.929645 0.931648 0.933492 0.93519 0.936758 0.93822 0.939601 0.940927 0.942226 0.943526 0.94486 0.946257 0.947744 0.94934 0.951047 0.952854 0.954733 0.956642 0.958535 0.96037 0.962111 0.963737 0.965239 0.966621 0.967903 0.969113 0.970285 0.971448 0.972622 0.973809 0.975007 0.976212 0.977427 0.97865 0.979868 0.981055 0.982169 0.98317 0.984033 0.984762 0.985399 0.986006 0.986639 0.987316 0.988021 0.988711 0.989348 0.989904 0.990371 0.99076 0.991091 0.991395 0.991702 0.992038 0.992418 0.992838 0.993282 0.993729 0.994156 0.994549 0.994902 0.995215 0.995501 0.995771 0.996038 0.996306 0.996573 0.996825 0.997046 0.997221 0.997346 0.99743 0.997485 0.997524 0.997556 0.997581 0.997595 0.997595 0.99758 0.997555 0.997529 0.997509 0.997499 0.997498 0.997501 0.997502 0.997496 0.99748 0.997456 0.997424 0.997388 0.99735 0.997313 0.99728 0.99725 0.997227 0.99721 0.9972 0.997197 0.997203 0.997216 0.997236 0.997263 0.997295 0.99733 0.997365 0.997397 0.997422 0.997442 0.997456 0.997466 0.997475 0.997482 0.997488 0.99749
0.774922 0.776222 0.779185 0.783256 0.787906 0.792792 0.797758 0.802737 0.807685 0.81256 0.81732 0.821939 0.82641 0.830751 0.83499 0.839153 0.843248 0.847254 0.851131 0.854839 0.858349 0.861663 0.864803 0.867802 0.870696 0.873516 0.876288 0.879037 0.881781 0.884533 0.887292 0.890052 0.8928 0.895536 0.898271 0.901026 0.90382 0.906655 0.909518 0.912381 0.915208 0.917966 0.920623 0.923155 0.925542 0.927773 0.929841 0.931748 0.933506 0.935128 0.936637 0.938057 0.939415 0.940742 0.942071 0.943433 0.944865 0.946392 0.948031 0.949783 0.95163 0.953535 0.955456 0.957346 0.959167 0.960894 0.96251 0.96401 0.9654 0.966698 0.96793 0.969127 0.97031 0.971495 0.972682 0.973871 0.975063 0.976265 0.977476 0.978688 0.979873 0.980997 0.982021 0.982926 0.983718 0.984433 0.985126 0.985838 0.98658 0.987329 0.988043 0.988684 0.98923 0.989678 0.99004 0.990339 0.99061 0.990889 0.991206 0.991576 0.991997 0.992451 0.992912 0.993355 0.993763 0.994132 0.994469 0.994785 0.995099 0.995423 0.995764 0.996116 0.99646 0.996773 0.997034 0.997234 0.997379 0.997483 0.99756 0.997619 0.997662 0.997684 0.997681 0.997652 0.997607 0.997556 0.997511 0.997478 0.997455 0.997438 0.997421 0.997398 0.997369 0.997332 0.997291 0.997249 0.997209 0.997171 0.99714 0.997114 0.997096 0.997085 0.997082 0.997088 0.997102 0.997123 0.997153 0.997189 0.99723 0.997275 0.997318 0.997358 0.997392 0.997418 0.997438 0.997453 0.997465 0.997475 0.997483 0.997486
0.770484 0.771809 0.774822 0.778957 0.783669 0.788608 0.793618 0.798636 0.803627 0.808548 0.81336 0.818034 0.822558 0.826945 0.831223 0.835419 0.839545 0.843586 0.847505 0.851263 0.854833 0.858221 0.86145 0.864558 0.867576 0.870529 0.873435 0.876308 0.87916 0.881997 0.884819 0.887619 0.890394 0.89315 0.895903 0.898681 0.901502 0.904372 0.907275 0.910182 0.913056 0.915865 0.918579 0.921173 0.923627 0.925929 0.928071 0.930052 0.931879 0.933568 0.935136 0.93661 0.938017 0.939389 0.940761 0.942167 0.943641 0.945212 0.946895 0.948687 0.950563 0.952484 0.9544 0.956267 0.958056 0.959747 0.961333 0.962814 0.964197 0.9655 0.966745 0.967959 0.969161 0.970361 0.97156 0.972759 0.97396 0.975166 0.976377 0.977583 0.978762 0.979886 0.980927 0.981871 0.982725 0.983521 0.984299 0.985087 0.985884 0.986665 0.98739 0.988024 0.988551 0.988972 0.989301 0.989566 0.989803 0.990052 0.990346 0.990704 0.991122 0.99158 0.992046 0.992493 0.992905 0.993278 0.993623 0.993958 0.994304 0.994679 0.995088 0.995526 0.995969 0.996389 0.996757 0.997056 0.997286 0.997458 0.997585 0.997679 0.997741 0.99777 0.997761 0.997716 0.997646 0.997568 0.997494 0.997434 0.997387 0.997346 0.997306 0.997263 0.997216 0.997166 0.997115 0.997067 0.997024 0.996989 0.996961 0.996942 0.996931 0.996929 0.996936 0.996952 0.996976 0.997008 0.997048 0.997095 0.997147 0.997201 0.997255 0.997305 0.997347 0.997382 0.997409 0.99743 0.997448 0.997462 0.997473 0.997477
0.765932 0.767281 0.770347 0.774549 0.779331 0.784335 0.789401 0.794471 0.799512 0.804488 0.809359 0.814094 0.81868 0.823122 0.827442 0.831664 0.835803 0.839849 0.843774 0.847544 0.851144 0.854585 0.857898 0.861118 0.864273 0.867375 0.870432 0.873448 0.876426 0.879368 0.882272 0.885135 0.887959 0.890754 0.893544 0.896358 0.899215 0.902122 0.905062 0.908007 0.910922 0.913776 0.916543 0.919198 0.921722 0.9241 0.926323 0.928386 0.930295 0.932061 0.933702 0.935243 0.936713 0.938145 0.939573 0.941034 0.942561 0.94418 0.945905 0.94773 0.949626 0.951548 0.953445 0.955275 0.957013 0.958651 0.96019 0.961635 0.962996 0.96429 0.965539 0.966765 0.967986 0.969209 0.970437 0.971668 0.9729 0.974131 0.975355 0.97656 0.977731 0.97885 0.979899 0.980873 0.981782 0.982649 0.9835 0.98435 0.98519 0.985992 0.986719 0.987341 0.987846 0.988239 0.988539 0.988774 0.988982 0.989205 0.989481 0.989828 0.990243 0.990699 0.991162 0.991602 0.992002 0.992363 0.992701 0.993039 0.993404 0.993815 0.994283 0.9948 0.995343 0.995876 0.996365 0.996781 0.997114 0.997366 0.997551 0.997681 0.997763 0.997799 0.997786 0.997727 0.997636 0.997533 0.997433 0.997347 0.997274 0.997207 0.997143 0.997078 0.997013 0.996949 0.996889 0.996837 0.996794 0.996762 0.99674 0.99673 0.99673 0.996739 0.996759 0.996787 0.996824 0.996869 0.996922 0.99698 0.997044 0.997109 0.997174 0.997234 0.997287 0.997332 0.997369 0.997399 0.997424 0.997444 0.997459 0.997465
0.761219 0.762592 0.765714 0.769992 0.774858 0.779946 0.78509 0.790231 0.795336 0.800374 0.805308 0.81011 0.814762 0.819263 0.823628 0.827873 0.832012 0.83604 0.839938 0.843689 0.847292 0.850771 0.854161 0.857496 0.860794 0.864055 0.867275 0.870448 0.873569 0.876637 0.879647 0.8826 0.885497 0.888356 0.891201 0.894062 0.896962 0.899904 0.902875 0.905848 0.908793 0.911685 0.914498 0.917212 0.919806 0.922265 0.924574 0.926729 0.928728 0.930582 0.932307 0.933927 0.935472 0.936976 0.938473 0.939998 0.941583 0.943253 0.945018 0.946869 0.948775 0.950688 0.952554 0.954335 0.956011 0.957584 0.959061 0.960456 0.961781 0.963053 0.964296 0.96553 0.966772 0.96803 0.969302 0.970584 0.971867 0.97314 0.97439 0.975604 0.976771 0.977882 0.978932 0.979926 0.980873 0.981792 0.982696 0.98359 0.98446 0.985274 0.985999 0.986609 0.987096 0.987469 0.987749 0.987966 0.988157 0.988367 0.988634 0.988977 0.989389 0.98984 0.990291 0.990711 0.991084 0.991417 0.991731 0.992057 0.992424 0.992858 0.993369 0.99395 0.994579 0.995219 0.995825 0.996361 0.9968 0.997136 0.997379 0.997545 0.997648 0.997695 0.997686 0.997625 0.997526 0.997409 0.997292 0.997186 0.99709 0.997001 0.996915 0.99683 0.996749 0.996673 0.996608 0.996554 0.996514 0.996488 0.996476 0.996477 0.996491 0.996515 0.99655 0.996594 0.996646 0.996706 0.996773 0.996845 0.996922 0.996999 0.997076 0.997148 0.997214 0.997271 0.997319 0.997361 0.997396 0.997425 0.997445 0.997453
0.756311 0.757708 0.760887 0.765249 0.770217 0.775411 0.780659 0.785893 0.791078 0.796184 0.801183 0.806051 0.81077 0.815334 0.819747 0.824017 0.82815 0.832148 0.836003 0.839719 0.843311 0.846818 0.850281 0.853728 0.857167 0.860587 0.863973 0.867309 0.870588 0.873801 0.876942 0.880009 0.883007 0.885952 0.888869 0.891789 0.894733 0.897706 0.900699 0.903689 0.906655 0.909574 0.912427 0.915194 0.917856 0.920396 0.922798 0.92505 0.927149 0.9291 0.930918 0.932627 0.934257 0.935841 0.937415 0.939012 0.94066 0.942381 0.944183 0.946055 0.947963 0.949859 0.951691 0.953419 0.95503 0.95653 0.957935 0.959264 0.960537 0.961775 0.963002 0.964241 0.965507 0.966805 0.968134 0.96948 0.970827 0.972157 0.973448 0.974684 0.975855 0.97696 0.978007 0.979007 0.979976 0.980924 0.981859 0.982777 0.983661 0.984481 0.985203 0.985807 0.986286 0.986652 0.986929 0.987146 0.987339 0.987554 0.987826 0.988174 0.988587 0.98903 0.98946 0.989845 0.990176 0.990465 0.990742 0.991041 0.991399 0.991839 0.992373 0.992996 0.993685 0.994404 0.995104 0.995737 0.996268 0.996679 0.996976 0.99718 0.997311 0.997381 0.997393 0.997349 0.997261 0.99715 0.997031 0.996917 0.996809 0.996704 0.996602 0.996504 0.996413 0.996333 0.996266 0.996216 0.996183 0.996167 0.996168 0.996184 0.996215 0.996257 0.99631 0.996372 0.996443 0.99652 0.996603 0.996691 0.996782 0.996874 0.996964 0.99705 0.997129 0.997201 0.997264 0.99732 0.997368 0.997406 0.997434 0.997445
0.751188 0.752609 0.755848 0.7603 0.765379 0.770698 0.776071 0.781418 0.786697 0.791881 0.796947 0.80188 0.806667 0.811296 0.815761 0.820059 0.824192 0.828164 0.831981 0.835664 0.839249 0.842784 0.846315 0.849864 0.853431 0.856998 0.86054 0.864039 0.867482 0.870856 0.87415 0.877356 0.880477 0.883527 0.886531 0.889518 0.892507 0.895507 0.898514 0.901514 0.904489 0.907426 0.910309 0.913122 0.915848 0.91847 0.920966 0.92332 0.925524 0.927579 0.929498 0.931303 0.933025 0.934697 0.936352 0.938024 0.939738 0.941511 0.943348 0.945237 0.947144 0.949023 0.950822 0.952504 0.954052 0.955475 0.956798 0.958048 0.959255 0.960445 0.961648 0.962887 0.964177 0.965521 0.96691 0.968327 0.969748 0.971145 0.97249 0.973761 0.974948 0.976055 0.977097 0.978095 0.979067 0.980022 0.980966 0.981889 0.982775 0.983594 0.984316 0.984921 0.985407 0.985785 0.986079 0.986317 0.986535 0.986775 0.98707 0.987435 0.987853 0.988283 0.988683 0.989023 0.989299 0.989533 0.98976 0.990025 0.990362 0.990794 0.991332 0.991967 0.992678 0.99343 0.994177 0.994866 0.995455 0.995921 0.996267 0.996514 0.996687 0.996799 0.996853 0.99685 0.9968 0.996717 0.996617 0.996511 0.996403 0.996296 0.996191 0.996091 0.996 0.995923 0.995863 0.995821 0.9958 0.9958 0.995818 0.995853 0.995903 0.995967 0.996041 0.996124 0.996215 0.996313 0.996415 0.996521 0.996628 0.996736 0.996841 0.996942 0.997038 0.997126 0.997206 0.997278 0.997341 0.997392 0.997428 0.997443
0.745855 0.747301 0.750597 0.755138 0.760331 0.76578 0.771288 0.776761 0.782149 0.78742 0.79256 0.797562 0.802417 0.807113 0.811634 0.815969 0.820116 0.824081 0.827882 0.831554 0.835148 0.838719 0.842313 0.845949 0.849622 0.85331 0.856991 0.860645 0.864255 0.867801 0.871264 0.874628 0.87789 0.88106 0.884161 0.88722 0.890257 0.893284 0.896301 0.899303 0.902282 0.905228 0.908131 0.910982 0.913765 0.916463 0.919052 0.92151 0.923823 0.925986 0.92801 0.929916 0.931733 0.933495 0.935236 0.936985 0.938765 0.94059 0.942461 0.944366 0.946273 0.948139 0.949914 0.951558 0.95305 0.954397 0.955631 0.956792 0.957921 0.959056 0.960229 0.961465 0.962777 0.964166 0.965618 0.967107 0.968604 0.970073 0.97148 0.972798 0.974014 0.975134 0.976176 0.977167 0.978129 0.979074 0.980007 0.98092 0.981797 0.982611 0.983336 0.983953 0.984461 0.984869 0.985201 0.985482 0.985747 0.986032 0.986367 0.986758 0.987184 0.987601 0.987965 0.988251 0.988465 0.988636 0.988812 0.989039 0.989351 0.989766 0.990286 0.9909 0.991589 0.99232 0.993054 0.993744 0.994348 0.994842 0.99523 0.995528 0.995759 0.995933 0.996052 0.996113 0.996122 0.996089 0.996028 0.99595 0.995861 0.995768 0.995674 0.995585 0.995506 0.995443 0.995398 0.995373 0.99537 0.995389 0.995429 0.995487 0.99556 0.995648 0.995746 0.995853 0.995967 0.996087 0.99621 0.996336 0.996462 0.996587 0.99671 0.996829 0.996942 0.997048 0.997147 0.997237 0.997316 0.997382 0.997428 0.997447
0.740345 0.741812 0.745162 0.749782 0.755077 0.760647 0.766286 0.771889 0.777395 0.782767 0.787992 0.79307 0.797996 0.802759 0.807339 0.811721 0.8159 0.819885 0.823701 0.827394 0.831021 0.834641 0.838295 0.842002 0.845756 0.849539 0.853337 0.857133 0.86091 0.864636 0.868279 0.871811 0.875222 0.87852 0.881724 0.884861 0.887951 0.891009 0.894041 0.897047 0.900026 0.902974 0.90589 0.908768 0.911599 0.914365 0.91704 0.919598 0.922017 0.924288 0.926417 0.928425 0.930339 0.932194 0.934021 0.935847 0.937693 0.939569 0.941475 0.943396 0.945306 0.947164 0.948922 0.950534 0.951976 0.953254 0.954401 0.955473 0.956524 0.957602 0.958745 0.959979 0.961314 0.962747 0.964257 0.965814 0.967383 0.968923 0.970396 0.971769 0.973026 0.97417 0.975221 0.976206 0.977151 0.978075 0.978986 0.97988 0.980742 0.981549 0.982278 0.982915 0.983457 0.983912 0.984299 0.984642 0.98497 0.985316 0.985701 0.986126 0.986562 0.986965 0.987292 0.987525 0.987677 0.98779 0.987919 0.988112 0.988401 0.988793 0.989279 0.989844 0.990466 0.991124 0.991788 0.992423 0.992998 0.993495 0.993914 0.994268 0.994569 0.994821 0.99502 0.995162 0.995246 0.995279 0.995273 0.995239 0.995186 0.995122 0.995055 0.994992 0.994938 0.994899 0.994878 0.994877 0.994899 0.994942 0.995007 0.995091 0.995191 0.995304 0.995429 0.995562 0.995702 0.995845 0.995992 0.996139 0.996286 0.996431 0.996573 0.996711 0.996843 0.996968 0.997086 0.997195 0.997292 0.997372 0.997428 0.997452
0.734717 0.736202 0.739593 0.744275 0.749651 0.755318 0.76107 0.766794 0.77242 0.777903 0.783226 0.788387 0.793386 0.798215 0.802855 0.807292 0.81152 0.815551 0.819415 0.82316 0.826846 0.830529 0.834249 0.838019 0.841837 0.845697 0.849596 0.853527 0.857466 0.861372 0.865195 0.868894 0.872452 0.875876 0.879186 0.882407 0.88556 0.888661 0.891718 0.894736 0.897719 0.900668 0.90359 0.906487 0.909354 0.912176 0.914925 0.917571 0.920087 0.922459 0.92469 0.926797 0.928809 0.930755 0.932668 0.93457 0.936481 0.938407 0.940346 0.942285 0.944198 0.946048 0.947788 0.949373 0.950772 0.95199 0.953067 0.954067 0.955055 0.956088 0.95721 0.958447 0.959807 0.961279 0.962841 0.964457 0.966088 0.967692 0.969227 0.970657 0.971964 0.973143 0.974212 0.975199 0.976132 0.977035 0.977923 0.978793 0.979636 0.980434 0.981169 0.98183 0.982413 0.982924 0.983377 0.983792 0.984194 0.984609 0.985049 0.985509 0.985956 0.986347 0.986643 0.986831 0.986934 0.987003 0.987099 0.98727 0.98754 0.987906 0.988346 0.988838 0.989363 0.989909 0.990462 0.991003 0.991517 0.991994 0.992434 0.99284 0.993214 0.993549 0.993833 0.994058 0.994221 0.994326 0.994384 0.994405 0.9944 0.99438 0.994352 0.994326 0.994308 0.994302 0.994312 0.994342 0.994393 0.994466 0.994559 0.994672 0.9948 0.994943 0.995096 0.995257 0.995423 0.995592 0.995763 0.995934 0.996103 0.996269 0.996431 0.996589 0.99674 0.996885 0.997022 0.997149 0.997262 0.997356 0.997421 0.997449
0.729053 0.730548 0.733964 0.738682 0.744106 0.749837 0.755671 0.761496 0.767233 0.772827 0.778251 0.7835 0.788573 0.793465 0.798165 0.802661 0.806951 0.811048 0.814982 0.818804 0.822572 0.826339 0.830137 0.833978 0.837865 0.841802 0.845801 0.849862 0.853958 0.858032 0.862018 0.865866 0.869556 0.873096 0.87651 0.879822 0.883052 0.886214 0.889316 0.892363 0.895361 0.898319 0.901247 0.904157 0.907049 0.90991 0.912715 0.915429 0.918024 0.920484 0.922807 0.925008 0.927112 0.929149 0.931145 0.933123 0.935097 0.937072 0.939043 0.940997 0.942911 0.944749 0.946468 0.948023 0.949388 0.950567 0.951603 0.952563 0.953518 0.954531 0.95565 0.956899 0.958284 0.959792 0.961395 0.963056 0.964734 0.966386 0.967972 0.969456 0.970813 0.972036 0.973136 0.974138 0.975074 0.97597 0.976842 0.977692 0.978515 0.9793 0.980038 0.980722 0.981348 0.981918 0.98244 0.98293 0.983407 0.983889 0.984383 0.984875 0.985335 0.985719 0.985994 0.986156 0.986232 0.986279 0.98636 0.986522 0.986779 0.987117 0.987504 0.987911 0.988325 0.988744 0.989169 0.989601 0.990038 0.990482 0.99093 0.991379 0.991816 0.992224 0.992584 0.992883 0.993117 0.99329 0.993411 0.99349 0.993539 0.993569 0.99359 0.993609 0.993633 0.993667 0.993715 0.99378 0.993865 0.99397 0.994095 0.994238 0.994397 0.99457 0.994752 0.994941 0.995135 0.995331 0.995528 0.995722 0.995914 0.996102 0.996285 0.996463 0.996633 0.996797 0.996951 0.997094 0.997222 0.997328 0.997401 0.997433
0.723431 0.724928 0.728347 0.73307 0.738505 0.744262 0.750143 0.756036 0.76186 0.767549 0.773065 0.778396 0.783539 0.788494 0.793254 0.797814 0.802173 0.806345 0.810363 0.814279 0.818151 0.822024 0.825925 0.829864 0.833844 0.837881 0.841994 0.846186 0.850422 0.854636 0.858751 0.862714 0.866509 0.870149 0.873662 0.877072 0.880395 0.883642 0.886814 0.889915 0.892951 0.895934 0.898878 0.9018 0.904706 0.907588 0.910423 0.913179 0.915829 0.918354 0.920754 0.92304 0.925232 0.927355 0.929434 0.931486 0.933521 0.935543 0.937544 0.939511 0.941422 0.943244 0.944939 0.94647 0.947814 0.94898 0.95001 0.950969 0.95193 0.952956 0.954093 0.955366 0.95678 0.958318 0.959948 0.961634 0.963337 0.965018 0.966639 0.968164 0.969568 0.970839 0.971982 0.97302 0.973981 0.97489 0.975762 0.976601 0.977404 0.978175 0.978913 0.979616 0.980282 0.980905 0.981491 0.98205 0.982597 0.98314 0.983681 0.984203 0.984675 0.98506 0.985332 0.985489 0.985565 0.985615 0.9857 0.985863 0.98611 0.986417 0.986747 0.987069 0.987375 0.987674 0.98798 0.988311 0.988675 0.989082 0.989529 0.990005 0.990487 0.990946 0.991361 0.991715 0.992004 0.992233 0.992408 0.992541 0.992643 0.992725 0.992796 0.992863 0.992933 0.993011 0.9931 0.993204 0.993325 0.993465 0.993623 0.993798 0.993989 0.994192 0.994404 0.994622 0.994844 0.995067 0.995289 0.995508 0.995723 0.995932 0.996136 0.996332 0.996521 0.996701 0.996871 0.997028 0.997168 0.997283 0.997364 0.997398
0.717911 0.719401 0.722802 0.727501 0.732913 0.738658 0.744546 0.750468 0.756339 0.762087 0.767668 0.773064 0.77827 0.783288 0.788115 0.792745 0.797179 0.801431 0.805541 0.809562 0.813554 0.817558 0.821594 0.825667 0.829782 0.833954 0.838201 0.842521 0.846874 0.851186 0.855383 0.859417 0.863284 0.867006 0.870613 0.874129 0.877564 0.88092 0.884192 0.887378 0.890482 0.893513 0.896489 0.899429 0.902343 0.905227 0.908064 0.910831 0.913505 0.916073 0.918531 0.920888 0.92316 0.925367 0.927526 0.929651 0.931747 0.933814 0.935844 0.937824 0.93973 0.941538 0.943213 0.944729 0.946072 0.947253 0.948312 0.949311 0.950316 0.951386 0.952565 0.953877 0.955321 0.956879 0.958521 0.960211 0.961915 0.963601 0.965236 0.966787 0.968228 0.969546 0.970742 0.971833 0.972842 0.973789 0.97468 0.97552 0.976313 0.977073 0.977811 0.978532 0.979228 0.979896 0.980535 0.981153 0.981759 0.982356 0.982937 0.983486 0.983973 0.984369 0.984652 0.984828 0.984927 0.985002 0.985106 0.985274 0.985508 0.985781 0.986053 0.986299 0.986514 0.986717 0.986932 0.987184 0.987493 0.98787 0.98831 0.988797 0.989298 0.989782 0.990222 0.990607 0.990931 0.991199 0.991419 0.991598 0.991748 0.991878 0.991998 0.992113 0.99223 0.992352 0.992484 0.992628 0.992787 0.992962 0.993153 0.993361 0.993583 0.993816 0.994057 0.994304 0.994553 0.994803 0.995049 0.995292 0.995529 0.99576 0.995983 0.996197 0.996403 0.996598 0.996781 0.996949 0.9971 0.997223 0.997309 0.997346
0.712518 0.713994 0.717363 0.722016 0.727378 0.733078 0.738935 0.744842 0.750712 0.756472 0.762075 0.767506 0.772763 0.777845 0.782747 0.787458 0.791976 0.796317 0.800525 0.804663 0.80879 0.812946 0.817146 0.821389 0.825676 0.830013 0.83441 0.838851 0.84329 0.847655 0.851884 0.855948 0.859858 0.863647 0.867348 0.87098 0.874544 0.878032 0.881431 0.884733 0.887934 0.891042 0.894071 0.89704 0.899959 0.90283 0.905645 0.908393 0.911062 0.913646 0.916143 0.91856 0.920905 0.923191 0.925428 0.927624 0.92978 0.931892 0.933952 0.935945 0.937852 0.939652 0.941321 0.942839 0.944201 0.945423 0.946542 0.947612 0.948692 0.949834 0.951076 0.952438 0.953915 0.955486 0.957122 0.958795 0.960477 0.962146 0.963773 0.965331 0.966796 0.968154 0.969405 0.97056 0.971636 0.972639 0.97357 0.97443 0.975231 0.975995 0.976741 0.977478 0.9782 0.9789 0.97958 0.980244 0.980898 0.981539 0.982156 0.982731 0.983239 0.983655 0.983965 0.984176 0.984316 0.984428 0.984557 0.98473 0.984947 0.985182 0.985402 0.985585 0.985733 0.985868 0.986023 0.986226 0.9865 0.986858 0.98729 0.987773 0.988271 0.98875 0.98919 0.989581 0.989923 0.990218 0.990471 0.990688 0.990879 0.991053 0.991217 0.991378 0.99154 0.991706 0.991879 0.992063 0.992259 0.992469 0.992694 0.992933 0.993185 0.993448 0.993717 0.993992 0.994267 0.994542 0.994812 0.995078 0.995336 0.995586 0.995827 0.996058 0.996278 0.996487 0.996681 0.99686 0.997019 0.997151 0.997243 0.997282
0.707243 0.708704 0.712036 0.716633 0.721929 0.727561 0.733354 0.739205 0.745025 0.750743 0.756319 0.761748 0.767036 0.772182 0.777171 0.78198 0.786598 0.791042 0.795362 0.799627 0.803901 0.808222 0.812602 0.817034 0.821511 0.826027 0.830572 0.835118 0.839613 0.843994 0.84822 0.852286 0.856223 0.860075 0.863873 0.86763 0.871336 0.874973 0.878521 0.88196 0.885283 0.888492 0.891594 0.894604 0.897532 0.900382 0.903159 0.905866 0.908507 0.911086 0.913606 0.916071 0.918482 0.920842 0.923155 0.925421 0.927636 0.929794 0.931885 0.933896 0.935811 0.937616 0.939293 0.940833 0.942237 0.943522 0.944723 0.945887 0.947064 0.948297 0.949617 0.951037 0.952547 0.954125 0.955743 0.95738 0.959024 0.960657 0.962259 0.963806 0.965277 0.966663 0.967963 0.969185 0.970334 0.971407 0.972398 0.973303 0.974139 0.97493 0.9757 0.976458 0.9772 0.977923 0.978632 0.979332 0.980025 0.980703 0.981353 0.981955 0.982489 0.982935 0.983283 0.983541 0.983729 0.983884 0.984039 0.984215 0.984412 0.984609 0.984782 0.984915 0.985017 0.985112 0.985232 0.985408 0.985665 0.986011 0.986433 0.986901 0.987378 0.987833 0.988253 0.988636 0.988983 0.989296 0.989576 0.989826 0.990052 0.990265 0.99047 0.990673 0.990877 0.991085 0.991298 0.991519 0.991751 0.991996 0.992253 0.992522 0.992803 0.993093 0.993389 0.993689 0.993989 0.994287 0.99458 0.994866 0.995144 0.995412 0.99567 0.995915 0.996149 0.996369 0.996574 0.996763 0.996931 0.997071 0.997168 0.99721
0.702046 0.703495 0.706795 0.711341 0.716569 0.722121 0.727827 0.733588 0.739316 0.744944 0.750447 0.755838 0.761139 0.766347 0.771436 0.776364 0.781107 0.785677 0.790126 0.79453 0.798955 0.803442 0.807999 0.812617 0.817277 0.821959 0.826636 0.831264 0.835791 0.840169 0.844378 0.84844 0.852404 0.856321 0.860222 0.864108 0.867963 0.871756 0.87546 0.879048 0.882506 0.885828 0.889017 0.892079 0.895022 0.897853 0.900587 0.903243 0.905844 0.908407 0.910942 0.913447 0.915918 0.918349 0.920734 0.923066 0.925339 0.927542 0.929666 0.9317 0.933633 0.935455 0.937158 0.938738 0.940203 0.941569 0.942869 0.944141 0.945426 0.946761 0.948167 0.949648 0.95119 0.952769 0.954362 0.955959 0.957554 0.959141 0.960704 0.962222 0.963682 0.965078 0.966415 0.967697 0.968921 0.970074 0.971142 0.97212 0.97302 0.973866 0.974678 0.975464 0.976227 0.97697 0.9777 0.978429 0.979154 0.979866 0.980547 0.98118 0.981744 0.982227 0.98262 0.982927 0.983167 0.983364 0.983543 0.983722 0.983899 0.984062 0.984195 0.984292 0.984363 0.984433 0.984533 0.984694 0.98494 0.985274 0.985681 0.986126 0.986571 0.986993 0.987386 0.987755 0.988105 0.988434 0.988738 0.989017 0.989276 0.989524 0.989767 0.990009 0.990252 0.990498 0.990749 0.991006 0.991272 0.991548 0.991835 0.992133 0.99244 0.992756 0.993076 0.993399 0.993722 0.994041 0.994354 0.994659 0.994954 0.995239 0.995511 0.99577 0.996015 0.996246 0.996461 0.996659 0.996837 0.996985 0.99709 0.997135
0.696875 0.698317 0.701596 0.706103 0.71127 0.716742 0.722351 0.728 0.733607 0.739114 0.744516 0.74985 0.755154 0.760428 0.765629 0.770697 0.775589 0.780309 0.784906 0.789457 0.794031 0.798671 0.803386 0.808164 0.812978 0.817795 0.822573 0.827261 0.831809 0.836181 0.840381 0.84445 0.848452 0.852443 0.856449 0.860465 0.864464 0.868408 0.872261 0.875994 0.879585 0.883023 0.886302 0.889423 0.892388 0.895209 0.897908 0.90052 0.903084 0.905632 0.908179 0.910722 0.913248 0.915743 0.918193 0.920586 0.922912 0.925159 0.927317 0.929379 0.931337 0.93319 0.934933 0.93657 0.93811 0.939571 0.940979 0.942368 0.943768 0.945207 0.946699 0.948241 0.949814 0.951394 0.952964 0.954522 0.956071 0.957608 0.959121 0.960594 0.962023 0.963413 0.964773 0.966106 0.967403 0.968643 0.969805 0.970879 0.97187 0.972793 0.973663 0.97449 0.975279 0.976041 0.976795 0.977549 0.978303 0.979046 0.979758 0.980422 0.981022 0.981545 0.981985 0.982343 0.982632 0.982868 0.98307 0.983251 0.983413 0.983549 0.983652 0.983723 0.983772 0.983824 0.983909 0.984057 0.984287 0.984603 0.984984 0.985398 0.985809 0.986198 0.986568 0.986929 0.987284 0.98763 0.987958 0.988266 0.988557 0.988839 0.989117 0.989395 0.989674 0.989955 0.99024 0.990529 0.990825 0.99113 0.991444 0.991768 0.9921 0.992438 0.992781 0.993125 0.993467 0.993805 0.994135 0.994457 0.994768 0.995066 0.995351 0.995622 0.995878 0.996118 0.996343 0.996551 0.996738 0.996896 0.997009 0.997057
0.691675 0.693114 0.696385 0.70087 0.705992 0.711392 0.716904 0.722435 0.72791 0.73329 0.738592 0.743876 0.749193 0.754541 0.759866 0.765087 0.770145 0.775031 0.779787 0.784487 0.789199 0.79397 0.798813 0.803714 0.808642 0.813555 0.818402 0.823132 0.827697 0.832077 0.836288 0.840386 0.844443 0.848515 0.852625 0.856762 0.860889 0.864965 0.868948 0.872807 0.876517 0.88006 0.883426 0.886608 0.889607 0.892433 0.895116 0.897702 0.900245 0.90279 0.905355 0.907935 0.910511 0.91306 0.915564 0.918009 0.92038 0.922665 0.924857 0.926949 0.92894 0.930833 0.932629 0.934335 0.935962 0.937527 0.939052 0.94056 0.942076 0.943618 0.945193 0.946793 0.948397 0.949983 0.95154 0.953071 0.95458 0.956067 0.957521 0.958936 0.960319 0.961689 0.963062 0.96444 0.965809 0.967141 0.968408 0.969593 0.97069 0.971706 0.972649 0.973527 0.974352 0.975144 0.975924 0.976705 0.977487 0.978259 0.979001 0.979698 0.980335 0.9809 0.981386 0.981792 0.982126 0.982398 0.982622 0.982809 0.982962 0.98308 0.983162 0.983213 0.983247 0.983285 0.983355 0.983485 0.983692 0.983978 0.984325 0.984702 0.98508 0.985445 0.985802 0.986162 0.986527 0.986891 0.987245 0.987582 0.987905 0.988219 0.98853 0.988841 0.989152 0.989464 0.989777 0.990093 0.990416 0.990746 0.991084 0.991431 0.991784 0.992143 0.992505 0.992866 0.993226 0.993579 0.993925 0.994261 0.994584 0.994895 0.995191 0.995472 0.995737 0.995987 0.99622 0.996438 0.996635 0.996803 0.996923 0.996975
0.686402 0.687844 0.691118 0.695596 0.70069 0.706035 0.711462 0.716886 0.722247 0.727525 0.73276 0.738027 0.743383 0.748822 0.754274 0.759647 0.764868 0.769918 0.774831 0.77967 0.784505 0.789383 0.794321 0.799307 0.804309 0.809281 0.814171 0.818931 0.823519 0.827925 0.832174 0.836326 0.840453 0.844611 0.848818 0.853057 0.857288 0.861465 0.865548 0.869504 0.873308 0.87694 0.880384 0.883629 0.886673 0.889525 0.892219 0.894809 0.897358 0.899917 0.902509 0.905126 0.907744 0.910335 0.912879 0.91536 0.917764 0.920079 0.922299 0.924422 0.92645 0.92839 0.930249 0.932035 0.933759 0.935435 0.937078 0.938707 0.940337 0.941979 0.943634 0.94529 0.946928 0.94853 0.950088 0.951604 0.953082 0.954519 0.955908 0.957257 0.958589 0.959935 0.961318 0.962739 0.964179 0.965603 0.966979 0.968279 0.969489 0.970606 0.971632 0.972575 0.97345 0.974283 0.975097 0.975909 0.97672 0.977519 0.978291 0.979021 0.979694 0.980299 0.980827 0.981276 0.981649 0.981954 0.9822 0.982396 0.982547 0.982657 0.982727 0.982767 0.98279 0.982817 0.982873 0.982981 0.983159 0.983409 0.983716 0.984055 0.984405 0.984756 0.98511 0.985475 0.985855 0.986239 0.986618 0.986984 0.987337 0.987681 0.988021 0.988359 0.988695 0.989029 0.989364 0.989702 0.990046 0.990397 0.990756 0.991122 0.991494 0.99187 0.992248 0.992625 0.992998 0.993365 0.993723 0.994071 0.994405 0.994725 0.995031 0.99532 0.995594 0.995851 0.996093 0.99632 0.996527 0.996704 0.996831 0.996886
0.681037 0.682486 0.685771 0.690254 0.695339 0.70065 0.706018 0.711367 0.716656 0.721885 0.727111 0.732413 0.737842 0.743382 0.748955 0.754459 0.759821 0.765015 0.770064 0.775026 0.779964 0.784926 0.789931 0.79497 0.800013 0.805017 0.809934 0.814719 0.819342 0.823795 0.828107 0.832335 0.836545 0.840788 0.845078 0.849396 0.853698 0.857941 0.862086 0.866105 0.869975 0.873675 0.877187 0.880497 0.883599 0.886502 0.88924 0.891868 0.894454 0.897049 0.899678 0.90233 0.904979 0.907597 0.910162 0.912661 0.91508 0.917412 0.919653 0.921804 0.923872 0.925865 0.927794 0.929668 0.931495 0.933286 0.93505 0.936799 0.938541 0.940279 0.942011 0.943724 0.945402 0.947029 0.948598 0.950111 0.951564 0.952954 0.954282 0.955569 0.956855 0.958184 0.959582 0.961048 0.962556 0.964069 0.965546 0.966955 0.968275 0.969495 0.970611 0.971632 0.972573 0.97346 0.974319 0.975168 0.976011 0.976839 0.977641 0.9784 0.979105 0.979744 0.980308 0.980793 0.981199 0.981533 0.9818 0.982009 0.982166 0.982275 0.982344 0.982381 0.9824 0.982421 0.982466 0.982556 0.982705 0.982919 0.983187 0.983494 0.983823 0.984166 0.984523 0.9849 0.985295 0.9857 0.986103 0.986495 0.986875 0.987243 0.987603 0.987957 0.988308 0.988656 0.989005 0.989357 0.989717 0.990085 0.99046 0.990842 0.99123 0.991621 0.992012 0.992401 0.992786 0.993163 0.99353 0.993887 0.994229 0.994557 0.99487 0.995166 0.995447 0.995711 0.995961 0.996196 0.996412 0.996598 0.996732 0.99679
0.675586 0.677042 0.680343 0.684842 0.689936 0.69524 0.700588 0.705912 0.711191 0.71644 0.721721 0.727108 0.732637 0.738279 0.74395 0.749553 0.755017 0.760319 0.765477 0.770539 0.775561 0.780587 0.785638 0.790707 0.795771 0.800792 0.805728 0.810544 0.815212 0.819732 0.824127 0.828447 0.832749 0.837074 0.841431 0.845799 0.850138 0.854408 0.858577 0.862624 0.866531 0.87028 0.873851 0.877228 0.880401 0.883379 0.886193 0.888895 0.891548 0.894202 0.896877 0.899562 0.902233 0.904862 0.90743 0.909925 0.912341 0.914675 0.916926 0.919101 0.921208 0.923259 0.925264 0.927231 0.929167 0.931076 0.932962 0.934829 0.936678 0.938511 0.940318 0.94209 0.943812 0.945471 0.947061 0.948576 0.950011 0.951363 0.952643 0.953886 0.955146 0.956474 0.957898 0.95941 0.960982 0.962571 0.964134 0.965638 0.967057 0.968374 0.969585 0.970694 0.971715 0.972672 0.97359 0.974486 0.975366 0.976226 0.977055 0.977839 0.978569 0.979233 0.979823 0.980336 0.98077 0.981127 0.981415 0.98164 0.981808 0.981926 0.982003 0.982046 0.982071 0.982094 0.982135 0.982214 0.982343 0.982528 0.982767 0.983049 0.983364 0.983705 0.98407 0.98446 0.984871 0.985295 0.98572 0.986134 0.986532 0.986914 0.987283 0.987641 0.987993 0.988344 0.988698 0.989058 0.989428 0.989808 0.990196 0.990592 0.990991 0.991394 0.991795 0.992194 0.992587 0.992972 0.993346 0.993708 0.994057 0.99439 0.994708 0.99501 0.995296 0.995566 0.995823 0.996065 0.99629 0.996484 0.996624 0.996686
0.670068 0.671533 0.674852 0.679377 0.684497 0.689825 0.695196 0.700553 0.705885 0.711218 0.716609 0.722115 0.727754 0.733487 0.739229 0.744893 0.750419 0.755792 0.761028 0.766168 0.771258 0.776335 0.781418 0.786507 0.791582 0.796614 0.801571 0.806423 0.811149 0.815749 0.820242 0.824665 0.829062 0.833462 0.837869 0.842261 0.846604 0.850866 0.855026 0.859072 0.862992 0.866771 0.870392 0.873835 0.877089 0.880161 0.883076 0.885881 0.888629 0.89136 0.894092 0.896814 0.899502 0.90213 0.904684 0.907159 0.909554 0.911873 0.914124 0.916316 0.918462 0.920574 0.922661 0.924728 0.926776 0.928804 0.930811 0.932793 0.934748 0.93667 0.938553 0.940385 0.942154 0.943849 0.945462 0.946986 0.948413 0.949745 0.951003 0.952232 0.953493 0.954841 0.956299 0.957858 0.959484 0.961132 0.962762 0.964339 0.965838 0.967243 0.968546 0.969748 0.970861 0.971903 0.972895 0.973851 0.974778 0.975673 0.976527 0.97733 0.978075 0.978754 0.979361 0.979893 0.980348 0.980727 0.981034 0.981277 0.981462 0.981597 0.981689 0.981749 0.981789 0.981825 0.981873 0.981951 0.982072 0.982243 0.982465 0.982734 0.983042 0.983385 0.983759 0.984162 0.984589 0.985029 0.985471 0.9859 0.986307 0.986691 0.987053 0.987401 0.987743 0.988087 0.988438 0.988801 0.989177 0.989565 0.989963 0.990368 0.990777 0.991188 0.991598 0.992003 0.992401 0.992791 0.993169 0.993535 0.993887 0.994224 0.994545 0.994851 0.995141 0.995416 0.995679 0.995928 0.99616 0.996362 0.996508 0.996573
0.664501 0.665975 0.669318 0.673878 0.679042 0.684423 0.689857 0.695294 0.700729 0.706188 0.711716 0.717353 0.7231 0.728907 0.734695 0.740391 0.74595 0.751365 0.756657 0.761858 0.767004 0.772125 0.777237 0.782342 0.787429 0.792475 0.797456 0.80235 0.807142 0.81183 0.816428 0.820959 0.82545 0.829918 0.83436 0.838756 0.843079 0.847309 0.851435 0.855456 0.85937 0.863166 0.866824 0.870327 0.873663 0.876836 0.879866 0.882791 0.885651 0.888477 0.89128 0.894047 0.896754 0.89938 0.901914 0.904357 0.906718 0.909012 0.911253 0.913458 0.915642 0.917819 0.919993 0.922164 0.924327 0.926476 0.928602 0.930696 0.932751 0.934761 0.936717 0.938608 0.940426 0.94216 0.943801 0.945342 0.946778 0.948116 0.949383 0.95063 0.951921 0.953307 0.954807 0.956409 0.958075 0.959763 0.961435 0.96306 0.964618 0.966095 0.967481 0.968776 0.969987 0.971125 0.972204 0.973234 0.974219 0.975154 0.976034 0.976851 0.977602 0.978287 0.978904 0.979448 0.979919 0.980316 0.980642 0.980905 0.981112 0.981269 0.981386 0.981472 0.981537 0.981596 0.981664 0.981756 0.981883 0.982054 0.982272 0.982538 0.982846 0.983194 0.983577 0.983991 0.98443 0.984883 0.985334 0.985769 0.986175 0.986547 0.986891 0.987219 0.987543 0.987874 0.988219 0.988581 0.98896 0.989353 0.989758 0.99017 0.990587 0.991004 0.991418 0.991827 0.992229 0.99262 0.993 0.993367 0.99372 0.994058 0.994381 0.994689 0.994981 0.995261 0.995528 0.995783 0.996023 0.996231 0.996383 0.99645
0.658891 0.660377 0.66375 0.668355 0.67358 0.679036 0.684561 0.690106 0.695668 0.701265 0.706932 0.712691 0.718531 0.724398 0.730221 0.735936 0.741514 0.74696 0.752296 0.75755 0.762749 0.767913 0.773056 0.778183 0.783286 0.788351 0.793361 0.798302 0.803162 0.807941 0.812643 0.81728 0.821862 0.826391 0.830859 0.835248 0.83954 0.843723 0.847803 0.851789 0.855683 0.85948 0.863163 0.866713 0.87012 0.873387 0.87653 0.879578 0.882558 0.885491 0.888378 0.891204 0.893945 0.896577 0.899096 0.901508 0.903833 0.906096 0.908322 0.910538 0.912763 0.915009 0.917276 0.919555 0.921836 0.924104 0.926345 0.928546 0.930697 0.93279 0.934816 0.936767 0.938635 0.940411 0.942088 0.94366 0.945125 0.946496 0.947803 0.949099 0.950442 0.951877 0.95342 0.955057 0.956749 0.958457 0.960148 0.961799 0.963393 0.964921 0.966376 0.967756 0.969062 0.970301 0.971477 0.972594 0.973647 0.974631 0.975539 0.976368 0.977123 0.977809 0.978429 0.978981 0.979464 0.979877 0.980224 0.980509 0.980741 0.980927 0.981075 0.981195 0.981295 0.981389 0.981488 0.981606 0.981753 0.981938 0.982166 0.982437 0.982752 0.983106 0.983496 0.983918 0.984363 0.984819 0.985271 0.9857 0.986093 0.986446 0.986765 0.987068 0.987372 0.98769 0.988028 0.98839 0.988771 0.989169 0.989579 0.989996 0.990417 0.990838 0.991255 0.991666 0.992067 0.992458 0.992837 0.993203 0.993555 0.993892 0.994214 0.994523 0.994817 0.995099 0.99537 0.99563 0.995876 0.996091 0.996248 0.996317
0.653228 0.65473 0.658141 0.662805 0.668106 0.673653 0.679283 0.684944 0.69063 0.696355 0.70214 0.707999 0.713914 0.719831 0.725685 0.731424 0.737028 0.742508 0.747889 0.753196 0.758448 0.763659 0.76884 0.773996 0.779124 0.784215 0.789258 0.794246 0.799174 0.80404 0.808842 0.813578 0.818244 0.82283 0.827321 0.831702 0.835962 0.840101 0.844135 0.848081 0.851948 0.855733 0.859423 0.863001 0.86646 0.869801 0.873041 0.8762 0.879297 0.882341 0.885326 0.888228 0.891021 0.89368 0.896202 0.898598 0.900897 0.903135 0.905351 0.907582 0.909852 0.912172 0.914535 0.916925 0.919322 0.921706 0.924056 0.926357 0.928597 0.930766 0.932858 0.934868 0.936789 0.938615 0.940338 0.941956 0.943472 0.9449 0.946273 0.947638 0.949045 0.950535 0.952119 0.95378 0.955484 0.957195 0.958888 0.960544 0.962155 0.963715 0.965219 0.966668 0.96806 0.969395 0.970672 0.971882 0.973015 0.974057 0.975001 0.975849 0.97661 0.977297 0.977918 0.978476 0.97897 0.979398 0.979763 0.980072 0.980332 0.980551 0.980738 0.980899 0.981043 0.981181 0.981322 0.981478 0.981657 0.981868 0.982115 0.982401 0.982726 0.983087 0.983482 0.983904 0.984347 0.984796 0.985237 0.98565 0.986022 0.986351 0.986645 0.986927 0.987215 0.987524 0.98786 0.988222 0.988607 0.989009 0.989423 0.989844 0.990268 0.99069 0.991107 0.991517 0.991917 0.992305 0.99268 0.993042 0.993391 0.993725 0.994045 0.994353 0.994647 0.99493 0.995204 0.995469 0.99572 0.99594 0.996102 0.996174
0.647495 0.649017 0.652477 0.657215 0.662607 0.668258 0.673997 0.67977 0.685566 0.691393 0.697268 0.703197 0.709163 0.715119 0.721008 0.726783 0.732429 0.737959 0.743396 0.748762 0.754071 0.759334 0.76456 0.769754 0.774915 0.780039 0.78512 0.790157 0.795148 0.800094 0.804987 0.809813 0.814555 0.819193 0.823708 0.828088 0.832327 0.836435 0.840432 0.844342 0.848178 0.851941 0.85562 0.859204 0.862688 0.866077 0.869387 0.872636 0.875838 0.878992 0.882081 0.885076 0.887943 0.890657 0.893211 0.895619 0.897915 0.900147 0.902367 0.904624 0.906947 0.909344 0.911803 0.914301 0.91681 0.919302 0.921754 0.924145 0.926463 0.9287 0.930854 0.932922 0.934899 0.93678 0.938562 0.940243 0.941828 0.943333 0.944787 0.946232 0.94771 0.949254 0.950872 0.952548 0.954252 0.955956 0.957638 0.959287 0.960898 0.96247 0.964003 0.965499 0.96696 0.968381 0.969753 0.971058 0.972276 0.973389 0.974383 0.975261 0.976038 0.976733 0.977359 0.977923 0.978425 0.978866 0.979249 0.979582 0.979872 0.980128 0.980356 0.980564 0.98076 0.98095 0.981143 0.981348 0.98157 0.981817 0.982092 0.982399 0.982737 0.983105 0.9835 0.983918 0.984349 0.984782 0.985201 0.98559 0.985936 0.98624 0.986515 0.986782 0.987063 0.987371 0.987709 0.988075 0.988464 0.98887 0.989287 0.989711 0.990135 0.990557 0.990973 0.991379 0.991774 0.992157 0.992527 0.992884 0.993227 0.993557 0.993873 0.994178 0.994471 0.994754 0.99503 0.995298 0.995553 0.995779 0.995945 0.996018
0.641674 0.643223 0.646746 0.651576 0.657079 0.662847 0.6687 0.674579 0.680469 0.686373 0.692304 0.698269 0.704258 0.710237 0.716158 0.721983 0.727691 0.733289 0.738795 0.744227 0.749598 0.754916 0.760193 0.765433 0.770639 0.775806 0.780932 0.78602 0.791074 0.796092 0.801064 0.805965 0.81077 0.815453 0.819994 0.824382 0.828617 0.832712 0.83669 0.840574 0.84438 0.848113 0.851767 0.855336 0.858819 0.862225 0.865576 0.868892 0.872181 0.875435 0.87863 0.881729 0.884693 0.887491 0.890112 0.892569 0.894899 0.897157 0.899408 0.901708 0.904092 0.906566 0.909116 0.911714 0.914325 0.916915 0.919455 0.921922 0.924306 0.926602 0.928811 0.930933 0.932968 0.934913 0.936765 0.938522 0.940191 0.941785 0.94333 0.94486 0.946409 0.948003 0.949648 0.951332 0.95303 0.954721 0.956387 0.95802 0.959618 0.961184 0.962724 0.964247 0.965755 0.967244 0.968698 0.970093 0.971401 0.972593 0.973654 0.974582 0.975392 0.976107 0.976745 0.977317 0.977826 0.978278 0.978676 0.97903 0.979351 0.979645 0.979919 0.980179 0.980431 0.980681 0.980934 0.981196 0.98147 0.981761 0.982072 0.982404 0.982758 0.983134 0.983527 0.983935 0.984348 0.984757 0.985148 0.985508 0.985828 0.986112 0.986374 0.986637 0.986919 0.987231 0.987575 0.987948 0.988342 0.988751 0.989171 0.989595 0.990019 0.990438 0.99085 0.991251 0.991639 0.992015 0.992377 0.992726 0.993062 0.993385 0.993697 0.993997 0.994288 0.994571 0.994847 0.995117 0.995376 0.995606 0.995776 0.995851
0.635766 0.637349 0.640952 0.645897 0.651534 0.657438 0.663417 0.669403 0.675377 0.681338 0.687294 0.693257 0.699233 0.705207 0.711151 0.717029 0.722813 0.728497 0.734084 0.739588 0.745021 0.750396 0.755727 0.761023 0.766286 0.771511 0.776695 0.781842 0.786958 0.792041 0.797075 0.802033 0.806882 0.811596 0.816159 0.820563 0.824811 0.828914 0.832892 0.836765 0.84055 0.844254 0.847877 0.851415 0.854873 0.858271 0.861637 0.864994 0.86835 0.871692 0.874989 0.8782 0.881279 0.884189 0.886914 0.889461 0.891867 0.894193 0.896507 0.898872 0.901325 0.903875 0.906509 0.909195 0.911894 0.914565 0.917174 0.9197 0.922134 0.924475 0.92673 0.928904 0.930998 0.933012 0.934942 0.936787 0.93855 0.940243 0.941884 0.9435 0.945118 0.946758 0.948426 0.950113 0.951803 0.953478 0.955125 0.956736 0.958311 0.959855 0.961385 0.962914 0.964448 0.965983 0.967502 0.968975 0.970369 0.971649 0.972791 0.97379 0.974655 0.975409 0.976072 0.976658 0.977176 0.977634 0.978044 0.978418 0.978766 0.979098 0.979418 0.979732 0.980045 0.980361 0.980681 0.981008 0.981342 0.981684 0.982036 0.982398 0.982772 0.983155 0.983547 0.983943 0.984336 0.984718 0.98508 0.985411 0.985708 0.985978 0.986235 0.986499 0.986788 0.987108 0.98746 0.987839 0.988238 0.98865 0.98907 0.989493 0.989915 0.99033 0.990736 0.991129 0.991509 0.991876 0.992229 0.992568 0.992895 0.993211 0.993515 0.993811 0.994098 0.994378 0.994654 0.994926 0.995187 0.995421 0.995593 0.99567
0.629792 0.631418 0.635123 0.64021 0.646008 0.652071 0.658194 0.664296 0.670352 0.67635 0.6823 0.688223 0.694144 0.700082 0.706028 0.711954 0.717819 0.723596 0.72927 0.734847 0.740341 0.745772 0.751163 0.756527 0.761864 0.767165 0.772423 0.77764 0.782819 0.787958 0.793036 0.798024 0.80289 0.807616 0.812191 0.816614 0.820887 0.825018 0.829018 0.832901 0.83668 0.840365 0.843955 0.847453 0.850874 0.854247 0.857612 0.860993 0.864399 0.867814 0.871204 0.874525 0.87773 0.880775 0.883635 0.886312 0.888838 0.891273 0.893685 0.896137 0.898669 0.901296 0.904005 0.906766 0.909534 0.912264 0.914921 0.917484 0.919948 0.922321 0.924613 0.926833 0.928987 0.931074 0.933089 0.935029 0.936894 0.938689 0.940429 0.942132 0.943819 0.945503 0.947193 0.948882 0.950563 0.952222 0.953846 0.955429 0.95697 0.958483 0.959988 0.961507 0.96305 0.964612 0.966175 0.96771 0.969178 0.970544 0.971777 0.972865 0.97381 0.974626 0.975331 0.975942 0.976473 0.976938 0.977357 0.977746 0.978121 0.978489 0.978855 0.979223 0.979599 0.979984 0.980378 0.980776 0.981177 0.981576 0.981974 0.98237 0.982766 0.98316 0.983551 0.983937 0.984312 0.98467 0.985005 0.985312 0.985593 0.985854 0.986111 0.986381 0.986678 0.987006 0.987365 0.987749 0.98815 0.988564 0.988984 0.989404 0.989821 0.99023 0.990628 0.991012 0.991382 0.991737 0.992078 0.992407 0.992724 0.99303 0.993327 0.993616 0.993899 0.994177 0.994451 0.994723 0.994987 0.995222 0.995397 0.995475
0.623787 0.625468 0.629297 0.634555 0.640542 0.646792 0.653079 0.65931 0.665444 0.671464 0.677377 0.68322 0.68905 0.694919 0.700846 0.706807 0.712746 0.718611 0.72437 0.730016 0.735568 0.741057 0.746515 0.75196 0.757388 0.762783 0.768132 0.773428 0.778671 0.783853 0.788952 0.79394 0.798794 0.803506 0.808079 0.812518 0.816826 0.821002 0.825046 0.828962 0.832757 0.836437 0.840003 0.843464 0.846846 0.850193 0.853551 0.85695 0.860393 0.863864 0.867333 0.870759 0.874093 0.877288 0.880308 0.883146 0.885829 0.888408 0.890947 0.893507 0.896131 0.898836 0.901614 0.904435 0.907252 0.910018 0.912696 0.915271 0.917746 0.920134 0.922453 0.924717 0.92693 0.929093 0.931198 0.933239 0.93521 0.937112 0.938953 0.940744 0.942498 0.944228 0.94594 0.947635 0.949306 0.950944 0.95254 0.954087 0.955588 0.957063 0.95854 0.960042 0.961581 0.963153 0.964741 0.966316 0.967841 0.969281 0.970604 0.97179 0.972831 0.973732 0.974502 0.975155 0.975709 0.976188 0.976618 0.977024 0.977423 0.977825 0.978235 0.978657 0.979096 0.979554 0.980024 0.9805 0.980971 0.981432 0.98188 0.982313 0.982734 0.983142 0.983537 0.983917 0.984279 0.984619 0.984935 0.985225 0.985494 0.985751 0.986011 0.986287 0.986591 0.986925 0.987288 0.987674 0.988077 0.98849 0.988907 0.989324 0.989735 0.990136 0.990523 0.990896 0.991254 0.991596 0.991925 0.992241 0.992546 0.992842 0.993131 0.993413 0.99369 0.993964 0.994237 0.994509 0.994773 0.99501 0.995187 0.995265
0.617792 0.619538 0.623515 0.62897 0.635174 0.641634 0.648104 0.654472 0.66068 0.666702 0.672551 0.678285 0.683998 0.689779 0.69567 0.701649 0.707646 0.713585 0.719413 0.72512 0.730727 0.736277 0.741811 0.74735 0.752884 0.758386 0.76383 0.769205 0.774503 0.779712 0.784809 0.789769 0.794584 0.79926 0.803818 0.808271 0.81262 0.816856 0.820964 0.824937 0.82877 0.832463 0.836021 0.839459 0.842817 0.846151 0.849511 0.852926 0.856398 0.859911 0.863445 0.866966 0.870427 0.873776 0.876971 0.879992 0.882854 0.885601 0.888287 0.890972 0.893696 0.896482 0.899324 0.90219 0.905035 0.907811 0.910485 0.913049 0.915515 0.917907 0.920246 0.922551 0.924825 0.927067 0.929266 0.931411 0.933491 0.935501 0.937444 0.939323 0.941147 0.942925 0.944663 0.946364 0.948025 0.94964 0.951202 0.952707 0.954167 0.955606 0.957054 0.958538 0.960067 0.961638 0.963231 0.964822 0.96638 0.967873 0.969273 0.970553 0.971698 0.972699 0.973553 0.97427 0.974868 0.975376 0.975829 0.976258 0.976684 0.977119 0.97757 0.978043 0.978546 0.979078 0.979628 0.980184 0.980728 0.981253 0.981752 0.982226 0.982674 0.9831 0.983503 0.983882 0.984237 0.984567 0.984872 0.985153 0.985417 0.985673 0.985936 0.986216 0.986523 0.986861 0.987225 0.987612 0.988013 0.988424 0.988837 0.989247 0.98965 0.990041 0.990418 0.990778 0.991121 0.991449 0.991763 0.992065 0.992358 0.992644 0.992923 0.993198 0.99347 0.99374 0.994011 0.994281 0.994546 0.994784 0.994961 0.99504
0.611836 0.613658 0.617803 0.62348 0.629922 0.636608 0.643271 0.649777 0.656052 0.662062 0.667831 0.673447 0.679039 0.684728 0.690574 0.696554 0.702583 0.708569 0.714447 0.720202 0.725861 0.731477 0.737095 0.742736 0.748378 0.753983 0.759513 0.764951 0.770285 0.7755 0.780573 0.785489 0.790248 0.794879 0.799415 0.803882 0.808278 0.812585 0.816774 0.820822 0.824713 0.828442 0.832015 0.835456 0.838818 0.842161 0.845539 0.848974 0.852469 0.856016 0.859604 0.86321 0.866792 0.870295 0.873667 0.876877 0.879928 0.882852 0.885696 0.888513 0.891342 0.894207 0.897102 0.899999 0.90285 0.905612 0.90826 0.910795 0.913241 0.915628 0.917987 0.920334 0.922673 0.924998 0.927293 0.929543 0.931733 0.933851 0.935894 0.937862 0.939757 0.941587 0.943354 0.945064 0.946715 0.948305 0.949831 0.951297 0.95272 0.954129 0.955557 0.957026 0.958544 0.960102 0.961682 0.963264 0.964825 0.966342 0.967794 0.969153 0.970396 0.971501 0.972456 0.97326 0.973928 0.974491 0.974987 0.975453 0.975913 0.976383 0.976874 0.977399 0.977965 0.978571 0.979203 0.979838 0.980455 0.981042 0.981592 0.982105 0.982583 0.983029 0.983444 0.983829 0.984186 0.984514 0.984815 0.985095 0.985358 0.985616 0.98588 0.986163 0.986471 0.986808 0.987171 0.987555 0.987953 0.988358 0.988766 0.989169 0.989562 0.989942 0.990306 0.990651 0.990979 0.991291 0.99159 0.991878 0.992158 0.992432 0.992702 0.99297 0.993236 0.993503 0.99377 0.99404 0.994304 0.994542 0.99472 0.994799
0.605943 0.607849 0.612178 0.618094 0.624786 0.631703 0.638557 0.645196 0.651531 0.657529 0.663226 0.668739 0.674228 0.679836 0.685633 0.691593 0.697624 0.703624 0.709527 0.715317 0.721027 0.726712 0.732418 0.738156 0.743893 0.749577 0.755164 0.760633 0.765976 0.771178 0.776217 0.781083 0.78579 0.790379 0.794899 0.799383 0.80383 0.808214 0.812491 0.816625 0.820591 0.824379 0.827997 0.831478 0.834877 0.838258 0.841668 0.84513 0.848649 0.852227 0.855867 0.859554 0.863251 0.866899 0.870438 0.873829 0.877064 0.880162 0.883162 0.886107 0.889037 0.89197 0.894904 0.89781 0.900647 0.903377 0.905984 0.908482 0.910905 0.913292 0.915676 0.918072 0.920482 0.922892 0.925286 0.927641 0.929938 0.932162 0.934303 0.936357 0.938323 0.940205 0.942006 0.943729 0.945375 0.946945 0.948441 0.949876 0.951273 0.952665 0.95408 0.95554 0.957044 0.958579 0.960127 0.961672 0.963205 0.964715 0.966188 0.967601 0.968926 0.970133 0.971196 0.972107 0.972872 0.97352 0.974087 0.974611 0.975119 0.975632 0.976167 0.976745 0.977375 0.978055 0.978764 0.979474 0.980159 0.980803 0.981399 0.981949 0.982456 0.982924 0.983356 0.983753 0.984117 0.984451 0.984757 0.985041 0.985309 0.985572 0.985839 0.986122 0.986428 0.986761 0.987118 0.987495 0.987887 0.988285 0.988685 0.98908 0.989463 0.989831 0.990181 0.990511 0.990822 0.991117 0.991399 0.991672 0.991939 0.992202 0.992464 0.992725 0.992986 0.993249 0.993515 0.993782 0.994046 0.994284 0.994462 0.994541
0.600129 0.602123 0.606645 0.612804 0.619743 0.62688 0.633913 0.640676 0.647076 0.653078 0.658735 0.664183 0.669603 0.675151 0.680898 0.686815 0.692813 0.698794 0.704696 0.710511 0.716271 0.722027 0.727817 0.733634 0.739433 0.745152 0.75075 0.756214 0.761541 0.766721 0.77173 0.776561 0.781233 0.785798 0.790314 0.794822 0.799322 0.80378 0.808145 0.812369 0.816421 0.82029 0.823987 0.827545 0.831016 0.834459 0.837918 0.841417 0.844969 0.848589 0.852287 0.856056 0.859859 0.863635 0.867321 0.870872 0.874271 0.877527 0.880668 0.883729 0.886743 0.889727 0.892678 0.895572 0.898375 0.90106 0.903623 0.906088 0.908498 0.910899 0.913321 0.915778 0.918265 0.920766 0.923256 0.925713 0.928112 0.930436 0.93267 0.934806 0.936842 0.938777 0.940613 0.942355 0.944003 0.945563 0.947044 0.948464 0.949851 0.951238 0.952652 0.954105 0.95559 0.95709 0.958584 0.960068 0.961543 0.963015 0.964481 0.965923 0.967311 0.968607 0.969781 0.970811 0.971697 0.972459 0.973128 0.973736 0.974312 0.974882 0.975472 0.976108 0.976803 0.977552 0.97833 0.979103 0.979843 0.980533 0.981169 0.981751 0.982286 0.982777 0.983228 0.983642 0.98402 0.984367 0.984685 0.98498 0.985259 0.985531 0.985804 0.986087 0.986389 0.986712 0.987058 0.987424 0.987804 0.988193 0.988585 0.98897 0.989344 0.989699 0.990034 0.990348 0.990642 0.99092 0.991185 0.991443 0.991697 0.99195 0.992204 0.992459 0.992717 0.992977 0.993241 0.993507 0.99377 0.994008 0.994186 0.994265
0.594402 0.596481 0.601187 0.607575 0.614741 0.622075 0.629267 0.636149 0.642624 0.64866 0.65432 0.659755 0.665152 0.670665 0.676362 0.682218 0.688152 0.694082 0.699964 0.705795 0.711605 0.717432 0.72329 0.729155 0.734966 0.740666 0.746228 0.751657 0.75696 0.762127 0.767129 0.771952 0.776618 0.781183 0.785712 0.790249 0.794799 0.799323 0.803765 0.808074 0.81222 0.816191 0.819997 0.823666 0.827242 0.830774 0.834301 0.837855 0.841459 0.845138 0.848907 0.852759 0.856655 0.860535 0.864336 0.868015 0.871549 0.874937 0.878197 0.881353 0.88443 0.887443 0.890388 0.893251 0.896006 0.898642 0.901166 0.903613 0.906032 0.908467 0.910946 0.913475 0.916046 0.918636 0.92122 0.923772 0.926265 0.928679 0.930997 0.933209 0.935309 0.937297 0.939172 0.940938 0.942599 0.944163 0.945645 0.947067 0.948459 0.949853 0.951272 0.95272 0.95418 0.955629 0.957053 0.958454 0.95985 0.961264 0.962703 0.964154 0.965586 0.96696 0.968238 0.969393 0.970416 0.971314 0.97211 0.972829 0.973499 0.974149 0.97481 0.975511 0.976269 0.977077 0.977908 0.978726 0.979505 0.980227 0.980891 0.9815 0.982059 0.982574 0.983047 0.983483 0.983882 0.984247 0.984584 0.984897 0.985193 0.985478 0.985759 0.986044 0.98634 0.98665 0.986978 0.987326 0.987691 0.988068 0.98845 0.988828 0.989191 0.989535 0.989856 0.990154 0.990431 0.990691 0.990939 0.991182 0.991424 0.991668 0.991917 0.992169 0.992424 0.992684 0.992947 0.993213 0.993475 0.993712 0.99389 0.993969
0.588754 0.590906 0.595769 0.602351 0.609706 0.617205 0.624533 0.631525 0.638085 0.644184 0.649893 0.655368 0.660788 0.666297 0.671953 0.677735 0.683584 0.689445 0.695293 0.701137 0.706996 0.712884 0.718788 0.724658 0.730432 0.736064 0.741558 0.746942 0.752234 0.757415 0.762443 0.767293 0.771984 0.776573 0.781129 0.785701 0.790293 0.794869 0.799373 0.803759 0.808 0.812088 0.816029 0.81984 0.823551 0.827199 0.830823 0.834459 0.838143 0.841902 0.845754 0.849684 0.853653 0.857606 0.861488 0.865257 0.86889 0.87238 0.875731 0.878958 0.882077 0.885099 0.888023 0.890842 0.893546 0.896138 0.898639 0.901091 0.903543 0.906034 0.908586 0.911196 0.913851 0.916526 0.919195 0.92183 0.924404 0.926896 0.929288 0.931566 0.933725 0.935761 0.937676 0.939471 0.941154 0.942736 0.944233 0.945671 0.947079 0.948488 0.949914 0.951351 0.952778 0.954168 0.955511 0.956822 0.958135 0.959485 0.960888 0.962336 0.9638 0.965239 0.966612 0.967889 0.969052 0.970099 0.97104 0.971893 0.972683 0.973436 0.974186 0.974962 0.975779 0.976631 0.977493 0.978334 0.97913 0.97987 0.980551 0.981179 0.98176 0.982299 0.982798 0.983259 0.983684 0.984075 0.984436 0.984772 0.985089 0.985392 0.985685 0.985973 0.986261 0.986555 0.986861 0.987186 0.987532 0.987897 0.988269 0.988639 0.988994 0.989328 0.989636 0.989918 0.990178 0.990421 0.990654 0.990883 0.991114 0.991352 0.991597 0.991848 0.992104 0.992364 0.992628 0.992895 0.993157 0.993394 0.993571 0.99365
0.583166 0.58537 0.590344 0.597066 0.604559 0.612182 0.619618 0.626703 0.633347 0.639528 0.645323 0.650883 0.656374 0.661912 0.667545 0.673257 0.679016 0.684802 0.690615 0.696472 0.702376 0.708311 0.714231 0.720069 0.725766 0.731306 0.736728 0.742085 0.747396 0.752625 0.757709 0.762613 0.767351 0.771983 0.776578 0.781186 0.785813 0.790426 0.794977 0.79943 0.803767 0.807984 0.812078 0.816055 0.819927 0.823722 0.827477 0.83123 0.835021 0.83888 0.842817 0.846814 0.850834 0.85483 0.858757 0.862582 0.866282 0.86984 0.873255 0.876531 0.879675 0.882695 0.885594 0.888373 0.891035 0.893599 0.896098 0.898579 0.901086 0.903651 0.906282 0.908973 0.911705 0.914453 0.917193 0.919897 0.922538 0.925093 0.927545 0.929878 0.932087 0.934167 0.936119 0.937946 0.939657 0.941264 0.942786 0.944247 0.945676 0.9471 0.948526 0.949946 0.951333 0.952662 0.953931 0.955164 0.956406 0.957702 0.959074 0.960516 0.962002 0.963493 0.96495 0.966339 0.967637 0.968833 0.969927 0.970928 0.971855 0.972731 0.973584 0.974439 0.975309 0.976189 0.977061 0.977904 0.9787 0.979443 0.980132 0.980774 0.981373 0.981935 0.982462 0.982953 0.983409 0.983831 0.984221 0.984584 0.984925 0.985248 0.985555 0.985847 0.986128 0.986405 0.986689 0.98699 0.987317 0.987667 0.98803 0.988393 0.98874 0.989064 0.989361 0.98963 0.989875 0.990102 0.99032 0.990536 0.99076 0.990994 0.991238 0.991492 0.991752 0.992016 0.992282 0.992551 0.992814 0.993051 0.993228 0.993307
0.577613 0.579843 0.584873 0.591667 0.599236 0.606932 0.614437 0.621589 0.628305 0.634577 0.640487 0.646173 0.651772 0.657374 0.663007 0.668667 0.67435 0.680073 0.685862 0.691734 0.697676 0.703639 0.70955 0.715332 0.720943 0.726401 0.731778 0.737142 0.742502 0.7478 0.752954 0.75792 0.762716 0.767401 0.772043 0.776688 0.781344 0.785984 0.790574 0.795091 0.799527 0.803879 0.808138 0.812294 0.816349 0.82032 0.824238 0.828141 0.832065 0.836036 0.840056 0.844108 0.848158 0.852171 0.856117 0.859969 0.863704 0.867304 0.870758 0.874064 0.877225 0.880244 0.883128 0.885884 0.888528 0.891091 0.893613 0.896143 0.898719 0.901361 0.904069 0.906829 0.909623 0.912429 0.915223 0.917979 0.92067 0.923273 0.925769 0.928145 0.930392 0.932508 0.934493 0.936352 0.938093 0.939728 0.941277 0.942763 0.944212 0.945643 0.947063 0.948459 0.949806 0.951084 0.952298 0.95348 0.95468 0.955945 0.957298 0.958737 0.960238 0.961769 0.963294 0.964781 0.9662 0.967535 0.968777 0.969928 0.970998 0.972004 0.972966 0.9739 0.974816 0.975713 0.976581 0.977412 0.978196 0.978932 0.979621 0.980269 0.980884 0.981468 0.982024 0.98255 0.983042 0.983499 0.983921 0.984313 0.984679 0.985021 0.985341 0.985639 0.985916 0.98618 0.986445 0.986726 0.987035 0.987372 0.987725 0.988079 0.988419 0.988735 0.989023 0.989282 0.989514 0.989726 0.98993 0.990136 0.990354 0.990588 0.990837 0.991097 0.991364 0.991634 0.991905 0.992177 0.992441 0.992679 0.992856 0.992935
0.572067 0.574295 0.579325 0.586121 0.593698 0.601409 0.608935 0.616122 0.6229 0.629273 0.635321 0.641163 0.6469 0.652589 0.658245 0.663879 0.669517 0.675206 0.68099 0.686883 0.692853 0.698828 0.704718 0.710449 0.715997 0.721412 0.726787 0.73219 0.737612 0.742972 0.748182 0.753202 0.758053 0.762795 0.76749 0.772177 0.776863 0.781531 0.786163 0.790748 0.795288 0.799777 0.8042 0.808538 0.812786 0.816954 0.821064 0.825145 0.829223 0.833314 0.837415 0.841511 0.845578 0.849594 0.853539 0.857395 0.861141 0.864757 0.86823 0.871555 0.87473 0.877758 0.880646 0.883408 0.886067 0.888659 0.89123 0.893825 0.896474 0.899187 0.901958 0.90477 0.907608 0.910453 0.913285 0.916076 0.9188 0.921434 0.923959 0.926363 0.928638 0.930781 0.932793 0.93468 0.936448 0.938112 0.939687 0.941196 0.942659 0.944093 0.9455 0.94687 0.948185 0.949432 0.950621 0.951788 0.95298 0.95424 0.95559 0.957029 0.958542 0.960102 0.961681 0.963247 0.964769 0.966223 0.967596 0.968884 0.970089 0.97122 0.972285 0.973294 0.974253 0.975162 0.976023 0.976837 0.977605 0.978328 0.97901 0.97966 0.980285 0.980891 0.981479 0.982041 0.982572 0.983067 0.983523 0.983944 0.984333 0.984693 0.985025 0.985328 0.985605 0.985863 0.986118 0.986387 0.986683 0.987007 0.98735 0.987694 0.988025 0.988334 0.988616 0.988868 0.98909 0.989291 0.989482 0.989679 0.989894 0.990131 0.990388 0.990659 0.990936 0.991215 0.991493 0.991768 0.992035 0.992274 0.992451 0.99253
0.56649 0.568698 0.573683 0.580422 0.587943 0.595607 0.603107 0.610303 0.617141 0.623632 0.629842 0.635857 0.641741 0.647524 0.653219 0.658855 0.664484 0.670174 0.675978 0.6819 0.687894 0.693874 0.699748 0.705453 0.710986 0.716411 0.721824 0.727277 0.732743 0.738135 0.74337 0.748421 0.75332 0.758122 0.762878 0.767616 0.772344 0.777054 0.78174 0.786406 0.791053 0.795675 0.800252 0.804766 0.809207 0.813582 0.817903 0.822184 0.826434 0.830654 0.83484 0.838978 0.843057 0.847067 0.850999 0.85484 0.858573 0.862184 0.865661 0.868997 0.872189 0.875241 0.878158 0.880957 0.883664 0.886317 0.888959 0.891629 0.894348 0.89712 0.899936 0.902782 0.905648 0.908518 0.911372 0.914184 0.916926 0.919575 0.922114 0.924532 0.926822 0.928982 0.931014 0.932923 0.934715 0.936404 0.938004 0.939534 0.941009 0.942443 0.943839 0.945192 0.946489 0.947729 0.948925 0.950109 0.951324 0.952603 0.953964 0.95541 0.956932 0.958516 0.960137 0.961763 0.963364 0.964911 0.966388 0.967788 0.969108 0.970347 0.971505 0.972583 0.973583 0.97451 0.975371 0.976173 0.976926 0.977633 0.978304 0.97895 0.979582 0.980208 0.980827 0.981428 0.982 0.982532 0.983021 0.983469 0.983878 0.984252 0.984593 0.984902 0.985183 0.985443 0.985697 0.985963 0.986254 0.986569 0.986901 0.987234 0.987557 0.987862 0.988143 0.988392 0.988608 0.988797 0.988977 0.989167 0.989382 0.989626 0.989895 0.990179 0.990468 0.990757 0.991042 0.991322 0.991592 0.991832 0.99201 0.992089
0.560825 0.563006 0.567926 0.574575 0.581992 0.589558 0.596991 0.604179 0.611085 0.617715 0.624106 0.630298 0.636321 0.64219 0.647929 0.653588 0.659242 0.664967 0.670814 0.676775 0.682795 0.688786 0.694664 0.700381 0.705948 0.711428 0.716898 0.72239 0.727865 0.733244 0.738468 0.743531 0.748473 0.75334 0.758168 0.762974 0.767763 0.772536 0.777297 0.782055 0.786813 0.791561 0.796279 0.800954 0.805582 0.810168 0.814713 0.819211 0.823648 0.828012 0.83229 0.836477 0.840569 0.844568 0.848473 0.852281 0.855983 0.859571 0.863039 0.866382 0.869598 0.872687 0.875655 0.87852 0.881304 0.884043 0.886773 0.889523 0.892308 0.895128 0.897976 0.900845 0.903728 0.906612 0.909478 0.912296 0.915041 0.917691 0.920229 0.922648 0.924942 0.92711 0.929154 0.931078 0.932891 0.934603 0.936226 0.937776 0.939266 0.940706 0.942101 0.943451 0.944752 0.946007 0.947234 0.948461 0.949719 0.951035 0.95242 0.953881 0.955418 0.957023 0.958676 0.960345 0.961997 0.963605 0.965154 0.966636 0.968044 0.96937 0.970608 0.97175 0.972795 0.973748 0.97462 0.975422 0.976165 0.976859 0.977517 0.978156 0.978792 0.979437 0.980086 0.980724 0.981334 0.981901 0.98242 0.982889 0.983313 0.983697 0.984044 0.984359 0.984645 0.984913 0.985176 0.985448 0.98574 0.986053 0.986377 0.986702 0.987021 0.987327 0.987611 0.987862 0.988074 0.988255 0.988425 0.98861 0.988827 0.989081 0.989364 0.989661 0.989963 0.99026 0.990551 0.990835 0.991107 0.991349 0.991528 0.991607
0.554993 0.557154 0.562022 0.56858 0.575875 0.583312 0.59065 0.597817 0.604798 0.611582 0.618159 0.624522 0.630668 0.636611 0.642395 0.648091 0.65379 0.659572 0.665476 0.671488 0.677545 0.683564 0.689474 0.695239 0.700874 0.706428 0.711954 0.717462 0.72291 0.728243 0.733432 0.738497 0.743481 0.748421 0.753335 0.758227 0.763097 0.767954 0.772808 0.777672 0.782545 0.787414 0.792263 0.797089 0.801898 0.806697 0.811474 0.816201 0.820838 0.825356 0.829737 0.833978 0.838084 0.842067 0.845934 0.849693 0.853348 0.8569 0.860352 0.863701 0.866946 0.870085 0.873123 0.876072 0.878954 0.881796 0.884625 0.887459 0.890309 0.893174 0.896051 0.898939 0.901835 0.904728 0.907595 0.910408 0.91314 0.915774 0.918299 0.920706 0.922994 0.925162 0.927212 0.929148 0.930978 0.93271 0.934357 0.93593 0.93744 0.938898 0.940308 0.941674 0.942999 0.944292 0.945568 0.946851 0.948166 0.949529 0.95095 0.952438 0.953998 0.955627 0.957304 0.958997 0.960672 0.962309 0.963896 0.965428 0.966896 0.968289 0.969591 0.970792 0.971886 0.972877 0.973773 0.974588 0.975333 0.976021 0.97667 0.977304 0.977946 0.978607 0.979283 0.979954 0.980596 0.981191 0.981731 0.982216 0.982648 0.983036 0.983385 0.983702 0.983995 0.984273 0.984549 0.984834 0.985136 0.985453 0.985778 0.986105 0.986428 0.986742 0.987035 0.987292 0.987505 0.98768 0.987844 0.988026 0.988247 0.988511 0.988806 0.989114 0.989423 0.989726 0.99002 0.990306 0.990579 0.990822 0.991002 0.991081
0.548899 0.551061 0.555914 0.562416 0.569603 0.576907 0.584138 0.591276 0.598327 0.605259 0.612014 0.618536 0.624796 0.630811 0.636642 0.642384 0.648136 0.653978 0.659944 0.666013 0.672122 0.678192 0.684161 0.69 0.695717 0.701347 0.706915 0.712417 0.717821 0.723097 0.728248 0.733316 0.738345 0.743364 0.748372 0.753361 0.758327 0.76328 0.768241 0.77322 0.778216 0.783212 0.788196 0.793175 0.798168 0.803183 0.808195 0.813152 0.817991 0.822665 0.827152 0.83145 0.83557 0.839531 0.843351 0.847051 0.850647 0.854158 0.857592 0.86095 0.864228 0.867425 0.870541 0.873587 0.876578 0.879533 0.882467 0.885393 0.888313 0.891228 0.89414 0.897052 0.899962 0.902858 0.905716 0.908507 0.911212 0.913816 0.916313 0.918701 0.920976 0.923138 0.925189 0.927133 0.928977 0.93073 0.932402 0.934004 0.935544 0.937032 0.938475 0.939877 0.941247 0.942593 0.943931 0.945281 0.94666 0.948078 0.949546 0.951073 0.952665 0.954318 0.95601 0.957705 0.959377 0.961012 0.962607 0.964162 0.965667 0.967107 0.968462 0.969716 0.970863 0.9719 0.972835 0.973678 0.97444 0.975136 0.975788 0.976427 0.977078 0.977757 0.978455 0.979149 0.979813 0.980425 0.980976 0.981466 0.981899 0.982284 0.98263 0.982945 0.983241 0.983529 0.98382 0.984123 0.984441 0.984772 0.98511 0.98545 0.985789 0.986119 0.986426 0.986694 0.986912 0.987088 0.98725 0.987434 0.987661 0.987932 0.988234 0.988546 0.988855 0.989156 0.989449 0.989734 0.990008 0.990251 0.990432 0.990512
0.542439 0.544629 0.549521 0.556027 0.563158 0.570362 0.577502 0.584612 0.591719 0.598775 0.605682 0.612346 0.618719 0.624816 0.63071 0.636504 0.642306 0.648197 0.654213 0.660336 0.666506 0.672648 0.678697 0.684622 0.690424 0.696119 0.701717 0.707207 0.71257 0.717801 0.72293 0.728011 0.733091 0.738188 0.743291 0.748377 0.753439 0.758492 0.763564 0.768671 0.773808 0.778952 0.784093 0.789243 0.794431 0.799663 0.804903 0.810077 0.815103 0.819922 0.824507 0.828857 0.832989 0.836925 0.840695 0.844332 0.847871 0.851342 0.85476 0.858129 0.861444 0.8647 0.867898 0.871044 0.874147 0.877217 0.880263 0.883287 0.886289 0.889267 0.892226 0.895169 0.898095 0.900987 0.903822 0.906576 0.909236 0.911798 0.91426 0.916622 0.918881 0.921036 0.923086 0.925037 0.926895 0.928669 0.930369 0.932004 0.933584 0.935116 0.936607 0.938064 0.939495 0.94091 0.942321 0.943745 0.945193 0.946674 0.948196 0.949769 0.951398 0.953072 0.954765 0.956445 0.95809 0.959699 0.961281 0.962839 0.964363 0.965834 0.967229 0.968531 0.969729 0.97082 0.971806 0.972693 0.973491 0.974216 0.974892 0.975551 0.976223 0.976921 0.977636 0.978343 0.979013 0.979628 0.980176 0.980661 0.981086 0.981462 0.981798 0.982107 0.982403 0.982697 0.983002 0.983323 0.983664 0.984018 0.984381 0.984746 0.98511 0.985464 0.985792 0.986075 0.986304 0.986488 0.986657 0.986847 0.987079 0.987353 0.987653 0.987959 0.988261 0.988555 0.988841 0.989123 0.989395 0.989639 0.989821 0.989902
0.535508 0.53775 0.54274 0.549329 0.55649 0.563676 0.570787 0.577896 0.585048 0.59219 0.599207 0.605986 0.61247 0.618666 0.624643 0.630501 0.636347 0.642267 0.648309 0.65447 0.660697 0.666915 0.673054 0.679071 0.684955 0.690707 0.696329 0.701813 0.707154 0.712369 0.717504 0.722618 0.727755 0.732928 0.738115 0.743287 0.748434 0.75358 0.758767 0.764018 0.769323 0.774651 0.779984 0.785335 0.790731 0.796177 0.801624 0.806984 0.812165 0.817102 0.821767 0.82616 0.8303 0.834215 0.837942 0.841528 0.84502 0.848458 0.851866 0.855247 0.858598 0.861912 0.865188 0.868429 0.87164 0.874826 0.877985 0.881114 0.884207 0.887262 0.890281 0.893263 0.896203 0.899083 0.901882 0.904585 0.907189 0.909701 0.912125 0.914461 0.916706 0.918855 0.920907 0.922865 0.924737 0.926532 0.928263 0.929937 0.931565 0.933152 0.934705 0.936231 0.937737 0.939232 0.940726 0.94223 0.943752 0.945301 0.946882 0.948504 0.950165 0.95185 0.953531 0.955179 0.956783 0.958356 0.959913 0.961462 0.962992 0.96448 0.965903 0.967245 0.968493 0.969641 0.970687 0.971635 0.97249 0.973267 0.973992 0.974693 0.975399 0.97612 0.976847 0.977555 0.978219 0.97882 0.979355 0.979824 0.980234 0.980594 0.980915 0.981213 0.981503 0.9818 0.982116 0.982456 0.982821 0.983205 0.9836 0.983999 0.984395 0.984777 0.985128 0.985431 0.985678 0.985879 0.986063 0.986263 0.986499 0.98677 0.987059 0.987352 0.98764 0.987923 0.988201 0.988477 0.988748 0.988993 0.989177 0.989259
0.528002 0.530318 0.53546 0.542223 0.549534 0.556832 0.564024 0.571197 0.578405 0.585598 0.592673 0.599529 0.606111 0.612418 0.618498 0.624433 0.630319 0.63625 0.642291 0.64846 0.654721 0.661001 0.667221 0.673324 0.679283 0.68509 0.690739 0.696231 0.701577 0.706811 0.711985 0.717156 0.722363 0.727611 0.732871 0.73811 0.743327 0.74856 0.753869 0.759286 0.764792 0.770343 0.775905 0.781482 0.787094 0.792736 0.798354 0.803856 0.809147 0.814167 0.81889 0.823318 0.82747 0.831376 0.83508 0.838635 0.842099 0.84552 0.848923 0.852317 0.855698 0.859062 0.862407 0.865735 0.869046 0.87234 0.87561 0.878846 0.882038 0.885179 0.888264 0.891289 0.894241 0.897101 0.899856 0.902499 0.905044 0.907505 0.909893 0.91221 0.914447 0.916596 0.918653 0.920621 0.922507 0.924325 0.926087 0.927805 0.929486 0.931137 0.932763 0.934369 0.935961 0.937544 0.939128 0.940717 0.942319 0.943937 0.945578 0.947243 0.948928 0.950613 0.952271 0.953879 0.955441 0.956976 0.958507 0.960042 0.961567 0.96306 0.9645 0.96587 0.967162 0.968366 0.96948 0.970501 0.971433 0.972288 0.973085 0.973851 0.974606 0.975357 0.976094 0.976795 0.97744 0.978018 0.978529 0.978976 0.979366 0.979706 0.980008 0.980289 0.980569 0.980865 0.981189 0.981547 0.981937 0.982351 0.982781 0.983215 0.983645 0.984055 0.98443 0.984755 0.985024 0.985247 0.985451 0.985664 0.985902 0.986165 0.98644 0.986717 0.986991 0.987263 0.987534 0.987807 0.988078 0.988326 0.988514 0.988598
0.519842 0.522247 0.527587 0.534614 0.54221 0.549778 0.557202 0.564543 0.571846 0.579077 0.586169 0.593061 0.599719 0.606135 0.612329 0.618351 0.624282 0.630216 0.636236 0.642382 0.648639 0.654943 0.661211 0.667377 0.673399 0.679257 0.684942 0.690461 0.69584 0.701126 0.706374 0.711632 0.716926 0.722252 0.727577 0.732874 0.738153 0.743477 0.748924 0.754529 0.760263 0.766062 0.771873 0.777682 0.783496 0.789303 0.795045 0.800636 0.805994 0.811064 0.815829 0.82029 0.824467 0.828388 0.832097 0.835653 0.839115 0.842534 0.845941 0.849347 0.852752 0.856156 0.859558 0.862958 0.866357 0.869747 0.873118 0.876455 0.879744 0.882972 0.886125 0.889192 0.892154 0.894994 0.897704 0.900292 0.902782 0.905199 0.90756 0.909867 0.912107 0.914265 0.916333 0.918311 0.920211 0.922051 0.923846 0.925609 0.927348 0.929069 0.930774 0.932468 0.934152 0.93583 0.937506 0.939184 0.940867 0.942555 0.944252 0.945955 0.947655 0.949332 0.950963 0.952536 0.954062 0.955567 0.957076 0.958592 0.960103 0.961589 0.963032 0.964421 0.965747 0.967005 0.968188 0.969292 0.970315 0.971265 0.972156 0.973004 0.973822 0.974612 0.975362 0.976054 0.976677 0.977229 0.977713 0.978137 0.978504 0.978822 0.979102 0.979364 0.97963 0.979921 0.980251 0.980624 0.981037 0.981479 0.98194 0.982405 0.982863 0.983298 0.983694 0.984039 0.98433 0.984576 0.984799 0.985024 0.985264 0.985518 0.98578 0.986045 0.986311 0.986577 0.986847 0.987122 0.9874 0.987656 0.98785 0.987938
0.510977 0.513482 0.519059 0.526428 0.534432 0.542427 0.550239 0.557876 0.565352 0.57265 0.579751 0.586657 0.59337 0.599882 0.606187 0.612303 0.618286 0.624227 0.630219 0.63632 0.642533 0.648806 0.655068 0.661251 0.667308 0.673207 0.678936 0.684504 0.689947 0.695321 0.700676 0.706048 0.711447 0.71686 0.722253 0.72761 0.732964 0.738399 0.744005 0.749815 0.755786 0.76183 0.767876 0.773892 0.779871 0.785794 0.79161 0.797246 0.802635 0.807737 0.812538 0.817042 0.821263 0.825229 0.828981 0.832572 0.836061 0.839499 0.84292 0.846339 0.849764 0.853197 0.856642 0.860101 0.863568 0.867036 0.87049 0.873915 0.877291 0.880599 0.883817 0.886924 0.889898 0.892725 0.895403 0.897949 0.900398 0.902785 0.905132 0.907442 0.909697 0.911873 0.913955 0.915943 0.917856 0.919714 0.921541 0.92335 0.92515 0.926944 0.928734 0.930518 0.932297 0.934072 0.935844 0.937611 0.939374 0.94113 0.942878 0.944614 0.946325 0.947993 0.949604 0.951153 0.952657 0.954144 0.955633 0.957127 0.958615 0.960081 0.961515 0.962911 0.964264 0.965569 0.966817 0.968004 0.969125 0.970181 0.971176 0.972119 0.973013 0.973852 0.974623 0.975314 0.975921 0.976451 0.976915 0.977319 0.977668 0.977965 0.978222 0.978462 0.978712 0.978998 0.979332 0.979717 0.980148 0.980612 0.981096 0.981584 0.982062 0.982512 0.982922 0.983282 0.983588 0.983852 0.984091 0.984324 0.984564 0.984812 0.985068 0.985329 0.985594 0.985864 0.986142 0.98643 0.986723 0.986995 0.987202 0.987294
0.501354 0.503979 0.509842 0.517626 0.526134 0.534673 0.543003 0.551065 0.558828 0.566273 0.573431 0.580366 0.587128 0.593721 0.600125 0.606329 0.612372 0.618331 0.6243 0.630344 0.636477 0.642664 0.648851 0.654989 0.661038 0.666963 0.672742 0.678383 0.683923 0.689417 0.694908 0.700415 0.705934 0.711443 0.716916 0.722357 0.727817 0.733396 0.739184 0.745203 0.75139 0.757641 0.763872 0.770039 0.776128 0.782117 0.787963 0.793611 0.799012 0.80414 0.808984 0.813548 0.817841 0.821886 0.825714 0.829375 0.832922 0.836402 0.839851 0.843291 0.846734 0.85019 0.853667 0.857166 0.860682 0.864203 0.867716 0.871204 0.874649 0.878025 0.881302 0.884452 0.887448 0.890277 0.892944 0.895472 0.897903 0.90028 0.902633 0.904961 0.90724 0.909437 0.911532 0.913527 0.915446 0.91732 0.919176 0.921031 0.922894 0.924764 0.926639 0.928516 0.930391 0.932263 0.934127 0.935982 0.937822 0.939644 0.941442 0.943208 0.944931 0.946598 0.948199 0.94974 0.951236 0.952712 0.954184 0.955651 0.957108 0.958547 0.959964 0.961358 0.962729 0.96407 0.965376 0.96664 0.967854 0.969015 0.970119 0.971162 0.972139 0.973037 0.973843 0.974548 0.975155 0.975679 0.976135 0.976531 0.976868 0.977147 0.977383 0.977603 0.97784 0.97812 0.978458 0.978853 0.979296 0.979774 0.980271 0.980771 0.981256 0.981712 0.982125 0.982488 0.9828 0.983072 0.983318 0.983555 0.983794 0.984041 0.984297 0.984562 0.984836 0.98512 0.985418 0.985731 0.98605 0.986348 0.986574 0.986675
0.490783 0.493587 0.499848 0.508166 0.517275 0.526433 0.535365 0.54396 0.55214 0.559863 0.567181 0.574206 0.581036 0.587701 0.594182 0.600459 0.606555 0.612539 0.618494 0.624479 0.63051 0.636566 0.642622 0.648658 0.654653 0.66058 0.666414 0.67215 0.677819 0.683462 0.689109 0.694762 0.700405 0.706018 0.711591 0.717146 0.722754 0.728512 0.734497 0.740708 0.747065 0.753456 0.759797 0.766044 0.772184 0.778196 0.784045 0.789691 0.795101 0.800259 0.805159 0.809803 0.814195 0.818347 0.822284 0.826046 0.829679 0.833227 0.836724 0.840197 0.843665 0.847144 0.850644 0.854166 0.857704 0.861248 0.864788 0.868312 0.871803 0.875232 0.878564 0.881761 0.884794 0.88765 0.890333 0.892874 0.895318 0.897714 0.900093 0.902452 0.904761 0.906977 0.909078 0.91107 0.912988 0.914872 0.916755 0.918657 0.920584 0.922532 0.924494 0.926463 0.928432 0.930397 0.932352 0.93429 0.936206 0.93809 0.939936 0.941734 0.943475 0.945149 0.946754 0.948298 0.949796 0.951266 0.952721 0.954161 0.955585 0.956994 0.95839 0.959779 0.961159 0.962527 0.963878 0.965205 0.9665 0.967756 0.968962 0.970105 0.971169 0.972136 0.972992 0.97373 0.974359 0.974898 0.975365 0.975767 0.976102 0.976372 0.976594 0.976801 0.977029 0.977309 0.97765 0.978052 0.978502 0.978986 0.979486 0.979984 0.980464 0.980912 0.981315 0.981669 0.981975 0.982241 0.982484 0.982717 0.982954 0.983201 0.983462 0.983738 0.984029 0.984337 0.984664 0.985012 0.985369 0.985702 0.985954 0.986068
0.478769 0.481881 0.488797 0.497909 0.507793 0.517656 0.527239 0.536442 0.54516 0.553314 0.560937 0.568154 0.575097 0.581835 0.588371 0.594692 0.600821 0.606819 0.61276 0.618691 0.624619 0.630533 0.636433 0.642335 0.648248 0.654161 0.660046 0.66589 0.671705 0.677514 0.683323 0.689119 0.694881 0.700601 0.706291 0.711994 0.717783 0.723745 0.729923 0.736291 0.742752 0.749203 0.755572 0.761834 0.767979 0.77399 0.779836 0.785485 0.790913 0.796113 0.801084 0.805824 0.810333 0.814615 0.818685 0.822573 0.826317 0.829957 0.833527 0.837054 0.840561 0.844068 0.847585 0.851112 0.854645 0.858178 0.861711 0.86524 0.868753 0.872222 0.875604 0.878856 0.881945 0.884852 0.887586 0.890176 0.892669 0.895116 0.897543 0.899944 0.902281 0.904507 0.906601 0.90858 0.910487 0.912376 0.914286 0.916238 0.918231 0.920258 0.922306 0.924365 0.926426 0.928481 0.930521 0.932539 0.934525 0.93647 0.938364 0.940198 0.941962 0.943652 0.94527 0.946823 0.948327 0.949794 0.951233 0.952648 0.954044 0.955428 0.956808 0.958191 0.959576 0.96096 0.96234 0.963712 0.965071 0.966405 0.9677 0.968935 0.970086 0.97113 0.972049 0.97284 0.973513 0.97409 0.974586 0.975009 0.975355 0.975629 0.975851 0.976059 0.976291 0.976575 0.976923 0.977329 0.977781 0.978262 0.978755 0.97924 0.979703 0.980129 0.980509 0.980839 0.981124 0.981372 0.9816 0.981822 0.982052 0.982298 0.982565 0.982854 0.983166 0.983503 0.983867 0.984256 0.984657 0.985031 0.985315 0.985443
0.464463 0.4681 0.476111 0.486497 0.497519 0.508281 0.518588 0.528443 0.537783 0.546503 0.554582 0.562115 0.569246 0.576078 0.582652 0.588983 0.595109 0.601098 0.60702 0.612907 0.618757 0.624558 0.630326 0.636107 0.641937 0.647824 0.653749 0.659694 0.665652 0.67162 0.677579 0.683502 0.689373 0.6952 0.70102 0.70689 0.71288 0.719044 0.72539 0.73186 0.738354 0.744788 0.751121 0.757351 0.763481 0.769492 0.77535 0.781021 0.786487 0.791745 0.796798 0.801646 0.806283 0.810705 0.814921 0.818952 0.822829 0.826586 0.830253 0.833858 0.837422 0.840965 0.844496 0.848013 0.851514 0.855006 0.8585 0.862007 0.865522 0.869016 0.872445 0.875759 0.87892 0.881907 0.884723 0.887398 0.889977 0.892502 0.894996 0.897446 0.899806 0.902031 0.904107 0.906061 0.907952 0.909846 0.911786 0.913791 0.915854 0.91796 0.920092 0.922238 0.924385 0.926524 0.928644 0.930737 0.932791 0.934794 0.936736 0.938607 0.9404 0.942112 0.943746 0.945312 0.946822 0.948287 0.949715 0.951113 0.952491 0.95386 0.955232 0.956612 0.957999 0.959391 0.960786 0.962184 0.963584 0.964977 0.966345 0.967661 0.968894 0.970017 0.97101 0.971869 0.972604 0.973235 0.973776 0.974233 0.974606 0.974902 0.975145 0.975373 0.975624 0.975923 0.976281 0.976691 0.977141 0.977613 0.978089 0.978551 0.978985 0.979377 0.97972 0.980014 0.980263 0.980481 0.980682 0.980884 0.981101 0.981343 0.981613 0.981915 0.982249 0.982615 0.983016 0.983448 0.983894 0.98431 0.984625 0.984766
0.447054 0.451456 0.461079 0.473369 0.486094 0.498136 0.509355 0.519926 0.529928 0.53929 0.547941 0.555914 0.563327 0.570303 0.576923 0.583243 0.589335 0.595291 0.601191 0.60706 0.612881 0.618634 0.624335 0.630043 0.635813 0.641672 0.647616 0.653631 0.6597 0.665795 0.671875 0.677905 0.683874 0.68981 0.69577 0.701815 0.707997 0.714335 0.720798 0.727307 0.733772 0.740135 0.746396 0.752578 0.758695 0.764723 0.770619 0.776343 0.781873 0.787208 0.792355 0.797313 0.802078 0.806642 0.811008 0.815191 0.819216 0.823109 0.826897 0.830601 0.834241 0.837829 0.841371 0.844865 0.848318 0.851748 0.855184 0.858651 0.862151 0.865659 0.869131 0.872511 0.875757 0.878842 0.881768 0.884558 0.887249 0.889875 0.892448 0.894947 0.897326 0.899544 0.901596 0.903523 0.905402 0.907306 0.909283 0.911345 0.913479 0.915662 0.917874 0.920099 0.922325 0.924541 0.926736 0.928898 0.931015 0.933075 0.935064 0.936975 0.9388 0.940537 0.942191 0.943771 0.945287 0.946751 0.948174 0.949564 0.950936 0.952304 0.953677 0.955061 0.956451 0.957845 0.959242 0.960648 0.962069 0.9635 0.964923 0.966307 0.967616 0.968816 0.969886 0.97082 0.971626 0.972321 0.972917 0.973422 0.973837 0.974176 0.974462 0.974732 0.97502 0.975347 0.975721 0.976137 0.976582 0.97704 0.977492 0.977923 0.978317 0.978666 0.978963 0.979209 0.979412 0.979587 0.979752 0.979926 0.980124 0.980355 0.980625 0.980935 0.981286 0.981679 0.982113 0.982584 0.983069 0.983521 0.983864 0.984017
0.426516 0.431789 0.443317 0.457994 0.473009 0.486875 0.499374 0.510831 0.521537 0.531553 0.540823 0.549323 0.557119 0.564321 0.571038 0.577368 0.583428 0.589353 0.595245 0.601134 0.606988 0.612769 0.618483 0.62418 0.629922 0.635752 0.641686 0.647726 0.653853 0.660026 0.666191 0.672307 0.678372 0.684427 0.690534 0.696748 0.703093 0.709553 0.71607 0.72256 0.728952 0.735224 0.741408 0.74755 0.753669 0.759737 0.7657 0.771506 0.777127 0.782559 0.787807 0.792875 0.797759 0.802455 0.806966 0.811302 0.815483 0.819527 0.823453 0.827274 0.831002 0.834643 0.838197 0.841666 0.845066 0.84843 0.851805 0.855226 0.858704 0.862219 0.865725 0.869168 0.872503 0.875698 0.878749 0.88167 0.884488 0.887224 0.88988 0.892429 0.894826 0.897039 0.899074 0.900988 0.902868 0.904796 0.906818 0.908939 0.91114 0.913394 0.915676 0.917971 0.920266 0.922551 0.924812 0.927039 0.929215 0.931328 0.933365 0.935316 0.937175 0.93894 0.940616 0.942211 0.943736 0.945205 0.946629 0.948022 0.949399 0.950776 0.952161 0.953555 0.95495 0.956342 0.957732 0.959133 0.96056 0.962013 0.963476 0.964915 0.966288 0.967559 0.968703 0.969711 0.97059 0.971352 0.972009 0.972571 0.973045 0.973445 0.973795 0.974127 0.974467 0.974834 0.975234 0.97566 0.976101 0.97654 0.976963 0.977354 0.977704 0.978002 0.978247 0.978439 0.97859 0.978716 0.978838 0.978977 0.97915 0.979366 0.97963 0.979942 0.980303 0.980715 0.981174 0.981675 0.982192 0.982673 0.983036 0.983199
0.404251 0.410199 0.423326 0.440278 0.45782 0.474002 0.488293 0.500984 0.512532 0.523212 0.533087 0.542146 0.550407 0.557943 0.56486 0.571285 0.577378 0.58332 0.589243 0.59519 0.601122 0.606986 0.612769 0.618503 0.624243 0.630043 0.635942 0.641961 0.648092 0.654293 0.660507 0.666698 0.672867 0.679056 0.685317 0.691682 0.698146 0.704667 0.711179 0.717609 0.723914 0.730104 0.736233 0.742357 0.748497 0.754621 0.760667 0.766575 0.772307 0.777848 0.783203 0.788374 0.793366 0.79818 0.802824 0.807309 0.811647 0.815849 0.819922 0.823871 0.827696 0.831396 0.834969 0.838422 0.84178 0.845093 0.848418 0.851801 0.855257 0.85877 0.862301 0.865799 0.869217 0.872522 0.875699 0.878754 0.8817 0.884546 0.887283 0.889881 0.892301 0.894521 0.896561 0.898486 0.900392 0.90236 0.904434 0.906613 0.908873 0.911184 0.913522 0.915874 0.918227 0.92057 0.922891 0.925174 0.927406 0.92957 0.931654 0.933647 0.935541 0.937337 0.939037 0.94065 0.942189 0.943668 0.945101 0.946506 0.947898 0.949293 0.950697 0.952107 0.95351 0.9549 0.956281 0.957671 0.959093 0.960558 0.96205 0.963532 0.964959 0.96629 0.967497 0.968572 0.969517 0.970345 0.971067 0.971694 0.972238 0.972713 0.973141 0.973548 0.973953 0.974372 0.974805 0.975247 0.975685 0.976104 0.976493 0.976841 0.977143 0.977391 0.977583 0.977721 0.977817 0.977892 0.97797 0.978072 0.978218 0.978415 0.978666 0.978972 0.979334 0.979754 0.980229 0.980749 0.981288 0.981789 0.982167 0.982336
0.382824 0.388914 0.402617 0.420878 0.440473 0.459075 0.47562 0.490039 0.502751 0.514211 0.524695 0.534307 0.543078 0.551054 0.558313 0.564983 0.571245 0.5773 0.583308 0.589333 0.595348 0.601301 0.607164 0.61295 0.618701 0.624476 0.630328 0.636297 0.64239 0.648579 0.654821 0.661085 0.667373 0.673711 0.680124 0.686614 0.69315 0.699679 0.706146 0.712504 0.718739 0.72488 0.730989 0.737121 0.743294 0.749478 0.75561 0.761623 0.767469 0.773125 0.778585 0.783854 0.78894 0.793858 0.798621 0.803244 0.807735 0.812094 0.816317 0.820397 0.824325 0.828093 0.8317 0.835156 0.8385 0.841788 0.845086 0.848442 0.851878 0.855385 0.858931 0.862472 0.865961 0.869363 0.872657 0.875838 0.878903 0.881851 0.884664 0.887314 0.889767 0.892016 0.894088 0.896056 0.898013 0.900037 0.902166 0.904396 0.906701 0.909052 0.91143 0.913823 0.916222 0.918614 0.920985 0.92332 0.925602 0.927816 0.929945 0.931979 0.933911 0.93574 0.937468 0.939105 0.940664 0.94216 0.94361 0.945033 0.946447 0.947865 0.949293 0.950722 0.952139 0.953532 0.954907 0.956288 0.957706 0.959179 0.960694 0.962209 0.963676 0.965051 0.966307 0.967435 0.968438 0.969326 0.970112 0.970808 0.971428 0.971985 0.972498 0.972987 0.973465 0.973941 0.974415 0.974878 0.975315 0.975714 0.976068 0.976375 0.976631 0.976833 0.976976 0.977064 0.977111 0.97714 0.977177 0.977246 0.977365 0.97754 0.977774 0.978066 0.978419 0.978836 0.979315 0.979846 0.980397 0.980909 0.981295 0.981468
0.364743 0.370308 0.383184 0.401154 0.421563 0.442024 0.460913 0.477515 0.491878 0.504439 0.515665 0.525859 0.535165 0.543655 0.551395 0.558486 0.565086 0.571382 0.577536 0.583639 0.589703 0.595701 0.601611 0.607435 0.613203 0.618963 0.624774 0.630687 0.636724 0.642883 0.649143 0.655486 0.661902 0.66839 0.674942 0.681525 0.688094 0.694601 0.701013 0.707315 0.713519 0.719658 0.725786 0.731949 0.738162 0.744399 0.750604 0.756711 0.762664 0.76843 0.773993 0.779354 0.784527 0.789537 0.794406 0.799153 0.803783 0.808289 0.812656 0.816866 0.820903 0.824754 0.828415 0.831906 0.835268 0.838563 0.841856 0.8452 0.84862 0.852118 0.85567 0.85924 0.862786 0.86627 0.869666 0.872956 0.876128 0.879167 0.882052 0.884755 0.887256 0.889553 0.891685 0.893722 0.895751 0.897841 0.900024 0.902295 0.904629 0.907004 0.909406 0.911828 0.91426 0.916691 0.919106 0.921486 0.923815 0.926075 0.928249 0.930325 0.932296 0.93416 0.935921 0.937587 0.939172 0.940692 0.942166 0.943614 0.945054 0.946498 0.947952 0.949404 0.95084 0.952245 0.953624 0.955007 0.956431 0.957915 0.959448 0.960986 0.962477 0.963878 0.965164 0.966329 0.967376 0.968316 0.969162 0.969927 0.970622 0.971262 0.97186 0.97243 0.972982 0.973519 0.974037 0.974523 0.974962 0.975344 0.975669 0.975941 0.976161 0.976325 0.976428 0.976476 0.976483 0.976476 0.976481 0.976525 0.976621 0.976776 0.976988 0.977259 0.977594 0.977998 0.978472 0.979002 0.979556 0.980072 0.98046 0.980634
0.350997 0.355583 0.366542 0.38268 0.402296 0.423402 0.444101 0.462997 0.479483 0.493653 0.505965 0.516899 0.52679 0.535832 0.544132 0.551776 0.558863 0.565522 0.571888 0.578073 0.584145 0.59013 0.596038 0.601875 0.607659 0.613423 0.619215 0.625085 0.631075 0.637209 0.643492 0.649913 0.656449 0.663069 0.669729 0.676375 0.682954 0.689436 0.695815 0.702105 0.708328 0.714513 0.720694 0.726905 0.733158 0.739437 0.745698 0.751881 0.75793 0.763799 0.769462 0.774915 0.780173 0.785267 0.790228 0.795081 0.79983 0.804464 0.808962 0.813297 0.817448 0.821397 0.825141 0.8287 0.832114 0.835445 0.838755 0.842099 0.84551 0.848997 0.852551 0.856141 0.85973 0.86328 0.866759 0.870142 0.873405 0.876525 0.879477 0.882239 0.884797 0.88716 0.889369 0.891491 0.893602 0.89576 0.897992 0.900293 0.902644 0.905031 0.907447 0.909887 0.912344 0.914806 0.917257 0.919678 0.922051 0.924354 0.926572 0.92869 0.930701 0.932603 0.9344 0.936099 0.937716 0.939267 0.940772 0.942249 0.943719 0.945192 0.946673 0.948153 0.949613 0.951041 0.952441 0.953844 0.955287 0.956789 0.958337 0.959886 0.961383 0.962789 0.964085 0.965268 0.966345 0.967327 0.968225 0.969052 0.969818 0.970536 0.971214 0.971861 0.972483 0.973078 0.973637 0.974147 0.974592 0.974965 0.975272 0.975522 0.975719 0.975857 0.975933 0.975953 0.975933 0.975903 0.975891 0.97592 0.976002 0.976139 0.97633 0.976576 0.976888 0.977273 0.977733 0.978254 0.978801 0.979312 0.979696 0.979868
0.340582 0.3442 0.353033 0.366592 0.384102 0.40435 0.4257 0.446414 0.465193 0.481485 0.495412 0.507435 0.518058 0.527676 0.536535 0.544759 0.552402 0.55951 0.566164 0.572472 0.578554 0.584502 0.590378 0.59621 0.602011 0.607798 0.6136 0.619461 0.625436 0.63157 0.637884 0.644371 0.650994 0.657703 0.664432 0.671116 0.677707 0.684191 0.690586 0.69692 0.703214 0.709482 0.715739 0.722004 0.728293 0.734603 0.740906 0.747152 0.753285 0.759252 0.765018 0.770568 0.775913 0.781086 0.786126 0.791062 0.795904 0.800641 0.805248 0.809699 0.813966 0.81803 0.821884 0.825541 0.829039 0.832432 0.835779 0.839136 0.842544 0.846025 0.849579 0.853183 0.856805 0.860408 0.863956 0.867416 0.870757 0.873949 0.876965 0.879785 0.882406 0.884842 0.887135 0.889346 0.891539 0.893761 0.896036 0.898359 0.900721 0.903114 0.905537 0.907989 0.910465 0.912953 0.915437 0.917896 0.920309 0.922655 0.924916 0.927076 0.929128 0.931069 0.932904 0.934641 0.936295 0.937882 0.939423 0.940935 0.942439 0.943944 0.945455 0.946965 0.948457 0.94992 0.951359 0.9528 0.954276 0.955803 0.95736 0.958905 0.960389 0.96178 0.963067 0.964251 0.965343 0.966354 0.967294 0.968175 0.969005 0.969792 0.970542 0.971258 0.971942 0.972588 0.973185 0.973719 0.974175 0.974551 0.974855 0.975099 0.975287 0.975414 0.975476 0.975481 0.975451 0.975413 0.975398 0.975425 0.975502 0.975628 0.975801 0.976026 0.976314 0.976679 0.97712 0.977624 0.978157 0.978654 0.979029 0.979196
0.331237 0.334339 0.341794 0.353139 0.368073 0.386236 0.406787 0.428244 0.448935 0.467587 0.48366 0.497276 0.508933 0.519216 0.528592 0.537321 0.54548 0.553062 0.560076 0.566599 0.572763 0.578716 0.584575 0.590406 0.596235 0.602066 0.607912 0.613812 0.619818 0.625983 0.632331 0.638852 0.64551 0.65225 0.659006 0.665718 0.672345 0.678884 0.685361 0.6918 0.69821 0.704582 0.710916 0.71723 0.723548 0.729881 0.736217 0.742518 0.74873 0.754796 0.760669 0.766322 0.771758 0.777008 0.782113 0.787109 0.792013 0.796822 0.801514 0.806065 0.810448 0.814638 0.818622 0.822406 0.826016 0.829495 0.832899 0.836285 0.839703 0.843184 0.846739 0.850354 0.854002 0.857648 0.861255 0.864782 0.86819 0.871444 0.874516 0.877393 0.880075 0.882585 0.884961 0.887257 0.889525 0.891806 0.894118 0.896461 0.898832 0.901229 0.903658 0.90612 0.908612 0.911124 0.913638 0.916133 0.918587 0.920975 0.923278 0.92548 0.927572 0.929553 0.931427 0.933205 0.934899 0.936528 0.938109 0.939662 0.941204 0.942746 0.944293 0.945838 0.947369 0.948878 0.950368 0.951862 0.953381 0.954932 0.956491 0.958016 0.959469 0.960827 0.962087 0.963258 0.964353 0.965382 0.966356 0.967282 0.968166 0.969012 0.969823 0.970599 0.971336 0.972027 0.972659 0.973217 0.973691 0.974081 0.974397 0.974651 0.974845 0.974974 0.975037 0.975043 0.975016 0.974988 0.974983 0.975019 0.9751 0.975224 0.975388 0.9756 0.975872 0.976218 0.976639 0.977122 0.977633 0.978111 0.978471 0.978633
0.320712 0.323944 0.331295 0.341656 0.354536 0.370147 0.388674 0.409487 0.431115 0.451825 0.470306 0.486024 0.499173 0.510372 0.520296 0.52943 0.537984 0.545984 0.553397 0.560241 0.566616 0.57268 0.578592 0.584463 0.590342 0.59624 0.602167 0.608148 0.61423 0.62045 0.626822 0.633338 0.639971 0.646685 0.653437 0.660179 0.666882 0.673543 0.680174 0.686774 0.693322 0.699796 0.706193 0.712542 0.718881 0.725237 0.731606 0.737961 0.744252 0.750418 0.756401 0.762161 0.76769 0.773011 0.778167 0.783201 0.788139 0.792988 0.79774 0.802375 0.806866 0.811189 0.81532 0.819251 0.822996 0.826586 0.83007 0.833505 0.836948 0.840439 0.843998 0.847622 0.851291 0.854975 0.858633 0.862219 0.865685 0.868991 0.872112 0.875038 0.877778 0.880357 0.88281 0.885184 0.887523 0.889857 0.892204 0.894568 0.896949 0.899353 0.901788 0.90426 0.906768 0.909303 0.911848 0.914381 0.916876 0.919307 0.921651 0.923894 0.926026 0.928046 0.92996 0.931778 0.933516 0.935189 0.936816 0.938415 0.940001 0.941587 0.943175 0.944762 0.94634 0.947902 0.949451 0.951001 0.952564 0.954133 0.955682 0.957173 0.958579 0.959889 0.961111 0.962259 0.963349 0.964391 0.96539 0.966352 0.96728 0.968176 0.969039 0.969866 0.97065 0.971381 0.972045 0.972631 0.97313 0.973545 0.973885 0.97416 0.974372 0.974517 0.974595 0.974618 0.974612 0.974606 0.974624 0.974679 0.974774 0.974906 0.975072 0.975282 0.975547 0.97588 0.976284 0.976744 0.977231 0.977685 0.978028 0.978181
0.307533 0.311451 0.31994 0.330859 0.342955 0.356481 0.372461 0.391396 0.412607 0.434444 0.455061 0.473157 0.488316 0.500894 0.511612 0.521165 0.529999 0.538296 0.54607 0.553296 0.560009 0.566326 0.572406 0.57839 0.584362 0.590355 0.596386 0.602478 0.608658 0.614939 0.62132 0.627793 0.634356 0.641006 0.647734 0.654519 0.661339 0.66818 0.675018 0.681809 0.688499 0.695056 0.701496 0.70787 0.714235 0.720622 0.727034 0.733448 0.739819 0.746084 0.752176 0.75804 0.763658 0.769043 0.774239 0.779293 0.784242 0.789109 0.793897 0.798598 0.803191 0.807645 0.811931 0.816025 0.819924 0.823647 0.827235 0.830744 0.83423 0.837742 0.84131 0.844943 0.848631 0.85235 0.856055 0.859693 0.863207 0.866554 0.869713 0.87268 0.875471 0.878113 0.88064 0.883089 0.885495 0.887883 0.890267 0.892655 0.895051 0.897465 0.89991 0.902394 0.90492 0.90748 0.910058 0.91263 0.915168 0.917641 0.920027 0.922309 0.924478 0.926535 0.928488 0.930347 0.932128 0.933848 0.935524 0.937174 0.938812 0.940447 0.942084 0.943721 0.945351 0.94697 0.948578 0.95018 0.951776 0.953351 0.954876 0.956322 0.95767 0.958924 0.960101 0.961223 0.962306 0.963356 0.964377 0.965369 0.966333 0.967269 0.968175 0.969046 0.969873 0.970642 0.971342 0.97196 0.972491 0.972939 0.973312 0.973618 0.973857 0.97403 0.974139 0.974196 0.974226 0.974255 0.974306 0.974389 0.974506 0.974655 0.974835 0.975053 0.975321 0.975649 0.976038 0.976479 0.976941 0.977371 0.977695 0.97784
0.291063 0.295981 0.306451 0.319274 0.332151 0.344826 0.358639 0.375059 0.394529 0.416102 0.437947 0.458218 0.475753 0.490316 0.50235 0.512591 0.521723 0.530202 0.538222 0.545802 0.552918 0.559609 0.565987 0.572187 0.578314 0.584431 0.590578 0.596781 0.603055 0.609389 0.615766 0.622183 0.628661 0.635236 0.641935 0.648768 0.655722 0.662762 0.669819 0.676796 0.68361 0.690234 0.696711 0.703121 0.70953 0.715971 0.722443 0.728926 0.735379 0.741739 0.74793 0.753889 0.759586 0.76503 0.770259 0.775326 0.780277 0.785148 0.789959 0.794714 0.799397 0.803978 0.808418 0.81268 0.816745 0.820619 0.824333 0.827938 0.831489 0.835039 0.838627 0.842274 0.845983 0.849734 0.853479 0.857157 0.860705 0.86408 0.867263 0.870264 0.873102 0.875807 0.878407 0.880933 0.88341 0.885857 0.888286 0.890706 0.893125 0.895556 0.898015 0.900515 0.903062 0.905651 0.908266 0.910878 0.913457 0.915971 0.918395 0.920712 0.922915 0.925007 0.926996 0.928894 0.930718 0.932486 0.934214 0.935918 0.937612 0.939304 0.940997 0.94269 0.944377 0.946053 0.947713 0.949354 0.950968 0.952534 0.954023 0.955413 0.956697 0.957893 0.959027 0.960126 0.961204 0.962264 0.963304 0.964321 0.965314 0.966283 0.967226 0.968136 0.969002 0.969811 0.97055 0.971207 0.971778 0.972266 0.972679 0.973023 0.9733 0.973513 0.973666 0.973772 0.973852 0.973929 0.974022 0.974141 0.974288 0.974462 0.974663 0.974897 0.975175 0.975504 0.975885 0.976309 0.976749 0.977157 0.977464 0.977601
0.271295 0.277291 0.290095 0.305687 0.320746 0.334145 0.346925 0.361016 0.377906 0.397773 0.419456 0.441094 0.460951 0.478002 0.492048 0.503542 0.513248 0.52193 0.530087 0.537913 0.5454 0.552518 0.559294 0.565814 0.572173 0.578453 0.584722 0.591021 0.597366 0.603738 0.610112 0.616487 0.6229 0.629415 0.636089 0.642959 0.650022 0.657222 0.664453 0.671575 0.678488 0.685176 0.69171 0.698187 0.704677 0.711203 0.717758 0.724323 0.730859 0.737303 0.743578 0.749616 0.755382 0.760881 0.766149 0.771237 0.776198 0.781077 0.785909 0.79071 0.795476 0.800176 0.804762 0.809185 0.813415 0.817445 0.821301 0.825022 0.828663 0.832274 0.835901 0.839576 0.843312 0.84709 0.850862 0.85456 0.85812 0.861503 0.864702 0.867732 0.870619 0.873391 0.876073 0.878685 0.881244 0.883763 0.88625 0.888715 0.891168 0.893627 0.896109 0.898632 0.901206 0.903827 0.906477 0.909128 0.911743 0.914291 0.916745 0.919091 0.921323 0.923445 0.925466 0.927401 0.929267 0.931082 0.932862 0.934623 0.936376 0.93813 0.939885 0.941638 0.943383 0.945112 0.946815 0.948482 0.950098 0.951639 0.953082 0.954411 0.955633 0.956775 0.957873 0.958956 0.960035 0.961108 0.962166 0.963203 0.964219 0.965214 0.966188 0.967134 0.96804 0.968892 0.969674 0.970377 0.970996 0.971532 0.971992 0.972382 0.972708 0.972972 0.973182 0.973349 0.97349 0.973625 0.973769 0.973931 0.974114 0.974319 0.974547 0.974803 0.975096 0.975432 0.97581 0.976221 0.976643 0.977032 0.977323 0.977452
0.248782 0.255758 0.270828 0.289479 0.307607 0.323137 0.336364 0.349059 0.363329 0.380497 0.400552 0.422252 0.443758 0.463358 0.47999 0.49346 0.504322 0.513503 0.521841 0.529822 0.537579 0.54508 0.552282 0.559194 0.565863 0.572362 0.578771 0.585158 0.591553 0.597953 0.604337 0.610707 0.617101 0.623588 0.630245 0.637122 0.644227 0.651499 0.658811 0.666013 0.673 0.679767 0.686394 0.692979 0.699585 0.706225 0.712887 0.719547 0.726166 0.732681 0.73902 0.745119 0.750947 0.756509 0.761834 0.766969 0.771964 0.776873 0.781739 0.786594 0.791438 0.796243 0.800956 0.80552 0.809899 0.81408 0.818081 0.821937 0.825691 0.829393 0.833087 0.836812 0.840582 0.844381 0.848158 0.851846 0.85539 0.858763 0.861969 0.865031 0.867976 0.870829 0.873607 0.876322 0.878981 0.88159 0.884155 0.886684 0.889189 0.89169 0.894208 0.896764 0.89937 0.902025 0.904707 0.907387 0.910027 0.912595 0.915068 0.917433 0.919687 0.921832 0.923882 0.92585 0.927755 0.929616 0.931448 0.933265 0.93508 0.936896 0.938715 0.940531 0.942333 0.94411 0.945847 0.947528 0.949133 0.950641 0.952032 0.953303 0.954469 0.955568 0.956642 0.95772 0.958807 0.959895 0.960968 0.96202 0.963051 0.964067 0.965068 0.966048 0.966995 0.967893 0.968725 0.96948 0.970153 0.970744 0.97126 0.971706 0.972089 0.972415 0.972691 0.972928 0.973139 0.97334 0.973542 0.973754 0.973979 0.974219 0.974478 0.974761 0.975074 0.975419 0.975798 0.976202 0.97661 0.976982 0.97726 0.977383
0.22462 0.232356 0.249284 0.270704 0.292067 0.31054 0.32554 0.338213 0.350687 0.365042 0.382464 0.402799 0.424699 0.446205 0.465493 0.481525 0.494298 0.504601 0.513459 0.521665 0.529608 0.537378 0.544939 0.552244 0.559274 0.566057 0.572657 0.579152 0.585602 0.592034 0.598451 0.604857 0.611283 0.617785 0.624433 0.631282 0.638345 0.645576 0.652862 0.660068 0.667103 0.673963 0.680715 0.68744 0.694186 0.700959 0.707744 0.714509 0.721209 0.727783 0.734167 0.740314 0.746204 0.751843 0.757254 0.762473 0.767543 0.772517 0.777446 0.782368 0.787291 0.792187 0.797001 0.801676 0.806175 0.810489 0.814632 0.818631 0.822521 0.826343 0.830136 0.833933 0.837747 0.841555 0.845311 0.848957 0.852457 0.855806 0.85902 0.862126 0.865148 0.868101 0.870996 0.873833 0.876613 0.879335 0.882001 0.884617 0.887196 0.889759 0.892329 0.89493 0.897574 0.90026 0.902965 0.905659 0.908305 0.910876 0.913353 0.915725 0.917991 0.920154 0.922227 0.924225 0.926166 0.928069 0.929951 0.931824 0.933698 0.935577 0.93746 0.939336 0.941194 0.943015 0.94478 0.946468 0.948058 0.94953 0.950874 0.952094 0.953218 0.954289 0.955354 0.956437 0.957538 0.958638 0.95972 0.960778 0.961818 0.962848 0.963874 0.964889 0.965879 0.966826 0.967713 0.968526 0.969259 0.969912 0.970491 0.971001 0.971451 0.971847 0.972197 0.97251 0.972796 0.973067 0.973333 0.973599 0.973871 0.974153 0.974447 0.97476 0.975095 0.975454 0.975837 0.976236 0.976634 0.976993 0.97726 0.977378
0.200012 0.2082 0.226312 0.249705 0.273731 0.295168 0.312742 0.326811 0.338991 0.351461 0.366187 0.384148 0.40497 0.427074 0.448349 0.467032 0.48235 0.49458 0.504609 0.513388 0.521582 0.529525 0.537312 0.544924 0.552304 0.55942 0.566282 0.57295 0.579498 0.585991 0.592467 0.598946 0.605448 0.612005 0.618658 0.62545 0.632403 0.639496 0.646658 0.653797 0.660846 0.667794 0.67468 0.681553 0.688445 0.69536 0.702276 0.709152 0.715931 0.722553 0.72897 0.735159 0.741116 0.746852 0.752381 0.757722 0.762908 0.767987 0.773012 0.778024 0.78303 0.788003 0.792891 0.797644 0.802232 0.806655 0.810927 0.81507 0.819111 0.823075 0.826991 0.830879 0.83474 0.838547 0.84226 0.845842 0.849287 0.852612 0.855847 0.859016 0.862134 0.865208 0.868238 0.871218 0.874141 0.876998 0.879787 0.882514 0.88519 0.887837 0.890477 0.893134 0.89582 0.89853 0.901245 0.903935 0.906568 0.909124 0.911588 0.913954 0.916222 0.918396 0.920488 0.922511 0.924485 0.926428 0.928355 0.930281 0.932212 0.934151 0.936093 0.938028 0.939938 0.941801 0.943593 0.945288 0.946866 0.948311 0.949619 0.950805 0.951904 0.952966 0.954035 0.95513 0.956244 0.957351 0.958432 0.959487 0.960527 0.961569 0.962619 0.963669 0.964705 0.965705 0.96665 0.967525 0.968323 0.969044 0.969691 0.970273 0.970796 0.971268 0.971696 0.972089 0.972453 0.972798 0.97313 0.973455 0.973778 0.974104 0.974437 0.974782 0.975142 0.975517 0.975907 0.976305 0.976696 0.977047 0.977305 0.97742
0.175652 0.183928 0.20238 0.226606 0.252178 0.275907 0.296215 0.312805 0.326482 0.338862 0.351954 0.36746 0.386096 0.407232 0.429158 0.449861 0.467871 0.482689 0.494683 0.504653 0.513418 0.521583 0.52949 0.537269 0.544914 0.552358 0.559545 0.566475 0.573203 0.579815 0.586392 0.592977 0.599589 0.606228 0.612901 0.619629 0.626436 0.633333 0.640306 0.647319 0.654335 0.661339 0.668335 0.675344 0.682379 0.689436 0.696487 0.703474 0.710329 0.716995 0.723442 0.729673 0.735705 0.741552 0.747218 0.752708 0.758042 0.763259 0.768408 0.773528 0.778623 0.783665 0.788609 0.793415 0.798068 0.802578 0.806963 0.811244 0.815436 0.819552 0.823602 0.827589 0.831499 0.835301 0.838965 0.842486 0.845886 0.849206 0.852481 0.855731 0.858961 0.862169 0.865348 0.868487 0.871568 0.874578 0.877511 0.880369 0.883163 0.885911 0.888636 0.891357 0.894085 0.896814 0.899526 0.902195 0.904799 0.907324 0.909762 0.912111 0.914372 0.91655 0.918655 0.920701 0.922703 0.924681 0.926651 0.928623 0.930606 0.932601 0.934599 0.936589 0.938548 0.940453 0.942273 0.943982 0.945559 0.946992 0.948283 0.949455 0.95055 0.951619 0.952702 0.953812 0.954933 0.956037 0.957108 0.958152 0.95919 0.960243 0.961319 0.962408 0.963492 0.964547 0.965552 0.96649 0.967355 0.968146 0.968866 0.969523 0.970123 0.970675 0.971184 0.971658 0.972101 0.97252 0.97292 0.973305 0.973682 0.974054 0.974427 0.974806 0.975191 0.975585 0.975985 0.976387 0.976777 0.977123 0.977377 0.977489
0.151471 0.159474 0.17742 0.201292 0.227128 0.252125 0.274803 0.294512 0.311242 0.325631 0.339 0.353067 0.369309 0.388269 0.409261 0.430695 0.450808 0.468358 0.482927 0.494822 0.504738 0.513435 0.521519 0.529373 0.537155 0.544855 0.552378 0.559646 0.566655 0.573481 0.580223 0.586955 0.593699 0.600437 0.607143 0.613814 0.620475 0.627165 0.633926 0.640774 0.647707 0.65471 0.661771 0.668885 0.676049 0.683246 0.690429 0.697525 0.704455 0.711167 0.71765 0.72393 0.730041 0.736001 0.741806 0.74745 0.752941 0.75831 0.763599 0.76884 0.774031 0.779144 0.78414 0.788991 0.793698 0.79828 0.802763 0.807167 0.8115 0.815763 0.819946 0.824033 0.827994 0.8318 0.835437 0.838923 0.84231 0.845651 0.848986 0.852327 0.855674 0.85902 0.862354 0.865656 0.868905 0.872079 0.875167 0.878169 0.881093 0.883955 0.886775 0.889566 0.892335 0.895077 0.897777 0.900415 0.902979 0.905462 0.907864 0.910187 0.912435 0.914612 0.916726 0.918789 0.920817 0.922826 0.924831 0.926846 0.928875 0.930918 0.932968 0.935007 0.937014 0.93896 0.940813 0.942547 0.944138 0.945577 0.946874 0.948055 0.949165 0.950254 0.951356 0.952479 0.9536 0.954693 0.955748 0.956779 0.957818 0.958887 0.959994 0.961125 0.962259 0.963368 0.96443 0.96543 0.966361 0.967222 0.968016 0.968749 0.969429 0.970062 0.970654 0.971208 0.97173 0.972223 0.97269 0.973136 0.973565 0.973983 0.974396 0.974807 0.975219 0.975633 0.976048 0.976459 0.976853 0.9772 0.977453 0.977564
0.127357 0.134808 0.151599 0.174207 0.199272 0.22456 0.248933 0.271697 0.292275 0.310301 0.325992 0.340383 0.35506 0.371494 0.390281 0.410859 0.431796 0.451474 0.468719 0.483109 0.494893 0.504712 0.513307 0.52132 0.529171 0.537017 0.544815 0.552439 0.559812 0.566954 0.573952 0.580887 0.587788 0.59463 0.601373 0.608001 0.614539 0.621053 0.627617 0.63429 0.641099 0.648042 0.655106 0.662279 0.669547 0.67687 0.684177 0.691377 0.698383 0.70515 0.711683 0.718023 0.724213 0.730274 0.736201 0.741983 0.74762 0.753136 0.758567 0.763933 0.769229 0.774424 0.779484 0.784389 0.789151 0.793799 0.798366 0.802876 0.807334 0.811729 0.816038 0.820224 0.824248 0.828083 0.83173 0.835227 0.83864 0.84203 0.845434 0.848865 0.852321 0.855799 0.859284 0.86275 0.866165 0.869502 0.872747 0.875897 0.878957 0.881939 0.884856 0.887719 0.89053 0.893283 0.895968 0.898573 0.901093 0.90353 0.90589 0.908183 0.910413 0.912585 0.914704 0.91678 0.918828 0.920862 0.922898 0.924948 0.927016 0.929102 0.931197 0.933282 0.935334 0.937321 0.939214 0.940981 0.942602 0.944069 0.945393 0.946603 0.947744 0.94886 0.949983 0.951113 0.952229 0.95331 0.954352 0.95538 0.956429 0.957524 0.958668 0.959844 0.961025 0.962183 0.963297 0.964354 0.965346 0.966274 0.96714 0.967951 0.96871 0.969424 0.970097 0.970731 0.97133 0.971895 0.972428 0.972933 0.973414 0.973876 0.974326 0.974768 0.975206 0.975642 0.976075 0.976502 0.976906 0.977258 0.977513 0.977624
0.10425 0.111013 0.126344 0.147256 0.171001 0.195884 0.221143 0.246231 0.270366 0.292521 0.311848 0.328302 0.342897 0.35741 0.373497 0.391879 0.41203 0.432556 0.451888 0.468899 0.483153 0.494842 0.50457 0.513102 0.52112 0.529048 0.537011 0.544929 0.552682 0.560217 0.567561 0.574765 0.581853 0.588803 0.595581 0.602178 0.608633 0.615024 0.621442 0.627961 0.634627 0.641457 0.64846 0.655633 0.662957 0.670376 0.67779 0.685085 0.692172 0.69901 0.705613 0.712027 0.718296 0.724443 0.730466 0.736356 0.742114 0.747762 0.753326 0.758819 0.764229 0.769522 0.774663 0.77964 0.784467 0.789182 0.793825 0.798425 0.802991 0.807506 0.811931 0.816217 0.820321 0.824219 0.827921 0.831476 0.834952 0.838407 0.841881 0.84539 0.848945 0.852544 0.856171 0.859791 0.863363 0.866854 0.870248 0.873539 0.876731 0.879832 0.882847 0.885782 0.888637 0.891406 0.89408 0.896655 0.899134 0.901525 0.903845 0.906106 0.908315 0.910478 0.912599 0.914684 0.916746 0.9188 0.92086 0.922937 0.925037 0.927159 0.929292 0.931419 0.933512 0.935543 0.937479 0.939289 0.940954 0.942466 0.943835 0.94509 0.946272 0.947422 0.948565 0.949702 0.950815 0.95189 0.952934 0.953975 0.95505 0.956182 0.957369 0.958587 0.959809 0.961007 0.962162 0.963265 0.964312 0.965302 0.966238 0.967123 0.967961 0.968755 0.969508 0.97022 0.970893 0.971529 0.972126 0.972689 0.97322 0.973724 0.974208 0.97468 0.975144 0.975604 0.97606 0.976505 0.976922 0.97728 0.977537 0.977649
0.0844775 0.0905383 0.104375 0.123546 0.145821 0.169886 0.195204 0.221423 0.247871 0.273349 0.29636 0.315819 0.331766 0.345592 0.359401 0.374977 0.392964 0.412759 0.432975 0.452108 0.469026 0.483228 0.494848 0.504514 0.513041 0.521131 0.529178 0.537273 0.545338 0.553272 0.561015 0.568548 0.575858 0.582925 0.589739 0.596322 0.602739 0.609076 0.615418 0.621829 0.628359 0.635044 0.641925 0.649028 0.656345 0.663808 0.671297 0.678678 0.685853 0.692782 0.69948 0.705986 0.712339 0.718562 0.724658 0.730629 0.736483 0.742242 0.747928 0.753547 0.759076 0.764479 0.769719 0.774784 0.77969 0.784477 0.789193 0.793876 0.798539 0.803161 0.807696 0.812085 0.816285 0.820275 0.824071 0.827721 0.831284 0.834815 0.838356 0.841936 0.845579 0.849288 0.853044 0.856802 0.860512 0.86414 0.867666 0.871086 0.874401 0.877613 0.880723 0.883731 0.886634 0.889424 0.892098 0.894653 0.8971 0.899454 0.901737 0.903967 0.906156 0.908309 0.910427 0.912516 0.914586 0.916652 0.918727 0.920825 0.92295 0.925102 0.927268 0.929431 0.931564 0.933638 0.935619 0.93748 0.939199 0.940769 0.942197 0.94351 0.944743 0.945931 0.947098 0.948246 0.949367 0.950454 0.95152 0.952595 0.953712 0.954889 0.956118 0.957372 0.958621 0.959844 0.961026 0.962164 0.963257 0.964304 0.965306 0.966263 0.967178 0.96805 0.968881 0.96967 0.970416 0.971119 0.97178 0.972399 0.972979 0.973526 0.974046 0.974548 0.975039 0.975524 0.976003 0.976464 0.976891 0.977253 0.977509 0.97762
0.0708772 0.0761679 0.0884892 0.105833 0.126566 0.149482 0.174104 0.200185 0.227306 0.254471 0.280057 0.302344 0.320425 0.334875 0.347545 0.360672 0.375868 0.393601 0.413222 0.433381 0.452541 0.469478 0.483617 0.49513 0.504723 0.513264 0.521439 0.529615 0.537871 0.546128 0.554257 0.562144 0.569709 0.576916 0.583785 0.590387 0.596822 0.60318 0.609522 0.615887 0.622309 0.628842 0.635558 0.642525 0.649759 0.657201 0.664721 0.672172 0.679442 0.686483 0.6933 0.699919 0.706368 0.712668 0.718829 0.724865 0.730799 0.736655 0.742453 0.74819 0.753837 0.759353 0.7647 0.769863 0.774859 0.779727 0.784522 0.789289 0.794045 0.798766 0.803402 0.807892 0.812194 0.816294 0.820207 0.823974 0.827641 0.831259 0.834872 0.838524 0.84225 0.846059 0.849926 0.853799 0.857623 0.861362 0.864999 0.86853 0.871954 0.875269 0.878469 0.88155 0.884505 0.887327 0.890013 0.892564 0.894993 0.897323 0.899579 0.901786 0.903957 0.906097 0.908208 0.910294 0.912365 0.914434 0.916518 0.918629 0.920772 0.922947 0.925142 0.927337 0.929508 0.931623 0.933653 0.935569 0.937349 0.938986 0.940484 0.941864 0.943157 0.944392 0.945592 0.946765 0.94791 0.94903 0.95014 0.951267 0.952438 0.953662 0.954925 0.956201 0.957461 0.95869 0.959885 0.961046 0.962177 0.963276 0.96434 0.965369 0.966359 0.967308 0.968215 0.969077 0.969894 0.970664 0.971387 0.972063 0.972694 0.973286 0.973845 0.97438 0.974899 0.975409 0.975905 0.976376 0.976805 0.977162 0.977412 0.977519
0.0651952 0.0700407 0.0796533 0.0949101 0.113655 0.134973 0.158258 0.183243 0.20967 0.236855 0.263414 0.287515 0.307705 0.323722 0.336684 0.348562 0.36136 0.376447 0.3942 0.413969 0.434325 0.453591 0.470453 0.484387 0.49569 0.505168 0.513712 0.521991 0.530339 0.538797 0.547231 0.555446 0.56328 0.570664 0.577636 0.584316 0.590838 0.597295 0.603717 0.610101 0.616461 0.622857 0.629391 0.636172 0.643257 0.65061 0.658111 0.665606 0.67297 0.680136 0.687089 0.69384 0.700401 0.706788 0.713021 0.719125 0.725135 0.73108 0.736979 0.742823 0.748578 0.7542 0.759651 0.764916 0.770009 0.77497 0.779856 0.784714 0.789562 0.794373 0.799097 0.803676 0.808077 0.81229 0.81633 0.820226 0.824013 0.827733 0.831434 0.835168 0.838978 0.842875 0.846831 0.850789 0.854697 0.85852 0.862246 0.86587 0.869389 0.872795 0.876078 0.87923 0.882242 0.885106 0.887819 0.890384 0.892816 0.89514 0.897385 0.899578 0.901735 0.903862 0.905962 0.908039 0.910101 0.912166 0.91425 0.916367 0.918524 0.920718 0.922937 0.925162 0.927367 0.929524 0.931602 0.933574 0.93542 0.93713 0.938705 0.940162 0.941524 0.942818 0.944066 0.94528 0.94647 0.947642 0.948813 0.950004 0.951232 0.952497 0.953782 0.95506 0.956312 0.957532 0.958727 0.959904 0.961067 0.962214 0.96334 0.964438 0.965502 0.966526 0.967508 0.968443 0.969328 0.970163 0.970947 0.97168 0.972365 0.973004 0.973606 0.974177 0.974725 0.975254 0.97576 0.976232 0.976652 0.976996 0.977233 0.977334
0.0694211 0.0694211 0.0776775 0.089281 0.105235 0.124117 0.145482 0.168832 0.193842 0.219959 0.246137 0.270832 0.292565 0.310568 0.325121 0.3374 0.349096 0.361946 0.377236 0.395331 0.415473 0.436045 0.455246 0.471807 0.485365 0.496376 0.505727 0.514312 0.522755 0.53131 0.539928 0.548391 0.556477 0.564072 0.571217 0.57806 0.584756 0.591392 0.597964 0.604432 0.610784 0.617078 0.623439 0.630015 0.636906 0.644115 0.651546 0.659051 0.666492 0.67378 0.680874 0.687764 0.694449 0.700941 0.707262 0.713448 0.719541 0.725574 0.731565 0.737502 0.743349 0.749063 0.754609 0.759973 0.765167 0.770231 0.77522 0.780177 0.785115 0.790007 0.794802 0.799454 0.803942 0.808265 0.812434 0.816466 0.820387 0.824228 0.828037 0.831868 0.835764 0.839735 0.843754 0.847768 0.851731 0.855614 0.859408 0.863109 0.866707 0.870192 0.873551 0.876771 0.879842 0.882757 0.885511 0.88811 0.890567 0.892907 0.895161 0.897353 0.899503 0.901619 0.903705 0.905765 0.907812 0.909864 0.911942 0.91406 0.916225 0.918436 0.920678 0.92293 0.925169 0.927365 0.92949 0.931519 0.933432 0.935217 0.936875 0.938415 0.939856 0.941222 0.942534 0.943808 0.945058 0.946296 0.947537 0.948794 0.950074 0.951369 0.95266 0.953924 0.955154 0.956354 0.957543 0.958731 0.959925 0.961119 0.962305 0.963471 0.964608 0.965707 0.966761 0.967766 0.968718 0.969616 0.970459 0.971249 0.971987 0.972676 0.973321 0.973929 0.974503 0.975047 0.975555 0.976018 0.976421 0.976744 0.976963 0.977055
0.0787189 0.0787189 0.0787189 0.087365 0.0984479 0.113857 0.132555 0.15401 0.177425 0.202095 0.227184 0.25159 0.274206 0.294198 0.31123 0.32551 0.337878 0.349771 0.362916 0.378643 0.397241 0.417736 0.438337 0.457237 0.47332 0.486422 0.497143 0.506419 0.51511 0.523734 0.532421 0.541019 0.549297 0.557116 0.564502 0.571598 0.578556 0.585444 0.592228 0.598835 0.605232 0.611473 0.617698 0.624083 0.63077 0.637805 0.645125 0.652599 0.660083 0.667467 0.674687 0.68171 0.688523 0.695131 0.701559 0.707845 0.714033 0.720157 0.726233 0.732249 0.738171 0.743961 0.749591 0.755046 0.760342 0.765514 0.770611 0.775669 0.780695 0.785658 0.790513 0.795228 0.799796 0.804223 0.808518 0.81269 0.816752 0.82073 0.824665 0.828605 0.832588 0.836622 0.840682 0.844728 0.848723 0.852647 0.856491 0.860252 0.863916 0.867468 0.870893 0.874175 0.877305 0.880275 0.883084 0.885734 0.888238 0.890618 0.892899 0.895108 0.897261 0.89937 0.901441 0.903482 0.905509 0.907544 0.909611 0.911727 0.9139 0.916125 0.918389 0.920668 0.922938 0.925171 0.927342 0.929426 0.931404 0.933265 0.935007 0.936636 0.938165 0.939614 0.941004 0.942351 0.943673 0.944982 0.946292 0.947608 0.948929 0.950242 0.951526 0.952767 0.953968 0.955148 0.95633 0.957531 0.958756 0.959996 0.961241 0.962474 0.963681 0.964851 0.965975 0.967047 0.968062 0.96902 0.96992 0.970764 0.971553 0.97229 0.972978 0.973619 0.974216 0.974769 0.975275 0.975725 0.976106 0.976405 0.976605 0.976688
0.0857004 0.0857004 0.0857004 0.0857004 0.0923042 0.101965 0.117406 0.136706 0.15851 0.18177 0.205636 0.22938 0.25241 0.274166 0.29405 0.311455 0.326172 0.338818 0.350944 0.364451 0.380699 0.399784 0.420504 0.440963 0.459429 0.474972 0.487618 0.498091 0.507342 0.516136 0.524839 0.533461 0.541843 0.549858 0.557515 0.564929 0.572215 0.579409 0.586449 0.59324 0.599732 0.605976 0.61212 0.618361 0.62487 0.631733 0.63892 0.646324 0.653806 0.661246 0.66856 0.675695 0.682628 0.689357 0.695903 0.702302 0.708595 0.714814 0.72097 0.727055 0.73304 0.738895 0.744595 0.750132 0.75552 0.760795 0.765997 0.771156 0.776267 0.7813 0.786218 0.791 0.79565 0.800179 0.804594 0.8089 0.813103 0.817222 0.821289 0.825344 0.829414 0.833504 0.837596 0.841661 0.845674 0.849624 0.853505 0.857311 0.861028 0.864635 0.868113 0.871449 0.874634 0.877661 0.880531 0.883245 0.885814 0.888252 0.890582 0.892824 0.894994 0.897106 0.899167 0.90119 0.903197 0.905215 0.907271 0.909386 0.911567 0.913809 0.916094 0.9184 0.920699 0.922967 0.925179 0.927313 0.929354 0.931289 0.933114 0.934833 0.936455 0.937995 0.939471 0.9409 0.942298 0.943679 0.94505 0.946416 0.947767 0.949086 0.950357 0.951575 0.952753 0.953919 0.955101 0.956318 0.957573 0.958859 0.960159 0.961454 0.962727 0.963964 0.965153 0.966287 0.96736 0.968373 0.969325 0.970218 0.971055 0.971835 0.972561 0.973232 0.973849 0.97441 0.974913 0.975349 0.975711 0.975989 0.976172 0.976247
0.0836767 0.0836767 0.0836767 0.0836767 0.0836767 0.0886925 0.100495 0.117071 0.137086 0.158986 0.181743 0.204788 0.227971 0.251129 0.273707 0.294618 0.312743 0.327684 0.340313 0.352529 0.36642 0.383223 0.402774 0.423641 0.443863 0.461814 0.476772 0.488974 0.49924 0.508469 0.517268 0.525869 0.534267 0.542412 0.550316 0.558056 0.565692 0.573215 0.580534 0.587537 0.594167 0.600473 0.606609 0.612781 0.619176 0.625899 0.632955 0.640263 0.647702 0.655153 0.662522 0.669742 0.676777 0.683619 0.690282 0.696796 0.703196 0.709509 0.715744 0.721894 0.727936 0.733846 0.739604 0.745208 0.750674 0.756038 0.761337 0.766593 0.771796 0.776915 0.781915 0.786783 0.791526 0.796156 0.80068 0.805103 0.809431 0.813681 0.817878 0.822046 0.826205 0.830353 0.834477 0.83856 0.842587 0.846555 0.850463 0.854303 0.858059 0.861707 0.865226 0.868604 0.871833 0.874914 0.877846 0.880632 0.883276 0.885788 0.888183 0.890475 0.892678 0.894805 0.896868 0.898884 0.900879 0.902886 0.904937 0.907055 0.909247 0.911507 0.913815 0.916146 0.918472 0.92077 0.923018 0.925197 0.927294 0.929298 0.931203 0.93301 0.934725 0.936359 0.937925 0.939439 0.940914 0.942362 0.943789 0.945194 0.946565 0.947887 0.949149 0.950353 0.951521 0.952685 0.953876 0.955113 0.9564 0.957726 0.959073 0.960422 0.961753 0.963049 0.964298 0.965487 0.966613 0.967674 0.968671 0.969607 0.970484 0.971303 0.972062 0.97276 0.973395 0.973966 0.974469 0.974898 0.97525 0.975517 0.975691 0.975762
0.0749034 0.0749034 0.0749034 0.0749034 0.0749034 0.0777177 0.0843061 0.0976174 0.115239 0.135602 0.157261 0.179611 0.202716 0.226751 0.251368 0.275348 0.297024 0.315137 0.329664 0.341975 0.354298 0.368691 0.386137 0.406133 0.42703 0.446851 0.464163 0.47852 0.49035 0.500476 0.509645 0.518317 0.526701 0.534894 0.542965 0.550973 0.558927 0.566763 0.574359 0.581588 0.588394 0.594828 0.601044 0.607242 0.613608 0.620254 0.627207 0.634416 0.641787 0.649216 0.656604 0.663879 0.670992 0.677927 0.684692 0.69131 0.697809 0.70421 0.71052 0.716733 0.722828 0.728786 0.734592 0.740248 0.745775 0.751213 0.756602 0.761959 0.767271 0.772502 0.777615 0.782595 0.787444 0.79217 0.796786 0.8013 0.805728 0.810089 0.814402 0.81868 0.822929 0.827143 0.83131 0.835419 0.839466 0.843452 0.847381 0.851246 0.855028 0.858701 0.862246 0.865649 0.868912 0.872037 0.875028 0.877886 0.880611 0.883206 0.885678 0.888036 0.890289 0.892449 0.894531 0.896556 0.898554 0.900563 0.902618 0.904746 0.906955 0.909236 0.911567 0.913921 0.916271 0.918593 0.92087 0.923087 0.925233 0.927298 0.929277 0.931167 0.932972 0.934698 0.936354 0.937952 0.939503 0.941015 0.942491 0.943929 0.945318 0.946646 0.947908 0.949114 0.950287 0.951464 0.952675 0.953938 0.955254 0.956612 0.957996 0.959387 0.960766 0.962114 0.963413 0.96465 0.96582 0.966921 0.967956 0.968927 0.969837 0.970687 0.971475 0.972199 0.972854 0.973439 0.97395 0.974385 0.974741 0.975012 0.97519 0.975263
0.069568 0.069568 0.069568 0.069568 0.069568 0.069568 0.0733143 0.0815541 0.096248 0.114473 0.134769 0.156206 0.178848 0.203031 0.228632 0.254569 0.279054 0.300347 0.317636 0.331455 0.343564 0.356225 0.371277 0.389335 0.409579 0.430233 0.449459 0.466127 0.480044 0.49168 0.501713 0.51074 0.519197 0.527389 0.535519 0.543683 0.551866 0.55996 0.567806 0.575266 0.582286 0.588918 0.59531 0.601642 0.608079 0.614728 0.621629 0.628761 0.636063 0.64345 0.650833 0.658133 0.665295 0.672297 0.679138 0.685838 0.692417 0.698894 0.705272 0.711543 0.717688 0.723689 0.729534 0.73523 0.740808 0.746317 0.751798 0.757269 0.762712 0.768082 0.773336 0.778446 0.783405 0.788219 0.792902 0.797479 0.80198 0.80643 0.810845 0.815227 0.81957 0.82386 0.828086 0.832237 0.836314 0.840324 0.844273 0.848156 0.851951 0.855635 0.859186 0.862598 0.865879 0.869037 0.872079 0.875007 0.877814 0.880498 0.883057 0.885492 0.887812 0.890024 0.892146 0.8942 0.896221 0.898248 0.900321 0.902468 0.9047 0.907005 0.90936 0.911734 0.914101 0.916441 0.918739 0.920985 0.923171 0.925289 0.927334 0.929301 0.93119 0.933003 0.934746 0.936425 0.938049 0.939623 0.941147 0.942618 0.944029 0.945372 0.946648 0.947869 0.949065 0.950269 0.951509 0.9528 0.954141 0.955524 0.956934 0.958358 0.959775 0.961164 0.962503 0.963779 0.964983 0.966115 0.967178 0.968177 0.969114 0.96999 0.970804 0.971552 0.97223 0.972836 0.973367 0.973822 0.9742 0.974495 0.974693 0.974776
0.0668822 0.0668822 0.0668822 0.0668822 0.0668822 0.0668822 0.0668822 0.0726254 0.0826452 0.0981901 0.116419 0.136376 0.157889 0.181314 0.206685 0.233154 0.259156 0.282921 0.303166 0.319575 0.333005 0.345245 0.358404 0.374022 0.392408 0.412559 0.432765 0.451454 0.467745 0.481496 0.493039 0.502912 0.511697 0.519937 0.528039 0.536223 0.544507 0.552765 0.560816 0.568506 0.575779 0.582684 0.589345 0.595914 0.602519 0.609255 0.616168 0.623265 0.630514 0.637857 0.645217 0.652518 0.659702 0.666741 0.67363 0.680384 0.687021 0.693556 0.699988 0.706309 0.712498 0.718538 0.724419 0.730156 0.73579 0.741376 0.746963 0.752566 0.758157 0.763682 0.769085 0.774327 0.779388 0.784272 0.789002 0.793621 0.798175 0.802698 0.807203 0.811684 0.816123 0.820501 0.8248 0.82901 0.833134 0.837178 0.84115 0.845044 0.848842 0.852518 0.856058 0.859462 0.862745 0.865926 0.869013 0.872005 0.874894 0.877667 0.880318 0.882842 0.885242 0.887526 0.889709 0.891815 0.89388 0.895944 0.89805 0.900227 0.902487 0.904818 0.907195 0.909584 0.911962 0.914311 0.916621 0.918888 0.921106 0.923269 0.925371 0.927407 0.929372 0.931266 0.93309 0.934847 0.936542 0.938176 0.93975 0.94126 0.942701 0.944071 0.945373 0.946626 0.947856 0.949095 0.950368 0.951688 0.953054 0.954457 0.95589 0.957339 0.958785 0.960204 0.961573 0.962875 0.964103 0.965256 0.966339 0.967358 0.968315 0.969214 0.970051 0.970824 0.97153 0.972165 0.972727 0.973219 0.973638 0.973976 0.974208 0.974307
0.0687889 0.0687889 0.0687889 0.0687889 0.0687889 0.0687889 0.0687889 0.0687889 0.076613 0.0879184 0.103387 0.120741 0.139969 0.161674 0.185725 0.211453 0.237646 0.262851 0.285701 0.30525 0.321321 0.334732 0.347192 0.360673 0.376539 0.394929 0.414837 0.434717 0.453188 0.469397 0.483072 0.494422 0.503995 0.512499 0.520589 0.528689 0.536936 0.545246 0.553437 0.561347 0.568907 0.576146 0.583154 0.590038 0.59689 0.603782 0.610769 0.617876 0.625101 0.632407 0.639735 0.647019 0.654203 0.661255 0.668168 0.674953 0.681626 0.688199 0.694672 0.701032 0.70726 0.713337 0.719261 0.725053 0.730761 0.736448 0.74216 0.747906 0.753647 0.759319 0.764857 0.770209 0.775352 0.78029 0.785056 0.789708 0.794308 0.798895 0.803483 0.808058 0.812595 0.817068 0.821453 0.82574 0.829924 0.834011 0.838009 0.84191 0.845698 0.849352 0.852865 0.856247 0.859525 0.862722 0.865848 0.868901 0.871867 0.87473 0.877475 0.880095 0.882588 0.884959 0.887222 0.889402 0.891531 0.893652 0.895805 0.898023 0.900316 0.902673 0.905066 0.907465 0.909844 0.912193 0.914507 0.916786 0.919029 0.92123 0.923383 0.925479 0.927513 0.92948 0.931379 0.933209 0.934973 0.936669 0.938296 0.939853 0.941335 0.942744 0.944086 0.94538 0.946653 0.947933 0.949242 0.950591 0.951981 0.953406 0.954862 0.956334 0.957802 0.959241 0.960626 0.961942 0.963181 0.964346 0.965441 0.966473 0.967446 0.968364 0.969224 0.970025 0.970763 0.971434 0.972039 0.972581 0.973058 0.973453 0.973731 0.973852
0.0743505 0.0743505 0.0743505 0.0743505 0.0743505 0.0743505 0.0743505 0.0743505 0.0743505 0.0847482 0.0966971 0.108452 0.12414 0.143095 0.165125 0.189336 0.214793 0.240497 0.265315 0.288006 0.307525 0.323542 0.336864 0.349274 0.362773 0.378643 0.396961 0.416761 0.436593 0.455071 0.471223 0.484673 0.495663 0.504887 0.513179 0.52121 0.529327 0.537572 0.54582 0.553917 0.561775 0.569382 0.576779 0.58402 0.591158 0.59825 0.605353 0.612511 0.619741 0.627026 0.634325 0.641585 0.648757 0.655811 0.662737 0.669541 0.676237 0.682835 0.689336 0.695727 0.70199 0.708111 0.714093 0.719964 0.725777 0.731591 0.737444 0.743332 0.749205 0.754993 0.760627 0.766057 0.771259 0.77624 0.781043 0.785734 0.790382 0.795034 0.799701 0.804365 0.808999 0.81357 0.818051 0.822423 0.826678 0.830816 0.834839 0.838741 0.84251 0.846131 0.849608 0.852965 0.856236 0.859448 0.862612 0.865722 0.868761 0.871709 0.874548 0.877267 0.87986 0.88233 0.884689 0.88696 0.889174 0.891368 0.893583 0.895851 0.89818 0.90056 0.902963 0.90536 0.907732 0.910072 0.912382 0.914667 0.91693 0.919164 0.921362 0.923513 0.925609 0.927643 0.92961 0.931508 0.933337 0.935095 0.936781 0.938392 0.939926 0.941386 0.942781 0.944127 0.945449 0.946773 0.94812 0.9495 0.950918 0.952371 0.953851 0.955344 0.956826 0.958273 0.959662 0.960979 0.96222 0.963387 0.964486 0.965526 0.966512 0.967448 0.968332 0.969163 0.969937 0.970652 0.971309 0.971912 0.972456 0.972918 0.973249 0.973393
0.0924765 0.0924765 0.0924765 0.0924765 0.0924765 0.0924765 0.0924765 0.0924765 0.0924765 0.0924765 0.0924765 0.0993267 0.108939 0.124581 0.144273 0.166725 0.191077 0.216681 0.242776 0.268153 0.291252 0.310755 0.326375 0.339199 0.351276 0.364647 0.3805 0.39884 0.418702 0.4386 0.45704 0.472969 0.486054 0.496681 0.505667 0.513863 0.521873 0.52997 0.538174 0.546387 0.554507 0.562471 0.570252 0.577847 0.585272 0.592574 0.599814 0.607052 0.614317 0.621606 0.628893 0.636139 0.643306 0.650367 0.657308 0.664132 0.670848 0.677468 0.683992 0.690412 0.696712 0.702887 0.708946 0.714924 0.720871 0.726834 0.732834 0.738847 0.744817 0.750676 0.756362 0.761835 0.767079 0.772104 0.776956 0.781702 0.786412 0.791131 0.795872 0.800621 0.805347 0.810017 0.814596 0.819059 0.823388 0.827577 0.831625 0.835524 0.839267 0.842853 0.846297 0.849634 0.852903 0.856133 0.859333 0.862496 0.865602 0.86863 0.871559 0.874375 0.877071 0.879646 0.882113 0.884489 0.886801 0.889084 0.891374 0.893697 0.896063 0.898461 0.900865 0.903252 0.905607 0.907931 0.910233 0.912521 0.9148 0.917064 0.919304 0.921505 0.923657 0.92575 0.927779 0.92974 0.931631 0.933452 0.935199 0.936872 0.938468 0.939991 0.94145 0.942858 0.944238 0.945613 0.947002 0.948419 0.94987 0.951352 0.952857 0.954366 0.955854 0.957298 0.958679 0.959986 0.961217 0.962376 0.963474 0.964519 0.965517 0.966472 0.967383 0.968247 0.969061 0.969824 0.970539 0.971209 0.971826 0.972358 0.972744 0.972913
0.0892341 0.0892341 0.0892341 0.0892341 0.0892341 0.0892341 0.0892341 0.0892341 0.0892341 0.0892341 0.0892341 0.0892341 0.0943361 0.106497 0.123561 0.144282 0.167521 0.192737 0.219462 0.246723 0.272842 0.295889 0.314633 0.32925 0.341311 0.353024 0.366322 0.382225 0.400659 0.420606 0.440499 0.458781 0.474434 0.487236 0.497659 0.506527 0.514653 0.522611 0.530678 0.538896 0.547188 0.555442 0.563558 0.571468 0.579153 0.586651 0.594034 0.601371 0.608703 0.616032 0.62334 0.6306 0.637783 0.644868 0.651838 0.658693 0.66544 0.672089 0.678642 0.685092 0.691435 0.697672 0.703823 0.709927 0.716026 0.722148 0.728286 0.7344 0.740429 0.746314 0.752015 0.757507 0.762787 0.767868 0.772792 0.777617 0.782405 0.787197 0.792011 0.796838 0.801651 0.806415 0.81109 0.815642 0.820045 0.824285 0.828357 0.832254 0.835976 0.839533 0.842954 0.846281 0.849556 0.852807 0.856041 0.85925 0.862415 0.865514 0.868527 0.871435 0.87423 0.876912 0.879489 0.881978 0.884399 0.886783 0.889156 0.891541 0.893943 0.896354 0.898752 0.901121 0.903454 0.905759 0.908051 0.910342 0.912636 0.914928 0.917206 0.919453 0.921655 0.923802 0.925886 0.927904 0.929855 0.931737 0.933548 0.935287 0.936954 0.93855 0.940082 0.941564 0.943013 0.944449 0.94589 0.947351 0.948839 0.950351 0.951877 0.953394 0.954879 0.95631 0.957672 0.958957 0.960168 0.961313 0.962404 0.963453 0.964466 0.965443 0.966383 0.967282 0.96814 0.968955 0.969731 0.970469 0.97116 0.971763 0.972203 0.972397
0.0801417 0.0801417 0.0801417 0.0801417 0.0801417 0.0801417 0.0801417 0.0801417 0.0801417 0.0801417 0.0801417 0.0801417 0.0833615 0.0906467 0.104874 0.123607 0.145707 0.170295 0.196996 0.225089 0.25308 0.278879 0.300704 0.317933 0.331389 0.342874 0.354445 0.367776 0.383753 0.402261 0.422245 0.442104 0.460292 0.475823 0.488494 0.498768 0.507482 0.515488 0.523404 0.53152 0.539859 0.548294 0.556659 0.564822 0.572726 0.580399 0.587921 0.595373 0.602801 0.61021 0.617583 0.624898 0.63213 0.639261 0.646278 0.65318 0.659974 0.666666 0.67326 0.67975 0.686139 0.692441 0.698687 0.70492 0.711173 0.717447 0.723709 0.7299 0.735958 0.741841 0.747534 0.753039 0.758362 0.763521 0.768543 0.773473 0.778357 0.783233 0.788122 0.793023 0.797916 0.802766 0.807529 0.812163 0.816637 0.820931 0.825033 0.828939 0.832654 0.836199 0.839612 0.84294 0.846225 0.849494 0.852756 0.856002 0.859216 0.862377 0.865463 0.868454 0.871341 0.874124 0.87681 0.879412 0.881948 0.884437 0.886899 0.889348 0.891789 0.894212 0.896603 0.898953 0.901265 0.903554 0.905837 0.908132 0.910441 0.912759 0.915071 0.917359 0.919606 0.921799 0.923932 0.926002 0.928007 0.929948 0.931823 0.933632 0.935374 0.937051 0.938667 0.940233 0.941761 0.94327 0.944774 0.946288 0.947817 0.949358 0.950898 0.952416 0.953889 0.955298 0.956631 0.957883 0.959064 0.960189 0.961273 0.96233 0.963361 0.964365 0.965338 0.966276 0.967179 0.968046 0.968882 0.969688 0.97045 0.971121 0.971614 0.971831
0.0759706 0.0759706 0.0759706 0.0759706 0.0759706 0.0759706 0.0759706 0.0759706 0.0759706 0.0759706 0.0759706 0.0759706 0.0759706 0.0808701 0.0905201 0.106855 0.127234 0.150688 0.176557 0.204279 0.232664 0.259846 0.283954 0.303911 0.319804 0.332663 0.344042 0.355651 0.369013 0.38502 0.403597 0.423689 0.443664 0.461909 0.477368 0.489818 0.499807 0.508303 0.516248 0.524254 0.532539 0.541034 0.549545 0.557888 0.565967 0.573794 0.581451 0.589026 0.596572 0.604095 0.611575 0.618984 0.626298 0.633499 0.64058 0.647543 0.654398 0.661151 0.6678 0.67434 0.680778 0.687142 0.693475 0.699826 0.706217 0.712628 0.718997 0.725248 0.731321 0.737194 0.742879 0.748404 0.753789 0.759048 0.764195 0.769253 0.774255 0.779229 0.7842 0.789174 0.794138 0.799061 0.803899 0.808608 0.813151 0.817505 0.821652 0.825588 0.829321 0.832877 0.836298 0.839634 0.842928 0.846208 0.849485 0.852757 0.85601 0.859222 0.86237 0.865434 0.868403 0.871276 0.874063 0.876773 0.87942 0.882015 0.884569 0.887087 0.88957 0.892011 0.894401 0.896741 0.899041 0.901319 0.9036 0.9059 0.908224 0.910564 0.912906 0.915228 0.917513 0.919745 0.92192 0.924033 0.926087 0.928083 0.930021 0.931901 0.933722 0.935484 0.93719 0.938848 0.940467 0.942059 0.943637 0.945211 0.946785 0.948353 0.949903 0.951415 0.952869 0.954247 0.955539 0.956749 0.957893 0.958996 0.960079 0.96115 0.962207 0.963244 0.964253 0.965231 0.966178 0.967095 0.967988 0.968858 0.969688 0.970423 0.970965 0.971205
0.0760417 0.0760417 0.0760417 0.0760417 0.0760417 0.0760417 0.0760417 0.0760417 0.0760417 0.0760417 0.0760417 0.0760417 0.0760417 0.0760417 0.0835078 0.0953915 0.113143 0.134351 0.158346 0.184452 0.211782 0.238886 0.264168 0.286458 0.305301 0.320859 0.333786 0.345237 0.356803 0.370105 0.386165 0.404942 0.425307 0.445459 0.463632 0.478753 0.490767 0.500446 0.508883 0.516986 0.525235 0.533712 0.542271 0.550717 0.558926 0.566887 0.574672 0.582371 0.590041 0.597692 0.605301 0.612832 0.620253 0.627543 0.634701 0.641737 0.648665 0.65549 0.662206 0.668804 0.675294 0.681715 0.688124 0.694575 0.701084 0.707612 0.714074 0.72038 0.726471 0.732343 0.738035 0.743597 0.749062 0.754441 0.759733 0.764942 0.77008 0.775168 0.780229 0.785276 0.790302 0.795283 0.800181 0.804955 0.809568 0.813992 0.818206 0.8222 0.825981 0.829574 0.833022 0.836372 0.83967 0.842951 0.846231 0.849516 0.852795 0.856047 0.859246 0.862369 0.865405 0.868356 0.871231 0.874041 0.876793 0.879491 0.882137 0.884728 0.887261 0.889731 0.892136 0.894482 0.896784 0.899065 0.901351 0.903659 0.905996 0.908355 0.910719 0.913067 0.915379 0.917643 0.91985 0.922 0.924097 0.926143 0.92814 0.930089 0.931988 0.933838 0.935638 0.937393 0.939108 0.940791 0.942451 0.944091 0.945713 0.947311 0.94887 0.950372 0.9518 0.953137 0.95438 0.955541 0.956649 0.957735 0.958824 0.95992 0.961013 0.962088 0.963134 0.964149 0.965135 0.966098 0.967043 0.967971 0.968864 0.969658 0.970246 0.970506
0.0814308 0.0814308 0.0814308 0.0814308 0.0814308 0.0814308 0.0814308 0.0814308 0.0814308 0.0814308 0.0814308 0.0814308 0.0814308 0.0814308 0.0814308 0.09065 0.103352 0.120981 0.141701 0.165028 0.190167 0.216098 0.241611 0.26566 0.28746 0.306441 0.322297 0.335308 0.3466 0.35797 0.37124 0.387494 0.406583 0.427138 0.447158 0.46487 0.479437 0.491093 0.500756 0.509446 0.517883 0.526375 0.534926 0.543406 0.551697 0.559769 0.567671 0.575485 0.583269 0.59104 0.598776 0.606435 0.613974 0.621367 0.628614 0.635732 0.642741 0.649644 0.656431 0.663093 0.669642 0.676122 0.682602 0.689142 0.695752 0.70238 0.708925 0.715285 0.721405 0.727296 0.733016 0.738634 0.744193 0.749704 0.755153 0.760524 0.765812 0.771027 0.776186 0.781304 0.786382 0.791407 0.796351 0.801182 0.805868 0.810375 0.814678 0.818758 0.822617 0.826274 0.829766 0.83314 0.836443 0.839717 0.842989 0.846274 0.849567 0.852846 0.856082 0.859248 0.862335 0.865348 0.8683 0.871199 0.874048 0.876845 0.879581 0.88225 0.884844 0.887359 0.889798 0.89217 0.894494 0.896795 0.899097 0.901419 0.903768 0.906139 0.908517 0.910881 0.913211 0.915495 0.917725 0.919903 0.922035 0.924126 0.926178 0.928193 0.930169 0.932104 0.933998 0.935851 0.937665 0.939443 0.941187 0.942899 0.944574 0.946203 0.947772 0.949264 0.950662 0.951955 0.953146 0.954261 0.955339 0.95642 0.957527 0.958658 0.959792 0.960905 0.961984 0.963029 0.964047 0.965047 0.966037 0.967017 0.967966 0.968815 0.969444 0.969724
0.089468 0.089468 0.089468 0.089468 0.089468 0.089468 0.089468 0.089468 0.089468 0.089468 0.089468 0.089468 0.089468 0.089468 0.089468 0.089468 0.0983752 0.109927 0.126098 0.145502 0.167721 0.191885 0.217072 0.242332 0.266693 0.289103 0.308532 0.324427 0.337149 0.348094 0.359284 0.372621 0.389084 0.40828 0.428625 0.448117 0.465244 0.479477 0.491191 0.501195 0.510285 0.518994 0.527563 0.536032 0.544357 0.552511 0.560518 0.568438 0.576322 0.584192 0.592034 0.599806 0.607458 0.61496 0.622307 0.629518 0.636613 0.643597 0.65046 0.657193 0.66381 0.670363 0.676923 0.683551 0.690253 0.696968 0.703584 0.709997 0.716158 0.722087 0.727855 0.733544 0.739205 0.74485 0.750456 0.755992 0.761435 0.76678 0.772039 0.777227 0.782352 0.787412 0.792394 0.797278 0.802037 0.806637 0.811045 0.815234 0.819196 0.822941 0.8265 0.829913 0.83323 0.836498 0.839756 0.843031 0.846324 0.849613 0.852867 0.856057 0.859179 0.862239 0.865255 0.868234 0.871175 0.874065 0.876892 0.879641 0.882304 0.88488 0.887372 0.889793 0.892162 0.894501 0.896834 0.899178 0.901542 0.903922 0.906307 0.908677 0.911013 0.913304 0.915546 0.917743 0.919903 0.922032 0.924134 0.926211 0.92826 0.930278 0.932262 0.93421 0.936121 0.937992 0.939823 0.941608 0.94334 0.945005 0.946589 0.948074 0.949446 0.950699 0.951849 0.95293 0.953993 0.955082 0.956218 0.957388 0.958559 0.959702 0.960802 0.961866 0.962905 0.963932 0.964958 0.965982 0.966981 0.967879 0.968548 0.968845
0.0954763 0.0954763 0.0954763 0.0954763 0.0954763 0.0954763 0.0954763 0.0954763 0.0954763 0.0954763 0.0954763 0.0954763 0.0954763 0.0954763 0.0954763 0.0954763 0.0954763 0.10232 0.111778 0.126493 0.145163 0.167269 0.191785 0.217716 0.243928 0.269145 0.291999 0.311397 0.326924 0.339189 0.349769 0.360792 0.374115 0.390539 0.409473 0.429326 0.448323 0.465226 0.479609 0.491705 0.502093 0.511406 0.520147 0.528617 0.536939 0.545142 0.553241 0.561262 0.56924 0.577192 0.585114 0.592971 0.60072 0.608326 0.615782 0.623099 0.630292 0.637364 0.644309 0.651123 0.657826 0.664472 0.671131 0.677857 0.684648 0.691435 0.698106 0.704564 0.71077 0.716752 0.722587 0.728359 0.734126 0.739899 0.745652 0.751341 0.75693 0.762401 0.767759 0.773019 0.778192 0.783288 0.788309 0.793247 0.79808 0.802776 0.807293 0.811599 0.815679 0.819532 0.82318 0.826656 0.830005 0.833278 0.836526 0.839784 0.843062 0.846341 0.849589 0.852784 0.855922 0.859019 0.862091 0.865145 0.868172 0.871152 0.874066 0.876896 0.879635 0.882282 0.884844 0.887334 0.889768 0.892167 0.894548 0.896927 0.899313 0.901704 0.90409 0.906457 0.908787 0.911074 0.913316 0.915522 0.917702 0.919864 0.922011 0.924144 0.92626 0.928355 0.930423 0.932461 0.934463 0.936426 0.938341 0.9402 0.941992 0.943699 0.945305 0.946793 0.948152 0.949384 0.950512 0.951582 0.952648 0.953758 0.954925 0.956127 0.957322 0.958477 0.959581 0.960647 0.961696 0.962741 0.963795 0.964856 0.965898 0.96684 0.967544 0.967857
0.0965186 0.0965186 0.0965186 0.0965186 0.0965186 0.0965186 0.0965186 0.0965186 0.0965186 0.0965186 0.0965186 0.0965186 0.0965186 0.0965186 0.0965186 0.0965186 0.0965186 0.0965186 0.101322 0.109598 0.124332 0.143846 0.167234 0.193135 0.220255 0.247269 0.272813 0.295606 0.314664 0.329694 0.341401 0.351515 0.362234 0.37535 0.391508 0.410089 0.429661 0.448638 0.465805 0.480549 0.492896 0.503332 0.512539 0.521115 0.529435 0.53766 0.545833 0.553956 0.562033 0.570066 0.57805 0.585966 0.593786 0.601485 0.609052 0.616489 0.623799 0.630978 0.638021 0.644932 0.651739 0.658499 0.665273 0.672104 0.678976 0.685816 0.692521 0.699013 0.705265 0.711315 0.717235 0.723104 0.728978 0.734869 0.740748 0.746567 0.752281 0.757867 0.763323 0.76866 0.773894 0.779041 0.784111 0.789107 0.794013 0.798794 0.803411 0.80783 0.812029 0.816003 0.819761 0.823325 0.826733 0.830033 0.833281 0.83652 0.839769 0.843016 0.846237 0.849417 0.85256 0.855686 0.858812 0.861938 0.865048 0.868114 0.87111 0.874017 0.87683 0.879553 0.882194 0.884768 0.887287 0.889765 0.892215 0.894647 0.897068 0.899476 0.901865 0.904221 0.906536 0.908805 0.911036 0.913242 0.915435 0.917624 0.919812 0.921997 0.924175 0.926339 0.928483 0.930602 0.932688 0.934734 0.93673 0.938662 0.940516 0.942273 0.943913 0.945421 0.946789 0.948025 0.949159 0.950241 0.95133 0.952467 0.953659 0.954876 0.956072 0.957215 0.958304 0.95936 0.960408 0.961464 0.962539 0.96363 0.964709 0.965689 0.966424 0.966753
0.0937902 0.0937902 0.0937902 0.0937902 0.0937902 0.0937902 0.0937902 0.0937902 0.0937902 0.0937902 0.0937902 0.0937902 0.0937902 0.0937902 0.0937902 0.0937902 0.0937902 0.0937902 0.0937902 0.0982329 0.1072 0.12346 0.144707 0.169611 0.196553 0.22423 0.251441 0.276985 0.299575 0.318164 0.332476 0.343432 0.352972 0.36334 0.376222 0.392223 0.410825 0.43067 0.450068 0.467541 0.482303 0.494398 0.504486 0.513401 0.521804 0.530057 0.53829 0.546514 0.554701 0.562824 0.570869 0.578828 0.586695 0.594467 0.602141 0.60971 0.617162 0.624478 0.631645 0.638672 0.645596 0.652474 0.659363 0.66629 0.673226 0.680099 0.686821 0.693338 0.699644 0.705778 0.711805 0.717789 0.723774 0.729769 0.735748 0.741666 0.747479 0.753164 0.758717 0.764144 0.769461 0.77468 0.779818 0.784878 0.789847 0.794697 0.799393 0.803906 0.808218 0.812317 0.816201 0.819877 0.82337 0.826721 0.829985 0.833209 0.836421 0.839622 0.842801 0.845956 0.8491 0.852254 0.855434 0.858632 0.861823 0.864968 0.868037 0.871011 0.873891 0.876685 0.879409 0.882075 0.884693 0.887269 0.889809 0.892315 0.894788 0.897225 0.89962 0.901964 0.904254 0.906497 0.908707 0.910905 0.913107 0.91532 0.917546 0.919778 0.92201 0.924235 0.926446 0.928635 0.930795 0.932916 0.934985 0.936988 0.938906 0.940719 0.942406 0.943954 0.945356 0.946624 0.947792 0.94891 0.950032 0.951195 0.952399 0.953609 0.954782 0.955894 0.956955 0.957992 0.959034 0.960097 0.961187 0.962302 0.963411 0.964425 0.965188 0.965529
0.0909473 0.0909473 0.0909473 0.0909473 0.0909473 0.0909473 0.0909473 0.0909473 0.0909473 0.0909473 0.0909473 0.0909473 0.0909473 0.0909473 0.0909473 0.0909473 0.0909473 0.0909473 0.0909473 0.0909473 0.0965455 0.107082 0.124977 0.147539 0.173232 0.20053 0.228368 0.25573 0.281264 0.303463 0.321255 0.334651 0.344885 0.354004 0.364187 0.377099 0.393435 0.412651 0.433135 0.452817 0.470053 0.484202 0.495637 0.505253 0.513945 0.522305 0.530614 0.538937 0.547243 0.555474 0.563593 0.571592 0.579491 0.587317 0.595088 0.602797 0.610414 0.617899 0.62522 0.63238 0.639419 0.646398 0.653374 0.660367 0.667343 0.674234 0.680971 0.687522 0.693899 0.70014 0.706296 0.712409 0.718507 0.724594 0.730647 0.736633 0.74252 0.748291 0.753941 0.759473 0.764894 0.770211 0.775433 0.780561 0.785583 0.79048 0.795231 0.799817 0.804228 0.808449 0.812466 0.81627 0.81987 0.823296 0.826593 0.829812 0.83299 0.836143 0.83928 0.842413 0.845562 0.848751 0.851988 0.855258 0.858522 0.861734 0.864859 0.867885 0.870818 0.873676 0.87648 0.879241 0.881967 0.884656 0.887303 0.889902 0.892447 0.894928 0.897337 0.899671 0.901935 0.904146 0.906333 0.908521 0.910731 0.912967 0.915226 0.9175 0.919779 0.922055 0.924321 0.926569 0.92879 0.930975 0.933109 0.935176 0.937157 0.939031 0.940778 0.942383 0.943841 0.945167 0.946391 0.947559 0.94872 0.949903 0.951103 0.952288 0.953422 0.954493 0.955521 0.95654 0.957577 0.958646 0.959749 0.960882 0.962015 0.963056 0.963842 0.964195
0.0895323 0.0895323 0.0895323 0.0895323 0.0895323 0.0895323 0.0895323 0.0895323 0.0895323 0.0895323 0.0895323 0.0895323 0.0895323 0.0895323 0.0895323 0.0895323 0.0895323 0.0895323 0.0895323 0.0895323 0.0895323 0.0959918 0.107588 0.126728 0.150226 0.176288 0.203861 0.232052 0.259601 0.284864 0.306312 0.32321 0.335918 0.345768 0.354747 0.365063 0.378526 0.395777 0.41589 0.436736 0.456036 0.472375 0.485576 0.496345 0.505661 0.514316 0.522775 0.531221 0.53966 0.548021 0.556238 0.564296 0.572232 0.580104 0.58796 0.595805 0.603598 0.611271 0.618764 0.626061 0.633197 0.640241 0.64726 0.654279 0.661274 0.668183 0.674952 0.681564 0.688036 0.694405 0.700702 0.70695 0.713159 0.719326 0.725436 0.731471 0.737414 0.74326 0.749007 0.754653 0.760193 0.765625 0.770943 0.776141 0.781209 0.786138 0.790923 0.795565 0.800061 0.804395 0.808543 0.812481 0.816199 0.819712 0.823059 0.826288 0.829446 0.832567 0.835679 0.838806 0.841976 0.84521 0.848508 0.851844 0.855168 0.858428 0.861588 0.864644 0.867614 0.870525 0.873402 0.876259 0.879097 0.881908 0.884676 0.887385 0.890016 0.892555 0.894991 0.897324 0.899568 0.901755 0.903923 0.906107 0.908326 0.910584 0.912873 0.915182 0.917498 0.919814 0.922122 0.924415 0.926685 0.928921 0.931108 0.933232 0.935272 0.937208 0.939021 0.940694 0.942226 0.943625 0.944919 0.946147 0.947348 0.948544 0.94973 0.95088 0.951971 0.953004 0.954007 0.955014 0.956052 0.957129 0.958243 0.95939 0.960541 0.961603 0.962409 0.962772
0.0852639 0.0852639 0.0852639 0.0852639 0.0852639 0.0852639 0.0852639 0.0852639 0.0852639 0.0852639 0.0852639 0.0852639 0.0852639 0.0852639 0.0852639 0.0852639 0.0852639 0.0852639 0.0852639 0.0852639 0.0852639 0.0852639 0.0919266 0.106877 0.127262 0.15146 0.178095 0.206263 0.234847 0.2623 0.286984 0.307726 0.324123 0.336565 0.34629 0.35536 0.366236 0.380754 0.399143 0.419839 0.44039 0.458723 0.473948 0.486316 0.496672 0.50591 0.514679 0.523323 0.531934 0.540461 0.548822 0.556983 0.564985 0.572915 0.580849 0.588814 0.596764 0.60461 0.612265 0.619685 0.626893 0.633964 0.640983 0.648 0.655008 0.661953 0.668788 0.675493 0.682084 0.688588 0.695025 0.7014 0.707711 0.713949 0.720108 0.726184 0.732178 0.738095 0.743935 0.749693 0.755358 0.76091 0.76633 0.771603 0.776716 0.781672 0.786486 0.791174 0.795742 0.800176 0.804442 0.808503 0.812336 0.815941 0.819349 0.822606 0.825769 0.828887 0.832003 0.835153 0.838366 0.841657 0.845017 0.848409 0.851772 0.855052 0.858222 0.861286 0.864278 0.867234 0.870181 0.873132 0.876083 0.879019 0.881914 0.884742 0.887472 0.890083 0.892561 0.89491 0.897153 0.899333 0.901497 0.903686 0.90592 0.908199 0.910512 0.912844 0.915186 0.917528 0.919866 0.92219 0.924494 0.926766 0.928995 0.931163 0.933255 0.93525 0.937128 0.938876 0.940488 0.941969 0.943341 0.944632 0.945873 0.947081 0.948252 0.949371 0.950429 0.951437 0.952427 0.953434 0.95448 0.955567 0.956693 0.957852 0.959018 0.960098 0.960921 0.961293
0.0752925 0.0752925 0.0752925 0.0752925 0.0752925 0.0752925 0.0752925 0.0752925 0.0752925 0.0752925 0.0752925 0.0752925 0.0752925 0.0752925 0.0752925 0.0752925 0.0752925 0.0752925 0.0752925 0.0752925 0.0752925 0.0752925 0.0789916 0.0876339 0.104422 0.126254 0.151448 0.178988 0.207819 0.236566 0.263703 0.287941 0.30841 0.324666 0.336933 0.34653 0.355899 0.367712 0.383491 0.402776 0.423517 0.443315 0.460566 0.474858 0.486673 0.496851 0.506172 0.515153 0.524019 0.532778 0.54135 0.549687 0.557819 0.565844 0.573859 0.581909 0.589964 0.597929 0.605699 0.613207 0.62046 0.627534 0.634539 0.641553 0.648589 0.655604 0.662538 0.669361 0.676078 0.682709 0.689266 0.695747 0.702145 0.70845 0.714662 0.720786 0.726834 0.732819 0.738744 0.744605 0.750385 0.756054 0.76158 0.766934 0.772104 0.777099 0.781948 0.78668 0.79131 0.795825 0.800186 0.804349 0.808279 0.811969 0.815442 0.818746 0.821943 0.825092 0.82825 0.831455 0.834735 0.838096 0.841516 0.844945 0.84832 0.851593 0.854747 0.857806 0.860813 0.863811 0.866827 0.869872 0.872936 0.875995 0.879017 0.881965 0.884802 0.887497 0.890036 0.892425 0.894695 0.896895 0.899079 0.901288 0.903541 0.905837 0.908164 0.910508 0.912861 0.915217 0.917569 0.919912 0.922235 0.924529 0.926784 0.928985 0.931117 0.933162 0.935101 0.936921 0.938612 0.940177 0.941629 0.942986 0.94427 0.945495 0.946661 0.947765 0.948808 0.949809 0.950802 0.95182 0.952882 0.953986 0.955127 0.956301 0.957484 0.958584 0.959426 0.959807
0.0652364 0.0652364 0.0652364 0.0652364 0.0652364 0.0652364 0.0652364 0.0652364 0.0652364 0.0652364 0.0652364 0.0652364 0.0652364 0.0652364 0.0652364 0.0652364 0.0652364 0.0652364 0.0652364 0.0652364 0.0652364 0.0652364 0.0652364 0.0697362 0.0826651 0.101438 0.124738 0.151257 0.179858 0.209206 0.237932 0.264853 0.288983 0.309372 0.325325 0.337107 0.346511 0.356422 0.369408 0.386352 0.406149 0.426561 0.445493 0.461805 0.475411 0.486905 0.497082 0.506605 0.515853 0.524935 0.533808 0.542415 0.550769 0.558949 0.567058 0.575159 0.583243 0.59124 0.599049 0.606594 0.613869 0.62095 0.62796 0.635001 0.642102 0.649216 0.656273 0.663221 0.670052 0.676783 0.683428 0.689988 0.696457 0.702827 0.7091 0.715285 0.721396 0.727448 0.733447 0.739395 0.745274 0.751052 0.756685 0.762134 0.767381 0.772437 0.777335 0.782115 0.786797 0.79137 0.795797 0.800031 0.804034 0.807794 0.811332 0.814696 0.817952 0.821169 0.824405 0.827698 0.831068 0.834506 0.837978 0.841426 0.844789 0.848031 0.851158 0.854206 0.857231 0.860277 0.863367 0.866506 0.869679 0.872856 0.875999 0.879064 0.88201 0.8848 0.88742 0.889878 0.892206 0.894457 0.896685 0.898929 0.901206 0.903515 0.905845 0.908188 0.91054 0.912895 0.915251 0.917597 0.919926 0.922228 0.924494 0.926713 0.928872 0.930955 0.932946 0.93483 0.936596 0.938241 0.939771 0.941196 0.94253 0.943784 0.944964 0.946072 0.947122 0.948137 0.949149 0.950191 0.951277 0.952406 0.953573 0.954773 0.955983 0.957109 0.95797 0.95836
0.0533036 0.0533036 0.0533036 0.0533036 0.0533036 0.0533036 0.0533036 0.0533036 0.0533036 0.0533036 0.0533036 0.0533036 0.0533036 0.0533036 0.0533036 0.0533036 0.0533036 0.0533036 0.0533036 0.0533036 0.0533036 0.0533036 0.0533036 0.0563271 0.0634978 0.0785036 0.099148 0.124305 0.152396 0.181905 0.21148 0.240117 0.26698 0.291005 0.310926 0.326017 0.337044 0.346424 0.35719 0.371411 0.38925 0.409182 0.429055 0.44715 0.462709 0.475864 0.487248 0.49758 0.507382 0.516898 0.526162 0.535135 0.543804 0.552216 0.56045 0.568576 0.576623 0.584562 0.592328 0.599857 0.60714 0.61425 0.621311 0.62843 0.635635 0.64287 0.650047 0.657101 0.664016 0.670812 0.677512 0.684127 0.690654 0.697089 0.703433 0.70969 0.71587 0.721984 0.728046 0.734062 0.740023 0.7459 0.751642 0.757201 0.762547 0.767686 0.77265 0.777482 0.782205 0.786814 0.791278 0.795553 0.799603 0.803418 0.807017 0.81045 0.813788 0.817102 0.820448 0.823858 0.827337 0.830859 0.834376 0.837828 0.841165 0.844371 0.84747 0.850517 0.85357 0.856673 0.859843 0.863076 0.866352 0.869636 0.872889 0.876064 0.879115 0.882009 0.884727 0.887277 0.889694 0.892024 0.894318 0.896611 0.898917 0.901235 0.903561 0.905893 0.908233 0.910579 0.912927 0.915267 0.917589 0.919885 0.922147 0.924369 0.92654 0.928648 0.930677 0.932614 0.934445 0.936164 0.937769 0.939264 0.940657 0.941956 0.943169 0.944306 0.945385 0.946432 0.947481 0.948558 0.94968 0.950846 0.952053 0.953295 0.954545 0.955705 0.956588 0.956987
0.0464313 0.0464313 0.0464313 0.0464313 0.0464313 0.0464313 0.0464313 0.0464313 0.0464313 0.0464313 0.0464313 0.0464313 0.0464313 0.0464313 0.0464313 0.0464313 0.0464313 0.0464313 0.0464313 0.0464313 0.0464313 0.0464313 0.0464313 0.0464313 0.050041 0.0588659 0.0760925 0.0992022 0.126482 0.155795 0.18562 0.215082 0.243596 0.270275 0.293711 0.312529 0.326448 0.336925 0.346721 0.358559 0.373832 0.392152 0.411879 0.431108 0.448484 0.463527 0.476483 0.48796 0.498552 0.508642 0.518381 0.527787 0.536842 0.545551 0.553952 0.562111 0.57009 0.577917 0.585581 0.593053 0.600341 0.607512 0.614676 0.621921 0.629256 0.636609 0.64388 0.651 0.65796 0.66479 0.671523 0.67818 0.684762 0.691264 0.697682 0.704012 0.710256 0.716423 0.722532 0.7286 0.73463 0.740597 0.746451 0.752129 0.75759 0.762825 0.767863 0.772745 0.7775 0.782129 0.786609 0.790905 0.794987 0.798846 0.802504 0.806014 0.809451 0.812885 0.816368 0.819919 0.823522 0.827135 0.8307 0.834158 0.837474 0.840653 0.84374 0.846801 0.849896 0.853063 0.856312 0.859633 0.863 0.866378 0.869725 0.872997 0.876149 0.879146 0.881972 0.884633 0.887158 0.889588 0.891965 0.894318 0.896658 0.898988 0.901308 0.903626 0.905949 0.908281 0.910614 0.912938 0.915242 0.917518 0.919763 0.921973 0.924141 0.92626 0.928315 0.930292 0.932178 0.933962 0.935638 0.937204 0.938664 0.940022 0.941288 0.942475 0.943604 0.944702 0.945801 0.946928 0.948098 0.949315 0.950578 0.951878 0.95318 0.954377 0.955282 0.955688
0.0401989 0.0401989 0.0401989 0.0401989 0.0401989 0.0401989 0.0401989 0.0401989 0.0401989 0.0401989 0.0401989 0.0401989 0.0401989 0.0401989 0.0401989 0.0401989 0.0401989 0.0401989 0.0401989 0.0401989 0.0401989 0.0401989 0.0401989 0.0401989 0.0401989 0.0450619 0.0562552 0.0766927 0.102536 0.13106 0.160513 0.190031 0.219227 0.247486 0.273574 0.295909 0.313449 0.326542 0.337073 0.347674 0.360523 0.376457 0.394849 0.414172 0.432811 0.449699 0.464516 0.477533 0.489256 0.500143 0.510467 0.520344 0.529799 0.538823 0.547423 0.555649 0.563583 0.571303 0.578856 0.586264 0.593562 0.600819 0.608121 0.615517 0.622982 0.630425 0.637744 0.644886 0.651858 0.658707 0.665473 0.672177 0.67882 0.685391 0.691876 0.698263 0.704551 0.710751 0.716891 0.723001 0.729093 0.735149 0.741113 0.746911 0.752485 0.757815 0.762922 0.767847 0.772625 0.777267 0.781759 0.786074 0.790187 0.794092 0.797813 0.80141 0.804959 0.808534 0.812176 0.815886 0.81963 0.823349 0.826977 0.830459 0.833778 0.836956 0.840054 0.843143 0.846287 0.849517 0.852837 0.85623 0.859671 0.863123 0.866547 0.8699 0.873141 0.876236 0.879171 0.881949 0.884593 0.887134 0.889605 0.892027 0.89441 0.896758 0.89908 0.901388 0.903698 0.906014 0.90833 0.910631 0.912906 0.915149 0.917362 0.919546 0.921699 0.923815 0.925883 0.927889 0.929818 0.931659 0.9334 0.935038 0.936569 0.937998 0.939334 0.940589 0.941786 0.942951 0.944114 0.945302 0.946532 0.947811 0.949139 0.950503 0.95186 0.953093 0.954016 0.954428
0.0331323 0.0331323 0.0331323 0.0331323 0.0331323 0.0331323 0.0331323 0.0331323 0.0331323 0.0331323 0.0331323 0.0331323 0.0331323 0.0331323 0.0331323 0.0331323 0.0331323 0.0331323 0.0331323 0.0331323 0.0331323 0.0331323 0.0331323 0.0331323 0.0331323 0.0331323 0.0403807 0.0573978 0.08054 0.107238 0.135476 0.16434 0.193461 0.222404 0.250202 0.275414 0.296673 0.313447 0.326486 0.337654 0.349179 0.362758 0.378953 0.397161 0.416065 0.434317 0.451033 0.465956 0.479269 0.491324 0.502439 0.512841 0.522658 0.531946 0.54073 0.549052 0.556998 0.56467 0.572159 0.579535 0.586865 0.594224 0.601669 0.609206 0.616772 0.624259 0.631579 0.638708 0.645681 0.652557 0.659376 0.666149 0.672863 0.679497 0.686029 0.692444 0.698743 0.704952 0.711109 0.717256 0.723412 0.729556 0.735626 0.741533 0.747205 0.752612 0.757771 0.762728 0.767527 0.772187 0.776704 0.781055 0.785216 0.789183 0.792984 0.796682 0.800362 0.804093 0.807908 0.811792 0.815694 0.819539 0.823256 0.826796 0.830152 0.833361 0.836492 0.839622 0.842813 0.846093 0.849463 0.852907 0.856397 0.859903 0.863386 0.866804 0.870119 0.873302 0.876339 0.879231 0.881993 0.884649 0.887219 0.889719 0.892156 0.894537 0.896872 0.899184 0.901489 0.903793 0.906088 0.908359 0.910594 0.912792 0.91496 0.917106 0.919233 0.921336 0.923407 0.925431 0.927394 0.929282 0.931083 0.93279 0.934396 0.935904 0.93732 0.938657 0.939935 0.94118 0.942418 0.943677 0.944975 0.94632 0.947713 0.949138 0.950543 0.951807 0.952744 0.953159
0.0249615 0.0249615 0.0249615 0.0249615 0.0249615 0.0249615 0.0249615 0.0249615 0.0249615 0.0249615 0.0249615 0.0249615 0.0249615 0.0249615 0.0249615 0.0249615 0.0249615 0.0249615 0.0249615 0.0249615 0.0249615 0.0249615 0.0249615 0.0249615 0.0249615 0.0249615 0.0304701 0.0417193 0.0606331 0.0838735 0.109832 0.137332 0.165831 0.194821 0.223506 0.250736 0.275236 0.296053 0.312963 0.326693 0.338765 0.35102 0.364928 0.38107 0.399011 0.417673 0.435894 0.452868 0.468231 0.481969 0.494249 0.505332 0.515487 0.524932 0.533807 0.542203 0.550208 0.557917 0.565432 0.572847 0.580251 0.587719 0.595287 0.602925 0.610542 0.61803 0.625323 0.632432 0.639419 0.646349 0.653248 0.660107 0.666894 0.673576 0.680125 0.68653 0.692808 0.699003 0.705169 0.711356 0.71758 0.723813 0.729978 0.735975 0.74172 0.747178 0.75237 0.757351 0.762177 0.766876 0.771448 0.775869 0.780112 0.784172 0.788078 0.791902 0.795729 0.799629 0.803625 0.807691 0.811762 0.815753 0.819588 0.82322 0.826649 0.829919 0.833103 0.836279 0.839506 0.842816 0.846211 0.84968 0.8532 0.856741 0.860265 0.863731 0.867103 0.870357 0.873484 0.876481 0.879358 0.882127 0.884801 0.887387 0.88989 0.892318 0.894686 0.897016 0.899328 0.901625 0.903897 0.906129 0.908314 0.910456 0.912569 0.914669 0.916761 0.918845 0.920911 0.922945 0.924933 0.92686 0.928715 0.930486 0.932168 0.933758 0.935261 0.936688 0.938057 0.939389 0.940711 0.942046 0.943413 0.944822 0.946273 0.947748 0.94919 0.950478 0.951427 0.951846
0.0243731 0.0243731 0.0243731 0.0243731 0.0243731 0.0243731 0.0243731 0.0243731 0.0243731 0.0243731 0.0243731 0.0243731 0.0243731 0.0243731 0.0243731 0.0243731 0.0243731 0.0243731 0.0243731 0.0243731 0.0243731 0.0243731 0.0243731 0.0243731 0.0243731 0.0243731 0.0243731 0.0314628 0.0430373 0.0613443 0.0837947 0.109331 0.136818 0.165417 0.194312 0.222635 0.249476 0.273948 0.295277 0.313094 0.327743 0.340441 0.352919 0.366757 0.382715 0.40057 0.419405 0.438112 0.455737 0.471657 0.485621 0.497726 0.508324 0.517856 0.526692 0.53507 0.543123 0.550932 0.55857 0.566117 0.573654 0.581243 0.588904 0.596592 0.604212 0.611674 0.618943 0.626057 0.633092 0.640104 0.6471 0.654045 0.660888 0.667586 0.674116 0.68048 0.686717 0.692889 0.699065 0.705295 0.711589 0.717903 0.724147 0.730211 0.736005 0.741494 0.74671 0.751719 0.756591 0.761364 0.766034 0.77057 0.774938 0.779129 0.783177 0.787154 0.791146 0.795219 0.799395 0.803642 0.807884 0.812032 0.816005 0.819755 0.823285 0.826638 0.829888 0.833109 0.836363 0.839682 0.84308 0.846553 0.850086 0.853648 0.857198 0.860693 0.864104 0.867412 0.870613 0.873704 0.876688 0.879568 0.882346 0.885026 0.887608 0.8901 0.892518 0.894883 0.897211 0.899504 0.90175 0.903937 0.906063 0.908141 0.910193 0.912242 0.914297 0.916359 0.918416 0.920455 0.922461 0.92442 0.926321 0.928152 0.929905 0.931577 0.933169 0.934689 0.936152 0.937576 0.938984 0.940397 0.941833 0.943301 0.9448 0.946313 0.947783 0.949091 0.950052 0.950476
0.0236755 0.0236755 0.0236755 0.0236755 0.0236755 0.0236755 0.0236755 0.0236755 0.0236755 0.0236755 0.0236755 0.0236755 0.0236755 0.0236755 0.0236755 0.0236755 0.0236755 0.0236755 0.0236755 0.0236755 0.0236755 0.0236755 0.0236755 0.0236755 0.0236755 0.0236755 0.0236755 0.0236755 0.0296869 0.0403761 0.0587821 0.0819353 0.108093 0.135959 0.164511 0.193064 0.221159 0.248296 0.273624 0.296037 0.314683 0.32968 0.342305 0.354547 0.3682 0.384206 0.40244 0.421986 0.441541 0.459835 0.475968 0.489608 0.500994 0.510726 0.51947 0.527721 0.535751 0.543661 0.551484 0.559246 0.566979 0.574712 0.582448 0.590146 0.597743 0.605181 0.612457 0.619621 0.626742 0.633854 0.640939 0.647943 0.654803 0.66148 0.66796 0.674269 0.680463 0.68662 0.692814 0.699088 0.705442 0.711819 0.718121 0.724231 0.73006 0.735578 0.740825 0.745884 0.750836 0.755723 0.760537 0.765234 0.76977 0.774133 0.778356 0.782511 0.786682 0.790931 0.795279 0.799692 0.804095 0.808393 0.812506 0.816387 0.820033 0.823486 0.826811 0.83008 0.833353 0.836671 0.84006 0.843527 0.847061 0.85063 0.854188 0.857694 0.861123 0.864468 0.867728 0.870903 0.873987 0.876973 0.879858 0.882636 0.885307 0.887877 0.890359 0.89277 0.895121 0.89741 0.899628 0.901766 0.903829 0.905841 0.907832 0.909832 0.911853 0.913894 0.915942 0.917982 0.920001 0.921986 0.923925 0.925808 0.927627 0.929375 0.931052 0.932664 0.93422 0.935736 0.93723 0.938721 0.940222 0.941743 0.943284 0.944828 0.946323 0.94765 0.948624 0.949054
0.0168244 0.0168244 0.0168244 0.0168244 0.0168244 0.0168244 0.0168244 0.0168244 0.0168244 0.0168244 0.0168244 0.0168244 0.0168244 0.0168244 0.0168244 0.0168244 0.0168244 0.0168244 0.0168244 0.0168244 0.0168244 0.0168244 0.0168244 0.0168244 0.0168244 0.0168244 0.0168244 0.0168244 0.0168244 0.0226575 0.0371059 0.0574427 0.0819283 0.10871 0.136486 0.164584 0.192902 0.221409 0.249514 0.275867 0.298817 0.317385 0.331911 0.344047 0.356021 0.369765 0.386254 0.405309 0.425787 0.446044 0.464516 0.480212 0.492965 0.503318 0.512153 0.520282 0.528218 0.536173 0.544173 0.55218 0.560148 0.568047 0.575858 0.58356 0.591135 0.598577 0.605908 0.613171 0.620408 0.62762 0.634767 0.641786 0.648619 0.655238 0.661653 0.667908 0.674075 0.680235 0.686457 0.692772 0.699169 0.705586 0.711922 0.718066 0.723931 0.729492 0.734799 0.739942 0.745014 0.750056 0.755049 0.759939 0.764674 0.769239 0.773664 0.778016 0.782374 0.786796 0.791302 0.79586 0.800398 0.804825 0.809064 0.813072 0.816842 0.820406 0.823819 0.827145 0.830443 0.833764 0.837144 0.8406 0.844126 0.847686 0.851231 0.854725 0.858154 0.86152 0.86483 0.86808 0.871258 0.874348 0.877337 0.880217 0.882983 0.885637 0.88819 0.890651 0.893027 0.895314 0.897504 0.899594 0.901598 0.903547 0.905485 0.907444 0.909438 0.911464 0.913505 0.915546 0.917573 0.919577 0.921547 0.923474 0.925349 0.927165 0.928921 0.930617 0.932261 0.933864 0.935441 0.937005 0.93857 0.940141 0.941721 0.943295 0.944815 0.946162 0.947151 0.947588
0.00708783 0.00708783 0.00708783 0.00708783 0.00708783 0.00708783 0.00708783 0.00708783 0.00708783 0.00708783 0.00708783 0.00708783 0.00708783 0.00708783 0.00708783 0.00708783 0.00708783 0.00708783 0.00708783 0.00708783 0.00708783 0.00708783 0.00708783 0.00708783 0.00708783 0.00708783 0.00708783 0.00708783 0.00708783 0.011387 0.0207446 0.0379191 0.0600735 0.0853732 0.112056 0.139283 0.167047 0.195659 0.224934 0.253734 0.280211 0.302681 0.320463 0.334275 0.345982 0.357917 0.372037 0.38925 0.409154 0.430273 0.450666 0.468658 0.483414 0.495086 0.504535 0.5128 0.520694 0.528639 0.536742 0.544943 0.553126 0.561193 0.569091 0.576819 0.584407 0.591897 0.599329 0.606726 0.61409 0.621389 0.628567 0.635563 0.642335 0.648879 0.655227 0.661443 0.667606 0.673792 0.680052 0.686404 0.692829 0.699264 0.70562 0.711793 0.717705 0.723336 0.728739 0.734009 0.739237 0.744458 0.749648 0.754743 0.759689 0.764466 0.769103 0.77366 0.778208 0.782799 0.787447 0.792122 0.796759 0.801282 0.805626 0.809749 0.813645 0.817331 0.820849 0.824252 0.827597 0.830937 0.834318 0.837765 0.84127 0.8448 0.848309 0.851771 0.855185 0.858565 0.86192 0.865241 0.868508 0.871698 0.874789 0.877769 0.880628 0.883368 0.885991 0.888502 0.890902 0.893189 0.895354 0.897403 0.899357 0.901258 0.903155 0.905086 0.907064 0.909081 0.911118 0.913159 0.915192 0.917209 0.919202 0.921164 0.923085 0.924959 0.926781 0.928552 0.930274 0.931957 0.933609 0.935242 0.936866 0.938486 0.940105 0.941711 0.943257 0.944627 0.945633 0.946077
0.00521002 0.00521002 0.00521002 0.00521002 0.00521002 0.00521002 0.00521002 0.00521002 0.00521002 0.00521002 0.00521002 0.00521002 0.00521002 0.00521002 0.00521002 0.00521002 0.00521002 0.00521002 0.00521002 0.00521002 0.00521002 0.00521002 0.00521002 0.00521002 0.00521002 0.00521002 0.00521002 0.00521002 0.00521002 0.00521002 0.0120908 0.0241201 0.043233 0.0663733 0.0917109 0.117874 0.144635 0.172404 0.201376 0.230915 0.259524 0.285371 0.306999 0.32396 0.33711 0.348443 0.360401 0.374935 0.392771 0.413197 0.434436 0.4544 0.471522 0.485268 0.496116 0.505095 0.513233 0.521219 0.529347 0.537626 0.545932 0.554122 0.562114 0.569907 0.577564 0.585154 0.59272 0.600261 0.607744 0.615112 0.6223 0.629259 0.635966 0.642439 0.648735 0.654933 0.661115 0.667345 0.673657 0.68005 0.686497 0.692945 0.699314 0.705519 0.711493 0.717221 0.722754 0.728181 0.733582 0.738989 0.744369 0.749659 0.754804 0.759788 0.764633 0.769393 0.774125 0.778872 0.783642 0.788405 0.79311 0.797699 0.802124 0.806353 0.810375 0.814195 0.817839 0.821346 0.824767 0.828154 0.831552 0.83499 0.838464 0.841945 0.8454 0.848819 0.852213 0.855606 0.859005 0.862396 0.865749 0.869032 0.872219 0.875292 0.87824 0.881059 0.883747 0.886304 0.888729 0.891017 0.893166 0.895185 0.897105 0.898975 0.90085 0.902768 0.90474 0.906754 0.90879 0.91083 0.912866 0.914892 0.916902 0.918889 0.920845 0.922764 0.92464 0.926472 0.928261 0.930011 0.93173 0.933425 0.935103 0.936771 0.938429 0.940068 0.941643 0.943038 0.944062 0.944514
0.00812705 0.00812705 0.00812705 0.00812705 0.00812705 0.00812705 0.00812705 0.00812705 0.00812705 0.00812705 0.00812705 0.00812705 0.00812705 0.00812705 0.00812705 0.00812705 0.00812705 0.00812705 0.00812705 0.00812705 0.00812705 0.00812705 0.00812705 0.00812705 0.00812705 0.00812705 0.00812705 0.00812705 0.00812705 0.00812705 0.00812705 0.0169239 0.0306575 0.0509686 0.0745566 0.0994526 0.124988 0.151409 0.17914 0.208108 0.237462 0.265677 0.290948 0.311805 0.327855 0.340174 0.351033 0.362989 0.37787 0.39611 0.416689 0.437633 0.456893 0.473151 0.48619 0.496673 0.505614 0.5139 0.52207 0.530318 0.538613 0.546837 0.554903 0.5628 0.570587 0.578326 0.586045 0.593719 0.601294 0.60871 0.615908 0.622846 0.629515 0.635949 0.642221 0.648425 0.654646 0.66094 0.66732 0.67377 0.680253 0.68672 0.693109 0.699352 0.705397 0.711236 0.716913 0.722504 0.728078 0.733653 0.739199 0.744657 0.749979 0.755148 0.760184 0.765129 0.77003 0.774916 0.779787 0.784616 0.789367 0.794003 0.798496 0.802825 0.806974 0.810939 0.814729 0.818369 0.821896 0.825357 0.828793 0.83223 0.835669 0.839094 0.84249 0.845865 0.849245 0.852656 0.856102 0.85956 0.862993 0.86636 0.869633 0.87279 0.875818 0.878708 0.881455 0.884054 0.886503 0.888797 0.890939 0.892944 0.89485 0.896709 0.89858 0.900498 0.902472 0.904488 0.906523 0.908563 0.910601 0.912632 0.914652 0.916656 0.918637 0.920588 0.922504 0.924382 0.926222 0.928027 0.929801 0.931549 0.933277 0.934988 0.936685 0.93836 0.939966 0.941387 0.942431 0.942892
0.0122285 0.0122285 0.0122285 0.0122285 0.0122285 0.0122285 0.0122285 0.0122285 0.0122285 0.0122285 0.0122285 0.0122285 0.0122285 0.0122285 0.0122285 0.0122285 0.0122285 0.0122285 0.0122285 0.0122285 0.0122285 0.0122285 0.0122285 0.0122285 0.0122285 0.0122285 0.0122285 0.0122285 0.0122285 0.0122285 0.0122285 0.0122285 0.0214077 0.0380729 0.0590385 0.0821982 0.106305 0.131266 0.157478 0.185262 0.214396 0.243888 0.271989 0.29665 0.316422 0.331253 0.342683 0.353204 0.365292 0.380494 0.398944 0.419396 0.439847 0.458422 0.474089 0.486824 0.497294 0.506378 0.51481 0.52303 0.531213 0.539368 0.54746 0.555477 0.563442 0.57137 0.579247 0.587028 0.594664 0.602114 0.609336 0.616296 0.622981 0.629424 0.63571 0.641949 0.648233 0.654613 0.661088 0.667621 0.674165 0.680671 0.68709 0.693373 0.699487 0.70543 0.711241 0.716983 0.722704 0.728418 0.734096 0.73969 0.745156 0.75048 0.755677 0.76078 0.765825 0.770828 0.775784 0.78067 0.785462 0.790142 0.794701 0.799128 0.803406 0.807521 0.81147 0.815262 0.818923 0.822484 0.82598 0.829432 0.832848 0.836229 0.839579 0.842924 0.846301 0.849737 0.853231 0.856751 0.860253 0.863692 0.867038 0.870267 0.873364 0.876317 0.879117 0.881757 0.884232 0.886539 0.888687 0.890695 0.892605 0.894473 0.896353 0.898281 0.900262 0.902281 0.904317 0.906358 0.908397 0.910431 0.912457 0.91447 0.916464 0.918435 0.920376 0.922285 0.924162 0.926007 0.927823 0.929615 0.931385 0.933136 0.934871 0.936581 0.93822 0.93967 0.940735 0.941206
0.0100278 0.0100278 0.0100278 0.0100278 0.0100278 0.0100278 0.0100278 0.0100278 0.0100278 0.0100278 0.0100278 0.0100278 0.0100278 0.0100278 0.0100278 0.0100278 0.0100278 0.0100278 0.0100278 0.0100278 0.0100278 0.0100278 0.0100278 0.0100278 0.0100278 0.0100278 0.0100278 0.0100278 0.0100278 0.0100278 0.0100278 0.0100278 0.0157156 0.0268306 0.0440472 0.0645216 0.0869144 0.11051 0.135411 0.162011 0.190467 0.220291 0.250093 0.277773 0.301326 0.31975 0.333562 0.344536 0.355077 0.3674 0.382814 0.401264 0.421433 0.4414 0.459499 0.474878 0.487548 0.498083 0.507229 0.515637 0.523739 0.531769 0.539826 0.547936 0.556084 0.564214 0.572248 0.580119 0.587801 0.595289 0.60257 0.609606 0.616366 0.622876 0.629223 0.635531 0.64191 0.648407 0.655006 0.661651 0.668281 0.674844 0.681301 0.687621 0.693788 0.699813 0.705731 0.711589 0.717423 0.72324 0.729017 0.734711 0.740288 0.745732 0.751052 0.756277 0.761435 0.766536 0.771571 0.776518 0.781362 0.786099 0.790731 0.795254 0.799657 0.803919 0.808028 0.811983 0.815794 0.819479 0.82306 0.826556 0.829979 0.833345 0.836677 0.840016 0.843405 0.846872 0.85041 0.853981 0.857536 0.861033 0.864437 0.867727 0.870884 0.873893 0.876743 0.879424 0.88193 0.884261 0.886428 0.888455 0.890386 0.892276 0.894176 0.896118 0.898107 0.900129 0.902168 0.904211 0.906252 0.908287 0.910314 0.912329 0.914328 0.916306 0.91826 0.920186 0.922084 0.923954 0.925801 0.927625 0.929429 0.931216 0.932987 0.934732 0.936405 0.937885 0.938973 0.939453
0.0115185 0.0115185 0.0115185 0.0115185 0.0115185 0.0115185 0.0115185 0.0115185 0.0115185 0.0115185 0.0115185 0.0115185 0.0115185 0.0115185 0.0115185 0.0115185 0.0115185 0.0115185 0.0115185 0.0115185 0.0115185 0.0115185 0.0115185 0.0115185 0.0115185 0.0115185 0.0115185 0.0115185 0.0115185 0.0115185 0.0115185 0.0115185 0.0115185 0.0182351 0.0291599 0.0462029 0.0665238 0.0888332 0.11277 0.138454 0.166076 0.195474 0.225757 0.255234 0.281934 0.304334 0.321946 0.335409 0.346344 0.356945 0.369336 0.384764 0.403107 0.423024 0.442671 0.460502 0.475725 0.488325 0.498802 0.507848 0.516112 0.524083 0.532069 0.540206 0.548486 0.55679 0.564974 0.572945 0.580696 0.58826 0.595646 0.60281 0.609701 0.616327 0.622782 0.629204 0.635715 0.642363 0.649115 0.655895 0.662625 0.669251 0.675743 0.682088 0.688289 0.694366 0.700354 0.706291 0.712202 0.718089 0.723932 0.729697 0.735349 0.740874 0.746278 0.751589 0.756832 0.762018 0.767134 0.772158 0.777076 0.781887 0.786601 0.79122 0.795736 0.800133 0.804395 0.80851 0.812479 0.816307 0.820001 0.823576 0.827047 0.830439 0.833791 0.837151 0.840569 0.844069 0.847641 0.851248 0.854842 0.85838 0.86183 0.865169 0.868378 0.87144 0.87434 0.877066 0.879612 0.881978 0.884178 0.886238 0.888203 0.890124 0.892049 0.894006 0.896003 0.89803 0.900073 0.902119 0.90416 0.906195 0.908219 0.91023 0.912225 0.914201 0.916154 0.918084 0.91999 0.921874 0.923737 0.925584 0.927415 0.929232 0.931035 0.932814 0.934522 0.936034 0.937145 0.937636
0.00926415 0.00926415 0.00926415 0.00926415 0.00926415 0.00926415 0.00926415 0.00926415 0.00926415 0.00926415 0.00926415 0.00926415 0.00926415 0.00926415 0.00926415 0.00926415 0.00926415 0.00926415 0.00926415 0.00926415 0.00926415 0.00926415 0.00926415 0.00926415 0.00926415 0.00926415 0.00926415 0.00926415 0.00926415 0.00926415 0.00926415 0.00926415 0.00926415 0.00926415 0.0154311 0.0286771 0.0463971 0.0672885 0.0903804 0.115314 0.14201 0.170407 0.200088 0.230029 0.25876 0.284729 0.306733 0.324197 0.337512 0.348179 0.358516 0.370789 0.386231 0.404589 0.424419 0.443886 0.461501 0.47652 0.488933 0.499229 0.50811 0.516265 0.524238 0.532346 0.540665 0.549079 0.557402 0.565509 0.573391 0.581096 0.588641 0.595975 0.603036 0.609821 0.616429 0.623011 0.629696 0.636525 0.643447 0.650364 0.657188 0.663866 0.67038 0.676735 0.68295 0.689053 0.69508 0.701063 0.707019 0.712948 0.718832 0.724639 0.730338 0.73591 0.741364 0.746729 0.752036 0.757299 0.762504 0.767624 0.772638 0.777541 0.782343 0.787053 0.79167 0.796185 0.800582 0.804848 0.808975 0.812955 0.816787 0.820476 0.824038 0.827502 0.830912 0.834323 0.837783 0.841317 0.844916 0.848545 0.852162 0.855727 0.85921 0.86259 0.865845 0.868957 0.871909 0.874688 0.877284 0.879699 0.881946 0.884053 0.886061 0.888019 0.889971 0.891944 0.893949 0.89598 0.898026 0.900073 0.902115 0.904146 0.906163 0.908164 0.910149 0.912113 0.914057 0.91598 0.917883 0.919768 0.92164 0.923499 0.92535 0.927191 0.929024 0.930835 0.932577 0.93412 0.935255 0.935757
0.00201967 0.00201967 0.00201967 0.00201967 0.00201967 0.00201967 0.00201967 0.00201967 0.00201967 0.00201967 0.00201967 0.00201967 0.00201967 0.00201967 0.00201967 0.00201967 0.00201967 0.00201967 0.00201967 0.00201967 0.00201967 0.00201967 0.00201967 0.00201967 0.00201967 0.00201967 0.00201967 0.00201967 0.00201967 0.00201967 0.00201967 0.00201967 0.00201967 0.00201967 0.00589334 0.0140871 0.0287387 0.0475688 0.0694876 0.0934914 0.119093 0.146113 0.174442 0.203716 0.233186 0.261669 0.287679 0.309693 0.326806 0.3394 0.349338 0.359309 0.371643 0.387355 0.405911 0.425744 0.445034 0.462386 0.477123 0.489276 0.499361 0.508123 0.516294 0.524406 0.532705 0.541158 0.5496 0.557883 0.565969 0.573884 0.581636 0.589171 0.596425 0.603403 0.610208 0.616997 0.623893 0.63092 0.638008 0.645042 0.651931 0.658634 0.66515 0.671502 0.677718 0.683832 0.689877 0.695882 0.701861 0.707814 0.71372 0.71955 0.725272 0.730868 0.73635 0.741752 0.747113 0.752451 0.75775 0.762976 0.768097 0.773101 0.777994 0.78279 0.787495 0.792108 0.796621 0.801022 0.805297 0.809433 0.813417 0.817248 0.820938 0.824513 0.828019 0.831508 0.835025 0.838595 0.842215 0.845857 0.849485 0.853066 0.856573 0.859984 0.86328 0.866442 0.86945 0.872288 0.874945 0.877422 0.879729 0.881894 0.883954 0.885954 0.887935 0.889926 0.891939 0.893974 0.89602 0.898067 0.900105 0.902129 0.904134 0.906121 0.908089 0.910037 0.911964 0.913872 0.915764 0.917642 0.919513 0.921379 0.923242 0.925103 0.926961 0.928803 0.930577 0.932152 0.93331 0.933822
0 0 0 0 0 0 0 0 0 0 0 0 0 0 0 0 0 0 0 0 0 0 0 0 0 0 0 0 0 0 0 0 0 0 0 0.00546987 0.0152232 0.0311618 0.0509497 0.0734732 0.0977128 0.123225 0.149924 0.177865 0.206955 0.23659 0.265427 0.291492 0.312891 0.328823 0.34022 0.349493 0.359468 0.372221 0.388377 0.407173 0.426993 0.446092 0.463145 0.477549 0.489406 0.499313 0.508067 0.516383 0.524708 0.533179 0.541718 0.550191 0.558521 0.566689 0.574674 0.582424 0.58989 0.597092 0.604138 0.611176 0.618308 0.625534 0.632761 0.639871 0.646783 0.65348 0.659983 0.666326 0.672542 0.678662 0.684717 0.690733 0.696725 0.70269 0.708609 0.714452 0.720187 0.725801 0.731306 0.736743 0.742155 0.747565 0.752955 0.758283 0.76351 0.768612 0.773594 0.778468 0.783249 0.787945 0.792555 0.797072 0.801482 0.805766 0.809906 0.813893 0.817733 0.82145 0.825082 0.828673 0.832264 0.835879 0.83952 0.84317 0.846802 0.85039 0.853912 0.857348 0.86068 0.863889 0.866954 0.869859 0.872588 0.875138 0.877517 0.879749 0.881869 0.883916 0.885931 0.887942 0.889964 0.892001 0.894045 0.896088 0.898118 0.90013 0.90212 0.904088 0.906036 0.907962 0.909869 0.911758 0.913633 0.9155 0.917364 0.919231 0.921102 0.922979 0.924859 0.926728 0.928533 0.930137 0.931318 0.93184
0.00105204 0.00105204 0.00105204 0.00105204 0.00105204 0.00105204 0.00105204 0.00105204 0.00105204 0.00105204 0.00105204 0.00105204 0.00105204 0.00105204 0.00105204 0.00105204 0.00105204 0.00105204 0.00105204 0.00105204 0.00105204 0.00105204 0.00105204 0.00105204 0.00105204 0.00105204 0.00105204 0.00105204 0.00105204 0.00105204 0.00105204 0.00105204 0.00105204 0.00105204 0.00105204 0.00105204 0.00791407 0.0187462 0.035332 0.0554142 0.07795 0.101999 0.127213 0.153687 0.181708 0.211236 0.241371 0.270214 0.295429 0.315306 0.32968 0.340107 0.349187 0.359527 0.372819 0.389432 0.408476 0.428307 0.44718 0.463851 0.477851 0.489434 0.499282 0.508172 0.516726 0.525282 0.533916 0.54256 0.551123 0.559537 0.567752 0.575716 0.583405 0.590858 0.598182 0.605499 0.612877 0.620284 0.627611 0.634751 0.641649 0.64832 0.654806 0.661149 0.667377 0.673513 0.679582 0.685611 0.691613 0.697589 0.70352 0.709376 0.715129 0.720767 0.726306 0.731786 0.737254 0.74273 0.748198 0.753611 0.758925 0.764113 0.769174 0.77412 0.778971 0.783739 0.788432 0.793049 0.797575 0.801992 0.806278 0.81042 0.814422 0.818298 0.822078 0.825794 0.829477 0.83315 0.836819 0.840478 0.84411 0.8477 0.851228 0.854681 0.858042 0.861293 0.864417 0.867391 0.870199 0.872831 0.875292 0.8776 0.879786 0.881887 0.88394 0.885974 0.888007 0.890046 0.892087 0.894121 0.896139 0.898136 0.900107 0.902054 0.903979 0.905883 0.907767 0.909635 0.911491 0.913344 0.9152 0.917066 0.918943 0.920833 0.922731 0.924625 0.926457 0.928087 0.929289 0.92982
0.00433379 0.00433379 0.00433379 0.00433379 0.00433379 0.00433379 0.00433379 0.00433379 0.00433379 0.00433379 0.00433379 0.00433379 0.00433379 0.00433379 0.00433379 0.00433379 0.00433379 0.00433379 0.00433379 0.00433379 0.00433379 0.00433379 0.00433379 0.00433379 0.00433379 0.00433379 0.00433379 0.00433379 0.00433379 0.00433379 0.00433379 0.00433379 0.00433379 0.00433379 0.00433379 0.00433379 0.00433379 0.0117653 0.0228582 0.0396352 0.0599218 0.0826056 0.10669 0.131948 0.1587 0.187262 0.217268 0.247296 0.275142 0.298681 0.316808 0.329939 0.339845 0.349011 0.359789 0.373663 0.390796 0.410117 0.429861 0.448348 0.464533 0.478175 0.489636 0.499585 0.508708 0.51752 0.526291 0.535078 0.543821 0.552434 0.560844 0.569007 0.576919 0.584637 0.592256 0.599863 0.607478 0.615036 0.622425 0.629562 0.636429 0.643075 0.64956 0.655927 0.662193 0.668368 0.674469 0.680519 0.686538 0.692528 0.698476 0.704355 0.710138 0.715817 0.721406 0.726944 0.732471 0.738005 0.743529 0.749002 0.754378 0.759631 0.764758 0.769771 0.774688 0.779526 0.784295 0.788998 0.793622 0.798151 0.802564 0.806851 0.811011 0.815054 0.818995 0.822853 0.826648 0.830396 0.834105 0.837778 0.841412 0.844998 0.848526 0.851987 0.855368 0.858656 0.861832 0.864875 0.867764 0.870483 0.873032 0.875422 0.877681 0.879842 0.881939 0.884002 0.88605 0.888093 0.890128 0.892152 0.894156 0.896134 0.898085 0.90001 0.901913 0.903793 0.905655 0.907501 0.90934 0.91118 0.91303 0.914895 0.916779 0.918679 0.920594 0.922508 0.924363 0.926015 0.927234 0.927774
0.00770497 0.00770497 0.00770497 0.00770497 0.00770497 0.00770497 0.00770497 0.00770497 0.00770497 0.00770497 0.00770497 0.00770497 0.00770497 0.00770497 0.00770497 0.00770497 0.00770497 0.00770497 0.00770497 0.00770497 0.00770497 0.00770497 0.00770497 0.00770497 0.00770497 0.00770497 0.00770497 0.00770497 0.00770497 0.00770497 0.00770497 0.00770497 0.00770497 0.00770497 0.00770497 0.00770497 0.00770497 0.00770497 0.0149743 0.0263824 0.0440534 0.0653083 0.0884892 0.112859 0.138456 0.165666 0.194541 0.224309 0.253322 0.279554 0.301342 0.318031 0.330264 0.339852 0.349215 0.360578 0.375154 0.392784 0.412167 0.431585 0.449595 0.465407 0.478889 0.490391 0.500507 0.509848 0.518866 0.527788 0.536647 0.545389 0.553942 0.562271 0.570392 0.578367 0.586273 0.594154 0.60198 0.609658 0.617084 0.624206 0.63105 0.637691 0.644206 0.650632 0.656974 0.663222 0.669381 0.675469 0.681512 0.687523 0.693496 0.699408 0.705237 0.710972 0.716627 0.72223 0.727816 0.733397 0.738958 0.744464 0.749876 0.755174 0.760356 0.765433 0.770421 0.775332 0.780177 0.784957 0.789663 0.794282 0.798801 0.803214 0.807522 0.811728 0.815836 0.81985 0.823772 0.827611 0.831375 0.835074 0.838712 0.842293 0.845815 0.849275 0.852668 0.855982 0.859203 0.862308 0.865273 0.868078 0.870715 0.873192 0.875529 0.877756 0.879905 0.882003 0.884072 0.886122 0.888155 0.890168 0.892156 0.894116 0.896047 0.897951 0.899831 0.901689 0.903529 0.905356 0.90718 0.909012 0.910861 0.912731 0.914622 0.916534 0.918463 0.920393 0.922265 0.923935 0.925168 0.925714
0.00878791 0.00878791 0.00878791 0.00878791 0.00878791 0.00878791 0.00878791 0.00878791 0.00878791 0.00878791 0.00878791 0.00878791 0.00878791 0.00878791 0.00878791 0.00878791 0.00878791 0.00878791 0.00878791 0.00878791 0.00878791 0.00878791 0.00878791 0.00878791 0.00878791 0.00878791 0.00878791 0.00878791 0.00878791 0.00878791 0.00878791 0.00878791 0.00878791 0.00878791 0.00878791 0.00878791 0.00878791 0.00878791 0.00878791 0.0162713 0.0310049 0.0503293 0.0724162 0.0959475 0.120526 0.146324 0.173591 0.202132 0.231026 0.258714 0.283418 0.303752 0.319288 0.330853 0.340363 0.350182 0.362247 0.37739 0.395189 0.414378 0.433455 0.451192 0.466871 0.480341 0.491908 0.502138 0.511601 0.520702 0.529631 0.538426 0.547059 0.555514 0.563817 0.572023 0.580184 0.588298 0.596295 0.604066 0.611521 0.61864 0.625484 0.632152 0.638731 0.645256 0.651714 0.658073 0.664319 0.670464 0.676542 0.682581 0.688585 0.69454 0.700423 0.706224 0.711949 0.717619 0.723258 0.728874 0.734455 0.739973 0.745403 0.750733 0.755966 0.761111 0.766179 0.771174 0.776099 0.780953 0.785728 0.790418 0.79502 0.799539 0.803979 0.808341 0.812615 0.816789 0.820851 0.824797 0.828631 0.832367 0.836017 0.839595 0.843108 0.846561 0.849955 0.853285 0.856538 0.859692 0.862722 0.865603 0.868323 0.870885 0.873303 0.875603 0.877811 0.879954 0.882052 0.884116 0.886151 0.888157 0.890133 0.892076 0.893989 0.895874 0.897733 0.89957 0.901388 0.903199 0.905014 0.906846 0.908703 0.910585 0.91249 0.914414 0.916354 0.918295 0.92018 0.921861 0.923103 0.923652
0.00553288 0.00553288 0.00553288 0.00553288 0.00553288 0.00553288 0.00553288 0.00553288 0.00553288 0.00553288 0.00553288 0.00553288 0.00553288 0.00553288 0.00553288 0.00553288 0.00553288 0.00553288 0.00553288 0.00553288 0.00553288 0.00553288 0.00553288 0.00553288 0.00553288 0.00553288 0.00553288 0.00553288 0.00553288 0.00553288 0.00553288 0.00553288 0.00553288 0.00553288 0.00553288 0.00553288 0.00553288 0.00553288 0.00553288 0.0108234 0.0213163 0.0379264 0.0580292 0.0802668 0.103688 0.128112 0.153722 0.180673 0.208665 0.236731 0.263336 0.286813 0.305986 0.320689 0.331946 0.341667 0.351981 0.364504 0.379857 0.397639 0.416727 0.435744 0.453463 0.469136 0.48259 0.494146 0.504359 0.513775 0.522777 0.531567 0.540217 0.548753 0.557203 0.565606 0.573977 0.582276 0.590403 0.598245 0.605732 0.612871 0.619747 0.626475 0.633151 0.639807 0.646414 0.652916 0.659273 0.665494 0.671619 0.677693 0.683735 0.689737 0.695678 0.701543 0.707333 0.713062 0.718744 0.724384 0.729972 0.735491 0.74093 0.74629 0.75158 0.756806 0.761967 0.767059 0.772072 0.777 0.781836 0.786583 0.791251 0.795856 0.800412 0.804917 0.809352 0.813687 0.817894 0.821956 0.825873 0.829657 0.833329 0.836909 0.840415 0.843858 0.847247 0.85058 0.853849 0.857034 0.860109 0.86305 0.865843 0.868483 0.870983 0.873359 0.875635 0.877833 0.879971 0.882059 0.884106 0.886113 0.888082 0.890014 0.891912 0.893779 0.895619 0.897436 0.899237 0.901036 0.90285 0.904692 0.906568 0.908471 0.910395 0.912332 0.914281 0.916228 0.918118 0.919804 0.92105 0.921602
0.00867949 0.00867949 0.00867949 0.00867949 0.00867949 0.00867949 0.00867949 0.00867949 0.00867949 0.00867949 0.00867949 0.00867949 0.00867949 0.00867949 0.00867949 0.00867949 0.00867949 0.00867949 0.00867949 0.00867949 0.00867949 0.00867949 0.00867949 0.00867949 0.00867949 0.00867949 0.00867949 0.00867949 0.00867949 0.00867949 0.00867949 0.00867949 0.00867949 0.00867949 0.00867949 0.00867949 0.00867949 0.00867949 0.00867949 0.00867949 0.0165423 0.0282714 0.0452136 0.0650356 0.0867555 0.1097 0.133821 0.1593 0.186163 0.213929 0.241483 0.267279 0.289817 0.308175 0.322394 0.333545 0.343419 0.353974 0.366698 0.382216 0.400168 0.419455 0.438635 0.456437 0.472086 0.485439 0.496832 0.50684 0.516024 0.524804 0.533421 0.541987 0.550544 0.559105 0.567642 0.576079 0.584301 0.592204 0.599735 0.606924 0.613867 0.62069 0.627491 0.6343 0.641073 0.64773 0.654212 0.660522 0.66671 0.672832 0.67892 0.684973 0.690968 0.69689 0.702734 0.708509 0.714224 0.71988 0.725469 0.730987 0.736439 0.741839 0.747201 0.752523 0.757794 0.762993 0.768101 0.773104 0.777998 0.782793 0.787514 0.792191 0.796848 0.801482 0.806067 0.810557 0.814908 0.81909 0.823097 0.82694 0.830644 0.834236 0.83774 0.841176 0.844554 0.84788 0.851147 0.85434 0.857437 0.860416 0.863263 0.865972 0.868549 0.871006 0.873358 0.875622 0.877812 0.879939 0.882009 0.884027 0.885998 0.887926 0.889815 0.89167 0.893494 0.895294 0.897083 0.898878 0.900701 0.902565 0.90447 0.906402 0.908348 0.910298 0.912251 0.914198 0.916087 0.917773 0.91902 0.919572
0.014673 0.014673 0.014673 0.014673 0.014673 0.014673 0.014673 0.014673 0.014673 0.014673 0.014673 0.014673 0.014673 0.014673 0.014673 0.014673 0.014673 0.014673 0.014673 0.014673 0.014673 0.014673 0.014673 0.014673 0.014673 0.014673 0.014673 0.014673 0.014673 0.014673 0.014673 0.014673 0.014673 0.014673 0.014673 0.014673 0.014673 0.014673 0.014673 0.014673 0.014673 0.02292 0.0342878 0.0504623 0.0694348 0.0905371 0.113277 0.137591 0.163458 0.190614 0.218351 0.245499 0.270632 0.292448 0.310198 0.32403 0.335031 0.344962 0.355709 0.368732 0.384617 0.402974 0.422611 0.442019 0.459872 0.475404 0.488497 0.499547 0.509192 0.518071 0.526651 0.535197 0.543807 0.552477 0.561138 0.569679 0.577977 0.585939 0.593534 0.600805 0.607854 0.614806 0.621757 0.628728 0.635663 0.642467 0.649074 0.655484 0.661753 0.667945 0.674096 0.680205 0.686252 0.692221 0.698108 0.70392 0.709662 0.715332 0.720929 0.726458 0.731941 0.737401 0.742852 0.748285 0.753672 0.758982 0.764185 0.769263 0.774214 0.779055 0.783822 0.788562 0.793307 0.798058 0.802778 0.80741 0.811895 0.816193 0.82029 0.824197 0.827942 0.831558 0.835071 0.838505 0.841874 0.845185 0.848434 0.851612 0.854705 0.857698 0.860579 0.863344 0.865993 0.868531 0.870966 0.873308 0.875564 0.877743 0.87985 0.881894 0.883879 0.885813 0.887702 0.889551 0.891366 0.893158 0.894944 0.896746 0.898589 0.900484 0.902424 0.904387 0.906354 0.908312 0.910264 0.912206 0.91409 0.915772 0.917017 0.917568
0.0200098 0.0200098 0.0200098 0.0200098 0.0200098 0.0200098 0.0200098 0.0200098 0.0200098 0.0200098 0.0200098 0.0200098 0.0200098 0.0200098 0.0200098 0.0200098 0.0200098 0.0200098 0.0200098 0.0200098 0.0200098 0.0200098 0.0200098 0.0200098 0.0200098 0.0200098 0.0200098 0.0200098 0.0200098 0.0200098 0.0200098 0.0200098 0.0200098 0.0200098 0.0200098 0.0200098 0.0200098 0.0200098 0.0200098 0.0200098 0.0200098 0.0200098 0.0273263 0.0375526 0.0527721 0.0712359 0.092424 0.115725 0.140766 0.167179 0.194506 0.222027 0.248679 0.273174 0.29435 0.311609 0.325198 0.336226 0.346371 0.357451 0.370877 0.387229 0.406047 0.426055 0.44564 0.463435 0.478685 0.491351 0.501938 0.5112 0.519842 0.528352 0.536951 0.545665 0.554401 0.563019 0.571386 0.579418 0.5871 0.594485 0.601674 0.608785 0.6159 0.623031 0.630111 0.637044 0.64377 0.650294 0.656672 0.662965 0.669203 0.675381 0.681481 0.687492 0.693416 0.699263 0.705036 0.710735 0.716361 0.72193 0.727472 0.733016 0.738572 0.744117 0.749615 0.755024 0.760314 0.765465 0.770474 0.775364 0.780181 0.784981 0.789806 0.794658 0.799495 0.804248 0.808848 0.813246 0.817425 0.821396 0.82519 0.828839 0.832375 0.835819 0.839184 0.842477 0.845698 0.848844 0.851912 0.854896 0.857794 0.860601 0.863313 0.865931 0.868453 0.870881 0.873217 0.875462 0.877623 0.879707 0.881721 0.883674 0.885574 0.887429 0.889249 0.891045 0.89284 0.894662 0.896533 0.898463 0.900438 0.90243 0.904411 0.90637 0.908315 0.910247 0.912122 0.9138 0.915042 0.915593
0.0228441 0.0228441 0.0228441 0.0228441 0.0228441 0.0228441 0.0228441 0.0228441 0.0228441 0.0228441 0.0228441 0.0228441 0.0228441 0.0228441 0.0228441 0.0228441 0.0228441 0.0228441 0.0228441 0.0228441 0.0228441 0.0228441 0.0228441 0.0228441 0.0228441 0.0228441 0.0228441 0.0228441 0.0228441 0.0228441 0.0228441 0.0228441 0.0228441 0.0228441 0.0228441 0.0228441 0.0228441 0.0228441 0.0228441 0.0228441 0.0228441 0.0228441 0.0228441 0.0289774 0.03835 0.0533727 0.0723065 0.0943767 0.118546 0.144091 0.170564 0.197616 0.224674 0.250784 0.274772 0.295626 0.312829 0.326582 0.337832 0.348176 0.359465 0.373215 0.390006 0.409281 0.429594 0.449226 0.466779 0.481576 0.493712 0.503845 0.512828 0.521385 0.529941 0.538627 0.547376 0.556039 0.564474 0.572594 0.580389 0.587911 0.59526 0.602541 0.609822 0.6171 0.624307 0.631357 0.638206 0.644867 0.651389 0.657819 0.664171 0.670437 0.676601 0.68266 0.688626 0.694516 0.700338 0.706092 0.711783 0.717431 0.723069 0.728721 0.734386 0.740032 0.745618 0.751106 0.756467 0.761684 0.766755 0.771704 0.776581 0.781447 0.786346 0.791283 0.796212 0.801058 0.805744 0.810218 0.814462 0.81849 0.822332 0.826025 0.829596 0.833065 0.836438 0.83972 0.842911 0.846019 0.849051 0.852015 0.854915 0.857752 0.86052 0.863213 0.865823 0.868343 0.870766 0.873091 0.87532 0.877459 0.879517 0.881505 0.883433 0.88531 0.88715 0.888968 0.890788 0.892639 0.894545 0.896508 0.898512 0.900521 0.902507 0.904459 0.90639 0.90831 0.910178 0.911854 0.913096 0.913647
0.0233268 0.0233268 0.0233268 0.0233268 0.0233268 0.0233268 0.0233268 0.0233268 0.0233268 0.0233268 0.0233268 0.0233268 0.0233268 0.0233268 0.0233268 0.0233268 0.0233268 0.0233268 0.0233268 0.0233268 0.0233268 0.0233268 0.0233268 0.0233268 0.0233268 0.0233268 0.0233268 0.0233268 0.0233268 0.0233268 0.0233268 0.0233268 0.0233268 0.0233268 0.0233268 0.0233268 0.0233268 0.0233268 0.0233268 0.0233268 0.0233268 0.0233268 0.0233268 0.0233268 0.0288978 0.0383422 0.0541979 0.0742983 0.0973049 0.121821 0.147183 0.17323 0.199832 0.226523 0.252436 0.276501 0.297678 0.315249 0.329144 0.340257 0.350377 0.361639 0.375655 0.392891 0.412545 0.432997 0.452448 0.469563 0.483806 0.495447 0.505265 0.51414 0.522727 0.531349 0.540047 0.548714 0.557209 0.565434 0.573362 0.581036 0.588546 0.595986 0.603414 0.610821 0.618148 0.625326 0.632325 0.639157 0.645857 0.652453 0.658945 0.665319 0.671565 0.677688 0.683713 0.689665 0.695559 0.701401 0.707196 0.712964 0.718729 0.724503 0.730272 0.735999 0.741645 0.747184 0.752599 0.757878 0.763019 0.768042 0.772994 0.777935 0.782908 0.787914 0.792906 0.797809 0.802545 0.807062 0.811348 0.815419 0.819307 0.823048 0.826667 0.830176 0.833575 0.836862 0.840038 0.843117 0.846118 0.849061 0.85196 0.854817 0.857631 0.860392 0.863086 0.865698 0.868214 0.870626 0.872934 0.875143 0.877261 0.879301 0.881274 0.883193 0.885071 0.886928 0.888787 0.890677 0.892617 0.894609 0.896632 0.898648 0.900628 0.902567 0.904483 0.906391 0.908255 0.909932 0.911178 0.911731
0.0224462 0.0224462 0.0224462 0.0224462 0.0224462 0.0224462 0.0224462 0.0224462 0.0224462 0.0224462 0.0224462 0.0224462 0.0224462 0.0224462 0.0224462 0.0224462 0.0224462 0.0224462 0.0224462 0.0224462 0.0224462 0.0224462 0.0224462 0.0224462 0.0224462 0.0224462 0.0224462 0.0224462 0.0224462 0.0224462 0.0224462 0.0224462 0.0224462 0.0224462 0.0224462 0.0224462 0.0224462 0.0224462 0.0224462 0.0224462 0.0224462 0.0224462 0.0224462 0.0224462 0.0224462 0.0281505 0.038607 0.0560908 0.0774806 0.100772 0.124956 0.149824 0.175507 0.201995 0.228889 0.255354 0.280152 0.301857 0.319379 0.332653 0.342957 0.352562 0.363792 0.378125 0.395717 0.415541 0.43587 0.454954 0.471569 0.485337 0.496652 0.506333 0.515202 0.523823 0.53244 0.541068 0.549607 0.557948 0.566028 0.573859 0.581514 0.589084 0.596628 0.604148 0.611603 0.618938 0.626126 0.633164 0.640068 0.646846 0.653493 0.659994 0.666344 0.672556 0.678662 0.684698 0.690688 0.696642 0.702568 0.708478 0.714384 0.720282 0.726144 0.731931 0.737617 0.74319 0.74865 0.75399 0.75921 0.764322 0.769367 0.774394 0.77944 0.7845 0.789528 0.79445 0.799196 0.803722 0.808023 0.812119 0.816047 0.819839 0.823517 0.827084 0.830531 0.83385 0.837041 0.840119 0.843111 0.846047 0.848948 0.851824 0.854676 0.857494 0.860263 0.862959 0.865565 0.868067 0.87046 0.872749 0.874942 0.877051 0.879089 0.881068 0.883004 0.884915 0.886825 0.888759 0.890733 0.892746 0.894778 0.896793 0.898763 0.900688 0.902591 0.904492 0.906356 0.908037 0.909286 0.909841
0.0192494 0.0192494 0.0192494 0.0192494 0.0192494 0.0192494 0.0192494 0.0192494 0.0192494 0.0192494 0.0192494 0.0192494 0.0192494 0.0192494 0.0192494 0.0192494 0.0192494 0.0192494 0.0192494 0.0192494 0.0192494 0.0192494 0.0192494 0.0192494 0.0192494 0.0192494 0.0192494 0.0192494 0.0192494 0.0192494 0.0192494 0.0192494 0.0192494 0.0192494 0.0192494 0.0192494 0.0192494 0.0192494 0.0192494 0.0192494 0.0192494 0.0192494 0.0192494 0.0192494 0.0192494 0.0192494 0.0258493 0.0402174 0.0593658 0.0812047 0.104225 0.127971 0.152605 0.178404 0.205423 0.233237 0.260736 0.28615 0.307607 0.324064 0.335989 0.345296 0.354515 0.365829 0.380381 0.398107 0.41789 0.438024 0.456793 0.473052 0.486513 0.497626 0.507207 0.516032 0.52462 0.533195 0.541764 0.55022 0.55846 0.566446 0.574227 0.581892 0.589518 0.597136 0.604729 0.612253 0.619664 0.626934 0.634051 0.641012 0.647815 0.654454 0.660928 0.667254 0.673466 0.679606 0.685703 0.691777 0.697833 0.70388 0.709918 0.715928 0.721872 0.727714 0.733435 0.739043 0.744548 0.749954 0.755259 0.760472 0.765621 0.770744 0.775862 0.780966 0.786006 0.790915 0.795636 0.800139 0.80443 0.808537 0.812498 0.816343 0.820089 0.823731 0.827255 0.830641 0.833887 0.837006 0.840027 0.842982 0.8459 0.848798 0.851683 0.854549 0.857378 0.860147 0.862831 0.865415 0.867894 0.870269 0.872549 0.874744 0.876864 0.878921 0.880931 0.88291 0.88488 0.886861 0.888867 0.890897 0.892932 0.894942 0.896905 0.898822 0.90072 0.902621 0.904486 0.906168 0.907419 0.907974
0.0126001 0.0126001 0.0126001 0.0126001 0.0126001 0.0126001 0.0126001 0.0126001 0.0126001 0.0126001 0.0126001 0.0126001 0.0126001 0.0126001 0.0126001 0.0126001 0.0126001 0.0126001 0.0126001 0.0126001 0.0126001 0.0126001 0.0126001 0.0126001 0.0126001 0.0126001 0.0126001 0.0126001 0.0126001 0.0126001 0.0126001 0.0126001 0.0126001 0.0126001 0.0126001 0.0126001 0.0126001 0.0126001 0.0126001 0.0126001 0.0126001 0.0126001 0.0126001 0.0126001 0.0126001 0.0126001 0.0171266 0.0267893 0.0432509 0.0633041 0.0850522 0.107727 0.131331 0.156203 0.182689 0.210789 0.239771 0.267942 0.293041 0.313223 0.328019 0.338595 0.347169 0.35616 0.367462 0.38208 0.399916 0.419832 0.440014 0.458665 0.474651 0.487772 0.49858 0.507946 0.516667 0.525241 0.53384 0.542404 0.550796 0.558929 0.566816 0.574547 0.582226 0.589924 0.597653 0.605373 0.613018 0.620523 0.627847 0.634982 0.641935 0.648713 0.655324 0.661783 0.668119 0.674372 0.680576 0.686753 0.692917 0.699072 0.705214 0.711316 0.717337 0.72324 0.729013 0.73467 0.740232 0.745709 0.751103 0.75642 0.761677 0.766895 0.772083 0.777219 0.782255 0.787132 0.791806 0.796266 0.800532 0.80464 0.80863 0.812531 0.816353 0.820088 0.823714 0.827206 0.830553 0.833762 0.836857 0.839869 0.84283 0.845763 0.848682 0.851586 0.85446 0.857281 0.860025 0.862678 0.865236 0.8677 0.870075 0.872368 0.874586 0.876738 0.878835 0.880893 0.882929 0.88496 0.886998 0.889043 0.891081 0.893088 0.895049 0.896969 0.898873 0.900777 0.902642 0.904321 0.905569 0.906122
0.00990689 0.00990689 0.00990689 0.00990689 0.00990689 0.00990689 0.00990689 0.00990689 0.00990689 0.00990689 0.00990689 0.00990689 0.00990689 0.00990689 0.00990689 0.00990689 0.00990689 0.00990689 0.00990689 0.00990689 0.00990689 0.00990689 0.00990689 0.00990689 0.00990689 0.00990689 0.00990689 0.00990689 0.00990689 0.00990689 0.00990689 0.00990689 0.00990689 0.00990689 0.00990689 0.00990689 0.00990689 0.00990689 0.00990689 0.00990689 0.00990689 0.00990689 0.00990689 0.00990689 0.00990689 0.00990689 0.00990689 0.016262 0.0297153 0.0474124 0.0675653 0.0890603 0.11166 0.135542 0.161092 0.188593 0.217812 0.247504 0.275475 0.299391 0.317879 0.331128 0.34064 0.348602 0.357271 0.368547 0.38349 0.401925 0.422417 0.442842 0.461283 0.476725 0.489217 0.499533 0.508655 0.517355 0.526014 0.534669 0.543188 0.551447 0.559426 0.567207 0.57492 0.582674 0.590515 0.598409 0.606264 0.613983 0.621498 0.628793 0.635885 0.642799 0.649549 0.656147 0.662613 0.668977 0.675274 0.681529 0.687763 0.693987 0.7002 0.706376 0.712474 0.718454 0.724301 0.730029 0.735662 0.741215 0.746698 0.752113 0.757469 0.762773 0.768019 0.773179 0.778203 0.783042 0.787665 0.79208 0.79632 0.80043 0.80445 0.808409 0.812315 0.816156 0.819907 0.823537 0.827027 0.830373 0.833589 0.836701 0.839739 0.842728 0.845689 0.848626 0.851529 0.85438 0.857162 0.859867 0.862493 0.865043 0.867518 0.869919 0.872247 0.874507 0.876703 0.878849 0.880957 0.883042 0.885114 0.887175 0.889217 0.891227 0.893195 0.895127 0.897043 0.898952 0.900814 0.902487 0.903728 0.904279
0.00559632 0.00559632 0.00559632 0.00559632 0.00559632 0.00559632 0.00559632 0.00559632 0.00559632 0.00559632 0.00559632 0.00559632 0.00559632 0.00559632 0.00559632 0.00559632 0.00559632 0.00559632 0.00559632 0.00559632 0.00559632 0.00559632 0.00559632 0.00559632 0.00559632 0.00559632 0.00559632 0.00559632 0.00559632 0.00559632 0.00559632 0.00559632 0.00559632 0.00559632 0.00559632 0.00559632 0.00559632 0.00559632 0.00559632 0.00559632 0.00559632 0.00559632 0.00559632 0.00559632 0.00559632 0.00559632 0.00559632 0.0102761 0.0195519 0.034373 0.0523227 0.0723942 0.0939725 0.116919 0.141375 0.16768 0.196058 0.225952 0.25565 0.282719 0.30508 0.321895 0.33372 0.342152 0.349395 0.357882 0.369672 0.385704 0.405317 0.426507 0.44686 0.464578 0.479044 0.490712 0.500581 0.509612 0.518403 0.527135 0.535742 0.544098 0.55216 0.559992 0.567735 0.575525 0.583438 0.591449 0.599461 0.60735 0.615028 0.62247 0.629696 0.63674 0.643623 0.650355 0.656944 0.66341 0.669781 0.676087 0.682358 0.688618 0.694876 0.701113 0.707288 0.713357 0.719297 0.725114 0.730829 0.736462 0.742026 0.747527 0.752965 0.758337 0.763628 0.768803 0.773817 0.778626 0.783215 0.787601 0.791827 0.795946 0.800001 0.80402 0.808014 0.81197 0.815861 0.819652 0.823315 0.826834 0.830212 0.833463 0.836613 0.839686 0.842703 0.845673 0.848593 0.851456 0.854257 0.856996 0.859679 0.862309 0.864886 0.867403 0.869851 0.872228 0.874532 0.876772 0.878957 0.881099 0.883209 0.885291 0.887342 0.889359 0.891338 0.893286 0.895215 0.89713 0.89899 0.900658 0.901897 0.902447
0.00770665 0.00770665 0.00770665 0.00770665 0.00770665 0.00770665 0.00770665 0.00770665 0.00770665 0.00770665 0.00770665 0.00770665 0.00770665 0.00770665 0.00770665 0.00770665 0.00770665 0.00770665 0.00770665 0.00770665 0.00770665 0.00770665 0.00770665 0.00770665 0.00770665 0.00770665 0.00770665 0.00770665 0.00770665 0.00770665 0.00770665 0.00770665 0.00770665 0.00770665 0.00770665 0.00770665 0.00770665 0.00770665 0.00770665 0.00770665 0.00770665 0.00770665 0.00770665 0.00770665 0.00770665 0.00770665 0.00770665 0.00770665 0.0146578 0.0251317 0.0404133 0.0586109 0.0790605 0.101099 0.124433 0.149221 0.175982 0.204881 0.23496 0.264083 0.289798 0.31039 0.325413 0.335653 0.342904 0.349691 0.358711 0.371909 0.389621 0.41041 0.431792 0.451405 0.467931 0.481306 0.492315 0.501965 0.511016 0.519836 0.52849 0.536911 0.545053 0.552956 0.560745 0.568564 0.576506 0.584567 0.592656 0.600649 0.608452 0.616026 0.623384 0.630557 0.637567 0.644421 0.651121 0.657676 0.664107 0.670448 0.67674 0.68302 0.68931 0.695599 0.701845 0.708001 0.714038 0.719949 0.72575 0.731463 0.737102 0.742674 0.748174 0.753594 0.758914 0.7641 0.769112 0.773913 0.778495 0.782881 0.787116 0.791258 0.795354 0.799437 0.803519 0.807592 0.811627 0.815588 0.819438 0.823152 0.826718 0.830139 0.83343 0.836612 0.839702 0.842713 0.845649 0.848516 0.851323 0.854084 0.856816 0.859523 0.862201 0.864836 0.867411 0.869911 0.872329 0.874667 0.876933 0.879136 0.881288 0.883395 0.885462 0.887489 0.889481 0.891441 0.893382 0.895304 0.897169 0.898843 0.900088 0.900642
0.0133786 0.0133786 0.0133786 0.0133786 0.0133786 0.0133786 0.0133786 0.0133786 0.0133786 0.0133786 0.0133786 0.0133786 0.0133786 0.0133786 0.0133786 0.0133786 0.0133786 0.0133786 0.0133786 0.0133786 0.0133786 0.0133786 0.0133786 0.0133786 0.0133786 0.0133786 0.0133786 0.0133786 0.0133786 0.0133786 0.0133786 0.0133786 0.0133786 0.0133786 0.0133786 0.0133786 0.0133786 0.0133786 0.0133786 0.0133786 0.0133786 0.0133786 0.0133786 0.0133786 0.0133786 0.0133786 0.0133786 0.0133786 0.0133786 0.0214303 0.0326436 0.0485322 0.0673783 0.0883125 0.11044 0.133585 0.158319 0.185366 0.214568 0.244391 0.272421 0.296388 0.314962 0.328023 0.33667 0.343099 0.350188 0.360598 0.375697 0.39496 0.416308 0.437172 0.455635 0.470983 0.48356 0.494204 0.503743 0.512726 0.521415 0.529871 0.538089 0.546091 0.553964 0.561826 0.569771 0.577813 0.58589 0.593907 0.601779 0.609463 0.616951 0.624259 0.631396 0.638366 0.645167 0.651802 0.658289 0.664666 0.670981 0.677284 0.683604 0.689935 0.696238 0.702465 0.708581 0.714577 0.72046 0.72625 0.731958 0.737588 0.743133 0.748585 0.753925 0.759125 0.764152 0.768975 0.773584 0.778 0.782271 0.786452 0.790597 0.794746 0.798916 0.803102 0.807277 0.811404 0.815439 0.81935 0.823112 0.826716 0.830168 0.833477 0.836658 0.839723 0.842685 0.845561 0.848376 0.851159 0.853935 0.856715 0.859494 0.862248 0.864951 0.867576 0.870109 0.872548 0.874895 0.877163 0.879361 0.881499 0.883585 0.885626 0.887629 0.889601 0.891552 0.893486 0.895367 0.897059 0.898321 0.898883
0.0212993 0.0212993 0.0212993 0.0212993 0.0212993 0.0212993 0.0212993 0.0212993 0.0212993 0.0212993 0.0212993 0.0212993 0.0212993 0.0212993 0.0212993 0.0212993 0.0212993 0.0212993 0.0212993 0.0212993 0.0212993 0.0212993 0.0212993 0.0212993 0.0212993 0.0212993 0.0212993 0.0212993 0.0212993 0.0212993 0.0212993 0.0212993 0.0212993 0.0212993 0.0212993 0.0212993 0.0212993 0.0212993 0.0212993 0.0212993 0.0212993 0.0212993 0.0212993 0.0212993 0.0212993 0.0212993 0.0212993 0.0212993 0.0212993 0.0212993 0.030153 0.0420982 0.0586037 0.0777504 0.0984034 0.119872 0.142539 0.167372 0.194835 0.224124 0.25325 0.279818 0.301878 0.318433 0.32969 0.337151 0.343427 0.351516 0.363678 0.380485 0.400674 0.421901 0.441901 0.459309 0.473844 0.485949 0.496343 0.505692 0.514474 0.522954 0.531238 0.539359 0.547355 0.555292 0.563234 0.571209 0.579197 0.587155 0.595031 0.602789 0.610401 0.61785 0.625123 0.632213 0.639114 0.64583 0.65238 0.658806 0.665161 0.671501 0.677855 0.684219 0.690557 0.696827 0.702996 0.709052 0.715003 0.720861 0.726631 0.732312 0.737894 0.743372 0.748733 0.753961 0.759026 0.7639 0.768568 0.773046 0.777375 0.781614 0.785819 0.790038 0.794295 0.798586 0.80289 0.807166 0.81137 0.815462 0.819411 0.823197 0.826813 0.830261 0.833548 0.836687 0.839695 0.842598 0.845435 0.848247 0.851071 0.853925 0.856802 0.859673 0.8625 0.865248 0.867893 0.870429 0.872859 0.875191 0.877438 0.879612 0.881722 0.883781 0.885797 0.887781 0.889746 0.8917 0.893604 0.895323 0.896607 0.89718
0.0304573 0.0304573 0.0304573 0.0304573 0.0304573 0.0304573 0.0304573 0.0304573 0.0304573 0.0304573 0.0304573 0.0304573 0.0304573 0.0304573 0.0304573 0.0304573 0.0304573 0.0304573 0.0304573 0.0304573 0.0304573 0.0304573 0.0304573 0.0304573 0.0304573 0.0304573 0.0304573 0.0304573 0.0304573 0.0304573 0.0304573 0.0304573 0.0304573 0.0304573 0.0304573 0.0304573 0.0304573 0.0304573 0.0304573 0.0304573 0.0304573 0.0304573 0.0304573 0.0304573 0.0304573 0.0304573 0.0304573 0.0304573 0.0304573 0.0304573 0.0304573 0.0395078 0.0516366 0.0681562 0.0868786 0.10664 0.127458 0.150183 0.175577 0.203484 0.232589 0.260807 0.285945 0.306293 0.321095 0.3309 0.337672 0.344333 0.353737 0.367518 0.385488 0.405959 0.426705 0.445904 0.4626 0.476641 0.488403 0.498501 0.507575 0.516131 0.524468 0.532699 0.54084 0.548884 0.556841 0.564735 0.57259 0.580426 0.588249 0.596039 0.603754 0.611343 0.618761 0.625982 0.632992 0.639798 0.646425 0.652918 0.659335 0.665727 0.672122 0.678514 0.68487 0.691154 0.697343 0.703431 0.709427 0.715339 0.721163 0.726891 0.732512 0.738023 0.743422 0.748699 0.753828 0.75878 0.763534 0.768097 0.772506 0.776819 0.781098 0.785393 0.789735 0.794125 0.79854 0.802942 0.807288 0.811535 0.815646 0.819596 0.823369 0.826958 0.830364 0.833597 0.836676 0.839633 0.842515 0.845374 0.848256 0.851187 0.854162 0.857145 0.86009 0.86295 0.8657 0.868327 0.870835 0.873232 0.875531 0.877744 0.879884 0.881965 0.883998 0.885999 0.887985 0.889963 0.891895 0.893641 0.894946 0.895528
0.0379999 0.0379999 0.0379999 0.0379999 0.0379999 0.0379999 0.0379999 0.0379999 0.0379999 0.0379999 0.0379999 0.0379999 0.0379999 0.0379999 0.0379999 0.0379999 0.0379999 0.0379999 0.0379999 0.0379999 0.0379999 0.0379999 0.0379999 0.0379999 0.0379999 0.0379999 0.0379999 0.0379999 0.0379999 0.0379999 0.0379999 0.0379999 0.0379999 0.0379999 0.0379999 0.0379999 0.0379999 0.0379999 0.0379999 0.0379999 0.0379999 0.0379999 0.0379999 0.0379999 0.0379999 0.0379999 0.0379999 0.0379999 0.0379999 0.0379999 0.0379999 0.0379999 0.0458748 0.0590071 0.0751861 0.0931286 0.112359 0.133341 0.156757 0.182864 0.211059 0.239873 0.267286 0.291197 0.310011 0.323241 0.331925 0.338496 0.345961 0.356728 0.371709 0.390204 0.410502 0.430714 0.44937 0.465642 0.479327 0.490731 0.500487 0.5093 0.517722 0.526039 0.534307 0.54247 0.550473 0.558314 0.566046 0.573751 0.581487 0.589271 0.597056 0.604769 0.612332 0.619691 0.626823 0.633732 0.640449 0.647025 0.653518 0.659976 0.666421 0.672842 0.679208 0.685489 0.691674 0.697767 0.703784 0.709732 0.715602 0.721379 0.727051 0.732614 0.738075 0.743426 0.748644 0.753694 0.758552 0.763217 0.767723 0.772126 0.776491 0.780871 0.785299 0.789778 0.794286 0.798789 0.803244 0.807611 0.811853 0.815942 0.819855 0.82358 0.827112 0.830458 0.833635 0.836676 0.839632 0.842561 0.845518 0.848535 0.851608 0.854696 0.857745 0.860704 0.863543 0.866252 0.868832 0.871293 0.873646 0.875902 0.878077 0.880186 0.882244 0.884268 0.886278 0.888282 0.89024 0.892007 0.893325 0.893913
0.0377092 0.0377092 0.0377092 0.0377092 0.0377092 0.0377092 0.0377092 0.0377092 0.0377092 0.0377092 0.0377092 0.0377092 0.0377092 0.0377092 0.0377092 0.0377092 0.0377092 0.0377092 0.0377092 0.0377092 0.0377092 0.0377092 0.0377092 0.0377092 0.0377092 0.0377092 0.0377092 0.0377092 0.0377092 0.0377092 0.0377092 0.0377092 0.0377092 0.0377092 0.0377092 0.0377092 0.0377092 0.0377092 0.0377092 0.0377092 0.0377092 0.0377092 0.0377092 0.0377092 0.0377092 0.0377092 0.0377092 0.0377092 0.0377092 0.0377092 0.0377092 0.0377092 0.0421937 0.0508346 0.0639488 0.0796645 0.0973769 0.116923 0.138629 0.162828 0.189454 0.217753 0.246225 0.272825 0.295474 0.312788 0.32475 0.33292 0.339922 0.348447 0.360271 0.375809 0.394285 0.414254 0.434116 0.452489 0.468469 0.481783 0.492787 0.502225 0.510881 0.519289 0.527645 0.53591 0.543985 0.551832 0.559507 0.567126 0.574791 0.582549 0.59037 0.598174 0.605863 0.613357 0.620615 0.627636 0.634451 0.641118 0.647696 0.654232 0.660739 0.667198 0.673579 0.679856 0.686027 0.692112 0.698133 0.704102 0.710012 0.715844 0.721581 0.727221 0.732769 0.738217 0.743541 0.748702 0.753672 0.758449 0.763064 0.76757 0.772033 0.776505 0.781019 0.785578 0.790163 0.794741 0.799275 0.803728 0.808067 0.812265 0.816297 0.820149 0.823811 0.827283 0.830581 0.833734 0.836793 0.839819 0.842873 0.845989 0.849161 0.852343 0.855478 0.858515 0.861426 0.864204 0.866851 0.869374 0.871783 0.874087 0.876303 0.878445 0.880533 0.882585 0.884623 0.886652 0.888631 0.89041 0.891735 0.892324
0.0399969 0.0399969 0.0399969 0.0399969 0.0399969 0.0399969 0.0399969 0.0399969 0.0399969 0.0399969 0.0399969 0.0399969 0.0399969 0.0399969 0.0399969 0.0399969 0.0399969 0.0399969 0.0399969 0.0399969 0.0399969 0.0399969 0.0399969 0.0399969 0.0399969 0.0399969 0.0399969 0.0399969 0.0399969 0.0399969 0.0399969 0.0399969 0.0399969 0.0399969 0.0399969 0.0399969 0.0399969 0.0399969 0.0399969 0.0399969 0.0399969 0.0399969 0.0399969 0.0399969 0.0399969 0.0399969 0.0399969 0.0399969 0.0399969 0.0399969 0.0399969 0.0399969 0.0399969 0.0456076 0.0541592 0.0671233 0.0829366 0.10111 0.121322 0.143672 0.168322 0.1951 0.223208 0.251106 0.276753 0.298228 0.314514 0.326015 0.334457 0.34223 0.351539 0.363781 0.379327 0.397625 0.41745 0.43722 0.455422 0.471053 0.483907 0.494504 0.503719 0.512332 0.520766 0.529101 0.537257 0.545173 0.552887 0.560512 0.568162 0.575909 0.583744 0.591602 0.59938 0.606986 0.614362 0.621496 0.628414 0.635177 0.641848 0.648472 0.655055 0.661571 0.667982 0.674268 0.680434 0.686511 0.692532 0.69852 0.704469 0.710362 0.71618 0.721916 0.727569 0.733127 0.738563 0.743837 0.74892 0.753813 0.758543 0.763162 0.767731 0.7723 0.776899 0.781531 0.786179 0.790812 0.7954 0.79991 0.804316 0.808594 0.812724 0.81669 0.820479 0.824087 0.827523 0.830813 0.834003 0.837155 0.840329 0.843556 0.846824 0.850086 0.853285 0.856376 0.859341 0.862176 0.864885 0.86747 0.869937 0.872294 0.874556 0.876738 0.878861 0.880945 0.883011 0.885063 0.887057 0.888844 0.89017 0.890759
0.0420445 0.0420445 0.0420445 0.0420445 0.0420445 0.0420445 0.0420445 0.0420445 0.0420445 0.0420445 0.0420445 0.0420445 0.0420445 0.0420445 0.0420445 0.0420445 0.0420445 0.0420445 0.0420445 0.0420445 0.0420445 0.0420445 0.0420445 0.0420445 0.0420445 0.0420445 0.0420445 0.0420445 0.0420445 0.0420445 0.0420445 0.0420445 0.0420445 0.0420445 0.0420445 0.0420445 0.0420445 0.0420445 0.0420445 0.0420445 0.0420445 0.0420445 0.0420445 0.0420445 0.0420445 0.0420445 0.0420445 0.0420445 0.0420445 0.0420445 0.0420445 0.0420445 0.0420445 0.0420445 0.0473149 0.0557599 0.0692001 0.0857575 0.104509 0.125143 0.147699 0.172306 0.198827 0.226526 0.253904 0.278992 0.300021 0.316167 0.3279 0.336802 0.34499 0.354479 0.366696 0.382198 0.400577 0.420541 0.440306 0.458213 0.473325 0.485652 0.49591 0.505006 0.51361 0.522011 0.530242 0.538268 0.546106 0.553835 0.561553 0.569332 0.577183 0.585064 0.59289 0.600575 0.608052 0.615295 0.622321 0.629187 0.635961 0.642687 0.649366 0.65596 0.662425 0.66874 0.674919 0.681003 0.687036 0.693048 0.699043 0.705003 0.71091 0.71675 0.722514 0.728183 0.733726 0.739106 0.744298 0.749305 0.754153 0.758891 0.763572 0.76824 0.772922 0.777622 0.782322 0.786998 0.791621 0.796167 0.800616 0.804951 0.809159 0.813224 0.817135 0.820882 0.82447 0.827917 0.831264 0.834566 0.837876 0.841219 0.844576 0.8479 0.85114 0.854265 0.857269 0.860154 0.862922 0.865571 0.868101 0.870516 0.872829 0.875056 0.877218 0.879337 0.881432 0.883507 0.885514 0.887306 0.888632 0.889219
0.040743 0.040743 0.040743 0.040743 0.040743 0.040743 0.040743 0.040743 0.040743 0.040743 0.040743 0.040743 0.040743 0.040743 0.040743 0.040743 0.040743 0.040743 0.040743 0.040743 0.040743 0.040743 0.040743 0.040743 0.040743 0.040743 0.040743 0.040743 0.040743 0.040743 0.040743 0.040743 0.040743 0.040743 0.040743 0.040743 0.040743 0.040743 0.040743 0.040743 0.040743 0.040743 0.040743 0.040743 0.040743 0.040743 0.040743 0.040743 0.040743 0.040743 0.040743 0.040743 0.040743 0.040743 0.040743 0.0456839 0.0562434 0.0706032 0.0877417 0.1068 0.127445 0.149753 0.174035 0.200377 0.228128 0.25572 0.281055 0.302291 0.318579 0.330376 0.339248 0.347332 0.356746 0.369053 0.384875 0.403659 0.423841 0.443424 0.460789 0.475248 0.487075 0.497083 0.506096 0.514648 0.522968 0.531118 0.539122 0.547027 0.554887 0.562754 0.570645 0.57854 0.586388 0.594124 0.601685 0.609035 0.616177 0.623161 0.630055 0.636903 0.643695 0.650384 0.656921 0.663285 0.6695 0.675612 0.681676 0.687727 0.693775 0.699806 0.705802 0.711743 0.717611 0.723381 0.72902 0.734496 0.739791 0.744908 0.749875 0.754733 0.759527 0.764295 0.76906 0.773824 0.778573 0.783283 0.787931 0.792498 0.796973 0.801347 0.805616 0.809768 0.813794 0.817681 0.821428 0.825046 0.828566 0.832033 0.835487 0.838941 0.842374 0.845741 0.849006 0.852154 0.855191 0.858123 0.860952 0.863668 0.866265 0.868744 0.871113 0.87339 0.875596 0.877752 0.879877 0.881975 0.883997 0.885796 0.887123 0.88771
0.0352305 0.0352305 0.0352305 0.0352305 0.0352305 0.0352305 0.0352305 0.0352305 0.0352305 0.0352305 0.0352305 0.0352305 0.0352305 0.0352305 0.0352305 0.0352305 0.0352305 0.0352305 0.0352305 0.0352305 0.0352305 0.0352305 0.0352305 0.0352305 0.0352305 0.0352305 0.0352305 0.0352305 0.0352305 0.0352305 0.0352305 0.0352305 0.0352305 0.0352305 0.0352305 0.0352305 0.0352305 0.0352305 0.0352305 0.0352305 0.0352305 0.0352305 0.0352305 0.0352305 0.0352305 0.0352305 0.0352305 0.0352305 0.0352305 0.0352305 0.0352305 0.0352305 0.0352305 0.0352305 0.0352305 0.0380711 0.0442817 0.0558349 0.0709524 0.0885623 0.107658 0.127999 0.15003 0.174433 0.20139 0.23001 0.258345 0.284024 0.30516 0.321055 0.332387 0.340903 0.348872 0.358488 0.371323 0.387819 0.407104 0.427326 0.446456 0.463105 0.4769 0.488296 0.498089 0.506999 0.515482 0.523767 0.531944 0.540046 0.548092 0.556097 0.564066 0.571999 0.579874 0.587659 0.595304 0.602766 0.610037 0.617156 0.624188 0.63117 0.638084 0.644874 0.651487 0.657912 0.664178 0.67034 0.676455 0.682561 0.68867 0.694774 0.700853 0.706884 0.712842 0.718699 0.724423 0.729986 0.735376 0.740599 0.745681 0.750657 0.755564 0.760433 0.765282 0.770111 0.774906 0.779647 0.784314 0.788895 0.793386 0.797788 0.802106 0.806335 0.810467 0.814491 0.818397 0.822191 0.825891 0.829526 0.83312 0.836676 0.84017 0.843569 0.846852 0.850021 0.853092 0.856076 0.858968 0.861755 0.864423 0.86697 0.869401 0.871733 0.873986 0.876183 0.878342 0.880465 0.882505 0.884314 0.885645 0.886234
0.0317653 0.0317653 0.0317653 0.0317653 0.0317653 0.0317653 0.0317653 0.0317653 0.0317653 0.0317653 0.0317653 0.0317653 0.0317653 0.0317653 0.0317653 0.0317653 0.0317653 0.0317653 0.0317653 0.0317653 0.0317653 0.0317653 0.0317653 0.0317653 0.0317653 0.0317653 0.0317653 0.0317653 0.0317653 0.0317653 0.0317653 0.0317653 0.0317653 0.0317653 0.0317653 0.0317653 0.0317653 0.0317653 0.0317653 0.0317653 0.0317653 0.0317653 0.0317653 0.0317653 0.0317653 0.0317653 0.0317653 0.0317653 0.0317653 0.0317653 0.0317653 0.0317653 0.0317653 0.0317653 0.0317653 0.0317653 0.034855 0.0418568 0.0547584 0.0709662 0.0888581 0.107759 0.127957 0.150355 0.175687 0.203769 0.233203 0.261727 0.286993 0.307396 0.32257 0.333418 0.341784 0.349973 0.360189 0.373873 0.39117 0.410857 0.430915 0.449439 0.46534 0.478504 0.489483 0.499045 0.507844 0.516308 0.524647 0.532936 0.541177 0.549352 0.557451 0.565474 0.573424 0.581291 0.589039 0.596625 0.604033 0.611296 0.618469 0.625581 0.632605 0.63948 0.646161 0.652644 0.658971 0.665199 0.671382 0.677556 0.683733 0.689908 0.696061 0.702169 0.708204 0.714135 0.719934 0.725577 0.731057 0.73638 0.741571 0.746659 0.751676 0.756646 0.761581 0.766478 0.771322 0.776095 0.78078 0.785372 0.789874 0.794299 0.798657 0.802953 0.807182 0.811333 0.815393 0.819358 0.823233 0.82703 0.830754 0.8344 0.837947 0.841373 0.844677 0.847874 0.850986 0.854024 0.856982 0.859841 0.862583 0.865201 0.867698 0.87009 0.872395 0.874636 0.876831 0.878983 0.881045 0.882868 0.884208 0.8848
0.0256049 0.0256049 0.0256049 0.0256049 0.0256049 0.0256049 0.0256049 0.0256049 0.0256049 0.0256049 0.0256049 0.0256049 0.0256049 0.0256049 0.0256049 0.0256049 0.0256049 0.0256049 0.0256049 0.0256049 0.0256049 0.0256049 0.0256049 0.0256049 0.0256049 0.0256049 0.0256049 0.0256049 0.0256049 0.0256049 0.0256049 0.0256049 0.0256049 0.0256049 0.0256049 0.0256049 0.0256049 0.0256049 0.0256049 0.0256049 0.0256049 0.0256049 0.0256049 0.0256049 0.0256049 0.0256049 0.0256049 0.0256049 0.0256049 0.0256049 0.0256049 0.0256049 0.0256049 0.0256049 0.0256049 0.0256049 0.0256049 0.0297789 0.0404199 0.05501 0.0718546 0.0897567 0.108652 0.129288 0.15257 0.178834 0.207437 0.236798 0.264783 0.28933 0.309073 0.32376 0.33432 0.342658 0.351201 0.362201 0.376925 0.395131 0.415223 0.435064 0.452919 0.468008 0.480467 0.490959 0.500255 0.50897 0.517474 0.525924 0.534346 0.542711 0.550989 0.559175 0.567271 0.575273 0.583152 0.590869 0.598411 0.605807 0.613104 0.620317 0.627416 0.634345 0.641071 0.647604 0.653993 0.660294 0.666556 0.672806 0.679055 0.685297 0.691516 0.697689 0.703789 0.709786 0.715653 0.72137 0.726931 0.732346 0.737635 0.742826 0.747946 0.753015 0.758037 0.763005 0.767901 0.772708 0.777413 0.782017 0.786531 0.790975 0.795367 0.79972 0.804032 0.808295 0.812494 0.816616 0.820653 0.824597 0.82844 0.832168 0.835764 0.839222 0.842553 0.845784 0.84894 0.852033 0.855055 0.857983 0.860798 0.863487 0.866053 0.868505 0.870865 0.873152 0.875385 0.877569 0.879654 0.881496 0.882847 0.883443
0.0185882 0.0185882 0.0185882 0.0185882 0.0185882 0.0185882 0.0185882 0.0185882 0.0185882 0.0185882 0.0185882 0.0185882 0.0185882 0.0185882 0.0185882 0.0185882 0.0185882 0.0185882 0.0185882 0.0185882 0.0185882 0.0185882 0.0185882 0.0185882 0.0185882 0.0185882 0.0185882 0.0185882 0.0185882 0.0185882 0.0185882 0.0185882 0.0185882 0.0185882 0.0185882 0.0185882 0.0185882 0.0185882 0.0185882 0.0185882 0.0185882 0.0185882 0.0185882 0.0185882 0.0185882 0.0185882 0.0185882 0.0185882 0.0185882 0.0185882 0.0185882 0.0185882 0.0185882 0.0185882 0.0185882 0.0185882 0.0185882 0.0220394 0.0293185 0.0420803 0.0577394 0.0749226 0.0929674 0.112228 0.133472 0.157303 0.183805 0.212365 0.241564 0.269337 0.293528 0.312659 0.326496 0.336216 0.344132 0.353041 0.365233 0.381544 0.401047 0.42162 0.441049 0.457919 0.471887 0.483418 0.493315 0.502335 0.511006 0.519593 0.528171 0.536722 0.545209 0.553606 0.561901 0.570075 0.578098 0.585939 0.593594 0.601092 0.608473 0.615746 0.622877 0.629825 0.636571 0.643142 0.649588 0.655962 0.6623 0.668625 0.674941 0.681243 0.687518 0.693745 0.699898 0.705951 0.711876 0.717658 0.72329 0.728781 0.734152 0.739429 0.744639 0.749796 0.7549 0.759936 0.764883 0.769724 0.774451 0.779069 0.783595 0.788056 0.792476 0.796872 0.80125 0.805604 0.809917 0.814171 0.818343 0.822412 0.826357 0.830158 0.833803 0.837295 0.840657 0.843922 0.847119 0.85026 0.853337 0.856327 0.859206 0.861961 0.864589 0.867099 0.869509 0.871839 0.87411 0.876323 0.878433 0.880292 0.881655 0.882257
0.0178257 0.0178257 0.0178257 0.0178257 0.0178257 0.0178257 0.0178257 0.0178257 0.0178257 0.0178257 0.0178257 0.0178257 0.0178257 0.0178257 0.0178257 0.0178257 0.0178257 0.0178257 0.0178257 0.0178257 0.0178257 0.0178257 0.0178257 0.0178257 0.0178257 0.0178257 0.0178257 0.0178257 0.0178257 0.0178257 0.0178257 0.0178257 0.0178257 0.0178257 0.0178257 0.0178257 0.0178257 0.0178257 0.0178257 0.0178257 0.0178257 0.0178257 0.0178257 0.0178257 0.0178257 0.0178257 0.0178257 0.0178257 0.0178257 0.0178257 0.0178257 0.0178257 0.0178257 0.0178257 0.0178257 0.0178257 0.0178257 0.0178257 0.0235842 0.0333098 0.0478901 0.0645554 0.0820997 0.100449 0.12013 0.141818 0.166117 0.193278 0.222674 0.252485 0.280059 0.302938 0.319858 0.331264 0.339226 0.346836 0.357123 0.371802 0.390573 0.41145 0.431924 0.450106 0.465263 0.477659 0.488081 0.497378 0.506191 0.514879 0.523572 0.532273 0.540941 0.549533 0.558013 0.566345 0.57449 0.582424 0.590154 0.597714 0.60514 0.612433 0.619567 0.626509 0.633261 0.639856 0.646347 0.652777 0.659176 0.665558 0.671925 0.678273 0.684588 0.690852 0.697044 0.703137 0.709106 0.714935 0.720617 0.726162 0.73159 0.736929 0.742204 0.747427 0.752593 0.757682 0.762669 0.767538 0.772284 0.776915 0.781452 0.785926 0.790364 0.794789 0.799211 0.803625 0.808018 0.812363 0.816632 0.820791 0.82481 0.828666 0.832351 0.835872 0.83926 0.842552 0.845779 0.848954 0.852071 0.855105 0.858032 0.860835 0.86351 0.866064 0.868513 0.870877 0.873175 0.875412 0.87754 0.879414 0.880786 0.881392
0.021049 0.021049 0.021049 0.021049 0.021049 0.021049 0.021049 0.021049 0.021049 0.021049 0.021049 0.021049 0.021049 0.021049 0.021049 0.021049 0.021049 0.021049 0.021049 0.021049 0.021049 0.021049 0.021049 0.021049 0.021049 0.021049 0.021049 0.021049 0.021049 0.021049 0.021049 0.021049 0.021049 0.021049 0.021049 0.021049 0.021049 0.021049 0.021049 0.021049 0.021049 0.021049 0.021049 0.021049 0.021049 0.021049 0.021049 0.021049 0.021049 0.021049 0.021049 0.021049 0.021049 0.021049 0.021049 0.021049 0.021049 0.021049 0.021049 0.0296991 0.0436633 0.0600957 0.0774424 0.0954132 0.114393 0.13506 0.158236 0.184585 0.213892 0.24451 0.273593 0.298236 0.316675 0.32899 0.337102 0.344206 0.353653 0.367563 0.385945 0.4069 0.427805 0.446563 0.462259 0.47506 0.485735 0.495166 0.504048 0.512782 0.521528 0.530298 0.539053 0.547741 0.556314 0.564722 0.572925 0.5809 0.588661 0.596245 0.603685 0.610981 0.618109 0.625045 0.631797 0.638403 0.644912 0.651369 0.657796 0.664204 0.670595 0.676962 0.683294 0.689576 0.695785 0.701895 0.707884 0.713733 0.719437 0.725005 0.730458 0.735823 0.741127 0.746379 0.751573 0.756686 0.761692 0.766575 0.77133 0.775967 0.78051 0.784988 0.789434 0.793871 0.798311 0.802751 0.807177 0.811562 0.815872 0.820071 0.824123 0.828005 0.831708 0.835243 0.838643 0.841947 0.845187 0.848377 0.85151 0.854564 0.857512 0.860337 0.863033 0.865607 0.868073 0.870452 0.872763 0.87501 0.877147 0.879027 0.880404 0.881012
