1892.01
1893.8
1897.82
1903.27
1909.39
1915.79
1922.35
1929.06
1935.88
1942.75
1949.58
1956.29
1962.82
1969.12
1975.15
1980.9
1986.35
1991.53
1996.49
2001.31
2006.04
2010.74
2015.38
2019.94
2024.42
2028.79
2033.08
2037.29
2041.4
2045.42
2049.36
2053.2
2056.95
2060.6
2064.16
2067.62
2070.97
2074.21
2077.35
2080.39
2083.36
2086.3
2089.26
2092.3
2095.48
2098.82
2102.28
2105.8
2109.3
2112.71
2115.99
2119.1
2122.04
2124.78
2127.34
2129.71
2131.92
2133.99
2135.94
2137.84
2139.73
2141.66
2143.66
2145.73
2147.85
2149.99
2152.14
2154.28
2156.42
2158.55
2160.69
2162.83
2164.95
2167.04
2169.07
2171.02
2172.89
2174.67
2176.35
2177.91
2179.34
2180.61
2181.71
2182.63
2183.35
2183.89
2184.26
2184.48
2184.56
2184.52
2184.39
2184.18
2183.9
2183.57
2183.2
2182.81
2182.4
2181.98
2181.58
2181.2
2180.85
2180.56
2180.33
2180.17
2180.07
2180.03
2180.01
2180
2180
2180
2180
2179.99
2179.98
2179.98
2179.97
2179.97
2179.97
2179.98
2179.99
2180
2180.01
2180.01
2180.02
2180.03
2180.03
2180.02
2180.02
2180.01
2180
2179.99
2179.97
2179.95
2179.92
2179.9
2179.88
2179.86
2179.84
2179.83
2179.83
2179.83
2179.83
2179.83
2179.84
2179.85
2179.86
2179.87
2179.89
2179.9
2179.91
2179.92
2179.94
2179.95
2179.97
2179.99
2180.01
2180.03
2180.05
2180.06
2180.08
2180.08
1889.92
1891.71
1895.75
1901.21
1907.36
1913.81
1920.43
1927.19
1934.06
1940.96
1947.83
1954.58
1961.15
1967.48
1973.54
1979.31
1984.78
1989.97
1994.95
1999.79
2004.56
2009.29
2013.95
2018.53
2023
2027.38
2031.67
2035.88
2040.01
2044.05
2048
2051.86
2055.65
2059.34
2062.95
2066.47
2069.89
2073.2
2076.41
2079.53
2082.58
2085.59
2088.62
2091.72
2094.93
2098.28
2101.74
2105.23
2108.69
2112.05
2115.29
2118.36
2121.27
2124
2126.55
2128.92
2131.14
2133.22
2135.2
2137.12
2139.04
2141
2143.02
2145.09
2147.2
2149.34
2151.48
2153.62
2155.76
2157.91
2160.06
2162.21
2164.35
2166.45
2168.48
2170.43
2172.3
2174.08
2175.77
2177.34
2178.78
2180.06
2181.17
2182.1
2182.84
2183.4
2183.79
2184.02
2184.12
2184.1
2184
2183.81
2183.56
2183.26
2182.93
2182.57
2182.19
2181.81
2181.44
2181.09
2180.78
2180.51
2180.3
2180.16
2180.07
2180.03
2180.02
2180.02
2180.02
2180.02
2180.02
2180.01
2180
2179.99
2179.98
2179.98
2179.98
2179.98
2179.99
2180
2180
2180.01
2180.02
2180.02
2180.02
2180.02
2180.02
2180.01
2180
2179.99
2179.97
2179.95
2179.93
2179.91
2179.88
2179.87
2179.85
2179.84
2179.84
2179.84
2179.84
2179.84
2179.85
2179.86
2179.87
2179.88
2179.89
2179.9
2179.91
2179.93
2179.94
2179.96
2179.97
2179.99
2180.01
2180.03
2180.05
2180.06
2180.08
2180.08
1885.2
1887
1891.06
1896.57
1902.81
1909.36
1916.09
1922.96
1929.93
1936.92
1943.88
1950.72
1957.37
1963.79
1969.91
1975.73
1981.24
1986.48
1991.5
1996.4
2001.24
2006.02
2010.73
2015.32
2019.8
2024.18
2028.49
2032.71
2036.87
2040.94
2044.93
2048.85
2052.71
2056.51
2060.23
2063.88
2067.44
2070.91
2074.29
2077.58
2080.8
2083.98
2087.15
2090.36
2093.65
2097.03
2100.46
2103.89
2107.26
2110.54
2113.68
2116.68
2119.53
2122.21
2124.74
2127.12
2129.36
2131.48
2133.52
2135.51
2137.49
2139.5
2141.55
2143.64
2145.74
2147.85
2149.97
2152.11
2154.27
2156.45
2158.64
2160.83
2162.99
2165.11
2167.15
2169.1
2170.97
2172.76
2174.45
2176.04
2177.51
2178.82
2179.96
2180.93
2181.7
2182.29
2182.72
2182.99
2183.13
2183.17
2183.11
2182.99
2182.8
2182.58
2182.31
2182.02
2181.72
2181.42
2181.12
2180.85
2180.6
2180.39
2180.23
2180.12
2180.06
2180.04
2180.05
2180.06
2180.07
2180.07
2180.07
2180.05
2180.04
2180.02
2180
2179.99
2179.98
2179.98
2179.99
2179.99
2180
2180.01
2180.01
2180.02
2180.02
2180.02
2180.01
2180.01
2180
2179.99
2179.98
2179.96
2179.94
2179.92
2179.91
2179.89
2179.88
2179.87
2179.86
2179.86
2179.86
2179.86
2179.87
2179.87
2179.88
2179.89
2179.9
2179.91
2179.92
2179.93
2179.94
2179.96
2179.97
2179.99
2180.01
2180.03
2180.05
2180.07
2180.08
2180.08
1878.79
1880.61
1884.72
1890.31
1896.67
1903.36
1910.24
1917.24
1924.33
1931.44
1938.51
1945.48
1952.25
1958.78
1965.01
1970.91
1976.49
1981.79
1986.89
1991.87
1996.78
2001.63
2006.37
2010.97
2015.46
2019.86
2024.18
2028.44
2032.62
2036.74
2040.79
2044.79
2048.75
2052.67
2056.54
2060.36
2064.12
2067.79
2071.39
2074.91
2078.35
2081.74
2085.09
2088.45
2091.83
2095.24
2098.64
2101.99
2105.26
2108.41
2111.44
2114.34
2117.12
2119.76
2122.26
2124.64
2126.92
2129.1
2131.21
2133.29
2135.37
2137.46
2139.56
2141.65
2143.73
2145.81
2147.91
2150.05
2152.24
2154.46
2156.71
2158.94
2161.14
2163.28
2165.33
2167.29
2169.16
2170.95
2172.66
2174.29
2175.79
2177.15
2178.34
2179.34
2180.17
2180.81
2181.28
2181.6
2181.8
2181.9
2181.92
2181.87
2181.78
2181.64
2181.47
2181.29
2181.09
2180.89
2180.69
2180.5
2180.34
2180.21
2180.12
2180.06
2180.04
2180.06
2180.08
2180.11
2180.13
2180.14
2180.13
2180.11
2180.08
2180.05
2180.03
2180.01
2179.99
2179.99
2179.99
2179.99
2180
2180.01
2180.01
2180.01
2180.01
2180.01
2180.01
2180.01
2180
2180
2179.99
2179.98
2179.97
2179.95
2179.94
2179.93
2179.91
2179.9
2179.9
2179.89
2179.89
2179.89
2179.89
2179.89
2179.9
2179.9
2179.91
2179.91
2179.92
2179.93
2179.95
2179.96
2179.98
2179.99
2180.01
2180.03
2180.05
2180.07
2180.08
2180.08
1871.58
1873.43
1877.61
1883.33
1889.83
1896.68
1903.7
1910.82
1918.03
1925.26
1932.47
1939.58
1946.51
1953.18
1959.53
1965.55
1971.22
1976.62
1981.81
1986.87
1991.85
1996.73
2001.48
2006.1
2010.59
2015.01
2019.36
2023.66
2027.88
2032.04
2036.15
2040.23
2044.3
2048.36
2052.4
2056.41
2060.37
2064.27
2068.1
2071.85
2075.53
2079.13
2082.67
2086.18
2089.64
2093.07
2096.44
2099.71
2102.87
2105.91
2108.82
2111.63
2114.33
2116.93
2119.41
2121.81
2124.11
2126.36
2128.56
2130.75
2132.93
2135.11
2137.27
2139.38
2141.46
2143.51
2145.6
2147.75
2149.97
2152.24
2154.53
2156.81
2159.05
2161.21
2163.26
2165.21
2167.09
2168.9
2170.65
2172.31
2173.87
2175.27
2176.52
2177.58
2178.45
2179.15
2179.67
2180.05
2180.31
2180.48
2180.58
2180.62
2180.62
2180.59
2180.53
2180.45
2180.36
2180.27
2180.19
2180.11
2180.04
2180
2179.98
2179.98
2180.01
2180.06
2180.12
2180.16
2180.2
2180.2
2180.19
2180.16
2180.13
2180.09
2180.05
2180.02
2180
2179.99
2179.99
2179.99
2180
2180
2180.01
2180.01
2180.01
2180.01
2180.01
2180.01
2180.01
2180.01
2180.01
2180.01
2180
2179.99
2179.98
2179.97
2179.96
2179.95
2179.94
2179.93
2179.92
2179.92
2179.91
2179.91
2179.91
2179.91
2179.92
2179.92
2179.93
2179.94
2179.95
2179.96
2179.98
2179.99
2180.01
2180.03
2180.05
2180.06
2180.08
2180.08
1864.11
1866
1870.29
1876.15
1882.81
1889.8
1896.95
1904.19
1911.5
1918.86
1926.21
1933.49
1940.59
1947.42
1953.91
1960.06
1965.85
1971.36
1976.65
1981.79
1986.81
1991.7
1996.45
2001.07
2005.58
2010.03
2014.42
2018.75
2023.01
2027.21
2031.38
2035.54
2039.72
2043.92
2048.12
2052.32
2056.48
2060.59
2064.64
2068.61
2072.5
2076.3
2080.02
2083.65
2087.19
2090.64
2093.97
2097.17
2100.23
2103.16
2105.98
2108.7
2111.34
2113.89
2116.37
2118.77
2121.12
2123.43
2125.73
2128.02
2130.31
2132.59
2134.82
2136.97
2139.06
2141.13
2143.23
2145.4
2147.65
2149.95
2152.27
2154.58
2156.84
2159
2161.06
2163.02
2164.91
2166.75
2168.54
2170.26
2171.87
2173.34
2174.64
2175.76
2176.68
2177.42
2178
2178.43
2178.76
2179
2179.18
2179.32
2179.42
2179.49
2179.54
2179.58
2179.6
2179.62
2179.64
2179.67
2179.71
2179.75
2179.81
2179.88
2179.97
2180.05
2180.14
2180.2
2180.24
2180.26
2180.24
2180.21
2180.16
2180.11
2180.07
2180.03
2180
2179.99
2179.99
2179.99
2180
2180
2180
2180
2180
2180.01
2180.01
2180.02
2180.03
2180.04
2180.04
2180.05
2180.05
2180.04
2180.03
2180.02
2180.01
2179.99
2179.98
2179.97
2179.96
2179.95
2179.94
2179.93
2179.93
2179.93
2179.93
2179.93
2179.93
2179.94
2179.95
2179.96
2179.98
2179.99
2180.01
2180.03
2180.04
2180.06
2180.07
2180.08
1856.58
1858.52
1862.92
1868.93
1875.75
1882.89
1890.16
1897.51
1904.94
1912.44
1919.95
1927.39
1934.66
1941.65
1948.3
1954.58
1960.52
1966.15
1971.54
1976.74
1981.79
1986.68
1991.42
1996.05
2000.58
2005.07
2009.5
2013.86
2018.15
2022.37
2026.59
2030.82
2035.11
2039.44
2043.81
2048.18
2052.53
2056.84
2061.08
2065.25
2069.33
2073.3
2077.16
2080.9
2084.5
2087.96
2091.26
2094.4
2097.38
2100.22
2102.95
2105.6
2108.19
2110.72
2113.19
2115.61
2117.99
2120.36
2122.73
2125.12
2127.52
2129.9
2132.22
2134.46
2136.62
2138.74
2140.88
2143.08
2145.35
2147.66
2149.98
2152.29
2154.53
2156.69
2158.75
2160.73
2162.66
2164.55
2166.4
2168.18
2169.85
2171.38
2172.73
2173.9
2174.88
2175.67
2176.29
2176.77
2177.16
2177.48
2177.75
2177.99
2178.19
2178.37
2178.53
2178.67
2178.8
2178.94
2179.07
2179.2
2179.34
2179.48
2179.62
2179.76
2179.89
2180.02
2180.13
2180.21
2180.27
2180.28
2180.27
2180.23
2180.18
2180.12
2180.07
2180.03
2180.01
2179.99
2179.99
2179.99
2180
2180
2180
2180
2180.01
2180.01
2180.02
2180.04
2180.06
2180.07
2180.09
2180.1
2180.1
2180.09
2180.09
2180.07
2180.06
2180.04
2180.02
2180
2179.99
2179.97
2179.96
2179.95
2179.94
2179.94
2179.93
2179.93
2179.94
2179.94
2179.95
2179.96
2179.97
2179.99
2180.01
2180.02
2180.04
2180.05
2180.07
2180.07
1849.02
1851.01
1855.53
1861.69
1868.67
1875.96
1883.37
1890.85
1898.42
1906.07
1913.75
1921.35
1928.78
1935.91
1942.71
1949.14
1955.22
1960.98
1966.47
1971.74
1976.81
1981.71
1986.45
1991.09
1995.66
2000.18
2004.63
2009
2013.29
2017.54
2021.8
2026.11
2030.51
2034.97
2039.49
2044.02
2048.54
2053.02
2057.44
2061.78
2066.02
2070.14
2074.12
2077.94
2081.6
2085.07
2088.34
2091.43
2094.34
2097.11
2099.77
2102.36
2104.91
2107.41
2109.87
2112.3
2114.72
2117.13
2119.57
2122.05
2124.54
2127.04
2129.48
2131.84
2134.12
2136.35
2138.57
2140.82
2143.09
2145.38
2147.66
2149.91
2152.13
2154.27
2156.34
2158.36
2160.34
2162.3
2164.22
2166.07
2167.8
2169.39
2170.8
2172.02
2173.03
2173.86
2174.52
2175.06
2175.51
2175.92
2176.28
2176.62
2176.93
2177.22
2177.48
2177.73
2177.97
2178.21
2178.45
2178.69
2178.92
2179.15
2179.38
2179.59
2179.78
2179.95
2180.09
2180.19
2180.25
2180.28
2180.26
2180.23
2180.17
2180.12
2180.07
2180.03
2180.01
2179.99
2179.99
2179.99
2180
2180
2180.01
2180.01
2180.01
2180.02
2180.04
2180.06
2180.09
2180.11
2180.13
2180.15
2180.15
2180.15
2180.14
2180.13
2180.11
2180.08
2180.06
2180.04
2180.01
2179.99
2179.98
2179.96
2179.95
2179.94
2179.94
2179.94
2179.94
2179.94
2179.95
2179.96
2179.97
2179.99
2180
2180.02
2180.03
2180.05
2180.06
2180.06
1841.41
1843.44
1848.07
1854.38
1861.53
1868.99
1876.56
1884.22
1891.96
1899.78
1907.61
1915.36
1922.91
1930.18
1937.11
1943.68
1949.9
1955.8
1961.4
1966.74
1971.86
1976.79
1981.56
1986.22
1990.81
1995.34
1999.79
2004.15
2008.44
2012.7
2017.01
2021.41
2025.92
2030.51
2035.17
2039.84
2044.5
2049.13
2053.7
2058.18
2062.56
2066.8
2070.88
2074.78
2078.48
2081.97
2085.23
2088.28
2091.14
2093.85
2096.46
2099
2101.5
2103.98
2106.43
2108.87
2111.31
2113.76
2116.25
2118.8
2121.4
2124.01
2126.59
2129.11
2131.56
2133.94
2136.27
2138.57
2140.83
2143.07
2145.28
2147.47
2149.62
2151.75
2153.83
2155.9
2157.96
2160.01
2162.01
2163.92
2165.72
2167.36
2168.82
2170.08
2171.13
2171.98
2172.68
2173.27
2173.8
2174.29
2174.76
2175.21
2175.63
2176.03
2176.4
2176.75
2177.1
2177.43
2177.77
2178.11
2178.44
2178.77
2179.08
2179.36
2179.61
2179.82
2179.99
2180.12
2180.2
2180.23
2180.22
2180.19
2180.15
2180.1
2180.06
2180.03
2180.01
2180
2179.99
2180
2180.01
2180.01
2180.01
2180.01
2180.02
2180.03
2180.05
2180.08
2180.12
2180.15
2180.18
2180.2
2180.21
2180.21
2180.2
2180.18
2180.15
2180.12
2180.09
2180.06
2180.03
2180.01
2179.99
2179.97
2179.95
2179.94
2179.94
2179.94
2179.94
2179.94
2179.95
2179.96
2179.97
2179.98
2180
2180.01
2180.02
2180.04
2180.04
2180.05
1833.73
1835.82
1840.54
1846.99
1854.31
1861.97
1869.75
1877.62
1885.56
1893.55
1901.52
1909.38
1917.03
1924.4
1931.44
1938.15
1944.53
1950.57
1956.3
1961.74
1966.94
1971.91
1976.73
1981.42
1986.02
1990.54
1994.97
1999.31
2003.59
2007.88
2012.25
2016.75
2021.37
2026.09
2030.86
2035.66
2040.44
2045.18
2049.86
2054.47
2058.96
2063.3
2067.48
2071.45
2075.19
2078.69
2081.95
2084.98
2087.82
2090.49
2093.06
2095.55
2098.02
2100.46
2102.9
2105.33
2107.78
2110.26
2112.8
2115.41
2118.1
2120.84
2123.58
2126.29
2128.92
2131.47
2133.92
2136.28
2138.54
2140.73
2142.87
2144.97
2147.06
2149.15
2151.26
2153.39
2155.54
2157.67
2159.76
2161.75
2163.61
2165.31
2166.81
2168.1
2169.17
2170.05
2170.77
2171.41
2172.01
2172.6
2173.18
2173.75
2174.29
2174.8
2175.28
2175.73
2176.16
2176.59
2177.02
2177.45
2177.88
2178.3
2178.69
2179.05
2179.36
2179.63
2179.83
2179.99
2180.08
2180.13
2180.15
2180.13
2180.1
2180.07
2180.04
2180.02
2180.01
2180
2180
2180.01
2180.01
2180.02
2180.02
2180.02
2180.02
2180.04
2180.06
2180.1
2180.14
2180.18
2180.22
2180.25
2180.26
2180.26
2180.25
2180.22
2180.19
2180.15
2180.12
2180.08
2180.04
2180.01
2179.99
2179.96
2179.95
2179.94
2179.93
2179.93
2179.93
2179.94
2179.95
2179.96
2179.97
2179.98
2179.99
2180
2180.02
2180.03
2180.03
2180.04
1826.01
1828.13
1832.94
1839.54
1847.04
1854.9
1862.91
1871.01
1879.16
1887.31
1895.4
1903.34
1911.06
1918.51
1925.67
1932.51
1939.04
1945.24
1951.12
1956.7
1962
1967.06
1971.93
1976.65
1981.26
1985.76
1990.17
1994.49
1998.79
2003.12
2007.57
2012.17
2016.9
2021.72
2026.6
2031.48
2036.34
2041.18
2045.95
2050.65
2055.24
2059.67
2063.93
2067.96
2071.75
2075.29
2078.56
2081.59
2084.42
2087.07
2089.6
2092.07
2094.49
2096.9
2099.32
2101.74
2104.19
2106.68
2109.26
2111.94
2114.72
2117.59
2120.5
2123.39
2126.21
2128.92
2131.49
2133.91
2136.2
2138.35
2140.43
2142.46
2144.49
2146.56
2148.69
2150.88
2153.1
2155.32
2157.49
2159.55
2161.47
2163.22
2164.77
2166.08
2167.17
2168.06
2168.81
2169.49
2170.17
2170.86
2171.57
2172.27
2172.93
2173.54
2174.11
2174.65
2175.16
2175.66
2176.17
2176.69
2177.21
2177.72
2178.2
2178.63
2179.02
2179.33
2179.59
2179.78
2179.9
2179.98
2180.02
2180.03
2180.03
2180.03
2180.02
2180.01
2180.01
2180.01
2180.01
2180.01
2180.02
2180.02
2180.02
2180.02
2180.02
2180.04
2180.07
2180.11
2180.16
2180.21
2180.25
2180.28
2180.3
2180.29
2180.28
2180.25
2180.21
2180.17
2180.12
2180.08
2180.04
2180
2179.97
2179.95
2179.93
2179.92
2179.92
2179.92
2179.93
2179.94
2179.95
2179.96
2179.97
2179.98
2179.99
2180
2180.01
2180.02
2180.02
2180.03
1818.24
1820.39
1825.29
1832.02
1839.7
1847.78
1856.02
1864.34
1872.68
1880.98
1889.17
1897.18
1904.95
1912.47
1919.73
1926.71
1933.4
1939.77
1945.83
1951.57
1957.01
1962.18
1967.12
1971.88
1976.51
1981.01
1985.4
1989.74
1994.07
1998.48
2003.02
2007.72
2012.54
2017.44
2022.37
2027.3
2032.22
2037.12
2041.97
2046.75
2051.42
2055.94
2060.27
2064.37
2068.22
2071.8
2075.1
2078.16
2080.98
2083.63
2086.15
2088.59
2090.98
2093.36
2095.74
2098.14
2100.59
2103.1
2105.72
2108.46
2111.34
2114.34
2117.4
2120.46
2123.45
2126.3
2128.99
2131.49
2133.8
2135.96
2138
2139.99
2141.99
2144.04
2146.18
2148.41
2150.69
2152.96
2155.19
2157.32
2159.31
2161.11
2162.7
2164.05
2165.15
2166.04
2166.81
2167.55
2168.31
2169.12
2169.96
2170.78
2171.56
2172.27
2172.91
2173.51
2174.08
2174.64
2175.22
2175.81
2176.4
2177
2177.56
2178.08
2178.53
2178.92
2179.22
2179.46
2179.63
2179.75
2179.84
2179.9
2179.94
2179.97
2180
2180.01
2180.01
2180.01
2180.01
2180.01
2180.02
2180.02
2180.02
2180.02
2180.02
2180.04
2180.07
2180.11
2180.16
2180.22
2180.26
2180.3
2180.31
2180.31
2180.29
2180.25
2180.21
2180.16
2180.11
2180.06
2180.01
2179.97
2179.94
2179.91
2179.9
2179.89
2179.89
2179.9
2179.91
2179.92
2179.94
2179.96
2179.97
2179.98
2179.99
2180
2180.01
2180.01
2180.02
2180.02
1810.44
1812.62
1817.61
1824.46
1832.31
1840.59
1849.04
1857.57
1866.08
1874.51
1882.78
1890.84
1898.66
1906.25
1913.59
1920.7
1927.55
1934.12
1940.38
1946.3
1951.91
1957.21
1962.25
1967.08
1971.74
1976.26
1980.69
1985.08
1989.48
1993.99
1998.63
2003.4
2008.29
2013.22
2018.18
2023.13
2028.08
2033.02
2037.93
2042.79
2047.53
2052.14
2056.54
2060.72
2064.63
2068.27
2071.62
2074.72
2077.57
2080.24
2082.75
2085.18
2087.54
2089.88
2092.23
2094.62
2097.06
2099.6
2102.26
2105.08
2108.06
2111.18
2114.37
2117.57
2120.7
2123.68
2126.47
2129.04
2131.39
2133.57
2135.62
2137.6
2139.59
2141.65
2143.8
2146.04
2148.33
2150.63
2152.89
2155.06
2157.11
2158.97
2160.61
2161.99
2163.11
2164.02
2164.82
2165.63
2166.49
2167.42
2168.38
2169.32
2170.2
2170.99
2171.69
2172.33
2172.93
2173.53
2174.14
2174.79
2175.45
2176.11
2176.76
2177.35
2177.88
2178.33
2178.7
2179
2179.23
2179.42
2179.57
2179.7
2179.81
2179.9
2179.96
2179.99
2180.01
2180.01
2180.02
2180.02
2180.02
2180.02
2180.02
2180.02
2180.02
2180.04
2180.06
2180.11
2180.16
2180.21
2180.26
2180.29
2180.3
2180.29
2180.26
2180.22
2180.17
2180.12
2180.06
2180.01
2179.96
2179.92
2179.88
2179.86
2179.84
2179.84
2179.85
2179.86
2179.88
2179.9
2179.93
2179.95
2179.97
2179.98
2179.99
2180
2180.01
2180.02
2180.02
2180.02
1802.62
1804.84
1809.91
1816.89
1824.89
1833.34
1841.98
1850.66
1859.31
1867.85
1876.2
1884.31
1892.18
1899.82
1907.25
1914.48
1921.49
1928.25
1934.71
1940.85
1946.63
1952.09
1957.26
1962.19
1966.93
1971.52
1976.03
1980.5
1985.01
1989.62
1994.34
1999.19
2004.1
2009.04
2013.99
2018.95
2023.91
2028.89
2033.85
2038.78
2043.61
2048.29
2052.78
2057.04
2061.03
2064.74
2068.16
2071.31
2074.22
2076.92
2079.45
2081.87
2084.22
2086.55
2088.87
2091.24
2093.69
2096.27
2098.99
2101.89
2104.97
2108.19
2111.5
2114.81
2118.04
2121.11
2123.97
2126.6
2129.01
2131.23
2133.31
2135.32
2137.33
2139.41
2141.56
2143.78
2146.05
2148.33
2150.59
2152.79
2154.88
2156.8
2158.5
2159.92
2161.08
2162.03
2162.89
2163.78
2164.76
2165.81
2166.89
2167.93
2168.88
2169.71
2170.44
2171.1
2171.71
2172.31
2172.95
2173.62
2174.33
2175.06
2175.77
2176.43
2177.03
2177.56
2178
2178.36
2178.67
2178.94
2179.19
2179.41
2179.61
2179.77
2179.89
2179.96
2180
2180.02
2180.03
2180.03
2180.04
2180.05
2180.05
2180.04
2180.04
2180.04
2180.06
2180.09
2180.14
2180.18
2180.22
2180.25
2180.25
2180.23
2180.2
2180.15
2180.1
2180.04
2179.98
2179.92
2179.87
2179.83
2179.8
2179.78
2179.77
2179.77
2179.78
2179.81
2179.84
2179.87
2179.91
2179.94
2179.96
2179.98
2180
2180
2180.01
2180.02
2180.03
2180.03
1794.8
1797.06
1802.21
1809.31
1817.46
1826.05
1834.82
1843.63
1852.39
1861.01
1869.43
1877.61
1885.53
1893.22
1900.72
1908.05
1915.21
1922.16
1928.83
1935.17
1941.15
1946.78
1952.1
1957.16
1962.02
1966.73
1971.36
1975.96
1980.59
1985.31
1990.11
1995
1999.93
2004.86
2009.79
2014.74
2019.71
2024.72
2029.75
2034.75
2039.66
2044.43
2049.02
2053.37
2057.45
2061.25
2064.76
2067.98
2070.96
2073.71
2076.28
2078.72
2081.08
2083.4
2085.72
2088.09
2090.57
2093.19
2095.99
2098.97
2102.14
2105.46
2108.85
2112.23
2115.51
2118.64
2121.55
2124.23
2126.69
2128.95
2131.08
2133.14
2135.19
2137.29
2139.43
2141.63
2143.84
2146.08
2148.31
2150.51
2152.64
2154.61
2156.36
2157.85
2159.07
2160.1
2161.06
2162.06
2163.16
2164.33
2165.5
2166.61
2167.6
2168.46
2169.19
2169.82
2170.41
2171
2171.63
2172.32
2173.06
2173.83
2174.6
2175.32
2175.98
2176.57
2177.08
2177.52
2177.92
2178.29
2178.65
2178.99
2179.3
2179.56
2179.76
2179.9
2179.98
2180.02
2180.05
2180.08
2180.1
2180.11
2180.11
2180.1
2180.08
2180.06
2180.06
2180.07
2180.1
2180.13
2180.16
2180.17
2180.16
2180.13
2180.09
2180.03
2179.97
2179.91
2179.84
2179.79
2179.74
2179.7
2179.68
2179.66
2179.66
2179.67
2179.7
2179.73
2179.77
2179.82
2179.87
2179.91
2179.95
2179.97
2179.99
2180
2180.01
2180.02
2180.03
2180.04
1786.97
1789.27
1794.51
1801.73
1810
1818.71
1827.57
1836.47
1845.31
1854.02
1862.51
1870.75
1878.73
1886.48
1894.05
1901.47
1908.76
1915.86
1922.71
1929.24
1935.41
1941.22
1946.7
1951.92
1956.94
1961.82
1966.61
1971.37
1976.15
1980.97
1985.86
1990.78
1995.71
2000.64
2005.56
2010.5
2015.5
2020.55
2025.64
2030.72
2035.72
2040.59
2045.28
2049.73
2053.92
2057.82
2061.42
2064.75
2067.8
2070.63
2073.26
2075.75
2078.14
2080.48
2082.82
2085.22
2087.74
2090.42
2093.3
2096.37
2099.63
2103.01
2106.45
2109.86
2113.17
2116.3
2119.23
2121.94
2124.43
2126.74
2128.92
2131.03
2133.12
2135.24
2137.38
2139.53
2141.7
2143.89
2146.1
2148.29
2150.43
2152.44
2154.24
2155.79
2157.11
2158.25
2159.35
2160.49
2161.71
2162.98
2164.22
2165.37
2166.37
2167.21
2167.91
2168.51
2169.06
2169.61
2170.21
2170.9
2171.65
2172.46
2173.26
2174.03
2174.74
2175.37
2175.94
2176.45
2176.94
2177.42
2177.9
2178.38
2178.84
2179.24
2179.55
2179.78
2179.93
2180.03
2180.1
2180.15
2180.2
2180.23
2180.22
2180.2
2180.15
2180.11
2180.07
2180.05
2180.05
2180.05
2180.06
2180.05
2180.02
2179.97
2179.92
2179.85
2179.78
2179.72
2179.66
2179.6
2179.56
2179.53
2179.51
2179.51
2179.52
2179.54
2179.58
2179.63
2179.69
2179.75
2179.81
2179.87
2179.91
2179.95
2179.97
2179.99
2180.01
2180.02
2180.03
2180.04
1779.09
1781.43
1786.77
1794.1
1802.48
1811.28
1820.23
1829.2
1838.11
1846.89
1855.47
1863.79
1871.84
1879.66
1887.3
1894.8
1902.18
1909.39
1916.38
1923.06
1929.38
1935.35
1941.01
1946.41
1951.62
1956.7
1961.7
1966.65
1971.59
1976.55
1981.52
1986.49
1991.44
1996.37
2001.3
2006.26
2011.29
2016.4
2021.56
2026.72
2031.81
2036.78
2041.56
2046.12
2050.43
2054.44
2058.17
2061.61
2064.77
2067.69
2070.41
2072.97
2075.42
2077.81
2080.2
2082.66
2085.23
2087.98
2090.94
2094.09
2097.42
2100.85
2104.31
2107.72
2111
2114.11
2117.02
2119.72
2122.23
2124.57
2126.79
2128.94
2131.07
2133.21
2135.35
2137.49
2139.64
2141.8
2143.98
2146.16
2148.3
2150.32
2152.17
2153.8
2155.23
2156.51
2157.76
2159.05
2160.38
2161.73
2163.02
2164.17
2165.16
2165.96
2166.61
2167.15
2167.64
2168.14
2168.71
2169.38
2170.14
2170.96
2171.79
2172.59
2173.32
2173.99
2174.59
2175.16
2175.73
2176.31
2176.93
2177.56
2178.18
2178.74
2179.21
2179.57
2179.84
2180.02
2180.16
2180.27
2180.35
2180.39
2180.38
2180.33
2180.25
2180.15
2180.07
2180.01
2179.97
2179.94
2179.91
2179.87
2179.82
2179.75
2179.68
2179.6
2179.53
2179.46
2179.4
2179.36
2179.33
2179.31
2179.3
2179.31
2179.34
2179.38
2179.43
2179.49
2179.57
2179.65
2179.73
2179.8
2179.86
2179.91
2179.94
2179.97
2179.99
2180.01
2180.02
2180.03
1771.09
1773.48
1778.91
1786.36
1794.85
1803.74
1812.77
1821.81
1830.8
1839.67
1848.33
1856.75
1864.9
1872.81
1880.51
1888.07
1895.51
1902.78
1909.85
1916.61
1923.05
1929.15
1934.97
1940.56
1946
1951.32
1956.56
1961.73
1966.87
1971.98
1977.06
1982.11
1987.11
1992.07
1997.03
2002.04
2007.12
2012.29
2017.52
2022.75
2027.93
2032.99
2037.88
2042.55
2046.98
2051.12
2054.98
2058.55
2061.84
2064.88
2067.71
2070.36
2072.9
2075.37
2077.84
2080.37
2083.03
2085.86
2088.89
2092.12
2095.5
2098.96
2102.41
2105.78
2109
2112.04
2114.9
2117.57
2120.06
2122.41
2124.65
2126.84
2129
2131.16
2133.32
2135.48
2137.65
2139.82
2142
2144.17
2146.3
2148.32
2150.2
2151.9
2153.44
2154.87
2156.27
2157.69
2159.13
2160.54
2161.84
2162.98
2163.93
2164.69
2165.28
2165.76
2166.19
2166.64
2167.17
2167.81
2168.56
2169.39
2170.23
2171.03
2171.78
2172.45
2173.07
2173.67
2174.3
2174.97
2175.71
2176.5
2177.3
2178.05
2178.71
2179.25
2179.67
2179.98
2180.21
2180.38
2180.49
2180.54
2180.52
2180.44
2180.32
2180.18
2180.04
2179.94
2179.85
2179.78
2179.7
2179.63
2179.54
2179.45
2179.36
2179.27
2179.2
2179.13
2179.08
2179.05
2179.03
2179.03
2179.04
2179.07
2179.11
2179.17
2179.24
2179.32
2179.42
2179.52
2179.61
2179.7
2179.78
2179.84
2179.89
2179.93
2179.96
2179.99
2180
2180.01
1762.89
1765.32
1770.85
1778.42
1787.03
1796.05
1805.17
1814.31
1823.39
1832.35
1841.13
1849.66
1857.92
1865.92
1873.7
1881.31
1888.76
1896.05
1903.12
1909.91
1916.4
1922.6
1928.57
1934.37
1940.05
1945.64
1951.15
1956.58
1961.94
1967.24
1972.48
1977.63
1982.72
1987.76
1992.78
1997.85
2003
2008.24
2013.53
2018.84
2024.09
2029.23
2034.21
2039
2043.54
2047.83
2051.83
2055.55
2058.99
2062.17
2065.12
2067.9
2070.55
2073.13
2075.7
2078.33
2081.08
2084
2087.11
2090.39
2093.81
2097.27
2100.69
2103.99
2107.12
2110.07
2112.84
2115.44
2117.9
2120.23
2122.48
2124.69
2126.89
2129.09
2131.3
2133.52
2135.74
2137.96
2140.16
2142.33
2144.44
2146.46
2148.35
2150.1
2151.74
2153.3
2154.83
2156.36
2157.88
2159.32
2160.63
2161.75
2162.66
2163.37
2163.91
2164.33
2164.71
2165.11
2165.61
2166.23
2166.98
2167.8
2168.64
2169.43
2170.15
2170.8
2171.41
2172.02
2172.67
2173.42
2174.26
2175.19
2176.17
2177.13
2178.01
2178.76
2179.36
2179.81
2180.15
2180.38
2180.53
2180.59
2180.57
2180.46
2180.3
2180.11
2179.93
2179.78
2179.65
2179.53
2179.41
2179.29
2179.18
2179.06
2178.95
2178.86
2178.78
2178.72
2178.68
2178.67
2178.67
2178.68
2178.72
2178.77
2178.84
2178.92
2179.01
2179.12
2179.23
2179.35
2179.47
2179.57
2179.67
2179.75
2179.82
2179.87
2179.92
2179.95
2179.98
2179.99
1754.41
1756.88
1762.5
1770.21
1778.97
1788.14
1797.41
1806.67
1815.87
1824.94
1833.83
1842.48
1850.86
1858.97
1866.83
1874.48
1881.94
1889.19
1896.21
1902.97
1909.46
1915.73
1921.84
1927.84
1933.78
1939.66
1945.46
1951.17
1956.8
1962.32
1967.75
1973.07
1978.29
1983.44
1988.56
1993.72
1998.94
2004.24
2009.59
2014.95
2020.25
2025.46
2030.53
2035.42
2040.09
2044.52
2048.68
2052.56
2056.16
2059.5
2062.61
2065.53
2068.31
2071.02
2073.72
2076.47
2079.32
2082.33
2085.51
2088.84
2092.28
2095.72
2099.09
2102.29
2105.31
2108.15
2110.81
2113.32
2115.71
2118
2120.24
2122.46
2124.7
2126.96
2129.26
2131.57
2133.88
2136.17
2138.42
2140.61
2142.71
2144.71
2146.6
2148.39
2150.1
2151.76
2153.39
2155
2156.56
2158.03
2159.34
2160.43
2161.31
2161.98
2162.49
2162.88
2163.22
2163.6
2164.08
2164.7
2165.44
2166.26
2167.07
2167.82
2168.5
2169.09
2169.66
2170.25
2170.91
2171.69
2172.61
2173.66
2174.79
2175.94
2177.04
2178
2178.79
2179.4
2179.84
2180.13
2180.32
2180.41
2180.39
2180.28
2180.1
2179.89
2179.68
2179.49
2179.32
2179.16
2179
2178.85
2178.7
2178.56
2178.45
2178.35
2178.28
2178.23
2178.21
2178.21
2178.24
2178.28
2178.34
2178.42
2178.52
2178.62
2178.74
2178.87
2179.01
2179.15
2179.29
2179.42
2179.54
2179.64
2179.73
2179.8
2179.87
2179.92
2179.95
2179.97
1745.56
1748.08
1753.81
1761.66
1770.61
1779.97
1789.43
1798.85
1808.19
1817.39
1826.4
1835.17
1843.67
1851.89
1859.84
1867.53
1874.98
1882.18
1889.13
1895.82
1902.29
1908.61
1914.85
1921.06
1927.25
1933.41
1939.51
1945.52
1951.43
1957.21
1962.87
1968.4
1973.8
1979.1
1984.36
1989.62
1994.92
2000.28
2005.67
2011.06
2016.4
2021.66
2026.8
2031.78
2036.58
2041.16
2045.48
2049.54
2053.32
2056.83
2060.11
2063.19
2066.12
2068.98
2071.81
2074.69
2077.66
2080.76
2084.01
2087.38
2090.82
2094.23
2097.53
2100.64
2103.55
2106.25
2108.78
2111.17
2113.47
2115.7
2117.91
2120.14
2122.42
2124.76
2127.15
2129.58
2132
2134.4
2136.73
2138.95
2141.06
2143.05
2144.94
2146.74
2148.48
2150.19
2151.88
2153.53
2155.12
2156.6
2157.9
2158.99
2159.85
2160.51
2161.01
2161.4
2161.75
2162.14
2162.63
2163.25
2164
2164.8
2165.57
2166.26
2166.86
2167.38
2167.88
2168.42
2169.06
2169.86
2170.82
2171.94
2173.18
2174.48
2175.74
2176.88
2177.83
2178.57
2179.11
2179.48
2179.71
2179.84
2179.86
2179.78
2179.62
2179.42
2179.21
2179
2178.81
2178.62
2178.44
2178.26
2178.1
2177.95
2177.83
2177.74
2177.68
2177.65
2177.65
2177.68
2177.74
2177.81
2177.91
2178.02
2178.15
2178.29
2178.44
2178.6
2178.76
2178.93
2179.09
2179.24
2179.39
2179.51
2179.63
2179.73
2179.82
2179.89
2179.93
2179.95
1736.33
1738.89
1744.73
1752.75
1761.9
1771.48
1781.16
1790.79
1800.3
1809.64
1818.77
1827.65
1836.28
1844.62
1852.66
1860.4
1867.85
1875
1881.88
1888.51
1894.97
1901.34
1907.7
1914.09
1920.52
1926.94
1933.33
1939.63
1945.83
1951.91
1957.84
1963.62
1969.24
1974.74
1980.15
1985.53
1990.91
1996.32
2001.74
2007.14
2012.5
2017.79
2022.98
2028.05
2032.96
2037.68
2042.18
2046.42
2050.39
2054.09
2057.55
2060.8
2063.91
2066.92
2069.9
2072.91
2076
2079.19
2082.5
2085.9
2089.34
2092.72
2095.97
2098.99
2101.78
2104.35
2106.73
2108.98
2111.16
2113.3
2115.47
2117.7
2120.02
2122.44
2124.95
2127.5
2130.06
2132.58
2135
2137.29
2139.43
2141.42
2143.3
2145.1
2146.85
2148.57
2150.27
2151.93
2153.53
2155
2156.3
2157.39
2158.27
2158.95
2159.48
2159.91
2160.3
2160.73
2161.26
2161.92
2162.67
2163.45
2164.17
2164.78
2165.28
2165.7
2166.11
2166.59
2167.19
2167.97
2168.94
2170.09
2171.37
2172.72
2174.07
2175.31
2176.37
2177.21
2177.83
2178.28
2178.59
2178.79
2178.89
2178.88
2178.79
2178.64
2178.46
2178.27
2178.08
2177.89
2177.7
2177.51
2177.35
2177.21
2177.1
2177.03
2176.99
2176.99
2177.02
2177.09
2177.18
2177.29
2177.43
2177.58
2177.74
2177.92
2178.1
2178.29
2178.48
2178.68
2178.87
2179.05
2179.22
2179.38
2179.52
2179.65
2179.77
2179.86
2179.92
2179.95
1726.73
1729.33
1735.27
1743.45
1752.8
1762.62
1772.54
1782.4
1792.11
1801.6
1810.86
1819.87
1828.62
1837.08
1845.22
1853.03
1860.5
1867.65
1874.49
1881.11
1887.58
1894.02
1900.49
1907.04
1913.66
1920.3
1926.93
1933.52
1940.02
1946.41
1952.65
1958.71
1964.58
1970.29
1975.88
1981.39
1986.86
1992.31
1997.75
2003.16
2008.52
2013.83
2019.06
2024.19
2029.21
2034.07
2038.73
2043.16
2047.33
2051.22
2054.87
2058.3
2061.58
2064.75
2067.89
2071.04
2074.25
2077.53
2080.9
2084.33
2087.77
2091.13
2094.33
2097.29
2099.98
2102.41
2104.63
2106.72
2108.75
2110.8
2112.91
2115.14
2117.5
2120
2122.62
2125.3
2128
2130.65
2133.18
2135.55
2137.75
2139.76
2141.64
2143.43
2145.16
2146.86
2148.54
2150.19
2151.77
2153.23
2154.54
2155.65
2156.56
2157.3
2157.9
2158.4
2158.88
2159.39
2160
2160.7
2161.47
2162.22
2162.88
2163.39
2163.78
2164.09
2164.4
2164.81
2165.37
2166.12
2167.06
2168.17
2169.41
2170.72
2172.04
2173.29
2174.37
2175.27
2175.96
2176.5
2176.92
2177.23
2177.44
2177.56
2177.57
2177.51
2177.4
2177.26
2177.1
2176.93
2176.76
2176.6
2176.46
2176.35
2176.27
2176.22
2176.22
2176.25
2176.32
2176.43
2176.56
2176.72
2176.89
2177.09
2177.29
2177.51
2177.73
2177.96
2178.18
2178.41
2178.63
2178.84
2179.05
2179.24
2179.42
2179.58
2179.72
2179.84
2179.92
2179.96
1716.8
1719.44
1725.48
1733.8
1743.34
1753.37
1763.53
1773.63
1783.54
1793.22
1802.63
1811.78
1820.66
1829.24
1837.49
1845.38
1852.91
1860.09
1866.96
1873.62
1880.15
1886.67
1893.25
1899.93
1906.69
1913.51
1920.35
1927.19
1933.99
1940.71
1947.27
1953.63
1959.78
1965.72
1971.49
1977.14
1982.71
1988.22
1993.68
1999.09
2004.46
2009.77
2015.02
2020.21
2025.31
2030.29
2035.11
2039.72
2044.07
2048.16
2052
2055.62
2059.07
2062.41
2065.7
2068.99
2072.31
2075.69
2079.13
2082.59
2086.03
2089.38
2092.54
2095.45
2098.04
2100.35
2102.41
2104.34
2106.24
2108.18
2110.24
2112.46
2114.87
2117.45
2120.17
2122.97
2125.8
2128.57
2131.23
2133.7
2135.97
2138.03
2139.92
2141.69
2143.4
2145.06
2146.7
2148.31
2149.86
2151.32
2152.63
2153.78
2154.76
2155.58
2156.27
2156.89
2157.48
2158.1
2158.8
2159.56
2160.35
2161.07
2161.66
2162.08
2162.36
2162.56
2162.79
2163.14
2163.66
2164.37
2165.24
2166.26
2167.38
2168.57
2169.76
2170.91
2171.94
2172.84
2173.59
2174.23
2174.77
2175.23
2175.59
2175.84
2175.99
2176.05
2176.04
2175.98
2175.89
2175.77
2175.65
2175.54
2175.44
2175.37
2175.33
2175.33
2175.37
2175.45
2175.56
2175.71
2175.89
2176.1
2176.32
2176.56
2176.81
2177.07
2177.34
2177.6
2177.87
2178.13
2178.38
2178.63
2178.87
2179.1
2179.31
2179.5
2179.68
2179.82
2179.92
2179.97
1706.66
1709.34
1715.45
1723.88
1733.57
1743.77
1754.14
1764.45
1774.58
1784.46
1794.05
1803.35
1812.35
1821.05
1829.41
1837.4
1845.02
1852.28
1859.24
1865.99
1872.63
1879.26
1885.96
1892.76
1899.63
1906.59
1913.61
1920.69
1927.79
1934.83
1941.71
1948.38
1954.79
1960.95
1966.92
1972.72
1978.4
1983.99
1989.49
1994.93
2000.3
2005.62
2010.88
2016.1
2021.26
2026.35
2031.3
2036.07
2040.6
2044.87
2048.89
2052.69
2056.31
2059.82
2063.26
2066.69
2070.13
2073.6
2077.09
2080.59
2084.03
2087.37
2090.5
2093.35
2095.87
2098.07
2100.01
2101.81
2103.59
2105.45
2107.47
2109.7
2112.15
2114.8
2117.62
2120.53
2123.47
2126.36
2129.12
2131.7
2134.05
2136.18
2138.1
2139.88
2141.56
2143.19
2144.79
2146.35
2147.87
2149.31
2150.63
2151.82
2152.88
2153.8
2154.61
2155.36
2156.08
2156.83
2157.62
2158.45
2159.26
2159.96
2160.49
2160.83
2161.02
2161.14
2161.32
2161.62
2162.11
2162.77
2163.56
2164.45
2165.4
2166.38
2167.37
2168.35
2169.28
2170.14
2170.93
2171.66
2172.33
2172.94
2173.45
2173.85
2174.15
2174.34
2174.44
2174.48
2174.47
2174.43
2174.38
2174.34
2174.3
2174.29
2174.31
2174.36
2174.46
2174.59
2174.76
2174.96
2175.19
2175.45
2175.72
2176.01
2176.31
2176.62
2176.92
2177.23
2177.54
2177.84
2178.13
2178.41
2178.69
2178.95
2179.19
2179.42
2179.62
2179.79
2179.91
2179.96
1696.46
1699.15
1705.31
1713.8
1723.58
1733.9
1744.41
1754.9
1765.24
1775.32
1785.09
1794.54
1803.68
1812.49
1820.96
1829.06
1836.79
1844.17
1851.26
1858.14
1864.93
1871.72
1878.56
1885.48
1892.48
1899.57
1906.78
1914.09
1921.47
1928.81
1935.99
1942.92
1949.57
1955.95
1962.1
1968.06
1973.88
1979.58
1985.16
1990.65
1996.06
2001.38
2006.66
2011.9
2017.11
2022.26
2027.32
2032.21
2036.88
2041.31
2045.5
2049.46
2053.25
2056.92
2060.52
2064.08
2067.64
2071.2
2074.75
2078.27
2081.71
2085.02
2088.12
2090.92
2093.38
2095.51
2097.37
2099.1
2100.82
2102.65
2104.66
2106.91
2109.41
2112.13
2115.01
2118
2121.03
2124
2126.86
2129.53
2131.98
2134.18
2136.16
2137.97
2139.65
2141.27
2142.84
2144.37
2145.85
2147.27
2148.6
2149.83
2150.96
2151.98
2152.92
2153.81
2154.67
2155.53
2156.42
2157.31
2158.14
2158.83
2159.33
2159.62
2159.75
2159.84
2159.99
2160.28
2160.74
2161.35
2162.05
2162.78
2163.53
2164.28
2165.05
2165.82
2166.61
2167.41
2168.22
2169.03
2169.81
2170.55
2171.2
2171.74
2172.16
2172.47
2172.69
2172.83
2172.92
2172.97
2173.01
2173.04
2173.09
2173.15
2173.23
2173.35
2173.51
2173.69
2173.92
2174.18
2174.46
2174.77
2175.1
2175.44
2175.79
2176.15
2176.5
2176.85
2177.2
2177.54
2177.87
2178.19
2178.49
2178.79
2179.06
2179.32
2179.55
2179.74
2179.88
2179.93
1686.33
1689.03
1695.19
1703.7
1713.49
1723.86
1734.45
1745.07
1755.56
1765.81
1775.74
1785.35
1794.61
1803.54
1812.11
1820.33
1828.18
1835.7
1842.94
1849.99
1856.96
1863.94
1870.97
1878.06
1885.24
1892.51
1899.92
1907.47
1915.1
1922.69
1930.1
1937.24
1944.08
1950.64
1956.96
1963.11
1969.1
1974.94
1980.66
1986.24
1991.71
1997.09
2002.39
2007.65
2012.89
2018.08
2023.19
2028.15
2032.93
2037.48
2041.8
2045.92
2049.87
2053.69
2057.44
2061.13
2064.8
2068.44
2072.05
2075.59
2079.03
2082.31
2085.37
2088.12
2090.55
2092.65
2094.5
2096.23
2097.96
2099.81
2101.86
2104.15
2106.7
2109.47
2112.41
2115.44
2118.51
2121.54
2124.46
2127.21
2129.74
2132.02
2134.08
2135.95
2137.68
2139.32
2140.89
2142.4
2143.85
2145.24
2146.57
2147.84
2149.04
2150.16
2151.21
2152.22
2153.21
2154.19
2155.16
2156.1
2156.95
2157.64
2158.13
2158.42
2158.55
2158.64
2158.8
2159.09
2159.53
2160.09
2160.68
2161.26
2161.81
2162.35
2162.9
2163.5
2164.16
2164.89
2165.69
2166.55
2167.42
2168.25
2168.99
2169.63
2170.15
2170.56
2170.88
2171.12
2171.3
2171.45
2171.58
2171.7
2171.83
2171.97
2172.13
2172.32
2172.53
2172.78
2173.07
2173.39
2173.73
2174.09
2174.48
2174.87
2175.27
2175.67
2176.07
2176.46
2176.85
2177.23
2177.6
2177.95
2178.29
2178.61
2178.92
2179.2
2179.46
2179.66
2179.81
2179.87
1676.39
1679.07
1685.2
1693.66
1703.41
1713.76
1724.37
1735.04
1745.61
1755.97
1766.02
1775.74
1785.12
1794.16
1802.86
1811.2
1819.18
1826.85
1834.25
1841.49
1848.68
1855.9
1863.17
1870.51
1877.92
1885.43
1893.08
1900.87
1908.71
1916.48
1924.04
1931.3
1938.27
1944.97
1951.47
1957.81
1964
1970.04
1975.93
1981.67
1987.26
1992.73
1998.09
2003.38
2008.63
2013.83
2018.94
2023.92
2028.74
2033.37
2037.79
2042.04
2046.13
2050.11
2054
2057.83
2061.6
2065.33
2068.98
2072.55
2075.98
2079.24
2082.26
2084.99
2087.41
2089.54
2091.44
2093.24
2095.05
2096.98
2099.11
2101.47
2104.07
2106.88
2109.83
2112.88
2115.95
2118.99
2121.93
2124.73
2127.32
2129.7
2131.85
2133.82
2135.63
2137.34
2138.95
2140.46
2141.89
2143.26
2144.59
2145.88
2147.14
2148.34
2149.49
2150.61
2151.7
2152.77
2153.82
2154.81
2155.69
2156.4
2156.91
2157.23
2157.4
2157.54
2157.73
2158.03
2158.45
2158.94
2159.43
2159.88
2160.26
2160.63
2161.02
2161.47
2162.03
2162.71
2163.5
2164.38
2165.28
2166.15
2166.94
2167.64
2168.22
2168.7
2169.1
2169.42
2169.69
2169.93
2170.14
2170.35
2170.56
2170.78
2171.02
2171.28
2171.56
2171.88
2172.22
2172.6
2173
2173.42
2173.85
2174.3
2174.75
2175.19
2175.64
2176.08
2176.5
2176.92
2177.32
2177.71
2178.08
2178.43
2178.76
2179.06
2179.33
2179.56
2179.71
2179.78
1666.67
1669.33
1675.4
1683.78
1693.44
1703.71
1714.26
1724.9
1735.48
1745.85
1755.95
1765.73
1775.2
1784.36
1793.19
1801.67
1809.81
1817.63
1825.21
1832.67
1840.1
1847.59
1855.15
1862.8
1870.52
1878.33
1886.25
1894.25
1902.25
1910.11
1917.73
1925.05
1932.1
1938.92
1945.59
1952.13
1958.55
1964.84
1970.96
1976.91
1982.68
1988.27
1993.73
1999.08
2004.34
2009.51
2014.58
2019.53
2024.34
2028.99
2033.49
2037.85
2042.07
2046.19
2050.22
2054.18
2058.06
2061.86
2065.57
2069.16
2072.6
2075.84
2078.85
2081.58
2084.04
2086.24
2088.26
2090.18
2092.13
2094.19
2096.42
2098.88
2101.54
2104.37
2107.32
2110.33
2113.36
2116.36
2119.3
2122.1
2124.74
2127.19
2129.44
2131.52
2133.46
2135.27
2136.95
2138.49
2139.94
2141.31
2142.66
2143.99
2145.29
2146.55
2147.77
2148.97
2150.15
2151.3
2152.41
2153.45
2154.36
2155.11
2155.67
2156.05
2156.3
2156.51
2156.74
2157.05
2157.44
2157.86
2158.26
2158.59
2158.86
2159.1
2159.38
2159.74
2160.24
2160.88
2161.66
2162.53
2163.43
2164.29
2165.08
2165.79
2166.4
2166.94
2167.39
2167.78
2168.13
2168.44
2168.74
2169.03
2169.32
2169.62
2169.93
2170.26
2170.61
2170.99
2171.4
2171.83
2172.28
2172.75
2173.24
2173.73
2174.23
2174.72
2175.21
2175.69
2176.16
2176.61
2177.04
2177.46
2177.85
2178.23
2178.58
2178.9
2179.19
2179.42
2179.59
2179.66
1657.17
1659.8
1665.8
1674.09
1683.63
1693.77
1704.21
1714.75
1725.23
1735.53
1745.58
1755.36
1764.88
1774.15
1783.14
1791.8
1800.12
1808.13
1815.91
1823.59
1831.29
1839.08
1846.97
1854.95
1863.02
1871.15
1879.34
1887.53
1895.63
1903.52
1911.13
1918.46
1925.55
1932.49
1939.33
1946.1
1952.78
1959.33
1965.72
1971.91
1977.9
1983.68
1989.27
1994.69
1999.97
2005.1
2010.1
2014.98
2019.74
2024.38
2028.92
2033.36
2037.71
2041.96
2046.13
2050.21
2054.2
2058.08
2061.85
2065.47
2068.92
2072.18
2075.2
2077.97
2080.5
2082.82
2084.98
2087.08
2089.2
2091.42
2093.8
2096.35
2099.07
2101.91
2104.83
2107.78
2110.74
2113.68
2116.57
2119.36
2122.01
2124.5
2126.84
2129.05
2131.11
2133.05
2134.83
2136.46
2137.97
2139.39
2140.78
2142.15
2143.48
2144.79
2146.06
2147.32
2148.57
2149.79
2150.97
2152.05
2153.01
2153.82
2154.44
2154.91
2155.25
2155.52
2155.8
2156.12
2156.48
2156.83
2157.14
2157.38
2157.57
2157.74
2157.95
2158.27
2158.73
2159.36
2160.12
2160.96
2161.82
2162.64
2163.4
2164.08
2164.71
2165.28
2165.78
2166.23
2166.64
2167.02
2167.39
2167.75
2168.12
2168.5
2168.88
2169.28
2169.7
2170.14
2170.6
2171.09
2171.59
2172.11
2172.65
2173.19
2173.73
2174.27
2174.79
2175.31
2175.81
2176.29
2176.76
2177.2
2177.62
2178.02
2178.39
2178.73
2179.03
2179.28
2179.46
2179.53
1647.81
1650.42
1656.36
1664.55
1673.97
1683.97
1694.25
1704.63
1714.95
1725.09
1735
1744.71
1754.26
1763.64
1772.81
1781.69
1790.23
1798.46
1806.48
1814.41
1822.38
1830.47
1838.68
1846.99
1855.39
1863.82
1872.25
1880.59
1888.74
1896.63
1904.21
1911.53
1918.67
1925.73
1932.75
1939.75
1946.7
1953.53
1960.2
1966.67
1972.9
1978.88
1984.63
1990.14
1995.44
2000.54
2005.47
2010.25
2014.94
2019.56
2024.12
2028.64
2033.09
2037.47
2041.76
2045.96
2050.06
2054.03
2057.85
2061.52
2065
2068.28
2071.35
2074.2
2076.83
2079.3
2081.64
2083.93
2086.25
2088.65
2091.18
2093.85
2096.63
2099.47
2102.34
2105.22
2108.09
2110.95
2113.77
2116.5
2119.13
2121.65
2124.06
2126.36
2128.57
2130.65
2132.57
2134.33
2135.95
2137.48
2138.94
2140.36
2141.73
2143.07
2144.39
2145.7
2147
2148.29
2149.51
2150.65
2151.67
2152.54
2153.25
2153.8
2154.23
2154.59
2154.91
2155.23
2155.55
2155.85
2156.09
2156.26
2156.39
2156.51
2156.69
2156.99
2157.43
2158.03
2158.76
2159.56
2160.37
2161.13
2161.83
2162.5
2163.13
2163.72
2164.27
2164.77
2165.24
2165.69
2166.12
2166.56
2167
2167.44
2167.89
2168.35
2168.83
2169.33
2169.85
2170.38
2170.94
2171.51
2172.08
2172.67
2173.25
2173.82
2174.39
2174.94
2175.47
2175.98
2176.47
2176.94
2177.38
2177.79
2178.18
2178.54
2178.86
2179.13
2179.32
2179.4
1638.49
1641.09
1647
1655.12
1664.42
1674.28
1684.39
1694.56
1704.66
1714.58
1724.31
1733.92
1743.48
1752.98
1762.35
1771.48
1780.29
1788.79
1797.08
1805.27
1813.51
1821.87
1830.37
1838.97
1847.65
1856.32
1864.93
1873.38
1881.57
1889.45
1897.01
1904.34
1911.55
1918.74
1925.96
1933.19
1940.39
1947.5
1954.44
1961.17
1967.64
1973.83
1979.74
1985.36
1990.7
1995.78
2000.64
2005.35
2009.97
2014.56
2019.15
2023.73
2028.28
2032.77
2037.18
2041.5
2045.69
2049.73
2053.62
2057.34
2060.86
2064.2
2067.34
2070.29
2073.06
2075.7
2078.23
2080.74
2083.26
2085.85
2088.54
2091.32
2094.15
2097
2099.82
2102.63
2105.42
2108.19
2110.92
2113.57
2116.14
2118.65
2121.1
2123.5
2125.84
2128.07
2130.16
2132.1
2133.88
2135.54
2137.11
2138.6
2140.02
2141.4
2142.75
2144.11
2145.47
2146.81
2148.09
2149.29
2150.37
2151.31
2152.1
2152.75
2153.27
2153.69
2154.06
2154.39
2154.68
2154.92
2155.11
2155.23
2155.32
2155.42
2155.57
2155.84
2156.25
2156.82
2157.51
2158.25
2158.99
2159.69
2160.36
2161.01
2161.65
2162.27
2162.86
2163.42
2163.94
2164.45
2164.95
2165.45
2165.96
2166.46
2166.97
2167.5
2168.03
2168.58
2169.14
2169.73
2170.33
2170.94
2171.55
2172.17
2172.79
2173.4
2173.99
2174.57
2175.13
2175.67
2176.18
2176.67
2177.13
2177.56
2177.97
2178.34
2178.68
2178.97
2179.17
2179.26
1629.12
1631.72
1637.61
1645.69
1654.92
1664.64
1674.57
1684.54
1694.4
1704.09
1713.64
1723.16
1732.74
1742.37
1751.97
1761.37
1770.48
1779.29
1787.85
1796.32
1804.81
1813.4
1822.13
1830.96
1839.83
1848.68
1857.42
1865.94
1874.16
1882.05
1889.64
1897.02
1904.33
1911.66
1919.07
1926.52
1933.96
1941.3
1948.47
1955.42
1962.11
1968.49
1974.55
1980.29
1985.69
1990.78
1995.61
2000.27
2004.85
2009.44
2014.06
2018.71
2023.35
2027.94
2032.45
2036.85
2041.13
2045.24
2049.19
2052.96
2056.55
2059.96
2063.19
2066.26
2069.2
2072.02
2074.76
2077.48
2080.21
2082.99
2085.83
2088.71
2091.6
2094.45
2097.26
2100.02
2102.74
2105.41
2108.03
2110.58
2113.07
2115.54
2118.02
2120.5
2122.96
2125.36
2127.65
2129.78
2131.76
2133.59
2135.29
2136.87
2138.35
2139.78
2141.19
2142.59
2144
2145.39
2146.73
2147.98
2149.13
2150.15
2151.03
2151.76
2152.36
2152.85
2153.25
2153.59
2153.86
2154.08
2154.22
2154.32
2154.38
2154.45
2154.57
2154.81
2155.18
2155.69
2156.32
2157
2157.68
2158.34
2158.98
2159.63
2160.29
2160.94
2161.58
2162.19
2162.77
2163.33
2163.9
2164.46
2165.02
2165.58
2166.14
2166.71
2167.29
2167.89
2168.5
2169.12
2169.76
2170.4
2171.05
2171.71
2172.35
2172.99
2173.61
2174.22
2174.8
2175.36
2175.89
2176.4
2176.88
2177.33
2177.75
2178.14
2178.5
2178.8
2179.01
2179.11
1619.62
1622.22
1628.12
1636.19
1645.36
1654.99
1664.77
1674.54
1684.2
1693.71
1703.14
1712.62
1722.27
1732.07
1741.89
1751.57
1760.98
1770.08
1778.93
1787.64
1796.35
1805.14
1814.04
1823.02
1832.03
1840.99
1849.8
1858.37
1866.64
1874.57
1882.23
1889.71
1897.14
1904.63
1912.21
1919.85
1927.47
1934.99
1942.35
1949.48
1956.33
1962.87
1969.07
1974.92
1980.4
1985.54
1990.4
1995.06
1999.65
2004.26
2008.93
2013.65
2018.36
2023.03
2027.61
2032.08
2036.41
2040.58
2044.58
2048.41
2052.06
2055.56
2058.9
2062.12
2065.23
2068.25
2071.21
2074.14
2077.08
2080.04
2083.02
2086
2088.95
2091.84
2094.64
2097.37
2100.04
2102.62
2105.13
2107.56
2109.96
2112.38
2114.87
2117.43
2120.03
2122.59
2125.07
2127.41
2129.59
2131.6
2133.45
2135.15
2136.73
2138.23
2139.7
2141.16
2142.62
2144.06
2145.45
2146.76
2147.98
2149.07
2150.02
2150.83
2151.5
2152.05
2152.49
2152.84
2153.12
2153.31
2153.44
2153.51
2153.55
2153.6
2153.7
2153.9
2154.22
2154.67
2155.22
2155.83
2156.46
2157.1
2157.73
2158.39
2159.07
2159.77
2160.45
2161.11
2161.75
2162.37
2162.98
2163.59
2164.19
2164.79
2165.4
2166.01
2166.63
2167.26
2167.9
2168.56
2169.23
2169.91
2170.59
2171.27
2171.94
2172.61
2173.25
2173.88
2174.48
2175.06
2175.61
2176.13
2176.62
2177.08
2177.52
2177.93
2178.3
2178.62
2178.85
2178.95
1609.96
1612.57
1618.49
1626.56
1635.72
1645.29
1654.96
1664.6
1674.13
1683.55
1692.96
1702.51
1712.29
1722.27
1732.31
1742.23
1751.89
1761.24
1770.34
1779.28
1788.17
1797.11
1806.13
1815.2
1824.29
1833.3
1842.16
1850.78
1859.11
1867.13
1874.9
1882.52
1890.1
1897.74
1905.47
1913.25
1921
1928.64
1936.11
1943.35
1950.32
1956.99
1963.32
1969.28
1974.87
1980.1
1985.03
1989.76
1994.42
1999.1
2003.83
2008.61
2013.38
2018.1
2022.72
2027.22
2031.58
2035.78
2039.82
2043.69
2047.42
2051.01
2054.48
2057.86
2061.15
2064.37
2067.55
2070.7
2073.84
2076.97
2080.09
2083.18
2086.2
2089.13
2091.96
2094.68
2097.3
2099.81
2102.2
2104.52
2106.83
2109.23
2111.75
2114.39
2117.1
2119.83
2122.49
2125.03
2127.41
2129.6
2131.61
2133.45
2135.15
2136.75
2138.29
2139.82
2141.34
2142.83
2144.28
2145.65
2146.92
2148.07
2149.08
2149.96
2150.69
2151.29
2151.77
2152.15
2152.43
2152.63
2152.75
2152.82
2152.85
2152.89
2152.97
2153.13
2153.4
2153.79
2154.27
2154.82
2155.42
2156.03
2156.68
2157.36
2158.07
2158.8
2159.52
2160.23
2160.91
2161.58
2162.22
2162.86
2163.49
2164.12
2164.75
2165.39
2166.03
2166.7
2167.37
2168.06
2168.76
2169.46
2170.17
2170.87
2171.56
2172.24
2172.9
2173.54
2174.16
2174.75
2175.32
2175.85
2176.35
2176.83
2177.28
2177.7
2178.09
2178.43
2178.67
2178.77
1600.14
1602.76
1608.71
1616.82
1625.99
1635.55
1645.18
1654.77
1664.28
1673.74
1683.25
1692.96
1702.92
1713.08
1723.3
1733.39
1743.23
1752.78
1762.07
1771.19
1780.24
1789.3
1798.39
1807.53
1816.65
1825.69
1834.59
1843.26
1851.67
1859.81
1867.73
1875.51
1883.26
1891.05
1898.9
1906.77
1914.59
1922.28
1929.79
1937.08
1944.12
1950.87
1957.31
1963.39
1969.11
1974.47
1979.54
1984.41
1989.19
1993.97
1998.79
2003.62
2008.44
2013.17
2017.8
2022.29
2026.64
2030.85
2034.9
2038.82
2042.62
2046.31
2049.92
2053.47
2056.96
2060.39
2063.79
2067.15
2070.49
2073.79
2077.04
2080.24
2083.34
2086.33
2089.19
2091.92
2094.5
2096.94
2099.25
2101.49
2103.76
2106.15
2108.71
2111.44
2114.27
2117.13
2119.95
2122.66
2125.21
2127.58
2129.77
2131.76
2133.6
2135.33
2136.98
2138.6
2140.18
2141.73
2143.22
2144.64
2145.95
2147.15
2148.21
2149.13
2149.91
2150.56
2151.08
2151.48
2151.79
2152
2152.14
2152.21
2152.26
2152.3
2152.38
2152.52
2152.75
2153.08
2153.51
2154.02
2154.59
2155.2
2155.86
2156.56
2157.3
2158.07
2158.83
2159.58
2160.3
2160.98
2161.65
2162.29
2162.93
2163.56
2164.2
2164.85
2165.51
2166.2
2166.9
2167.61
2168.33
2169.05
2169.78
2170.5
2171.2
2171.9
2172.57
2173.22
2173.85
2174.45
2175.02
2175.57
2176.08
2176.57
2177.03
2177.47
2177.87
2178.22
2178.48
2178.59
1590.2
1592.84
1598.82
1606.97
1616.19
1625.79
1635.47
1645.12
1654.72
1664.33
1674.04
1683.96
1694.12
1704.45
1714.79
1724.99
1734.95
1744.63
1754.06
1763.32
1772.49
1781.64
1790.79
1799.96
1809.1
1818.17
1827.1
1835.84
1844.35
1852.64
1860.73
1868.7
1876.62
1884.55
1892.48
1900.4
1908.22
1915.9
1923.39
1930.68
1937.74
1944.55
1951.07
1957.28
1963.14
1968.67
1973.92
1978.98
1983.93
1988.85
1993.77
1998.67
2003.51
2008.25
2012.85
2017.31
2021.62
2025.8
2029.86
2033.8
2037.67
2041.47
2045.23
2048.96
2052.65
2056.3
2059.92
2063.49
2067.01
2070.47
2073.86
2077.16
2080.35
2083.4
2086.31
2089.05
2091.63
2094.03
2096.29
2098.5
2100.78
2103.21
2105.83
2108.64
2111.57
2114.54
2117.47
2120.31
2123.02
2125.55
2127.89
2130.06
2132.07
2133.94
2135.73
2137.45
2139.12
2140.73
2142.27
2143.72
2145.06
2146.28
2147.38
2148.34
2149.16
2149.84
2150.39
2150.83
2151.16
2151.4
2151.57
2151.68
2151.75
2151.82
2151.9
2152.04
2152.26
2152.57
2152.97
2153.45
2154.01
2154.63
2155.3
2156.03
2156.79
2157.59
2158.38
2159.16
2159.89
2160.58
2161.23
2161.86
2162.48
2163.1
2163.73
2164.38
2165.06
2165.76
2166.48
2167.21
2167.94
2168.68
2169.42
2170.15
2170.87
2171.57
2172.25
2172.91
2173.54
2174.15
2174.73
2175.28
2175.8
2176.3
2176.77
2177.22
2177.64
2178
2178.27
2178.38
1580.17
1582.83
1588.85
1597.06
1606.37
1616.06
1625.85
1635.64
1645.44
1655.27
1665.23
1675.38
1685.73
1696.2
1706.62
1716.88
1726.9
1736.65
1746.19
1755.56
1764.83
1774.05
1783.26
1792.46
1801.62
1810.71
1819.68
1828.5
1837.13
1845.58
1853.86
1862.02
1870.11
1878.16
1886.16
1894.08
1901.87
1909.49
1916.92
1924.17
1931.22
1938.06
1944.65
1950.96
1956.97
1962.68
1968.14
1973.41
1978.56
1983.65
1988.7
1993.69
1998.57
2003.3
2007.86
2012.26
2016.51
2020.65
2024.68
2028.66
2032.59
2036.51
2040.43
2044.34
2048.24
2052.11
2055.94
2059.71
2063.41
2067.03
2070.56
2073.96
2077.24
2080.36
2083.32
2086.09
2088.68
2091.09
2093.37
2095.62
2097.95
2100.44
2103.14
2106.03
2109.03
2112.07
2115.08
2118.01
2120.82
2123.48
2125.98
2128.31
2130.49
2132.54
2134.48
2136.34
2138.11
2139.8
2141.38
2142.85
2144.21
2145.44
2146.55
2147.53
2148.38
2149.1
2149.69
2150.16
2150.53
2150.82
2151.03
2151.18
2151.3
2151.4
2151.53
2151.69
2151.92
2152.23
2152.62
2153.1
2153.66
2154.28
2154.97
2155.72
2156.51
2157.32
2158.14
2158.92
2159.65
2160.32
2160.94
2161.53
2162.12
2162.71
2163.33
2163.99
2164.67
2165.38
2166.11
2166.85
2167.6
2168.35
2169.1
2169.83
2170.56
2171.26
2171.95
2172.61
2173.24
2173.85
2174.43
2174.99
2175.52
2176.02
2176.5
2176.96
2177.39
2177.77
2178.04
2178.16
1570.06
1572.74
1578.82
1587.11
1596.53
1606.36
1616.31
1626.3
1636.32
1646.4
1656.61
1666.98
1677.5
1688.07
1698.56
1708.86
1718.91
1728.72
1738.33
1747.8
1757.16
1766.46
1775.73
1784.96
1794.16
1803.28
1812.31
1821.21
1829.96
1838.57
1847.04
1855.4
1863.65
1871.81
1879.86
1887.77
1895.5
1903.03
1910.38
1917.56
1924.58
1931.42
1938.05
1944.45
1950.59
1956.47
1962.13
1967.62
1972.99
1978.27
1983.48
1988.57
1993.5
1998.25
2002.78
2007.13
2011.32
2015.39
2019.4
2023.4
2027.4
2031.45
2035.53
2039.64
2043.75
2047.83
2051.87
2055.84
2059.71
2063.48
2067.13
2070.65
2074.01
2077.21
2080.23
2083.06
2085.7
2088.17
2090.53
2092.86
2095.28
2097.87
2100.65
2103.59
2106.64
2109.72
2112.77
2115.74
2118.61
2121.36
2123.99
2126.47
2128.82
2131.06
2133.17
2135.19
2137.08
2138.86
2140.49
2141.99
2143.35
2144.58
2145.7
2146.69
2147.56
2148.31
2148.93
2149.45
2149.86
2150.2
2150.47
2150.68
2150.86
2151.03
2151.21
2151.42
2151.69
2152.02
2152.43
2152.92
2153.49
2154.12
2154.83
2155.59
2156.39
2157.21
2158.02
2158.8
2159.5
2160.14
2160.72
2161.26
2161.81
2162.38
2162.99
2163.64
2164.33
2165.05
2165.78
2166.54
2167.29
2168.05
2168.8
2169.54
2170.27
2170.97
2171.65
2172.31
2172.95
2173.55
2174.14
2174.69
2175.22
2175.73
2176.22
2176.69
2177.13
2177.52
2177.8
2177.92
1559.86
1562.57
1568.71
1577.12
1586.67
1596.66
1606.8
1617
1627.24
1637.55
1647.98
1658.53
1669.19
1679.85
1690.39
1700.73
1710.82
1720.7
1730.39
1739.95
1749.41
1758.8
1768.13
1777.42
1786.66
1795.83
1804.92
1813.9
1822.78
1831.54
1840.19
1848.73
1857.13
1865.39
1873.48
1881.38
1889.05
1896.51
1903.77
1910.88
1917.85
1924.67
1931.31
1937.76
1943.99
1950.01
1955.85
1961.54
1967.12
1972.6
1977.98
1983.21
1988.24
1993.03
1997.57
2001.89
2006.03
2010.06
2014.05
2018.07
2022.16
2026.34
2030.6
2034.9
2039.22
2043.51
2047.75
2051.89
2055.93
2059.84
2063.6
2067.23
2070.69
2073.97
2077.08
2079.99
2082.72
2085.3
2087.77
2090.23
2092.76
2095.45
2098.3
2101.29
2104.36
2107.45
2110.5
2113.48
2116.38
2119.19
2121.9
2124.51
2127.02
2129.42
2131.72
2133.9
2135.94
2137.82
2139.52
2141.05
2142.42
2143.66
2144.78
2145.78
2146.67
2147.44
2148.1
2148.66
2149.13
2149.52
2149.86
2150.15
2150.41
2150.66
2150.91
2151.19
2151.51
2151.89
2152.34
2152.85
2153.44
2154.09
2154.8
2155.56
2156.36
2157.17
2157.96
2158.71
2159.38
2159.97
2160.5
2161.01
2161.53
2162.08
2162.69
2163.34
2164.03
2164.76
2165.5
2166.26
2167.03
2167.79
2168.54
2169.28
2170
2170.69
2171.37
2172.02
2172.65
2173.25
2173.83
2174.38
2174.91
2175.42
2175.92
2176.39
2176.85
2177.24
2177.54
2177.66
1549.54
1552.28
1558.51
1567.05
1576.76
1586.94
1597.28
1607.68
1618.12
1628.62
1639.2
1649.88
1660.63
1671.36
1681.97
1692.37
1702.54
1712.5
1722.3
1731.96
1741.53
1751.01
1760.42
1769.78
1779.08
1788.31
1797.46
1806.53
1815.53
1824.44
1833.25
1841.94
1850.49
1858.84
1866.98
1874.87
1882.5
1889.9
1897.1
1904.15
1911.06
1917.84
1924.46
1930.92
1937.2
1943.3
1949.26
1955.12
1960.89
1966.57
1972.13
1977.53
1982.69
1987.58
1992.18
1996.52
2000.66
2004.68
2008.68
2012.74
2016.93
2021.24
2025.67
2030.17
2034.69
2039.18
2043.6
2047.91
2052.08
2056.11
2059.99
2063.72
2067.28
2070.67
2073.88
2076.91
2079.76
2082.47
2085.09
2087.7
2090.36
2093.14
2096.05
2099.07
2102.15
2105.21
2108.24
2111.22
2114.12
2116.95
2119.71
2122.41
2125.04
2127.6
2130.07
2132.42
2134.61
2136.62
2138.41
2139.99
2141.39
2142.64
2143.77
2144.79
2145.69
2146.48
2147.18
2147.77
2148.3
2148.76
2149.17
2149.55
2149.9
2150.24
2150.59
2150.96
2151.36
2151.8
2152.3
2152.85
2153.46
2154.12
2154.83
2155.59
2156.36
2157.14
2157.9
2158.6
2159.22
2159.77
2160.26
2160.75
2161.25
2161.81
2162.42
2163.08
2163.78
2164.51
2165.26
2166.02
2166.79
2167.55
2168.3
2169.03
2169.74
2170.43
2171.1
2171.74
2172.36
2172.95
2173.52
2174.07
2174.6
2175.11
2175.6
2176.09
2176.55
2176.95
2177.25
2177.38
1539.05
1541.84
1548.19
1556.89
1566.8
1577.19
1587.74
1598.33
1608.94
1619.57
1630.26
1641
1651.79
1662.56
1673.23
1683.72
1694
1704.09
1714.01
1723.79
1733.47
1743.05
1752.56
1762
1771.37
1780.68
1789.92
1799.08
1808.19
1817.23
1826.18
1835.01
1843.67
1852.1
1860.28
1868.19
1875.82
1883.2
1890.36
1897.36
1904.21
1910.94
1917.52
1923.95
1930.23
1936.36
1942.4
1948.37
1954.3
1960.16
1965.91
1971.5
1976.84
1981.88
1986.6
1991.03
1995.22
1999.29
2003.35
2007.49
2011.78
2016.24
2020.83
2025.51
2030.22
2034.88
2039.46
2043.9
2048.2
2052.33
2056.31
2060.14
2063.8
2067.31
2070.64
2073.81
2076.81
2079.69
2082.47
2085.23
2088.02
2090.89
2093.85
2096.88
2099.94
2102.99
2105.99
2108.93
2111.81
2114.63
2117.41
2120.15
2122.87
2125.55
2128.17
2130.68
2133.04
2135.19
2137.1
2138.77
2140.23
2141.51
2142.66
2143.69
2144.61
2145.43
2146.14
2146.78
2147.36
2147.89
2148.38
2148.85
2149.3
2149.75
2150.21
2150.68
2151.18
2151.7
2152.26
2152.86
2153.5
2154.17
2154.88
2155.62
2156.36
2157.1
2157.8
2158.45
2159.03
2159.54
2160.01
2160.48
2160.99
2161.55
2162.17
2162.85
2163.56
2164.29
2165.05
2165.81
2166.58
2167.33
2168.07
2168.8
2169.5
2170.17
2170.83
2171.45
2172.06
2172.64
2173.2
2173.74
2174.27
2174.78
2175.27
2175.76
2176.23
2176.64
2176.95
2177.08
1528.41
1531.26
1537.75
1546.66
1556.81
1567.45
1578.22
1589
1599.76
1610.5
1621.23
1631.97
1642.74
1653.5
1664.21
1674.8
1685.22
1695.46
1705.52
1715.44
1725.22
1734.91
1744.51
1754.05
1763.53
1772.95
1782.28
1791.56
1800.77
1809.93
1819
1827.93
1836.66
1845.16
1853.38
1861.31
1868.96
1876.35
1883.52
1890.5
1897.32
1903.99
1910.51
1916.89
1923.12
1929.24
1935.3
1941.35
1947.4
1953.42
1959.36
1965.14
1970.69
1975.93
1980.84
1985.43
1989.76
1993.95
1998.12
2002.38
2006.8
2011.39
2016.14
2020.98
2025.84
2030.65
2035.35
2039.9
2044.28
2048.5
2052.57
2056.48
2060.25
2063.88
2067.36
2070.68
2073.86
2076.91
2079.86
2082.77
2085.69
2088.65
2091.65
2094.69
2097.73
2100.75
2103.72
2106.62
2109.46
2112.24
2114.99
2117.75
2120.51
2123.28
2126.01
2128.67
2131.18
2133.48
2135.54
2137.34
2138.9
2140.26
2141.45
2142.51
2143.44
2144.27
2145
2145.68
2146.31
2146.9
2147.48
2148.05
2148.61
2149.18
2149.76
2150.34
2150.95
2151.56
2152.2
2152.85
2153.52
2154.21
2154.92
2155.63
2156.34
2157.03
2157.68
2158.28
2158.81
2159.3
2159.76
2160.24
2160.76
2161.33
2161.97
2162.65
2163.37
2164.11
2164.87
2165.63
2166.39
2167.14
2167.87
2168.58
2169.26
2169.92
2170.56
2171.17
2171.76
2172.33
2172.88
2173.41
2173.93
2174.43
2174.93
2175.42
2175.89
2176.31
2176.62
2176.76
1517.64
1520.57
1527.25
1536.41
1546.86
1557.78
1568.81
1579.8
1590.71
1601.52
1612.24
1622.9
1633.57
1644.27
1654.98
1665.66
1676.22
1686.63
1696.85
1706.9
1716.79
1726.58
1736.29
1745.95
1755.57
1765.11
1774.59
1783.99
1793.32
1802.57
1811.72
1820.71
1829.47
1837.99
1846.23
1854.2
1861.89
1869.34
1876.54
1883.54
1890.34
1896.98
1903.45
1909.75
1915.91
1921.99
1928.05
1934.14
1940.28
1946.43
1952.54
1958.52
1964.29
1969.78
1974.93
1979.75
1984.3
1988.69
1993.04
1997.45
2002.02
2006.75
2011.63
2016.6
2021.59
2026.51
2031.29
2035.91
2040.35
2044.62
2048.75
2052.75
2056.63
2060.39
2064.02
2067.52
2070.87
2074.11
2077.24
2080.31
2083.35
2086.38
2089.43
2092.47
2095.5
2098.49
2101.41
2104.26
2107.04
2109.77
2112.48
2115.21
2117.99
2120.81
2123.62
2126.39
2129.03
2131.49
2133.72
2135.67
2137.38
2138.85
2140.12
2141.22
2142.17
2143.01
2143.77
2144.47
2145.14
2145.81
2146.46
2147.13
2147.81
2148.5
2149.21
2149.93
2150.65
2151.37
2152.08
2152.8
2153.51
2154.22
2154.93
2155.62
2156.3
2156.94
2157.55
2158.1
2158.6
2159.07
2159.54
2160.02
2160.56
2161.15
2161.8
2162.49
2163.21
2163.96
2164.71
2165.47
2166.22
2166.96
2167.67
2168.37
2169.03
2169.67
2170.29
2170.88
2171.45
2172
2172.54
2173.06
2173.57
2174.07
2174.56
2175.05
2175.53
2175.95
2176.27
2176.41
1506.83
1509.86
1516.75
1526.22
1537.01
1548.27
1559.59
1570.82
1581.87
1592.72
1603.37
1613.89
1624.39
1634.97
1645.65
1656.38
1667.08
1677.65
1688.02
1698.19
1708.19
1718.08
1727.92
1737.72
1747.5
1757.22
1766.86
1776.4
1785.84
1795.18
1804.36
1813.35
1822.09
1830.58
1838.82
1846.82
1854.58
1862.1
1869.39
1876.44
1883.28
1889.91
1896.33
1902.56
1908.66
1914.69
1920.74
1926.86
1933.06
1939.31
1945.56
1951.74
1957.74
1963.5
1968.94
1974.05
1978.88
1983.53
1988.1
1992.72
1997.44
2002.31
2007.32
2012.4
2017.48
2022.46
2027.28
2031.92
2036.38
2040.68
2044.86
2048.94
2052.93
2056.82
2060.61
2064.29
2067.84
2071.27
2074.58
2077.81
2080.97
2084.09
2087.17
2090.22
2093.23
2096.19
2099.06
2101.85
2104.55
2107.21
2109.87
2112.57
2115.35
2118.18
2121.04
2123.88
2126.62
2129.22
2131.6
2133.74
2135.61
2137.24
2138.62
2139.8
2140.8
2141.66
2142.44
2143.17
2143.89
2144.61
2145.35
2146.11
2146.9
2147.72
2148.57
2149.43
2150.28
2151.11
2151.91
2152.7
2153.45
2154.19
2154.9
2155.58
2156.24
2156.85
2157.42
2157.94
2158.43
2158.89
2159.36
2159.85
2160.4
2161
2161.66
2162.35
2163.08
2163.82
2164.57
2165.32
2166.06
2166.79
2167.49
2168.16
2168.8
2169.42
2170.01
2170.58
2171.13
2171.66
2172.18
2172.69
2173.19
2173.68
2174.18
2174.66
2175.14
2175.57
2175.89
2176.03
1496.03
1499.17
1506.34
1516.16
1527.34
1538.98
1550.63
1562.1
1573.29
1584.14
1594.67
1605
1615.29
1625.71
1636.32
1647.09
1657.9
1668.59
1679.09
1689.37
1699.47
1709.47
1719.44
1729.42
1739.39
1749.3
1759.11
1768.79
1778.33
1787.72
1796.9
1805.84
1814.51
1822.93
1831.14
1839.17
1847
1854.63
1862.03
1869.19
1876.09
1882.75
1889.16
1895.35
1901.4
1907.4
1913.46
1919.61
1925.86
1932.19
1938.56
1944.9
1951.14
1957.17
1962.93
1968.37
1973.52
1978.47
1983.31
1988.15
1993.06
1998.07
2003.19
2008.36
2013.48
2018.48
2023.3
2027.92
2032.36
2036.67
2040.88
2045.04
2049.13
2053.17
2057.13
2061
2064.74
2068.37
2071.86
2075.25
2078.54
2081.74
2084.87
2087.93
2090.93
2093.84
2096.65
2099.36
2101.99
2104.58
2107.19
2109.86
2112.62
2115.45
2118.32
2121.19
2123.99
2126.68
2129.2
2131.51
2133.57
2135.38
2136.91
2138.21
2139.28
2140.2
2141.01
2141.79
2142.55
2143.34
2144.15
2145
2145.91
2146.87
2147.86
2148.86
2149.84
2150.79
2151.68
2152.54
2153.35
2154.11
2154.84
2155.52
2156.16
2156.76
2157.31
2157.81
2158.29
2158.75
2159.22
2159.73
2160.28
2160.89
2161.54
2162.24
2162.96
2163.7
2164.45
2165.19
2165.91
2166.62
2167.3
2167.94
2168.56
2169.15
2169.72
2170.26
2170.79
2171.31
2171.81
2172.3
2172.79
2173.28
2173.77
2174.26
2174.73
2175.16
2175.48
2175.62
1485.3
1488.58
1496.05
1506.27
1517.88
1529.92
1541.93
1553.65
1564.95
1575.78
1586.17
1596.29
1606.36
1616.61
1627.14
1637.91
1648.77
1659.56
1670.15
1680.51
1690.71
1700.82
1710.95
1721.11
1731.27
1741.37
1751.33
1761.13
1770.74
1780.13
1789.27
1798.12
1806.7
1815.04
1823.21
1831.26
1839.18
1846.94
1854.48
1861.78
1868.79
1875.5
1881.94
1888.14
1894.19
1900.22
1906.3
1912.49
1918.79
1925.18
1931.64
1938.14
1944.59
1950.9
1956.97
1962.76
1968.25
1973.52
1978.64
1983.72
1988.82
1993.98
1999.19
2004.41
2009.55
2014.52
2019.29
2023.86
2028.26
2032.57
2036.81
2041.04
2045.26
2049.44
2053.58
2057.63
2061.58
2065.39
2069.07
2072.62
2076.03
2079.33
2082.51
2085.59
2088.57
2091.43
2094.18
2096.82
2099.38
2101.92
2104.49
2107.14
2109.88
2112.68
2115.53
2118.38
2121.19
2123.92
2126.54
2128.99
2131.23
2133.22
2134.94
2136.39
2137.59
2138.6
2139.5
2140.34
2141.17
2142.01
2142.9
2143.84
2144.86
2145.95
2147.09
2148.24
2149.35
2150.41
2151.4
2152.32
2153.18
2153.98
2154.73
2155.43
2156.07
2156.66
2157.2
2157.71
2158.18
2158.65
2159.12
2159.63
2160.19
2160.79
2161.45
2162.14
2162.85
2163.59
2164.32
2165.05
2165.75
2166.44
2167.09
2167.72
2168.31
2168.87
2169.41
2169.93
2170.43
2170.92
2171.41
2171.89
2172.37
2172.85
2173.33
2173.82
2174.3
2174.73
2175.05
2175.19
1474.68
1478.12
1485.91
1496.57
1508.63
1521.09
1533.43
1545.39
1556.81
1567.61
1577.88
1587.81
1597.69
1607.8
1618.24
1628.98
1639.84
1650.65
1661.28
1671.71
1682
1692.24
1702.52
1712.86
1723.19
1733.43
1743.5
1753.35
1762.97
1772.34
1781.42
1790.19
1798.67
1806.93
1815.08
1823.15
1831.17
1839.06
1846.77
1854.22
1861.36
1868.18
1874.7
1880.97
1887.1
1893.19
1899.33
1905.57
1911.91
1918.35
1924.91
1931.55
1938.21
1944.78
1951.16
1957.27
1963.09
1968.67
1974.08
1979.38
1984.66
1989.95
1995.23
2000.47
2005.58
2010.49
2015.19
2019.69
2024.06
2028.36
2032.65
2036.97
2041.31
2045.65
2049.96
2054.21
2058.34
2062.35
2066.21
2069.91
2073.45
2076.84
2080.08
2083.19
2086.15
2088.98
2091.68
2094.26
2096.78
2099.28
2101.84
2104.46
2107.17
2109.94
2112.73
2115.51
2118.27
2120.99
2123.65
2126.19
2128.58
2130.75
2132.67
2134.31
2135.69
2136.85
2137.88
2138.82
2139.74
2140.66
2141.62
2142.66
2143.8
2145.02
2146.3
2147.58
2148.81
2149.97
2151.05
2152.04
2152.95
2153.8
2154.57
2155.29
2155.95
2156.55
2157.1
2157.61
2158.09
2158.57
2159.05
2159.56
2160.11
2160.71
2161.35
2162.03
2162.74
2163.45
2164.17
2164.89
2165.58
2166.24
2166.87
2167.46
2168.02
2168.56
2169.06
2169.55
2170.04
2170.51
2170.98
2171.45
2171.92
2172.4
2172.87
2173.36
2173.83
2174.26
2174.58
2174.72
1464.21
1467.8
1475.95
1487.04
1499.54
1512.4
1525.07
1537.25
1548.78
1559.59
1569.78
1579.6
1589.36
1599.36
1609.71
1620.37
1631.17
1641.95
1652.58
1663.06
1673.43
1683.8
1694.23
1704.71
1715.16
1725.46
1735.54
1745.39
1754.99
1764.32
1773.34
1782.04
1790.46
1798.68
1806.82
1814.94
1823.04
1831.08
1838.94
1846.55
1853.85
1860.82
1867.48
1873.89
1880.14
1886.34
1892.57
1898.88
1905.28
1911.8
1918.46
1925.25
1932.1
1938.9
1945.54
1951.94
1958.06
1963.93
1969.59
1975.1
1980.53
1985.91
1991.22
1996.44
2001.49
2006.32
2010.94
2015.38
2019.72
2024.05
2028.41
2032.84
2037.32
2041.82
2046.31
2050.73
2055.06
2059.24
2063.26
2067.11
2070.78
2074.27
2077.58
2080.71
2083.68
2086.49
2089.16
2091.72
2094.22
2096.71
2099.26
2101.88
2104.56
2107.26
2109.95
2112.62
2115.28
2117.93
2120.57
2123.17
2125.67
2128.01
2130.12
2131.97
2133.57
2134.94
2136.15
2137.24
2138.28
2139.31
2140.37
2141.52
2142.77
2144.12
2145.52
2146.91
2148.25
2149.49
2150.63
2151.68
2152.65
2153.53
2154.34
2155.09
2155.77
2156.4
2156.97
2157.5
2158
2158.49
2158.98
2159.49
2160.04
2160.62
2161.24
2161.9
2162.59
2163.29
2163.99
2164.69
2165.36
2166
2166.6
2167.17
2167.7
2168.2
2168.68
2169.14
2169.6
2170.05
2170.51
2170.97
2171.44
2171.91
2172.38
2172.86
2173.33
2173.76
2174.08
2174.23
1453.89
1457.64
1466.11
1477.62
1490.53
1503.74
1516.7
1529.1
1540.76
1551.63
1561.83
1571.62
1581.34
1591.28
1601.54
1612.09
1622.78
1633.46
1644.06
1654.56
1665.03
1675.52
1686.08
1696.64
1707.11
1717.38
1727.4
1737.18
1746.73
1756.04
1765.05
1773.74
1782.15
1790.37
1798.53
1806.7
1814.9
1823.05
1831.05
1838.81
1846.28
1853.43
1860.29
1866.9
1873.34
1879.7
1886.06
1892.46
1898.95
1905.58
1912.37
1919.31
1926.33
1933.32
1940.17
1946.79
1953.16
1959.26
1965.13
1970.82
1976.36
1981.79
1987.1
1992.25
1997.22
2001.97
2006.51
2010.92
2015.28
2019.66
2024.13
2028.69
2033.32
2037.98
2042.64
2047.24
2051.73
2056.07
2060.25
2064.24
2068.02
2071.6
2074.98
2078.16
2081.15
2083.97
2086.64
2089.2
2091.71
2094.22
2096.78
2099.38
2102.01
2104.63
2107.19
2109.71
2112.23
2114.78
2117.37
2119.98
2122.56
2125.04
2127.34
2129.42
2131.26
2132.88
2134.31
2135.61
2136.82
2137.99
2139.18
2140.44
2141.81
2143.26
2144.76
2146.23
2147.64
2148.94
2150.13
2151.23
2152.24
2153.16
2154.02
2154.8
2155.52
2156.18
2156.79
2157.35
2157.88
2158.4
2158.9
2159.42
2159.95
2160.51
2161.1
2161.73
2162.38
2163.06
2163.75
2164.43
2165.09
2165.71
2166.28
2166.82
2167.32
2167.79
2168.23
2168.67
2169.11
2169.55
2170
2170.45
2170.91
2171.38
2171.85
2172.33
2172.8
2173.23
2173.55
2173.69
1443.72
1447.59
1456.35
1468.21
1481.46
1494.97
1508.17
1520.77
1532.58
1543.57
1553.86
1563.72
1573.48
1583.41
1593.6
1604.01
1614.55
1625.11
1635.64
1646.17
1656.72
1667.33
1677.97
1688.54
1698.94
1709.09
1718.99
1728.69
1738.22
1747.55
1756.61
1765.35
1773.8
1782.06
1790.27
1798.51
1806.78
1815.02
1823.14
1831.04
1838.68
1846.04
1853.14
1860.01
1866.69
1873.26
1879.79
1886.34
1892.98
1899.75
1906.69
1913.77
1920.92
1928.04
1935.03
1941.82
1948.37
1954.66
1960.69
1966.51
1972.12
1977.57
1982.84
1987.91
1992.79
1997.45
2001.96
2006.38
2010.79
2015.28
2019.88
2024.58
2029.36
2034.18
2038.99
2043.74
2048.38
2052.86
2057.17
2061.28
2065.17
2068.83
2072.28
2075.52
2078.55
2081.4
2084.1
2086.69
2089.22
2091.76
2094.33
2096.92
2099.49
2101.99
2104.41
2106.77
2109.14
2111.57
2114.1
2116.71
2119.34
2121.94
2124.41
2126.71
2128.81
2130.69
2132.39
2133.92
2135.35
2136.7
2138.05
2139.45
2140.92
2142.46
2144.01
2145.53
2146.96
2148.29
2149.52
2150.65
2151.7
2152.67
2153.57
2154.4
2155.16
2155.87
2156.52
2157.12
2157.7
2158.24
2158.77
2159.29
2159.81
2160.34
2160.89
2161.47
2162.1
2162.75
2163.43
2164.09
2164.73
2165.33
2165.89
2166.4
2166.86
2167.3
2167.72
2168.13
2168.55
2168.98
2169.42
2169.87
2170.33
2170.8
2171.28
2171.76
2172.23
2172.66
2172.98
2173.12
1433.65
1437.62
1446.58
1458.69
1472.19
1485.92
1499.32
1512.08
1524.05
1535.18
1545.62
1555.64
1565.53
1575.51
1585.65
1595.95
1606.32
1616.74
1627.22
1637.76
1648.4
1659.09
1669.76
1680.27
1690.54
1700.52
1710.28
1719.93
1729.5
1738.92
1748.08
1756.92
1765.45
1773.79
1782.07
1790.37
1798.71
1807.02
1815.22
1823.24
1831.05
1838.65
1846.03
1853.19
1860.16
1867
1873.76
1880.53
1887.35
1894.31
1901.4
1908.6
1915.84
1923.04
1930.11
1937.01
1943.67
1950.08
1956.23
1962.13
1967.8
1973.24
1978.46
1983.47
1988.26
1992.88
1997.38
2001.85
2006.37
2010.99
2015.73
2020.58
2025.5
2030.45
2035.38
2040.26
2045.01
2049.62
2054.03
2058.24
2062.22
2065.96
2069.48
2072.77
2075.85
2078.75
2081.49
2084.12
2086.7
2089.26
2091.83
2094.39
2096.89
2099.28
2101.57
2103.79
2106.02
2108.36
2110.83
2113.43
2116.11
2118.79
2121.42
2123.92
2126.26
2128.41
2130.38
2132.19
2133.86
2135.43
2136.97
2138.51
2140.08
2141.66
2143.23
2144.75
2146.19
2147.52
2148.77
2149.92
2151
2152.01
2152.96
2153.85
2154.67
2155.43
2156.13
2156.79
2157.4
2157.98
2158.53
2159.06
2159.57
2160.07
2160.58
2161.12
2161.71
2162.34
2162.99
2163.65
2164.27
2164.86
2165.39
2165.88
2166.32
2166.73
2167.12
2167.51
2167.91
2168.33
2168.77
2169.23
2169.7
2170.17
2170.65
2171.14
2171.61
2172.04
2172.36
2172.5
1423.65
1427.66
1436.72
1448.96
1462.6
1476.46
1489.98
1502.87
1514.97
1526.27
1536.91
1547.15
1557.24
1567.33
1577.48
1587.68
1597.91
1608.22
1618.65
1629.23
1639.93
1650.68
1661.32
1671.74
1681.85
1691.68
1701.37
1711.03
1720.69
1730.23
1739.51
1748.46
1757.1
1765.54
1773.9
1782.27
1790.66
1799.02
1807.29
1815.42
1823.42
1831.25
1838.93
1846.41
1853.72
1860.87
1867.93
1874.96
1882.03
1889.18
1896.43
1903.72
1911.02
1918.25
1925.36
1932.3
1939.03
1945.51
1951.73
1957.69
1963.38
1968.82
1974.02
1978.98
1983.75
1988.36
1992.91
1997.46
2002.1
2006.86
2011.74
2016.71
2021.75
2026.8
2031.84
2036.8
2041.65
2046.34
2050.83
2055.11
2059.16
2062.97
2066.55
2069.9
2073.03
2075.98
2078.77
2081.45
2084.06
2086.64
2089.19
2091.71
2094.13
2096.44
2098.62
2100.75
2102.92
2105.19
2107.63
2110.22
2112.93
2115.69
2118.43
2121.11
2123.67
2126.07
2128.31
2130.38
2132.31
2134.12
2135.86
2137.54
2139.19
2140.81
2142.37
2143.87
2145.28
2146.6
2147.85
2149.01
2150.12
2151.17
2152.18
2153.12
2154.01
2154.83
2155.59
2156.3
2156.96
2157.57
2158.15
2158.69
2159.19
2159.66
2160.14
2160.65
2161.2
2161.81
2162.44
2163.08
2163.69
2164.26
2164.78
2165.25
2165.67
2166.05
2166.42
2166.79
2167.18
2167.6
2168.05
2168.52
2169
2169.49
2169.97
2170.46
2170.94
2171.37
2171.69
2171.83
1413.66
1417.67
1426.73
1438.97
1452.62
1466.51
1480.07
1493.02
1505.23
1516.71
1527.6
1538.13
1548.46
1558.71
1568.9
1579.05
1589.21
1599.46
1609.87
1620.49
1631.25
1642.01
1652.62
1662.94
1672.94
1682.69
1692.38
1702.11
1711.88
1721.53
1730.92
1739.96
1748.7
1757.24
1765.7
1774.14
1782.59
1791
1799.34
1807.6
1815.78
1823.86
1831.83
1839.65
1847.3
1854.81
1862.21
1869.56
1876.91
1884.28
1891.67
1899.05
1906.37
1913.61
1920.72
1927.66
1934.41
1940.92
1947.18
1953.17
1958.89
1964.34
1969.55
1974.52
1979.31
1983.98
1988.61
1993.29
1998.06
2002.95
2007.94
2013.01
2018.12
2023.24
2028.34
2033.37
2038.28
2043.02
2047.57
2051.9
2056
2059.86
2063.49
2066.89
2070.07
2073.07
2075.91
2078.62
2081.26
2083.84
2086.38
2088.85
2091.21
2093.46
2095.6
2097.71
2099.85
2102.12
2104.56
2107.15
2109.87
2112.68
2115.53
2118.35
2121.09
2123.71
2126.18
2128.5
2130.67
2132.71
2134.63
2136.45
2138.17
2139.81
2141.36
2142.83
2144.21
2145.52
2146.74
2147.92
2149.04
2150.13
2151.19
2152.21
2153.16
2154.05
2154.88
2155.63
2156.33
2156.98
2157.58
2158.13
2158.63
2159.09
2159.55
2160.03
2160.57
2161.15
2161.77
2162.39
2162.98
2163.54
2164.05
2164.5
2164.9
2165.26
2165.61
2165.96
2166.35
2166.78
2167.24
2167.73
2168.23
2168.73
2169.23
2169.73
2170.21
2170.64
2170.96
2171.1
1403.61
1407.59
1416.57
1428.71
1442.26
1456.06
1469.57
1482.54
1494.85
1506.55
1517.73
1528.57
1539.17
1549.59
1559.85
1570
1580.14
1590.39
1600.85
1611.52
1622.31
1633.09
1643.67
1653.94
1663.91
1673.69
1683.44
1693.26
1703.11
1712.82
1722.25
1731.35
1740.18
1748.83
1757.39
1765.93
1774.45
1782.93
1791.37
1799.78
1808.15
1816.48
1824.72
1832.85
1840.85
1848.73
1856.52
1864.23
1871.89
1879.49
1887.03
1894.48
1901.83
1909.06
1916.14
1923.06
1929.78
1936.29
1942.55
1948.56
1954.31
1959.81
1965.06
1970.11
1974.98
1979.76
1984.52
1989.33
1994.23
1999.22
2004.3
2009.42
2014.59
2019.76
2024.9
2029.96
2034.9
2039.68
2044.25
2048.61
2052.73
2056.62
2060.28
2063.72
2066.95
2069.99
2072.88
2075.63
2078.29
2080.87
2083.39
2085.82
2088.16
2090.39
2092.55
2094.68
2096.87
2099.17
2101.63
2104.23
2106.97
2109.83
2112.75
2115.68
2118.56
2121.35
2124.01
2126.53
2128.91
2131.14
2133.22
2135.17
2136.97
2138.64
2140.19
2141.63
2142.99
2144.26
2145.47
2146.64
2147.78
2148.9
2150.02
2151.1
2152.13
2153.09
2153.97
2154.78
2155.51
2156.19
2156.8
2157.36
2157.87
2158.33
2158.79
2159.27
2159.79
2160.36
2160.96
2161.56
2162.14
2162.69
2163.2
2163.65
2164.03
2164.38
2164.7
2165.04
2165.43
2165.87
2166.35
2166.86
2167.39
2167.91
2168.42
2168.92
2169.41
2169.84
2170.16
2170.31
1393.4
1397.33
1406.2
1418.17
1431.53
1445.16
1458.56
1471.5
1483.95
1495.89
1507.4
1518.56
1529.41
1539.98
1550.32
1560.51
1570.7
1581.01
1591.54
1602.28
1613.13
1623.92
1634.51
1644.81
1654.84
1664.71
1674.56
1684.46
1694.32
1704.01
1713.42
1722.54
1731.44
1740.21
1748.91
1757.57
1766.19
1774.79
1783.37
1791.94
1800.51
1809.06
1817.56
1825.98
1834.32
1842.58
1850.77
1858.87
1866.87
1874.73
1882.44
1889.98
1897.35
1904.55
1911.59
1918.45
1925.12
1931.58
1937.83
1943.85
1949.64
1955.21
1960.56
1965.72
1970.73
1975.67
1980.58
1985.54
1990.55
1995.64
2000.77
2005.93
2011.13
2016.32
2021.49
2026.56
2031.51
2036.28
2040.85
2045.21
2049.34
2053.25
2056.93
2060.4
2063.66
2066.75
2069.67
2072.46
2075.15
2077.74
2080.26
2082.69
2085.03
2087.29
2089.5
2091.71
2093.98
2096.35
2098.84
2101.48
2104.24
2107.14
2110.11
2113.12
2116.1
2118.99
2121.78
2124.45
2126.99
2129.38
2131.61
2133.67
2135.55
2137.27
2138.84
2140.28
2141.62
2142.87
2144.06
2145.21
2146.35
2147.51
2148.68
2149.83
2150.93
2151.95
2152.89
2153.73
2154.5
2155.19
2155.81
2156.38
2156.9
2157.38
2157.85
2158.34
2158.87
2159.43
2160.02
2160.6
2161.18
2161.73
2162.24
2162.69
2163.07
2163.4
2163.71
2164.04
2164.43
2164.89
2165.4
2165.93
2166.48
2167.01
2167.54
2168.05
2168.54
2168.97
2169.29
2169.44
1382.9
1386.79
1395.56
1407.37
1420.51
1433.91
1447.13
1460.04
1472.62
1484.84
1496.69
1508.15
1519.22
1529.93
1540.35
1550.61
1560.88
1571.29
1581.93
1592.76
1603.67
1614.51
1625.16
1635.54
1645.69
1655.7
1665.66
1675.58
1685.39
1695
1704.35
1713.47
1722.45
1731.35
1740.2
1749.01
1757.79
1766.54
1775.28
1784.04
1792.82
1801.59
1810.33
1819.02
1827.69
1836.33
1844.94
1853.45
1861.81
1869.94
1877.84
1885.48
1892.87
1900.05
1907.02
1913.79
1920.37
1926.77
1932.99
1939.02
1944.87
1950.52
1955.99
1961.31
1966.5
1971.62
1976.71
1981.82
1986.95
1992.12
1997.3
2002.5
2007.72
2012.93
2018.09
2023.16
2028.08
2032.83
2037.38
2041.71
2045.84
2049.74
2053.43
2056.92
2060.22
2063.34
2066.3
2069.14
2071.86
2074.48
2077.03
2079.49
2081.87
2084.2
2086.5
2088.81
2091.18
2093.64
2096.2
2098.88
2101.69
2104.62
2107.64
2110.69
2113.71
2116.66
2119.52
2122.28
2124.92
2127.43
2129.78
2131.94
2133.91
2135.7
2137.31
2138.78
2140.12
2141.36
2142.53
2143.67
2144.83
2146.02
2147.24
2148.44
2149.6
2150.67
2151.65
2152.52
2153.3
2154
2154.63
2155.2
2155.72
2156.23
2156.72
2157.24
2157.78
2158.35
2158.94
2159.53
2160.11
2160.67
2161.2
2161.66
2162.05
2162.36
2162.66
2162.99
2163.39
2163.86
2164.39
2164.95
2165.5
2166.05
2166.58
2167.09
2167.59
2168.02
2168.35
2168.49
1371.92
1375.81
1384.56
1396.27
1409.22
1422.37
1435.4
1448.26
1460.96
1473.45
1485.62
1497.37
1508.65
1519.48
1529.99
1540.33
1550.69
1561.21
1571.96
1582.89
1593.9
1604.84
1615.59
1626.11
1636.41
1646.55
1656.58
1666.49
1676.22
1685.73
1695.01
1704.14
1713.2
1722.24
1731.26
1740.25
1749.19
1758.12
1767.05
1776.02
1785.02
1794.02
1803
1811.97
1820.97
1830
1839.03
1847.96
1856.68
1865.1
1873.18
1880.92
1888.34
1895.48
1902.36
1909.03
1915.51
1921.83
1928.02
1934.06
1939.97
1945.73
1951.34
1956.83
1962.22
1967.54
1972.83
1978.1
1983.36
1988.61
1993.86
1999.1
2004.34
2009.56
2014.71
2019.74
2024.61
2029.3
2033.8
2038.1
2042.2
2046.09
2049.79
2053.29
2056.61
2059.77
2062.78
2065.67
2068.44
2071.12
2073.72
2076.25
2078.72
2081.14
2083.55
2085.98
2088.47
2091.02
2093.67
2096.42
2099.29
2102.26
2105.31
2108.37
2111.38
2114.32
2117.2
2120
2122.71
2125.3
2127.74
2130
2132.07
2133.94
2135.62
2137.14
2138.51
2139.77
2140.94
2142.09
2143.27
2144.49
2145.74
2147
2148.19
2149.29
2150.29
2151.17
2151.95
2152.64
2153.27
2153.83
2154.37
2154.89
2155.41
2155.96
2156.53
2157.13
2157.73
2158.35
2158.96
2159.55
2160.11
2160.59
2160.98
2161.3
2161.59
2161.92
2162.33
2162.82
2163.36
2163.92
2164.48
2165.02
2165.55
2166.06
2166.56
2167
2167.32
2167.47
1360.28
1364.23
1373.04
1384.76
1397.61
1410.58
1423.45
1436.26
1449.06
1461.77
1474.21
1486.22
1497.7
1508.68
1519.3
1529.74
1540.19
1550.8
1561.64
1572.67
1583.78
1594.85
1605.75
1616.42
1626.87
1637.13
1647.21
1657.1
1666.76
1676.19
1685.43
1694.58
1703.73
1712.92
1722.11
1731.27
1740.39
1749.49
1758.63
1767.83
1777.08
1786.35
1795.61
1804.89
1814.23
1823.66
1833.1
1842.42
1851.47
1860.16
1868.41
1876.25
1883.69
1890.78
1897.58
1904.13
1910.5
1916.76
1922.91
1928.98
1934.95
1940.82
1946.58
1952.25
1957.84
1963.37
1968.86
1974.31
1979.71
1985.08
1990.41
1995.71
2000.98
2006.19
2011.3
2016.26
2021.05
2025.67
2030.1
2034.36
2038.43
2042.31
2046
2049.52
2052.86
2056.06
2059.12
2062.07
2064.91
2067.67
2070.36
2072.98
2075.56
2078.11
2080.65
2083.22
2085.82
2088.49
2091.23
2094.07
2097
2100.02
2103.07
2106.09
2109.06
2111.96
2114.81
2117.61
2120.36
2123.01
2125.52
2127.87
2130.03
2131.99
2133.77
2135.37
2136.8
2138.11
2139.33
2140.51
2141.72
2142.98
2144.27
2145.54
2146.75
2147.86
2148.85
2149.72
2150.48
2151.16
2151.77
2152.32
2152.86
2153.39
2153.94
2154.52
2155.13
2155.77
2156.42
2157.08
2157.73
2158.37
2158.96
2159.47
2159.89
2160.22
2160.52
2160.86
2161.28
2161.78
2162.31
2162.87
2163.41
2163.94
2164.46
2164.96
2165.45
2165.89
2166.22
2166.37
1347.8
1351.83
1360.82
1372.69
1385.59
1398.54
1411.35
1424.16
1437.04
1449.91
1462.55
1474.76
1486.44
1497.6
1508.37
1518.92
1529.45
1540.12
1551
1562.1
1573.32
1584.52
1595.58
1606.42
1617.02
1627.38
1637.51
1647.39
1657.01
1666.4
1675.65
1684.87
1694.12
1703.44
1712.78
1722.1
1731.37
1740.64
1749.99
1759.45
1769
1778.6
1788.21
1797.85
1807.57
1817.38
1827.19
1836.85
1846.18
1855.07
1863.48
1871.39
1878.85
1885.9
1892.62
1899.08
1905.37
1911.56
1917.7
1923.79
1929.83
1935.8
1941.7
1947.54
1953.32
1959.06
1964.75
1970.39
1975.96
1981.47
1986.9
1992.28
1997.57
2002.76
2007.8
2012.67
2017.36
2021.89
2026.25
2030.46
2034.51
2038.38
2042.07
2045.6
2048.97
2052.21
2055.33
2058.34
2061.27
2064.13
2066.93
2069.68
2072.39
2075.09
2077.78
2080.49
2083.23
2086.02
2088.87
2091.79
2094.78
2097.82
2100.85
2103.81
2106.7
2109.54
2112.34
2115.13
2117.89
2120.57
2123.13
2125.55
2127.8
2129.87
2131.75
2133.46
2135
2136.4
2137.7
2138.97
2140.24
2141.54
2142.85
2144.12
2145.32
2146.4
2147.37
2148.21
2148.95
2149.6
2150.18
2150.71
2151.24
2151.77
2152.34
2152.95
2153.61
2154.3
2155.01
2155.73
2156.45
2157.13
2157.77
2158.31
2158.76
2159.12
2159.45
2159.81
2160.24
2160.72
2161.25
2161.77
2162.29
2162.8
2163.3
2163.8
2164.29
2164.73
2165.06
2165.21
1334.28
1338.45
1347.71
1359.89
1373.06
1386.21
1399.17
1412.09
1425.07
1438.03
1450.78
1463.13
1474.98
1486.35
1497.3
1507.99
1518.59
1529.28
1540.16
1551.27
1562.55
1573.87
1585.07
1596.07
1606.8
1617.26
1627.44
1637.33
1646.96
1656.39
1665.71
1675.03
1684.41
1693.86
1703.34
1712.78
1722.17
1731.6
1741.16
1750.92
1760.84
1770.84
1780.86
1790.91
1801.02
1811.18
1821.3
1831.21
1840.74
1849.79
1858.3
1866.27
1873.75
1880.79
1887.46
1893.87
1900.11
1906.27
1912.4
1918.51
1924.6
1930.66
1936.69
1942.68
1948.65
1954.58
1960.47
1966.3
1972.05
1977.71
1983.27
1988.72
1994.04
1999.19
2004.15
2008.91
2013.5
2017.93
2022.23
2026.41
2030.44
2034.31
2038.02
2041.56
2044.96
2048.23
2051.41
2054.5
2057.53
2060.5
2063.43
2066.33
2069.19
2072.05
2074.9
2077.76
2080.65
2083.56
2086.52
2089.52
2092.55
2095.59
2098.58
2101.47
2104.29
2107.05
2109.81
2112.57
2115.32
2118.01
2120.6
2123.07
2125.4
2127.57
2129.58
2131.42
2133.1
2134.64
2136.07
2137.45
2138.81
2140.16
2141.49
2142.75
2143.92
2144.96
2145.88
2146.68
2147.39
2148
2148.54
2149.05
2149.55
2150.09
2150.67
2151.31
2152.02
2152.76
2153.54
2154.32
2155.09
2155.83
2156.51
2157.09
2157.58
2157.98
2158.35
2158.73
2159.16
2159.63
2160.13
2160.63
2161.12
2161.61
2162.1
2162.59
2163.08
2163.53
2163.87
2164.02
1319.58
1323.91
1333.53
1346.19
1359.87
1373.5
1386.88
1400.1
1413.26
1426.28
1439.06
1451.47
1463.47
1475.03
1486.19
1497.03
1507.72
1518.41
1529.25
1540.32
1551.6
1562.95
1574.25
1585.35
1596.2
1606.75
1616.99
1626.94
1636.63
1646.15
1655.6
1665.08
1674.61
1684.21
1693.8
1703.34
1712.85
1722.44
1732.26
1742.35
1752.68
1763.13
1773.6
1784.06
1794.54
1805
1815.34
1825.41
1835.06
1844.2
1852.78
1860.82
1868.34
1875.41
1882.09
1888.49
1894.73
1900.89
1907.03
1913.16
1919.3
1925.43
1931.56
1937.68
1943.81
1949.91
1955.98
1962
1967.92
1973.74
1979.42
1984.94
1990.28
1995.39
2000.28
2004.94
2009.42
2013.78
2018.03
2022.19
2026.22
2030.11
2033.83
2037.4
2040.82
2044.14
2047.37
2050.54
2053.68
2056.78
2059.85
2062.9
2065.93
2068.96
2071.98
2075
2078.03
2081.07
2084.13
2087.2
2090.26
2093.28
2096.22
2099.05
2101.8
2104.51
2107.23
2109.96
2112.69
2115.36
2117.96
2120.46
2122.85
2125.12
2127.25
2129.24
2131.08
2132.79
2134.4
2135.93
2137.4
2138.82
2140.17
2141.42
2142.54
2143.54
2144.41
2145.17
2145.83
2146.41
2146.91
2147.38
2147.86
2148.39
2148.98
2149.65
2150.4
2151.19
2152.02
2152.86
2153.69
2154.47
2155.18
2155.8
2156.33
2156.77
2157.17
2157.58
2158.01
2158.47
2158.94
2159.42
2159.9
2160.38
2160.86
2161.36
2161.86
2162.32
2162.67
2162.83
1303.6
1308.12
1318.16
1331.44
1345.86
1360.26
1374.33
1388.09
1401.56
1414.71
1427.5
1439.94
1452.03
1463.76
1475.12
1486.14
1496.92
1507.62
1518.41
1529.41
1540.6
1551.9
1563.18
1574.32
1585.23
1595.86
1606.18
1616.21
1626.01
1635.69
1645.34
1655.02
1664.74
1674.49
1684.21
1693.86
1703.5
1713.29
1723.39
1733.86
1744.62
1755.51
1766.4
1777.23
1788.01
1798.68
1809.15
1819.31
1829.01
1838.2
1846.85
1854.97
1862.57
1869.72
1876.47
1882.94
1889.23
1895.42
1901.58
1907.74
1913.91
1920.1
1926.3
1932.54
1938.78
1945.03
1951.25
1957.42
1963.5
1969.46
1975.26
1980.86
1986.21
1991.31
1996.13
2000.72
2005.13
2009.43
2013.66
2017.82
2021.88
2025.8
2029.55
2033.13
2036.58
2039.93
2043.22
2046.48
2049.72
2052.95
2056.17
2059.39
2062.59
2065.79
2068.98
2072.17
2075.34
2078.51
2081.66
2084.78
2087.86
2090.87
2093.77
2096.56
2099.27
2101.95
2104.63
2107.32
2110
2112.65
2115.23
2117.74
2120.18
2122.53
2124.78
2126.92
2128.94
2130.84
2132.63
2134.33
2135.94
2137.45
2138.84
2140.09
2141.18
2142.14
2142.97
2143.7
2144.33
2144.86
2145.32
2145.76
2146.21
2146.72
2147.32
2148.02
2148.79
2149.63
2150.5
2151.38
2152.24
2153.05
2153.79
2154.44
2154.99
2155.47
2155.9
2156.32
2156.75
2157.2
2157.66
2158.13
2158.61
2159.09
2159.59
2160.11
2160.64
2161.13
2161.5
2161.67
1286.27
1291
1301.56
1315.58
1330.91
1346.29
1361.3
1375.82
1389.81
1403.22
1416.11
1428.61
1440.79
1452.67
1464.2
1475.38
1486.26
1497
1507.75
1518.64
1529.69
1540.83
1551.98
1563.04
1573.93
1584.61
1595.02
1605.18
1615.16
1625.06
1634.95
1644.87
1654.81
1664.73
1674.6
1684.4
1694.23
1704.28
1714.71
1725.55
1736.7
1747.96
1759.18
1770.29
1781.26
1792.05
1802.58
1812.76
1822.49
1831.72
1840.45
1848.67
1856.41
1863.69
1870.59
1877.18
1883.57
1889.84
1896.06
1902.25
1908.46
1914.68
1920.95
1927.25
1933.58
1939.92
1946.25
1952.54
1958.74
1964.82
1970.73
1976.4
1981.8
1986.9
1991.7
1996.25
2000.63
2004.92
2009.15
2013.35
2017.45
2021.41
2025.19
2028.78
2032.24
2035.61
2038.96
2042.3
2045.65
2049.02
2052.4
2055.78
2059.16
2062.53
2065.89
2069.23
2072.55
2075.83
2079.07
2082.25
2085.35
2088.36
2091.24
2094.02
2096.71
2099.37
2102.02
2104.67
2107.29
2109.88
2112.43
2114.95
2117.42
2119.83
2122.18
2124.46
2126.65
2128.74
2130.73
2132.61
2134.37
2135.99
2137.44
2138.71
2139.8
2140.74
2141.57
2142.28
2142.89
2143.39
2143.81
2144.21
2144.64
2145.14
2145.75
2146.46
2147.26
2148.12
2149.02
2149.92
2150.79
2151.61
2152.36
2153.01
2153.57
2154.06
2154.51
2154.93
2155.36
2155.81
2156.27
2156.75
2157.24
2157.75
2158.29
2158.85
2159.43
2159.96
2160.37
2160.55
1267.23
1272.28
1283.56
1298.54
1314.95
1331.45
1347.54
1363.02
1377.76
1391.67
1404.85
1417.51
1429.81
1441.82
1453.49
1464.8
1475.78
1486.56
1497.29
1508.07
1518.94
1529.85
1540.76
1551.63
1562.43
1573.11
1583.62
1593.95
1604.16
1614.33
1624.5
1634.68
1644.85
1654.96
1665
1675.01
1685.11
1695.48
1706.27
1717.45
1728.91
1740.42
1751.84
1763.1
1774.16
1784.99
1795.52
1805.69
1815.44
1824.73
1833.56
1841.93
1849.84
1857.32
1864.41
1871.19
1877.73
1884.12
1890.42
1896.68
1902.93
1909.19
1915.5
1921.84
1928.22
1934.6
1940.98
1947.33
1953.62
1959.79
1965.8
1971.56
1977.02
1982.16
1987
1991.57
1995.98
2000.29
2004.58
2008.83
2012.99
2016.98
2020.76
2024.35
2027.81
2031.2
2034.6
2038.02
2041.49
2045
2048.54
2052.08
2055.63
2059.17
2062.69
2066.18
2069.63
2073.03
2076.35
2079.59
2082.73
2085.75
2088.64
2091.42
2094.12
2096.77
2099.39
2101.98
2104.55
2107.08
2109.6
2112.1
2114.59
2117.05
2119.49
2121.88
2124.21
2126.47
2128.64
2130.7
2132.62
2134.36
2135.9
2137.23
2138.37
2139.34
2140.18
2140.9
2141.51
2141.99
2142.39
2142.76
2143.18
2143.68
2144.29
2145.02
2145.83
2146.7
2147.6
2148.5
2149.36
2150.17
2150.9
2151.54
2152.09
2152.57
2153
2153.42
2153.85
2154.29
2154.77
2155.26
2155.79
2156.34
2156.93
2157.56
2158.2
2158.8
2159.25
2159.46
1245.58
1251.19
1263.65
1280.06
1297.87
1315.64
1332.9
1349.48
1365.18
1379.87
1393.61
1406.61
1419.11
1431.25
1443.03
1454.41
1465.45
1476.26
1486.96
1497.65
1508.33
1518.98
1529.61
1540.24
1550.89
1561.54
1572.15
1582.67
1593.15
1603.61
1614.08
1624.52
1634.9
1645.2
1655.45
1665.73
1676.16
1686.9
1698.03
1709.5
1721.14
1732.76
1744.23
1755.51
1766.58
1777.41
1787.94
1798.12
1807.9
1817.26
1826.22
1834.76
1842.88
1850.59
1857.93
1864.93
1871.68
1878.23
1884.66
1891.02
1897.34
1903.65
1909.99
1916.34
1922.71
1929.07
1935.44
1941.79
1948.12
1954.37
1960.46
1966.32
1971.89
1977.12
1982.05
1986.71
1991.21
1995.61
1999.99
2004.31
2008.52
2012.53
2016.3
2019.87
2023.3
2026.71
2030.15
2033.66
2037.25
2040.91
2044.6
2048.3
2052.02
2055.72
2059.39
2063.03
2066.61
2070.11
2073.52
2076.83
2080
2083.05
2085.96
2088.76
2091.47
2094.11
2096.71
2099.26
2101.77
2104.26
2106.75
2109.24
2111.73
2114.23
2116.72
2119.19
2121.63
2124.04
2126.37
2128.6
2130.67
2132.55
2134.21
2135.63
2136.84
2137.88
2138.78
2139.54
2140.16
2140.65
2141.05
2141.43
2141.85
2142.36
2142.98
2143.72
2144.53
2145.4
2146.28
2147.16
2147.99
2148.76
2149.45
2150.04
2150.55
2151
2151.41
2151.81
2152.22
2152.67
2153.15
2153.67
2154.23
2154.84
2155.49
2156.2
2156.92
2157.59
2158.1
2158.33
1219.81
1226.36
1240.79
1259.5
1279.36
1298.75
1317.32
1335.07
1351.89
1367.6
1382.16
1395.73
1408.57
1420.88
1432.72
1444.13
1455.16
1465.95
1476.62
1487.23
1497.77
1508.22
1518.61
1529.02
1539.52
1550.13
1560.8
1571.51
1582.24
1593
1603.73
1614.4
1624.98
1635.47
1645.96
1656.53
1667.32
1678.43
1689.86
1701.51
1713.21
1724.8
1736.21
1747.44
1758.48
1769.31
1779.86
1790.08
1799.92
1809.4
1818.5
1827.23
1835.58
1843.55
1851.15
1858.41
1865.39
1872.16
1878.77
1885.26
1891.68
1898.06
1904.42
1910.76
1917.07
1923.36
1929.65
1935.97
1942.3
1948.59
1954.77
1960.74
1966.44
1971.82
1976.89
1981.71
1986.36
1990.9
1995.4
1999.81
2004.06
2008.07
2011.81
2015.33
2018.74
2022.15
2025.64
2029.26
2032.97
2036.77
2040.61
2044.47
2048.34
2052.19
2056.01
2059.78
2063.48
2067.09
2070.59
2073.96
2077.19
2080.27
2083.22
2086.04
2088.76
2091.4
2093.97
2096.49
2098.97
2101.44
2103.91
2106.4
2108.9
2111.4
2113.92
2116.43
2118.96
2121.46
2123.93
2126.3
2128.52
2130.54
2132.33
2133.88
2135.2
2136.34
2137.32
2138.14
2138.81
2139.34
2139.78
2140.19
2140.64
2141.18
2141.83
2142.57
2143.38
2144.23
2145.09
2145.92
2146.7
2147.41
2148.02
2148.55
2149
2149.39
2149.76
2150.12
2150.51
2150.95
2151.43
2151.98
2152.58
2153.24
2153.96
2154.74
2155.54
2156.29
2156.86
2157.11
1188.45
1196.38
1213.72
1235.86
1258.78
1280.47
1300.68
1319.73
1337.74
1354.61
1370.19
1384.56
1397.91
1410.48
1422.4
1433.79
1444.76
1455.49
1466.12
1476.69
1487.18
1497.54
1507.81
1518.1
1528.49
1539.05
1549.75
1560.59
1571.52
1582.5
1593.46
1604.32
1615.07
1625.76
1636.5
1647.39
1658.53
1669.94
1681.59
1693.31
1704.96
1716.42
1727.7
1738.84
1749.86
1760.72
1771.34
1781.65
1791.61
1801.22
1810.49
1819.43
1828.01
1836.23
1844.1
1851.63
1858.88
1865.9
1872.72
1879.39
1885.95
1892.41
1898.79
1905.09
1911.31
1917.49
1923.68
1929.92
1936.23
1942.55
1948.8
1954.89
1960.74
1966.3
1971.57
1976.59
1981.44
1986.17
1990.81
1995.31
1999.59
2003.59
2007.29
2010.76
2014.14
2017.57
2021.14
2024.85
2028.69
2032.63
2036.61
2040.62
2044.63
2048.62
2052.58
2056.47
2060.28
2063.99
2067.58
2071.02
2074.31
2077.44
2080.42
2083.26
2085.99
2088.63
2091.19
2093.7
2096.17
2098.63
2101.11
2103.6
2106.11
2108.62
2111.13
2113.67
2116.23
2118.8
2121.37
2123.86
2126.22
2128.38
2130.31
2131.99
2133.44
2134.69
2135.77
2136.68
2137.43
2138.04
2138.55
2139.04
2139.56
2140.15
2140.82
2141.57
2142.37
2143.2
2144.01
2144.79
2145.5
2146.12
2146.66
2147.1
2147.47
2147.78
2148.08
2148.4
2148.75
2149.17
2149.65
2150.21
2150.85
2151.55
2152.34
2153.18
2154.06
2154.87
2155.49
2155.76
1151.45
1160.95
1181.72
1208.16
1235.21
1260.19
1282.7
1303.34
1322.63
1340.67
1357.37
1372.68
1386.73
1399.7
1411.8
1423.2
1434.12
1444.79
1455.41
1466.02
1476.56
1486.98
1497.27
1507.53
1517.88
1528.38
1539.07
1549.95
1560.99
1572.11
1583.22
1594.23
1605.16
1616.07
1627.07
1638.26
1649.69
1661.33
1673.07
1684.76
1696.28
1707.57
1718.71
1729.78
1740.8
1751.73
1762.48
1772.94
1783.06
1792.85
1802.3
1811.43
1820.23
1828.69
1836.81
1844.63
1852.16
1859.44
1866.52
1873.4
1880.12
1886.67
1893.08
1899.33
1905.45
1911.51
1917.59
1923.75
1930.02
1936.35
1942.67
1948.87
1954.88
1960.63
1966.13
1971.39
1976.47
1981.4
1986.18
1990.77
1995.09
1999.08
2002.74
2006.19
2009.58
2013.05
2016.69
2020.52
2024.48
2028.54
2032.65
2036.79
2040.92
2045.04
2049.11
2053.12
2057.04
2060.85
2064.52
2068.03
2071.38
2074.56
2077.58
2080.45
2083.2
2085.85
2088.41
2090.92
2093.4
2095.88
2098.38
2100.89
2103.4
2105.91
2108.41
2110.94
2113.51
2116.12
2118.76
2121.35
2123.83
2126.12
2128.18
2129.99
2131.58
2132.95
2134.13
2135.15
2136
2136.72
2137.35
2137.95
2138.56
2139.22
2139.94
2140.71
2141.5
2142.3
2143.06
2143.76
2144.39
2144.93
2145.37
2145.72
2145.99
2146.22
2146.44
2146.69
2147
2147.39
2147.86
2148.42
2149.07
2149.82
2150.64
2151.55
2152.48
2153.34
2154
2154.29
1111.34
1122.06
1145.71
1176.24
1207.85
1237
1262.74
1285.6
1306.41
1325.64
1343.44
1359.75
1374.64
1388.21
1400.67
1412.25
1423.22
1433.93
1444.6
1455.31
1466
1476.56
1486.98
1497.31
1507.65
1518.1
1528.72
1539.57
1550.61
1561.78
1572.98
1584.13
1595.24
1606.39
1617.67
1629.14
1640.78
1652.53
1664.26
1675.84
1687.2
1698.35
1709.39
1720.43
1731.49
1742.52
1753.41
1764.05
1774.38
1784.36
1794.01
1803.32
1812.32
1820.99
1829.35
1837.43
1845.25
1852.82
1860.16
1867.27
1874.16
1880.83
1887.26
1893.48
1899.53
1905.5
1911.49
1917.58
1923.81
1930.14
1936.5
1942.8
1948.96
1954.91
1960.63
1966.14
1971.45
1976.57
1981.5
1986.18
1990.54
1994.54
1998.22
2001.69
2005.12
2008.66
2012.4
2016.33
2020.4
2024.56
2028.77
2033.01
2037.25
2041.47
2045.65
2049.76
2053.78
2057.68
2061.44
2065.02
2068.44
2071.67
2074.73
2077.64
2080.41
2083.08
2085.66
2088.19
2090.7
2093.21
2095.74
2098.28
2100.81
2103.31
2105.8
2108.3
2110.87
2113.5
2116.19
2118.86
2121.43
2123.83
2126
2127.94
2129.64
2131.14
2132.44
2133.57
2134.54
2135.4
2136.17
2136.91
2137.64
2138.39
2139.17
2139.97
2140.75
2141.51
2142.21
2142.84
2143.38
2143.83
2144.17
2144.42
2144.6
2144.73
2144.87
2145.06
2145.32
2145.67
2146.12
2146.68
2147.33
2148.08
2148.94
2149.88
2150.85
2151.75
2152.43
2152.74
1072.74
1083.71
1108.4
1141.3
1176.6
1210.11
1239.91
1265.89
1288.79
1309.43
1328.32
1345.63
1361.43
1375.8
1388.88
1400.89
1412.17
1423.08
1433.91
1444.76
1455.6
1466.32
1476.88
1487.3
1497.67
1508.07
1518.61
1529.36
1540.34
1551.49
1562.73
1574.02
1585.35
1596.76
1608.32
1620.01
1631.78
1643.54
1655.19
1666.65
1677.88
1688.94
1699.95
1710.99
1722.11
1733.25
1744.3
1755.13
1765.66
1775.85
1785.69
1795.18
1804.34
1813.2
1821.78
1830.11
1838.2
1846.05
1853.66
1861.01
1868.09
1874.88
1881.37
1887.6
1893.62
1899.55
1905.49
1911.53
1917.72
1924.04
1930.43
1936.81
1943.09
1949.22
1955.16
1960.88
1966.41
1971.72
1976.79
1981.56
1985.98
1990.03
1993.76
1997.31
2000.83
2004.48
2008.31
2012.33
2016.48
2020.72
2025
2029.31
2033.63
2037.94
2042.22
2046.42
2050.53
2054.52
2058.36
2062.02
2065.5
2068.8
2071.91
2074.86
2077.67
2080.36
2082.97
2085.54
2088.08
2090.64
2093.21
2095.79
2098.34
2100.85
2103.32
2105.81
2108.37
2111.02
2113.75
2116.48
2119.12
2121.6
2123.86
2125.89
2127.7
2129.3
2130.72
2131.97
2133.09
2134.09
2135.01
2135.89
2136.75
2137.61
2138.47
2139.3
2140.09
2140.81
2141.44
2142
2142.46
2142.82
2143.08
2143.24
2143.32
2143.38
2143.44
2143.57
2143.78
2144.1
2144.52
2145.04
2145.68
2146.43
2147.29
2148.25
2149.24
2150.17
2150.86
2151.17
1040.17
1050.2
1073.39
1105.76
1142.53
1179.39
1213.42
1243.32
1269.2
1291.83
1312.05
1330.41
1347.18
1362.47
1376.42
1389.19
1401.08
1412.42
1423.51
1434.5
1445.43
1456.23
1466.88
1477.37
1487.76
1498.14
1508.61
1519.26
1530.13
1541.23
1552.51
1563.93
1575.49
1587.18
1598.98
1610.84
1622.67
1634.39
1645.95
1657.3
1668.47
1679.53
1690.57
1701.68
1712.87
1724.1
1735.28
1746.28
1757.01
1767.4
1777.42
1787.07
1796.39
1805.42
1814.19
1822.74
1831.08
1839.2
1847.07
1854.65
1861.92
1868.86
1875.46
1881.74
1887.8
1893.74
1899.67
1905.69
1911.85
1918.15
1924.55
1930.99
1937.37
1943.65
1949.77
1955.69
1961.41
1966.88
1972.08
1976.95
1981.45
1985.59
1989.43
1993.1
1996.76
2000.52
2004.46
2008.55
2012.75
2017.03
2021.36
2025.72
2030.1
2034.48
2038.83
2043.12
2047.31
2051.38
2055.3
2059.04
2062.59
2065.95
2069.12
2072.12
2074.98
2077.72
2080.37
2082.98
2085.57
2088.18
2090.79
2093.41
2096
2098.53
2101.01
2103.5
2106.07
2108.74
2111.5
2114.28
2116.96
2119.48
2121.8
2123.9
2125.79
2127.48
2129
2130.38
2131.63
2132.79
2133.86
2134.89
2135.89
2136.85
2137.79
2138.66
2139.45
2140.14
2140.73
2141.22
2141.61
2141.91
2142.09
2142.18
2142.19
2142.18
2142.19
2142.27
2142.44
2142.72
2143.1
2143.59
2144.19
2144.92
2145.78
2146.73
2147.73
2148.66
2149.36
2149.67
1015.41
1023.67
1043.41
1072.48
1107.82
1145.84
1183.13
1217.17
1246.87
1272.4
1294.58
1314.27
1332.09
1348.38
1363.33
1377.1
1389.87
1401.86
1413.33
1424.48
1435.41
1446.2
1456.84
1467.35
1477.77
1488.16
1498.59
1509.16
1519.95
1531.01
1542.33
1553.89
1565.67
1577.59
1589.59
1601.56
1613.41
1625.09
1636.58
1647.91
1659.12
1670.27
1681.4
1692.59
1703.85
1715.16
1726.44
1737.58
1748.48
1759.05
1769.25
1779.08
1788.55
1797.72
1806.66
1815.4
1823.96
1832.31
1840.41
1848.22
1855.7
1862.81
1869.56
1875.97
1882.12
1888.12
1894.08
1900.11
1906.25
1912.53
1918.93
1925.4
1931.87
1938.26
1944.53
1950.62
1956.5
1962.12
1967.44
1972.42
1977.02
1981.28
1985.26
1989.08
1992.89
1996.77
2000.79
2004.94
2009.17
2013.48
2017.83
2022.22
2026.65
2031.08
2035.5
2039.86
2044.14
2048.28
2052.28
2056.1
2059.72
2063.15
2066.38
2069.44
2072.36
2075.15
2077.86
2080.52
2083.17
2085.82
2088.49
2091.16
2093.79
2096.36
2098.88
2101.41
2104.01
2106.72
2109.5
2112.29
2114.99
2117.52
2119.86
2121.99
2123.93
2125.7
2127.32
2128.81
2130.19
2131.48
2132.7
2133.87
2134.99
2136.06
2137.07
2137.98
2138.79
2139.46
2140.01
2140.46
2140.82
2141.07
2141.2
2141.24
2141.2
2141.15
2141.13
2141.18
2141.33
2141.57
2141.92
2142.36
2142.92
2143.62
2144.45
2145.38
2146.37
2147.29
2147.98
2148.29
996.646
1003.16
1019.08
1043.5
1075.04
1111.52
1149.98
1187.3
1221.13
1250.48
1275.56
1297.22
1316.36
1333.69
1349.65
1364.46
1378.23
1391.04
1403.02
1414.39
1425.34
1436.06
1446.64
1457.15
1467.6
1478.02
1488.47
1499.03
1509.8
1520.85
1532.22
1543.91
1555.84
1567.92
1580.05
1592.09
1603.96
1615.64
1627.16
1638.57
1649.91
1661.2
1672.47
1683.76
1695.09
1706.46
1717.81
1729.06
1740.11
1750.86
1761.25
1771.25
1780.87
1790.19
1799.27
1808.17
1816.89
1825.42
1833.72
1841.74
1849.43
1856.75
1863.69
1870.28
1876.58
1882.69
1888.72
1894.77
1900.91
1907.18
1913.58
1920.07
1926.6
1933.09
1939.48
1945.71
1951.73
1957.48
1962.91
1968
1972.72
1977.11
1981.24
1985.22
1989.17
1993.17
1997.27
2001.46
2005.71
2010.02
2014.39
2018.8
2023.26
2027.75
2032.22
2036.65
2041
2045.22
2049.3
2053.19
2056.88
2060.38
2063.69
2066.82
2069.8
2072.66
2075.43
2078.16
2080.86
2083.57
2086.3
2089.02
2091.71
2094.34
2096.93
2099.53
2102.19
2104.94
2107.74
2110.53
2113.2
2115.71
2118.02
2120.16
2122.12
2123.94
2125.64
2127.23
2128.72
2130.14
2131.49
2132.78
2134.01
2135.18
2136.25
2137.21
2138.03
2138.71
2139.26
2139.7
2140.04
2140.27
2140.38
2140.39
2140.33
2140.27
2140.24
2140.29
2140.43
2140.65
2140.96
2141.37
2141.89
2142.55
2143.34
2144.25
2145.21
2146.1
2146.78
2147.08
979.812
985.4
998.829
1019.27
1046.17
1078.89
1115.91
1154.56
1191.84
1225.44
1254.4
1278.92
1299.92
1318.45
1335.34
1351.06
1365.76
1379.42
1392.05
1403.81
1414.91
1425.63
1436.19
1446.69
1457.19
1467.7
1478.23
1488.86
1499.68
1510.78
1522.22
1533.97
1545.96
1558.1
1570.27
1582.36
1594.3
1606.08
1617.75
1629.35
1640.9
1652.37
1663.79
1675.16
1686.54
1697.95
1709.36
1720.72
1731.91
1742.83
1753.41
1763.6
1773.39
1782.85
1792.04
1801.04
1809.88
1818.54
1826.99
1835.19
1843.09
1850.64
1857.81
1864.63
1871.13
1877.4
1883.53
1889.63
1895.79
1902.06
1908.46
1914.98
1921.55
1928.12
1934.61
1940.97
1947.11
1952.97
1958.5
1963.69
1968.52
1973.04
1977.32
1981.46
1985.54
1989.65
1993.82
1998.04
2002.31
2006.63
2011
2015.44
2019.93
2024.45
2028.98
2033.48
2037.9
2042.2
2046.35
2050.31
2054.08
2057.65
2061.03
2064.23
2067.28
2070.21
2073.06
2075.86
2078.64
2081.42
2084.2
2086.99
2089.75
2092.46
2095.15
2097.84
2100.58
2103.37
2106.18
2108.93
2111.54
2113.99
2116.26
2118.37
2120.34
2122.2
2123.95
2125.62
2127.21
2128.73
2130.19
2131.59
2132.92
2134.17
2135.3
2136.31
2137.16
2137.87
2138.44
2138.89
2139.24
2139.47
2139.59
2139.6
2139.55
2139.5
2139.49
2139.55
2139.7
2139.92
2140.22
2140.6
2141.09
2141.71
2142.47
2143.34
2144.26
2145.12
2145.77
2146.06
960.851
966.673
979.916
998.581
1021.78
1049.91
1083.28
1120.77
1159.74
1197.05
1230.34
1258.65
1282.34
1302.51
1320.39
1336.85
1352.26
1366.67
1380.02
1392.35
1403.84
1414.76
1425.41
1435.99
1446.58
1457.2
1467.88
1478.65
1489.61
1500.81
1512.29
1524.03
1535.98
1548.08
1560.24
1572.39
1584.46
1596.46
1608.41
1620.29
1632.09
1643.75
1655.28
1666.71
1678.13
1689.58
1701.06
1712.51
1723.84
1734.95
1745.72
1756.1
1766.06
1775.65
1784.94
1794
1802.9
1811.64
1820.2
1828.54
1836.64
1844.42
1851.86
1858.95
1865.69
1872.16
1878.44
1884.62
1890.83
1897.12
1903.53
1910.05
1916.67
1923.3
1929.89
1936.35
1942.6
1948.55
1954.17
1959.44
1964.38
1969.03
1973.45
1977.72
1981.93
1986.14
1990.37
1994.63
1998.92
2003.25
2007.63
2012.09
2016.6
2021.17
2025.76
2030.32
2034.81
2039.19
2043.42
2047.46
2051.3
2054.94
2058.38
2061.66
2064.79
2067.8
2070.73
2073.61
2076.47
2079.33
2082.19
2085.05
2087.89
2090.7
2093.5
2096.29
2099.1
2101.93
2104.72
2107.41
2109.94
2112.3
2114.5
2116.57
2118.53
2120.41
2122.21
2123.94
2125.61
2127.23
2128.78
2130.27
2131.68
2133
2134.2
2135.25
2136.15
2136.9
2137.51
2138.01
2138.39
2138.65
2138.79
2138.83
2138.82
2138.81
2138.84
2138.94
2139.11
2139.35
2139.65
2140.03
2140.51
2141.11
2141.83
2142.66
2143.54
2144.36
2144.98
2145.25
937.111
944.167
959.461
979.13
1000.92
1025.29
1054.07
1088.19
1126.4
1165.73
1202.87
1235.47
1262.78
1285.44
1304.75
1321.96
1337.87
1352.82
1366.82
1379.84
1391.93
1403.31
1414.27
1425.05
1435.8
1446.6
1457.46
1468.44
1479.57
1490.89
1502.38
1514.04
1525.87
1537.85
1549.97
1562.19
1574.48
1586.8
1599.12
1611.35
1623.4
1635.21
1646.82
1658.3
1669.76
1681.27
1692.82
1704.38
1715.85
1727.14
1738.11
1748.68
1758.8
1768.5
1777.86
1786.96
1795.88
1804.65
1813.27
1821.74
1830.01
1838.04
1845.76
1853.13
1860.16
1866.87
1873.33
1879.65
1885.93
1892.26
1898.68
1905.23
1911.87
1918.57
1925.25
1931.8
1938.13
1944.16
1949.85
1955.2
1960.22
1964.98
1969.54
1973.95
1978.28
1982.58
1986.88
1991.18
1995.5
1999.85
2004.25
2008.72
2013.27
2017.89
2022.53
2027.17
2031.74
2036.19
2040.49
2044.6
2048.51
2052.21
2055.73
2059.08
2062.29
2065.39
2068.41
2071.38
2074.33
2077.28
2080.22
2083.17
2086.11
2089.03
2091.92
2094.81
2097.68
2100.52
2103.27
2105.87
2108.3
2110.56
2112.68
2114.7
2116.65
2118.55
2120.38
2122.17
2123.91
2125.59
2127.23
2128.8
2130.28
2131.67
2132.93
2134.04
2135
2135.81
2136.48
2137.03
2137.46
2137.77
2137.97
2138.07
2138.13
2138.18
2138.27
2138.42
2138.63
2138.9
2139.22
2139.62
2140.1
2140.69
2141.39
2142.18
2143.02
2143.79
2144.38
2144.64
907.44
916.3
935.161
958.26
981.458
1004.29
1029.17
1058.76
1093.83
1132.69
1172.05
1208.56
1240.15
1266.39
1288.06
1306.51
1322.96
1338.24
1352.69
1366.34
1379.16
1391.21
1402.7
1413.87
1424.91
1435.93
1447
1458.18
1469.48
1480.89
1492.38
1503.94
1515.61
1527.45
1539.52
1551.83
1564.36
1577.04
1589.75
1602.32
1614.6
1626.53
1638.2
1649.74
1661.29
1672.89
1684.55
1696.23
1707.86
1719.31
1730.46
1741.2
1751.46
1761.27
1770.69
1779.82
1788.74
1797.51
1806.18
1814.74
1823.18
1831.43
1839.43
1847.11
1854.43
1861.41
1868.1
1874.6
1880.99
1887.39
1893.85
1900.42
1907.1
1913.86
1920.61
1927.23
1933.62
1939.7
1945.44
1950.84
1955.96
1960.83
1965.51
1970.06
1974.53
1978.93
1983.31
1987.67
1992.03
1996.41
2000.84
2005.34
2009.93
2014.59
2019.3
2024.01
2028.65
2033.18
2037.55
2041.72
2045.69
2049.46
2053.04
2056.46
2059.75
2062.93
2066.05
2069.12
2072.17
2075.22
2078.27
2081.32
2084.36
2087.37
2090.36
2093.32
2096.23
2099.05
2101.73
2104.24
2106.55
2108.7
2110.75
2112.73
2114.67
2116.58
2118.45
2120.28
2122.07
2123.82
2125.52
2127.16
2128.72
2130.17
2131.5
2132.69
2133.72
2134.6
2135.34
2135.96
2136.46
2136.84
2137.12
2137.31
2137.45
2137.59
2137.76
2137.97
2138.24
2138.55
2138.91
2139.34
2139.84
2140.43
2141.12
2141.88
2142.67
2143.41
2143.96
2144.21
871.828
882.63
905.696
933.784
960.912
985.05
1008.07
1033.46
1063.88
1099.67
1138.73
1177.71
1213.48
1244.2
1269.51
1290.21
1307.7
1323.34
1338.03
1352.13
1365.62
1378.44
1390.65
1402.39
1413.85
1425.16
1436.45
1447.8
1459.23
1470.71
1482.19
1493.68
1505.23
1516.96
1528.99
1541.36
1554.09
1567.06
1580.08
1592.91
1605.37
1617.42
1629.19
1640.85
1652.55
1664.3
1676.11
1687.94
1699.71
1711.32
1722.62
1733.5
1743.89
1753.79
1763.29
1772.45
1781.39
1790.18
1798.88
1807.53
1816.12
1824.58
1832.84
1840.81
1848.43
1855.69
1862.64
1869.34
1875.9
1882.41
1888.94
1895.56
1902.29
1909.1
1915.89
1922.55
1928.97
1935.06
1940.82
1946.28
1951.48
1956.48
1961.31
1966.01
1970.62
1975.16
1979.64
1984.08
1988.5
1992.93
1997.4
2001.95
2006.58
2011.31
2016.08
2020.86
2025.57
2030.16
2034.58
2038.8
2042.83
2046.65
2050.29
2053.77
2057.14
2060.4
2063.61
2066.78
2069.94
2073.1
2076.26
2079.42
2082.57
2085.68
2088.75
2091.75
2094.66
2097.44
2100.04
2102.43
2104.63
2106.69
2108.67
2110.62
2112.56
2114.5
2116.4
2118.27
2120.1
2121.89
2123.65
2125.35
2126.98
2128.52
2129.93
2131.19
2132.31
2133.27
2134.1
2134.81
2135.39
2135.87
2136.25
2136.55
2136.8
2137.04
2137.3
2137.6
2137.93
2138.29
2138.7
2139.17
2139.69
2140.3
2140.98
2141.72
2142.48
2143.18
2143.71
2143.94
831.272
843.839
870.987
904.586
937.243
965.22
989.048
1011.92
1037.62
1068.55
1104.68
1143.77
1182.51
1217.82
1247.78
1272.05
1291.62
1308.16
1323.18
1337.55
1351.53
1365.04
1378.01
1390.46
1402.48
1414.19
1425.73
1437.24
1448.76
1460.29
1471.79
1483.26
1494.78
1506.47
1518.46
1530.85
1543.65
1556.75
1569.92
1582.9
1595.48
1607.67
1619.61
1631.47
1643.37
1655.34
1667.34
1679.33
1691.26
1702.99
1714.41
1725.4
1735.9
1745.92
1755.51
1764.76
1773.76
1782.6
1791.37
1800.12
1808.84
1817.5
1825.99
1834.21
1842.1
1849.63
1856.84
1863.78
1870.55
1877.22
1883.87
1890.58
1897.37
1904.22
1911.02
1917.67
1924.05
1930.12
1935.9
1941.42
1946.72
1951.86
1956.87
1961.76
1966.55
1971.25
1975.87
1980.42
1984.94
1989.44
1993.98
1998.58
2003.28
2008.06
2012.89
2017.72
2022.47
2027.1
2031.56
2035.82
2039.88
2043.74
2047.43
2050.98
2054.41
2057.76
2061.06
2064.34
2067.61
2070.88
2074.16
2077.43
2080.67
2083.87
2087
2090.03
2092.92
2095.64
2098.15
2100.43
2102.53
2104.52
2106.45
2108.39
2110.35
2112.31
2114.24
2116.14
2118
2119.83
2121.63
2123.4
2125.1
2126.72
2128.22
2129.58
2130.79
2131.85
2132.78
2133.59
2134.28
2134.86
2135.36
2135.79
2136.17
2136.53
2136.89
2137.28
2137.68
2138.11
2138.58
2139.09
2139.65
2140.28
2140.96
2141.69
2142.42
2143.09
2143.59
2143.81
787.746
801.682
832.177
870.765
909.249
942.527
969.548
992.378
1014.85
1040.71
1072.1
1108.73
1148.18
1186.92
1221.67
1250.55
1273.56
1292.12
1308.08
1322.86
1337.17
1351.17
1364.79
1377.94
1390.61
1402.83
1414.72
1426.42
1438.04
1449.63
1461.19
1472.73
1484.3
1496.02
1507.99
1520.33
1533.05
1546.08
1559.2
1572.18
1584.86
1597.22
1609.38
1621.5
1633.65
1645.85
1658.07
1670.26
1682.33
1694.17
1705.67
1716.75
1727.36
1737.51
1747.26
1756.66
1765.8
1774.76
1783.64
1792.5
1801.37
1810.19
1818.86
1827.29
1835.39
1843.16
1850.63
1857.83
1864.84
1871.72
1878.55
1885.4
1892.27
1899.13
1905.89
1912.46
1918.77
1924.8
1930.59
1936.18
1941.63
1946.95
1952.16
1957.27
1962.28
1967.19
1971.99
1976.7
1981.35
1985.96
1990.59
1995.28
2000.04
2004.88
2009.75
2014.61
2019.37
2024.01
2028.47
2032.74
2036.82
2040.72
2044.45
2048.05
2051.55
2054.98
2058.37
2061.74
2065.12
2068.5
2071.89
2075.27
2078.62
2081.9
2085.08
2088.12
2090.99
2093.64
2096.06
2098.26
2100.28
2102.21
2104.13
2106.08
2108.06
2110.05
2112
2113.9
2115.77
2117.63
2119.48
2121.31
2123.09
2124.8
2126.39
2127.86
2129.18
2130.36
2131.4
2132.32
2133.13
2133.84
2134.47
2135.03
2135.55
2136.04
2136.52
2137
2137.49
2137.99
2138.53
2139.09
2139.69
2140.34
2141.03
2141.75
2142.46
2143.11
2143.59
2143.8
743.415
758.165
790.795
832.935
876.217
914.835
946.494
971.838
993.779
1016.24
1042.77
1075.13
1112.64
1152.46
1190.78
1224.44
1252.03
1274.07
1292.13
1307.95
1322.71
1337.02
1351.05
1364.76
1378.05
1390.87
1403.23
1415.25
1427.04
1438.74
1450.4
1462.08
1473.79
1485.6
1497.59
1509.82
1522.35
1535.13
1548.03
1560.89
1573.59
1586.1
1598.51
1610.89
1623.31
1635.76
1648.22
1660.61
1672.82
1684.75
1696.31
1707.46
1718.19
1728.52
1738.48
1748.1
1757.45
1766.6
1775.65
1784.68
1793.7
1802.65
1811.46
1820.02
1828.29
1836.26
1843.95
1851.42
1858.69
1865.83
1872.89
1879.89
1886.85
1893.71
1900.4
1906.85
1913.05
1919.04
1924.87
1930.58
1936.2
1941.74
1947.19
1952.56
1957.83
1962.97
1968
1972.91
1977.73
1982.5
1987.26
1992.04
1996.88
2001.76
2006.66
2011.5
2016.24
2020.85
2025.29
2029.55
2033.64
2037.55
2041.32
2044.97
2048.52
2052.02
2055.49
2058.96
2062.44
2065.93
2069.43
2072.92
2076.36
2079.72
2082.94
2086
2088.84
2091.44
2093.8
2095.93
2097.91
2099.83
2101.75
2103.73
2105.73
2107.73
2109.68
2111.57
2113.45
2115.33
2117.22
2119.11
2120.98
2122.78
2124.48
2126.06
2127.49
2128.79
2129.96
2131.01
2131.95
2132.8
2133.57
2134.28
2134.93
2135.55
2136.15
2136.74
2137.32
2137.91
2138.51
2139.13
2139.78
2140.45
2141.15
2141.87
2142.58
2143.21
2143.67
2143.88
699.532
714.441
747.682
791.323
837.39
880.137
916.722
946.607
971.246
993.548
1017.13
1045.07
1078.64
1116.71
1156.21
1193.51
1225.95
1252.65
1274.25
1292.21
1308
1322.71
1336.95
1350.97
1364.74
1378.15
1391.1
1403.58
1415.7
1427.61
1439.46
1451.32
1463.23
1475.19
1487.22
1499.34
1511.6
1524.02
1536.59
1549.22
1561.86
1574.47
1587.08
1599.7
1612.38
1625.09
1637.79
1650.38
1662.73
1674.74
1686.35
1697.58
1708.44
1718.97
1729.18
1739.07
1748.68
1758.08
1767.36
1776.58
1785.76
1794.84
1803.75
1812.4
1820.79
1828.91
1836.81
1844.52
1852.07
1859.49
1866.79
1873.97
1881.01
1887.86
1894.46
1900.8
1906.93
1912.91
1918.81
1924.66
1930.48
1936.26
1941.99
1947.64
1953.19
1958.62
1963.9
1969.05
1974.08
1979.03
1983.94
1988.84
1993.76
1998.67
2003.56
2008.37
2013.06
2017.61
2022
2026.23
2030.3
2034.23
2038.02
2041.7
2045.31
2048.87
2052.42
2055.98
2059.55
2063.14
2066.74
2070.32
2073.86
2077.29
2080.56
2083.64
2086.48
2089.07
2091.39
2093.5
2095.48
2097.4
2099.35
2101.35
2103.37
2105.36
2107.29
2109.17
2111.04
2112.94
2114.87
2116.84
2118.79
2120.69
2122.5
2124.19
2125.75
2127.17
2128.47
2129.65
2130.74
2131.73
2132.65
2133.5
2134.3
2135.05
2135.77
2136.47
2137.15
2137.82
2138.49
2139.17
2139.87
2140.57
2141.3
2142.02
2142.72
2143.34
2143.8
2144
655.971
670.388
702.717
745.721
792.263
837.295
878.149
913.652
943.792
969.713
993.796
1019.14
1048.4
1082.55
1120.37
1158.98
1195.21
1226.83
1253.07
1274.5
1292.37
1308.03
1322.6
1336.74
1350.76
1364.63
1378.19
1391.28
1403.91
1416.2
1428.35
1440.48
1452.63
1464.76
1476.84
1488.86
1500.86
1512.91
1525.09
1537.43
1549.92
1562.53
1575.25
1588.07
1600.97
1613.94
1626.88
1639.66
1652.15
1664.24
1675.92
1687.23
1698.24
1708.97
1719.43
1729.6
1739.49
1749.16
1758.69
1768.13
1777.48
1786.7
1795.7
1804.43
1812.91
1821.17
1829.24
1837.18
1844.98
1852.66
1860.2
1867.56
1874.7
1881.55
1888.1
1894.39
1900.49
1906.51
1912.51
1918.53
1924.56
1930.59
1936.59
1942.54
1948.4
1954.11
1959.68
1965.08
1970.35
1975.51
1980.59
1985.61
1990.6
1995.54
2000.41
2005.16
2009.78
2014.25
2018.58
2022.76
2026.81
2030.73
2034.54
2038.26
2041.91
2045.53
2049.14
2052.77
2056.43
2060.11
2063.8
2067.48
2071.09
2074.6
2077.94
2081.06
2083.92
2086.52
2088.85
2090.98
2092.98
2094.94
2096.93
2098.95
2100.97
2102.94
2104.84
2106.7
2108.57
2110.49
2112.49
2114.53
2116.57
2118.57
2120.48
2122.28
2123.96
2125.51
2126.94
2128.26
2129.49
2130.63
2131.69
2132.69
2133.63
2134.52
2135.36
2136.16
2136.94
2137.69
2138.43
2139.17
2139.92
2140.66
2141.41
2142.15
2142.86
2143.48
2143.94
2144.14
612.53
625.953
656.201
696.928
742.083
787.637
831.544
872.552
909.622
942.096
970.364
996.288
1022.73
1052.33
1086.18
1123.25
1160.96
1196.41
1227.48
1253.4
1274.63
1292.32
1307.8
1322.24
1336.38
1350.52
1364.56
1378.3
1391.58
1404.45
1417.05
1429.54
1441.98
1454.3
1466.45
1478.39
1490.17
1501.9
1513.73
1525.75
1538.01
1550.52
1563.25
1576.17
1589.26
1602.45
1615.62
1628.59
1641.21
1653.4
1665.17
1676.59
1687.74
1698.66
1709.34
1719.75
1729.91
1739.84
1749.63
1759.29
1768.83
1778.19
1787.31
1796.14
1804.72
1813.09
1821.32
1829.45
1837.48
1845.4
1853.16
1860.7
1867.95
1874.86
1881.43
1887.73
1893.87
1899.98
1906.11
1912.29
1918.52
1924.79
1931.06
1937.31
1943.46
1949.47
1955.32
1960.99
1966.5
1971.88
1977.13
1982.29
1987.35
1992.31
1997.15
2001.84
2006.38
2010.77
2015.02
2019.15
2023.17
2027.08
2030.9
2034.64
2038.33
2041.99
2045.66
2049.35
2053.08
2056.84
2060.61
2064.37
2068.06
2071.64
2075.05
2078.24
2081.16
2083.8
2086.18
2088.36
2090.42
2092.43
2094.45
2096.49
2098.5
2100.45
2102.32
2104.18
2106.07
2108.04
2110.1
2112.22
2114.35
2116.43
2118.44
2120.34
2122.13
2123.8
2125.36
2126.82
2128.19
2129.48
2130.69
2131.83
2132.91
2133.93
2134.89
2135.8
2136.66
2137.5
2138.31
2139.1
2139.89
2140.68
2141.46
2142.23
2142.95
2143.59
2144.05
2144.25
570.904
583.089
610.706
648.377
691.154
735.98
781.482
826.676
870.155
910.066
944.884
974.524
1000.82
1026.96
1055.94
1089.05
1125.36
1162.33
1197.16
1227.8
1253.48
1274.54
1292.06
1307.43
1321.88
1336.16
1350.5
1364.77
1378.73
1392.31
1405.54
1418.52
1431.28
1443.8
1456.01
1467.9
1479.53
1491.04
1502.6
1514.35
1526.35
1538.66
1551.27
1564.2
1577.39
1590.75
1604.11
1617.25
1630.02
1642.34
1654.23
1665.79
1677.08
1688.15
1699
1709.61
1719.99
1730.16
1740.18
1750.08
1759.83
1769.36
1778.62
1787.59
1796.29
1804.78
1813.14
1821.43
1829.66
1837.79
1845.76
1853.48
1860.87
1867.9
1874.57
1880.97
1887.23
1893.46
1899.71
1906.03
1912.44
1918.92
1925.46
1931.98
1938.41
1944.7
1950.82
1956.74
1962.49
1968.08
1973.51
1978.8
1983.94
1988.93
1993.75
1998.39
2002.85
2007.16
2011.34
2015.41
2019.39
2023.29
2027.11
2030.87
2034.58
2038.28
2041.99
2045.73
2049.52
2053.34
2057.18
2061.01
2064.78
2068.44
2071.93
2075.19
2078.19
2080.91
2083.38
2085.64
2087.77
2089.84
2091.9
2093.95
2095.95
2097.89
2099.77
2101.64
2103.58
2105.62
2107.76
2109.95
2112.15
2114.31
2116.39
2118.38
2120.27
2122.05
2123.74
2125.33
2126.84
2128.27
2129.63
2130.91
2132.12
2133.27
2134.34
2135.36
2136.31
2137.22
2138.09
2138.94
2139.78
2140.61
2141.43
2142.23
2142.98
2143.63
2144.09
2144.29
535.285
546.204
571.129
605.665
645.793
689.144
734.754
781.986
829.631
875.528
916.982
952.037
980.764
1005.67
1030.55
1058.61
1091.01
1126.67
1163.09
1197.55
1228.03
1253.62
1274.55
1291.96
1307.32
1321.9
1336.39
1350.98
1365.51
1379.8
1393.75
1407.32
1420.49
1433.22
1445.49
1457.35
1468.91
1480.33
1491.75
1503.3
1515.06
1527.11
1539.5
1552.3
1565.48
1578.92
1592.41
1605.71
1618.64
1631.12
1643.18
1654.9
1666.35
1677.56
1688.54
1699.3
1709.84
1720.22
1730.46
1740.58
1750.54
1760.28
1769.72
1778.84
1787.68
1796.3
1804.8
1813.24
1821.64
1829.96
1838.13
1846.04
1853.6
1860.79
1867.63
1874.2
1880.62
1886.98
1893.36
1899.81
1906.37
1913.06
1919.82
1926.59
1933.28
1939.81
1946.16
1952.32
1958.3
1964.08
1969.69
1975.1
1980.33
1985.36
1990.18
1994.78
1999.19
2003.43
2007.54
2011.56
2015.5
2019.38
2023.2
2026.96
2030.69
2034.41
2038.15
2041.93
2045.76
2049.63
2053.53
2057.43
2061.27
2065.01
2068.58
2071.93
2075.03
2077.85
2080.43
2082.79
2085.01
2087.16
2089.26
2091.33
2093.34
2095.3
2097.22
2099.16
2101.17
2103.29
2105.51
2107.76
2110.02
2112.22
2114.35
2116.4
2118.37
2120.25
2122.06
2123.78
2125.43
2127
2128.5
2129.92
2131.26
2132.53
2133.72
2134.83
2135.88
2136.87
2137.8
2138.71
2139.59
2140.47
2141.33
2142.16
2142.93
2143.58
2144.04
2144.24
510.785
520.316
542.512
573.756
611.105
652.387
696.743
743.728
792.585
841.521
887.613
927.762
960.335
986.365
1009.19
1032.84
1060.21
1092.16
1127.5
1163.82
1198.33
1228.85
1254.32
1275.06
1292.34
1307.72
1322.45
1337.18
1352.05
1366.93
1381.57
1395.78
1409.41
1422.39
1434.76
1446.66
1458.25
1469.7
1481.13
1492.6
1504.17
1515.93
1528.03
1540.58
1553.61
1567.02
1580.57
1593.99
1607.09
1619.77
1632.05
1643.97
1655.59
1666.94
1678.04
1688.92
1699.6
1710.15
1720.6
1730.93
1741.11
1751.04
1760.67
1769.98
1778.98
1787.75
1796.38
1804.97
1813.54
1822.04
1830.39
1838.48
1846.23
1853.62
1860.67
1867.45
1874.06
1880.58
1887.09
1893.67
1900.38
1907.24
1914.21
1921.18
1928.07
1934.81
1941.36
1947.72
1953.89
1959.86
1965.62
1971.18
1976.5
1981.58
1986.42
1991.02
1995.39
1999.59
2003.65
2007.63
2011.54
2015.39
2019.2
2022.96
2026.69
2030.41
2034.17
2037.97
2041.83
2045.75
2049.7
2053.66
2057.57
2061.38
2065.04
2068.49
2071.69
2074.64
2077.34
2079.83
2082.16
2084.38
2086.54
2088.66
2090.72
2092.74
2094.74
2096.77
2098.88
2101.08
2103.36
2105.65
2107.92
2110.14
2112.29
2114.38
2116.42
2118.4
2120.32
2122.17
2123.95
2125.66
2127.3
2128.85
2130.32
2131.71
2133.01
2134.23
2135.37
2136.43
2137.44
2138.4
2139.34
2140.26
2141.15
2142
2142.77
2143.42
2143.87
2144.06
500.549
509.278
526.595
554.079
587.848
626.251
668.198
713.208
760.814
809.786
857.632
901.048
937.42
966.274
989.624
1011.02
1034.08
1061.25
1093.24
1128.85
1165.52
1200.23
1230.6
1255.7
1276.07
1293.14
1308.53
1323.45
1338.48
1353.72
1368.91
1383.71
1397.83
1411.13
1423.69
1435.72
1447.47
1459.1
1470.67
1482.17
1493.63
1505.15
1516.92
1529.14
1541.9
1555.15
1568.66
1582.16
1595.43
1608.34
1620.86
1633.02
1644.84
1656.35
1667.58
1678.57
1689.4
1700.11
1710.74
1721.26
1731.63
1741.76
1751.58
1761.06
1770.24
1779.18
1787.98
1796.73
1805.46
1814.13
1822.64
1830.89
1838.82
1846.41
1853.68
1860.7
1867.53
1874.23
1880.89
1887.62
1894.48
1901.5
1908.63
1915.76
1922.8
1929.69
1936.4
1942.93
1949.27
1955.4
1961.32
1967
1972.42
1977.58
1982.47
1987.09
1991.47
1995.66
1999.7
2003.65
2007.54
2011.37
2015.15
2018.89
2022.61
2026.33
2030.08
2033.9
2037.78
2041.73
2045.73
2049.74
2053.71
2057.6
2061.34
2064.89
2068.22
2071.3
2074.14
2076.76
2079.21
2081.55
2083.79
2085.98
2088.12
2090.24
2092.35
2094.49
2096.7
2098.98
2101.3
2103.6
2105.86
2108.05
2110.21
2112.33
2114.42
2116.49
2118.52
2120.49
2122.41
2124.26
2126.02
2127.71
2129.3
2130.81
2132.22
2133.54
2134.77
2135.93
2137.01
2138.04
2139.03
2139.98
2140.89
2141.74
2142.5
2143.12
2143.54
2143.72
508.162
508.162
523.036
543.939
572.679
606.695
645.183
687.247
732.3
779.349
826.508
870.994
910.146
942.577
968.794
990.915
1011.98
1035.13
1062.68
1095.27
1131.56
1168.62
1203.21
1233.04
1257.47
1277.3
1294.15
1309.61
1324.82
1340.23
1355.76
1371.01
1385.57
1399.25
1412.12
1424.45
1436.51
1448.47
1460.31
1471.96
1483.4
1494.74
1506.2
1518.05
1530.46
1543.45
1556.83
1570.35
1583.76
1596.89
1609.67
1622.08
1634.12
1645.82
1657.2
1668.35
1679.32
1690.19
1700.98
1711.68
1722.21
1732.51
1742.5
1752.16
1761.52
1770.64
1779.63
1788.56
1797.45
1806.26
1814.9
1823.28
1831.37
1839.15
1846.66
1853.93
1860.99
1867.91
1874.77
1881.67
1888.69
1895.85
1903.09
1910.32
1917.46
1924.45
1931.29
1937.95
1944.44
1950.71
1956.76
1962.57
1968.1
1973.35
1978.31
1982.99
1987.42
1991.63
1995.69
1999.64
2003.52
2007.33
2011.09
2014.8
2018.49
2022.18
2025.92
2029.74
2033.64
2037.62
2041.66
2045.72
2049.75
2053.71
2057.54
2061.19
2064.64
2067.85
2070.84
2073.61
2076.21
2078.67
2081.03
2083.33
2085.58
2087.81
2090.05
2092.31
2094.62
2096.95
2099.28
2101.55
2103.77
2105.93
2108.07
2110.21
2112.36
2114.52
2116.65
2118.75
2120.8
2122.78
2124.68
2126.49
2128.2
2129.82
2131.34
2132.76
2134.09
2135.33
2136.5
2137.59
2138.63
2139.61
2140.52
2141.35
2142.08
2142.66
2143.06
2143.22
524.912
524.912
524.912
540.487
560.452
588.212
621.894
660.545
702.727
747.168
792.365
836.332
877.072
913.087
943.77
969.495
991.775
1013.2
1036.88
1065.21
1098.71
1135.64
1172.75
1206.79
1235.77
1259.37
1278.68
1295.39
1311.05
1326.59
1342.24
1357.72
1372.64
1386.72
1400.03
1412.81
1425.35
1437.75
1449.97
1461.88
1473.4
1484.64
1495.86
1507.36
1519.41
1532.08
1545.27
1558.73
1572.21
1585.51
1598.52
1611.17
1623.44
1635.35
1646.93
1658.25
1669.4
1680.43
1691.38
1702.22
1712.88
1723.32
1733.46
1743.28
1752.82
1762.14
1771.32
1780.44
1789.49
1798.43
1807.18
1815.67
1823.9
1831.87
1839.61
1847.13
1854.44
1861.61
1868.7
1875.8
1882.97
1890.24
1897.55
1904.84
1912.04
1919.11
1926.03
1932.81
1939.41
1945.81
1951.98
1957.89
1963.53
1968.88
1973.94
1978.71
1983.22
1987.51
1991.62
1995.6
1999.48
2003.28
2007.01
2010.68
2014.34
2018
2021.72
2025.54
2029.45
2033.46
2037.54
2041.64
2045.73
2049.76
2053.67
2057.42
2060.98
2064.34
2067.48
2070.41
2073.16
2075.78
2078.28
2080.71
2083.09
2085.45
2087.8
2090.18
2092.56
2094.92
2097.23
2099.47
2101.63
2103.76
2105.89
2108.05
2110.26
2112.49
2114.73
2116.96
2119.13
2121.24
2123.26
2125.19
2127.02
2128.75
2130.37
2131.89
2133.31
2134.64
2135.88
2137.03
2138.11
2139.11
2140.02
2140.83
2141.51
2142.05
2142.41
2142.56
537.488
537.488
537.488
537.488
549.385
566.789
594.605
629.373
668.652
710.553
753.548
796.321
837.809
877.001
912.821
944.175
970.686
993.469
1015.31
1039.64
1068.92
1103.3
1140.62
1177.48
1210.74
1238.74
1261.52
1280.39
1297.06
1312.9
1328.58
1344.11
1359.21
1373.65
1387.44
1400.8
1413.92
1426.88
1439.56
1451.8
1463.49
1474.74
1485.81
1497.05
1508.78
1521.14
1534.09
1547.43
1560.9
1574.31
1587.48
1600.34
1612.83
1624.95
1636.74
1648.27
1659.6
1670.81
1681.9
1692.86
1703.64
1714.19
1724.46
1734.43
1744.14
1753.64
1763.01
1772.3
1781.51
1790.58
1799.44
1808.05
1816.43
1824.59
1832.54
1840.3
1847.87
1855.29
1862.62
1869.92
1877.25
1884.62
1891.99
1899.32
1906.55
1913.66
1920.65
1927.51
1934.21
1940.7
1946.97
1952.98
1958.72
1964.17
1969.34
1974.23
1978.86
1983.25
1987.45
1991.48
1995.39
1999.2
2002.91
2006.56
2010.17
2013.81
2017.51
2021.32
2025.25
2029.29
2033.41
2037.56
2041.7
2045.79
2049.77
2053.62
2057.29
2060.78
2064.07
2067.16
2070.08
2072.86
2075.52
2078.09
2080.61
2083.1
2085.57
2088.03
2090.46
2092.84
2095.13
2097.32
2099.44
2101.54
2103.67
2105.87
2108.13
2110.44
2112.79
2115.12
2117.41
2119.64
2121.78
2123.82
2125.76
2127.58
2129.3
2130.91
2132.41
2133.82
2135.13
2136.34
2137.45
2138.46
2139.36
2140.15
2140.8
2141.3
2141.63
2141.77
533.843
533.843
533.843
533.843
533.843
542.879
564.14
594
630.057
669.509
710.505
752.02
793.782
835.5
876.174
913.844
946.495
973.41
996.162
1018.17
1043.19
1073.46
1108.68
1146.27
1182.7
1215.04
1241.99
1263.97
1282.46
1299.09
1314.94
1330.43
1345.56
1360.23
1374.47
1388.41
1402.17
1415.72
1428.91
1441.52
1453.47
1464.83
1475.88
1487
1498.52
1510.63
1523.34
1536.51
1549.91
1563.33
1576.61
1589.61
1602.29
1614.61
1626.61
1638.35
1649.88
1661.25
1672.48
1683.56
1694.45
1705.09
1715.47
1725.56
1735.41
1745.07
1754.62
1764.08
1773.46
1782.68
1791.69
1800.46
1809
1817.34
1825.49
1833.46
1841.26
1848.91
1856.47
1863.98
1871.47
1878.95
1886.38
1893.73
1900.98
1908.13
1915.17
1922.09
1928.86
1935.43
1941.77
1947.85
1953.67
1959.22
1964.5
1969.52
1974.28
1978.81
1983.12
1987.25
1991.22
1995.05
1998.77
2002.4
2006
2009.61
2013.31
2017.12
2021.07
2025.14
2029.3
2033.5
2037.69
2041.83
2045.88
2049.8
2053.58
2057.19
2060.62
2063.88
2066.97
2069.91
2072.73
2075.46
2078.12
2080.73
2083.3
2085.83
2088.3
2090.68
2092.95
2095.12
2097.22
2099.32
2101.47
2103.7
2106.01
2108.4
2110.83
2113.26
2115.66
2117.99
2120.24
2122.38
2124.41
2126.32
2128.12
2129.81
2131.39
2132.86
2134.23
2135.48
2136.63
2137.66
2138.56
2139.34
2139.97
2140.45
2140.77
2140.89
518.038
518.038
518.038
518.038
518.038
523.108
534.977
558.956
590.701
627.384
666.402
706.664
748.287
791.585
835.932
879.129
918.179
950.807
976.978
999.155
1021.36
1047.28
1078.71
1114.73
1152.38
1188.09
1219.27
1245.13
1266.45
1284.69
1301.21
1316.83
1331.93
1346.69
1361.23
1375.66
1389.98
1404.1
1417.78
1430.81
1443.07
1454.66
1465.86
1477.02
1488.49
1500.46
1512.99
1525.97
1539.25
1552.64
1565.95
1579.05
1591.86
1604.36
1616.54
1628.47
1640.17
1651.7
1663.07
1674.26
1685.25
1695.98
1706.44
1716.63
1726.58
1736.38
1746.09
1755.74
1765.31
1774.73
1783.94
1792.91
1801.65
1810.16
1818.48
1826.61
1834.58
1842.44
1850.21
1857.92
1865.57
1873.16
1880.67
1888.07
1895.36
1902.54
1909.62
1916.58
1923.4
1930.01
1936.4
1942.53
1948.41
1954.04
1959.43
1964.57
1969.48
1974.16
1978.61
1982.86
1986.92
1990.81
1994.56
1998.21
2001.81
2005.43
2009.13
2012.96
2016.94
2021.05
2025.25
2029.49
2033.72
2037.91
2042.01
2046
2049.87
2053.59
2057.15
2060.56
2063.81
2066.92
2069.9
2072.78
2075.58
2078.3
2080.96
2083.55
2086.05
2088.44
2090.72
2092.89
2095
2097.12
2099.3
2101.58
2103.95
2106.4
2108.89
2111.4
2113.88
2116.31
2118.65
2120.88
2122.98
2124.97
2126.83
2128.58
2130.22
2131.75
2133.17
2134.47
2135.66
2136.71
2137.63
2138.41
2139.05
2139.54
2139.86
2140
508.427
508.427
508.427
508.427
508.427
508.427
515.175
530.019
556.49
589.32
625.883
664.501
705.29
748.853
794.973
841.697
885.806
924.165
955.309
980.205
1002.02
1024.83
1051.94
1084.47
1120.94
1158.15
1192.78
1222.81
1247.88
1268.84
1286.92
1303.18
1318.41
1333.17
1347.82
1362.52
1377.26
1391.84
1405.98
1419.42
1432.06
1444.01
1455.53
1466.93
1478.53
1490.51
1502.94
1515.79
1528.94
1542.25
1555.55
1568.7
1581.6
1594.21
1606.54
1618.61
1630.46
1642.13
1653.62
1664.92
1675.99
1686.8
1697.32
1707.59
1717.64
1727.56
1737.43
1747.29
1757.09
1766.77
1776.23
1785.44
1794.37
1803.04
1811.48
1819.72
1827.83
1835.85
1843.8
1851.7
1859.52
1867.25
1874.86
1882.34
1889.68
1896.91
1904.02
1911.02
1917.85
1924.49
1930.89
1937.03
1942.94
1948.63
1954.11
1959.39
1964.45
1969.28
1973.89
1978.28
1982.46
1986.44
1990.26
1993.96
1997.6
2001.26
2004.99
2008.86
2012.88
2017.03
2021.27
2025.55
2029.81
2034.03
2038.17
2042.22
2046.15
2049.97
2053.65
2057.2
2060.6
2063.86
2067
2070.03
2072.96
2075.79
2078.54
2081.19
2083.73
2086.15
2088.45
2090.65
2092.8
2094.97
2097.2
2099.53
2101.94
2104.44
2106.98
2109.54
2112.09
2114.6
2117.01
2119.31
2121.48
2123.51
2125.43
2127.23
2128.92
2130.5
2131.96
2133.31
2134.53
2135.62
2136.58
2137.4
2138.08
2138.61
2138.97
2139.12
503.588
503.588
503.588
503.588
503.588
503.588
503.588
513.934
531.985
559.988
592.827
628.779
667.533
709.732
755.436
803.119
849.961
892.773
929.242
958.803
982.996
1005.05
1028.75
1056.89
1090.01
1126.31
1162.71
1196.38
1225.72
1250.5
1271.29
1289.08
1304.9
1319.75
1334.34
1349.08
1364.01
1378.88
1393.39
1407.24
1420.34
1432.78
1444.78
1456.61
1468.51
1480.65
1493.1
1505.89
1518.95
1532.17
1545.43
1558.58
1571.53
1584.21
1596.62
1608.78
1620.74
1632.51
1644.1
1655.49
1666.64
1677.52
1688.11
1698.45
1708.59
1718.66
1728.72
1738.82
1748.89
1758.84
1768.58
1778.02
1787.14
1795.93
1804.45
1812.78
1820.98
1829.13
1837.24
1845.31
1853.31
1861.2
1868.94
1876.53
1883.96
1891.24
1898.4
1905.41
1912.25
1918.88
1925.25
1931.38
1937.3
1943.03
1948.59
1953.98
1959.18
1964.18
1968.96
1973.5
1977.83
1981.94
1985.87
1989.67
1993.39
1997.11
2000.9
2004.82
2008.89
2013.09
2017.37
2021.68
2025.96
2030.19
2034.35
2038.44
2042.43
2046.33
2050.12
2053.78
2057.32
2060.74
2064.02
2067.19
2070.24
2073.18
2076.02
2078.74
2081.34
2083.8
2086.15
2088.41
2090.62
2092.85
2095.15
2097.53
2099.99
2102.51
2105.09
2107.71
2110.31
2112.87
2115.33
2117.68
2119.89
2121.97
2123.92
2125.75
2127.48
2129.1
2130.61
2132
2133.27
2134.41
2135.43
2136.31
2137.07
2137.68
2138.09
2138.27
507.023
507.023
507.023
507.023
507.023
507.023
507.023
507.023
521.118
541.484
569.349
600.612
635.252
674.351
717.679
764.025
811.212
856.617
897.78
932.997
961.948
986.107
1008.55
1032.84
1061.42
1094.55
1130.41
1166.23
1199.5
1228.7
1253.34
1273.78
1291.03
1306.35
1320.92
1335.51
1350.37
1365.34
1380.09
1394.34
1407.96
1421
1433.63
1446.03
1458.37
1470.79
1483.37
1496.18
1509.19
1522.36
1535.56
1548.68
1561.62
1574.32
1586.78
1599
1611.02
1622.86
1634.52
1645.98
1657.2
1668.15
1678.82
1689.25
1699.54
1709.78
1720.07
1730.42
1740.76
1750.98
1760.96
1770.6
1779.86
1788.76
1797.35
1805.73
1814.01
1822.28
1830.54
1838.78
1846.96
1855.01
1862.91
1870.64
1878.17
1885.54
1892.74
1899.77
1906.59
1913.17
1919.5
1925.59
1931.5
1937.26
1942.89
1948.39
1953.73
1958.89
1963.83
1968.55
1973.04
1977.32
1981.39
1985.32
1989.16
1992.98
1996.85
2000.85
2004.98
2009.23
2013.54
2017.86
2022.15
2026.38
2030.55
2034.65
2038.69
2042.66
2046.54
2050.31
2053.98
2057.52
2060.94
2064.24
2067.41
2070.47
2073.4
2076.2
2078.88
2081.41
2083.83
2086.16
2088.45
2090.76
2093.12
2095.55
2098.05
2100.62
2103.24
2105.89
2108.54
2111.13
2113.63
2116
2118.23
2120.33
2122.3
2124.16
2125.91
2127.57
2129.12
2130.56
2131.89
2133.1
2134.19
2135.16
2136.02
2136.73
2137.24
2137.45
517.042
517.042
517.042
517.042
517.042
517.042
517.042
517.042
517.042
535.773
557.298
578.474
606.735
640.882
680.568
724.184
770.043
816.347
861.056
901.933
937.095
965.95
989.948
1012.3
1036.62
1065.21
1098.21
1133.88
1169.61
1202.89
1231.99
1256.22
1276.02
1292.63
1307.57
1322.04
1336.66
1351.52
1366.37
1380.96
1395.11
1408.82
1422.14
1435.19
1448.05
1460.82
1473.62
1486.51
1499.54
1512.66
1525.81
1538.89
1551.81
1564.52
1576.99
1589.25
1601.31
1613.2
1624.91
1636.42
1647.71
1658.73
1669.51
1680.09
1690.56
1701.03
1711.58
1722.18
1732.76
1743.19
1753.34
1763.12
1772.49
1781.46
1790.12
1798.57
1806.94
1815.32
1823.73
1832.13
1840.48
1848.71
1856.78
1864.66
1872.33
1879.78
1887.03
1894.06
1900.85
1907.37
1913.63
1919.68
1925.57
1931.36
1937.06
1942.66
1948.14
1953.45
1958.56
1963.46
1968.13
1972.58
1976.83
1980.92
1984.91
1988.86
1992.85
1996.94
2001.13
2005.42
2009.75
2014.07
2018.34
2022.56
2026.72
2030.83
2034.91
2038.93
2042.89
2046.77
2050.55
2054.21
2057.75
2061.17
2064.47
2067.63
2070.67
2073.57
2076.34
2078.97
2081.48
2083.9
2086.29
2088.67
2091.1
2093.58
2096.14
2098.76
2101.42
2104.11
2106.78
2109.39
2111.89
2114.26
2116.5
2118.6
2120.58
2122.45
2124.23
2125.92
2127.51
2129.01
2130.4
2131.69
2132.87
2133.96
2134.94
2135.77
2136.37
2136.63
549.695
549.695
549.695
549.695
549.695
549.695
549.695
549.695
549.695
549.695
549.695
562.036
579.352
607.53
643.005
683.45
727.32
773.444
820.453
866.168
907.781
942.914
971.052
994.155
1015.91
1040
1068.56
1101.6
1137.38
1173.22
1206.44
1235.13
1258.71
1277.85
1294.04
1308.8
1323.23
1337.82
1352.6
1367.39
1382.02
1396.37
1410.39
1424.07
1437.44
1450.6
1463.64
1476.68
1489.77
1502.9
1516.03
1529.08
1541.99
1554.71
1567.21
1579.51
1591.61
1603.53
1615.28
1626.85
1638.2
1649.32
1660.24
1671.01
1681.72
1692.46
1703.27
1714.1
1724.86
1735.41
1745.65
1755.51
1764.96
1774.01
1782.75
1791.3
1799.79
1808.29
1816.83
1825.38
1833.9
1842.31
1850.56
1858.6
1866.4
1873.95
1881.24
1888.26
1895.01
1901.46
1907.67
1913.68
1919.57
1925.39
1931.15
1936.85
1942.45
1947.9
1953.18
1958.25
1963.11
1967.75
1972.19
1976.47
1980.63
1984.75
1988.87
1993.06
1997.32
2001.64
2005.97
2010.27
2014.51
2018.7
2022.85
2026.97
2031.07
2035.15
2039.19
2043.15
2047.03
2050.8
2054.45
2057.99
2061.39
2064.67
2067.82
2070.83
2073.71
2076.45
2079.08
2081.62
2084.11
2086.58
2089.08
2091.64
2094.25
2096.92
2099.63
2102.35
2105.03
2107.63
2110.12
2112.47
2114.69
2116.78
2118.76
2120.64
2122.44
2124.16
2125.8
2127.35
2128.82
2130.2
2131.49
2132.69
2133.8
2134.76
2135.46
2135.76
543.854
543.854
543.854
543.854
543.854
543.854
543.854
543.854
543.854
543.854
543.854
543.854
553.045
574.952
605.693
643.02
684.884
730.311
778.453
827.562
874.615
916.133
949.9
976.232
997.958
1019.06
1043.02
1071.66
1104.87
1140.8
1176.64
1209.58
1237.77
1260.84
1279.61
1295.59
1310.23
1324.56
1339.09
1353.9
1368.84
1383.71
1398.33
1412.58
1426.42
1439.93
1453.23
1466.45
1479.65
1492.86
1506.02
1519.1
1532.04
1544.8
1557.36
1569.71
1581.86
1593.84
1605.64
1617.27
1628.69
1639.93
1651.01
1662
1672.99
1684.02
1695.08
1706.09
1716.95
1727.55
1737.82
1747.72
1757.23
1766.38
1775.25
1783.94
1792.57
1801.2
1809.88
1818.57
1827.24
1835.82
1844.25
1852.44
1860.38
1868.02
1875.35
1882.37
1889.08
1895.48
1901.65
1907.64
1913.54
1919.4
1925.22
1931
1936.7
1942.29
1947.71
1952.95
1957.99
1962.82
1967.46
1971.95
1976.31
1980.6
1984.88
1989.17
1993.5
1997.84
2002.16
2006.43
2010.63
2014.79
2018.92
2023.04
2027.18
2031.3
2035.41
2039.46
2043.42
2047.29
2051.04
2054.68
2058.19
2061.58
2064.85
2067.98
2070.98
2073.86
2076.62
2079.29
2081.9
2084.48
2087.08
2089.71
2092.39
2095.12
2097.87
2100.6
2103.27
2105.85
2108.31
2110.62
2112.8
2114.86
2116.83
2118.72
2120.54
2122.3
2124
2125.62
2127.16
2128.63
2130.03
2131.36
2132.6
2133.69
2134.48
2134.83
527.475
527.475
527.475
527.475
527.475
527.475
527.475
527.475
527.475
527.475
527.475
527.475
533.275
546.399
572.029
605.776
645.587
689.882
737.983
788.591
839.014
885.491
924.807
955.846
980.086
1000.78
1021.62
1045.63
1074.42
1107.76
1143.76
1179.53
1212.3
1240.28
1263.1
1281.61
1297.31
1311.73
1325.99
1340.61
1355.63
1370.83
1385.9
1400.6
1414.84
1428.66
1442.22
1455.64
1469.02
1482.37
1495.65
1508.83
1521.86
1534.7
1547.34
1559.78
1572.02
1584.07
1595.95
1607.64
1619.15
1630.5
1641.76
1652.99
1664.25
1675.55
1686.83
1697.98
1708.9
1719.5
1729.75
1739.67
1749.26
1758.55
1767.6
1776.48
1785.28
1794.06
1802.87
1811.7
1820.51
1829.25
1837.83
1846.18
1854.24
1861.97
1869.36
1876.4
1883.09
1889.48
1895.63
1901.62
1907.54
1913.43
1919.3
1925.15
1930.94
1936.64
1942.19
1947.58
1952.78
1957.8
1962.64
1967.32
1971.89
1976.38
1980.81
1985.22
1989.62
1993.98
1998.29
2002.53
2006.69
2010.81
2014.93
2019.06
2023.22
2027.4
2031.56
2035.68
2039.73
2043.68
2047.53
2051.25
2054.87
2058.36
2061.74
2065
2068.14
2071.16
2074.07
2076.89
2079.64
2082.36
2085.07
2087.8
2090.55
2093.33
2096.1
2098.84
2101.49
2104.03
2106.43
2108.69
2110.81
2112.84
2114.79
2116.7
2118.55
2120.36
2122.11
2123.81
2125.43
2126.99
2128.5
2129.95
2131.32
2132.53
2133.42
2133.81
519.961
519.961
519.961
519.961
519.961
519.961
519.961
519.961
519.961
519.961
519.961
519.961
519.961
528.787
546.171
575.598
612.308
654.56
701.163
751.102
802.236
851.203
894.633
930.585
959.216
982.38
1002.88
1023.79
1047.86
1076.7
1110.16
1146.36
1182.34
1215.21
1243.06
1265.49
1283.48
1298.79
1313.1
1327.52
1342.45
1357.75
1373.08
1388.11
1402.67
1416.77
1430.56
1444.21
1457.8
1471.35
1484.83
1498.17
1511.35
1524.32
1537.08
1549.62
1561.97
1574.14
1586.11
1597.9
1609.49
1620.96
1632.37
1643.81
1655.32
1666.87
1678.34
1689.6
1700.54
1711.12
1721.37
1731.32
1741.02
1750.49
1759.77
1768.88
1777.89
1786.85
1795.8
1804.76
1813.71
1822.58
1831.29
1839.77
1847.96
1855.8
1863.27
1870.36
1877.09
1883.49
1889.66
1895.67
1901.6
1907.51
1913.41
1919.31
1925.17
1930.95
1936.62
1942.14
1947.49
1952.67
1957.69
1962.57
1967.34
1972.01
1976.61
1981.15
1985.62
1990.02
1994.33
1998.54
2002.68
2006.79
2010.9
2015.04
2019.23
2023.44
2027.66
2031.84
2035.96
2039.98
2043.9
2047.71
2051.41
2055
2058.49
2061.88
2065.16
2068.33
2071.41
2074.39
2077.31
2080.18
2083.02
2085.86
2088.69
2091.52
2094.31
2097.03
2099.65
2102.14
2104.46
2106.64
2108.7
2110.69
2112.64
2114.57
2116.48
2118.34
2120.16
2121.92
2123.63
2125.28
2126.89
2128.46
2129.95
2131.28
2132.25
2132.68
520.089
520.089
520.089
520.089
520.089
520.089
520.089
520.089
520.089
520.089
520.089
520.089
520.089
520.089
533.539
554.947
586.924
625.13
668.357
715.386
764.619
813.445
858.989
899.144
933.088
961.116
984.403
1005.03
1025.87
1049.83
1078.76
1112.59
1149.27
1185.58
1218.31
1245.55
1267.2
1284.63
1299.83
1314.43
1329.29
1344.56
1359.98
1375.2
1389.98
1404.32
1418.35
1432.22
1446.04
1459.82
1473.53
1487.09
1500.46
1513.59
1526.49
1539.16
1551.64
1563.94
1576.04
1587.92
1599.61
1611.18
1622.73
1634.35
1646.07
1657.83
1669.48
1680.83
1691.81
1702.39
1712.64
1722.66
1732.5
1742.19
1751.73
1761.11
1770.37
1779.53
1788.65
1797.74
1806.8
1815.77
1824.59
1833.19
1841.5
1849.47
1857.06
1864.26
1871.07
1877.54
1883.75
1889.79
1895.73
1901.64
1907.55
1913.47
1919.37
1925.23
1931
1936.62
1942.09
1947.41
1952.59
1957.65
1962.61
1967.47
1972.23
1976.9
1981.46
1985.91
1990.25
1994.47
1998.62
2002.73
2006.85
2011
2015.21
2019.46
2023.72
2027.95
2032.12
2036.19
2040.17
2044.04
2047.82
2051.51
2055.1
2058.62
2062.04
2065.37
2068.61
2071.77
2074.86
2077.9
2080.89
2083.84
2086.76
2089.64
2092.45
2095.16
2097.73
2100.14
2102.38
2104.47
2106.46
2108.42
2110.38
2112.35
2114.32
2116.26
2118.15
2119.97
2121.75
2123.48
2125.19
2126.86
2128.47
2129.9
2130.96
2131.43
529.797
529.797
529.797
529.797
529.797
529.797
529.797
529.797
529.797
529.797
529.797
529.797
529.797
529.797
529.797
546.405
569.286
601.044
638.37
680.394
725.681
772.393
818.354
861.677
900.948
935.143
963.706
987.145
1007.49
1027.97
1051.87
1081.16
1115.54
1152.57
1188.64
1220.55
1246.79
1267.78
1285.19
1300.85
1316.05
1331.34
1346.75
1362.02
1376.96
1391.5
1405.74
1419.81
1433.84
1447.84
1461.77
1475.57
1489.15
1502.47
1515.52
1528.35
1540.97
1553.41
1565.63
1577.64
1589.43
1601.11
1612.78
1624.56
1636.47
1648.41
1660.2
1671.66
1682.68
1693.29
1703.6
1713.72
1723.73
1733.66
1743.48
1753.15
1762.68
1772.07
1781.37
1790.59
1799.74
1808.79
1817.69
1826.4
1834.84
1842.96
1850.71
1858.06
1865.01
1871.6
1877.89
1883.97
1889.92
1895.81
1901.71
1907.63
1913.56
1919.47
1925.3
1931
1936.56
1941.99
1947.31
1952.53
1957.66
1962.7
1967.63
1972.44
1977.11
1981.64
1986.03
1990.31
1994.49
1998.64
2002.78
2006.97
2011.2
2015.47
2019.76
2024.01
2028.21
2032.32
2036.34
2040.27
2044.11
2047.87
2051.57
2055.2
2058.76
2062.25
2065.66
2069
2072.26
2075.47
2078.61
2081.69
2084.71
2087.64
2090.47
2093.16
2095.68
2098.01
2100.15
2102.16
2104.1
2106.05
2108.04
2110.08
2112.12
2114.13
2116.07
2117.96
2119.79
2121.59
2123.37
2125.14
2126.85
2128.38
2129.51
2130.02
544.276
544.276
544.276
544.276
544.276
544.276
544.276
544.276
544.276
544.276
544.276
544.276
544.276
544.276
544.276
544.276
560.321
581.131
610.262
645.218
685.245
728.775
774.148
819.653
863.539
903.908
938.909
967.543
990.461
1010.18
1030.34
1054.36
1084.02
1118.6
1155.25
1190.37
1221.22
1246.86
1267.96
1285.98
1302.36
1318.05
1333.48
1348.74
1363.74
1378.43
1392.85
1407.12
1421.32
1435.5
1449.63
1463.63
1477.41
1490.92
1504.16
1517.15
1529.93
1542.51
1554.88
1567.01
1578.93
1590.73
1602.55
1614.49
1626.56
1638.66
1650.58
1662.13
1673.23
1683.91
1694.3
1704.55
1714.75
1724.92
1735.02
1744.99
1754.79
1764.42
1773.9
1783.24
1792.47
1801.59
1810.56
1819.36
1827.94
1836.22
1844.16
1851.71
1858.85
1865.59
1872
1878.15
1884.13
1890.02
1895.89
1901.79
1907.72
1913.64
1919.5
1925.25
1930.87
1936.39
1941.82
1947.19
1952.48
1957.69
1962.78
1967.74
1972.53
1977.17
1981.66
1986.03
1990.29
1994.51
1998.71
2002.93
2007.19
2011.48
2015.77
2020.04
2024.25
2028.38
2032.42
2036.38
2040.27
2044.1
2047.89
2051.63
2055.32
2058.96
2062.53
2066.04
2069.48
2072.85
2076.15
2079.37
2082.49
2085.49
2088.34
2091.01
2093.49
2095.74
2097.82
2099.76
2101.68
2103.64
2105.69
2107.79
2109.9
2111.96
2113.94
2115.86
2117.73
2119.58
2121.43
2123.28
2125.08
2126.69
2127.9
2128.43
555.099
555.099
555.099
555.099
555.099
555.099
555.099
555.099
555.099
555.099
555.099
555.099
555.099
555.099
555.099
555.099
555.099
567.427
584.467
610.975
644.608
684.43
728.595
775.309
822.527
867.955
909.127
944.07
972.042
994.137
1013.2
1033.05
1057.05
1086.64
1120.75
1156.51
1190.74
1221.19
1247.1
1268.89
1287.6
1304.38
1320.12
1335.38
1350.37
1365.15
1379.74
1394.19
1408.56
1422.89
1437.16
1451.31
1465.27
1478.98
1492.41
1505.59
1518.55
1531.29
1543.8
1556.07
1568.15
1580.12
1592.11
1604.23
1616.47
1628.69
1640.71
1652.34
1663.52
1674.3
1684.81
1695.21
1705.6
1716
1726.36
1736.61
1746.68
1756.53
1766.19
1775.66
1784.98
1794.16
1803.21
1812.1
1820.81
1829.27
1837.4
1845.16
1852.51
1859.45
1866.02
1872.29
1878.32
1884.22
1890.07
1895.94
1901.84
1907.75
1913.6
1919.35
1925.01
1930.59
1936.12
1941.62
1947.07
1952.44
1957.69
1962.79
1967.72
1972.49
1977.11
1981.59
1985.98
1990.3
1994.59
1998.88
2003.17
2007.48
2011.78
2016.04
2020.24
2024.36
2028.4
2032.37
2036.3
2040.2
2044.06
2047.91
2051.72
2055.49
2059.22
2062.89
2066.5
2070.03
2073.48
2076.83
2080.06
2083.13
2086.03
2088.71
2091.16
2093.38
2095.41
2097.33
2099.26
2101.26
2103.36
2105.52
2107.68
2109.75
2111.74
2113.67
2115.55
2117.44
2119.34
2121.25
2123.12
2124.82
2126.09
2126.65
556.977
556.977
556.977
556.977
556.977
556.977
556.977
556.977
556.977
556.977
556.977
556.977
556.977
556.977
556.977
556.977
556.977
556.977
565.63
580.539
607.082
642.235
684.368
731.026
779.882
828.548
874.563
915.624
949.956
977.033
998.121
1016.34
1035.65
1059.28
1088.39
1121.86
1157.12
1191.3
1222.23
1248.79
1271.03
1289.83
1306.42
1321.87
1336.86
1351.67
1366.4
1381.03
1395.58
1410.05
1424.43
1438.69
1452.78
1466.65
1480.28
1493.68
1506.85
1519.78
1532.47
1544.92
1557.18
1569.36
1581.56
1593.87
1606.25
1618.57
1630.65
1642.34
1653.61
1664.5
1675.17
1685.74
1696.32
1706.94
1717.53
1728.01
1738.3
1748.37
1758.19
1767.81
1777.24
1786.51
1795.64
1804.64
1813.48
1822.09
1830.41
1838.37
1845.94
1853.1
1859.87
1866.29
1872.42
1878.37
1884.22
1890.06
1895.91
1901.76
1907.56
1913.29
1918.95
1924.58
1930.21
1935.84
1941.45
1946.97
1952.37
1957.61
1962.67
1967.58
1972.34
1976.97
1981.51
1985.97
1990.39
1994.77
1999.13
2003.47
2007.77
2012.02
2016.19
2020.27
2024.29
2028.27
2032.22
2036.16
2040.1
2044.04
2047.96
2051.86
2055.72
2059.54
2063.3
2066.98
2070.58
2074.06
2077.4
2080.56
2083.52
2086.24
2088.7
2090.93
2092.97
2094.92
2096.88
2098.93
2101.08
2103.27
2105.42
2107.48
2109.44
2111.35
2113.23
2115.14
2117.07
2119.04
2120.98
2122.75
2124.07
2124.66
552.062
552.062
552.062
552.062
552.062
552.062
552.062
552.062
552.062
552.062
552.062
552.062
552.062
552.062
552.062
552.062
552.062
552.062
552.062
560.065
576.218
605.51
643.786
688.65
737.184
787.043
836.062
882.078
922.773
956.262
982.043
1001.78
1018.97
1037.64
1060.85
1089.68
1123.19
1158.94
1193.88
1225.36
1251.95
1273.74
1291.91
1307.97
1323.11
1337.98
1352.81
1367.62
1382.37
1397.01
1411.5
1425.83
1440.01
1454.01
1467.83
1481.47
1494.89
1508.07
1520.98
1533.64
1546.11
1558.5
1570.92
1583.39
1595.89
1608.27
1620.38
1632.12
1643.48
1654.53
1665.39
1676.17
1686.95
1697.75
1708.52
1719.18
1729.65
1739.89
1749.9
1759.67
1769.25
1778.65
1787.91
1797.02
1805.98
1814.71
1823.17
1831.3
1839.07
1846.46
1853.45
1860.07
1866.37
1872.4
1878.28
1884.09
1889.88
1895.64
1901.37
1907.05
1912.72
1918.4
1924.13
1929.89
1935.64
1941.3
1946.83
1952.19
1957.38
1962.41
1967.32
1972.12
1976.84
1981.48
1986.05
1990.57
1995.02
1999.41
2003.73
2007.95
2012.08
2016.12
2020.1
2024.06
2028.02
2032.01
2036.02
2040.04
2044.06
2048.07
2052.05
2056
2059.89
2063.71
2067.44
2071.04
2074.5
2077.76
2080.8
2083.59
2086.12
2088.4
2090.51
2092.52
2094.54
2096.64
2098.81
2100.99
2103.1
2105.1
2107.01
2108.88
2110.76
2112.67
2114.64
2116.65
2118.64
2120.47
2121.84
2122.46
546.94
546.94
546.94
546.94
546.94
546.94
546.94
546.94
546.94
546.94
546.94
546.94
546.94
546.94
546.94
546.94
546.94
546.94
546.94
546.94
557.025
576.006
608.244
648.888
695.173
744.348
794.498
843.789
889.787
929.779
961.83
985.961
1004.4
1020.83
1039.17
1062.43
1091.86
1126.48
1163.38
1198.83
1229.88
1255.37
1275.97
1293.29
1308.95
1324.01
1338.98
1353.97
1368.94
1383.76
1398.39
1412.8
1427.03
1441.13
1455.13
1469.01
1482.74
1496.22
1509.41
1522.31
1534.99
1547.56
1560.13
1572.72
1585.29
1597.7
1609.84
1621.64
1633.13
1644.37
1655.46
1666.47
1677.46
1688.43
1699.33
1710.11
1720.72
1731.11
1741.29
1751.26
1761.02
1770.6
1780.01
1789.25
1798.3
1807.12
1815.67
1823.94
1831.88
1839.49
1846.72
1853.58
1860.06
1866.23
1872.17
1877.97
1883.7
1889.38
1895.03
1900.67
1906.34
1912.09
1917.92
1923.81
1929.69
1935.48
1941.11
1946.56
1951.84
1956.99
1962.04
1967.02
1971.93
1976.77
1981.54
1986.22
1990.8
1995.27
1999.61
2003.82
2007.9
2011.88
2015.82
2019.76
2023.74
2027.77
2031.84
2035.94
2040.04
2044.14
2048.22
2052.27
2056.28
2060.21
2064.06
2067.78
2071.35
2074.73
2077.87
2080.76
2083.39
2085.78
2087.98
2090.09
2092.18
2094.31
2096.47
2098.61
2100.65
2102.58
2104.43
2106.27
2108.14
2110.06
2112.05
2114.09
2116.13
2118
2119.42
2120.06
544.391
544.391
544.391
544.391
544.391
544.391
544.391
544.391
544.391
544.391
544.391
544.391
544.391
544.391
544.391
544.391
544.391
544.391
544.391
544.391
544.391
556.028
576.917
611.398
653.728
700.677
750.35
801.133
850.763
896.272
934.909
965.35
988.244
1005.99
1022.16
1040.75
1065
1096.08
1132.31
1169.86
1204.63
1234.07
1257.85
1277.25
1294.03
1309.62
1324.86
1340.07
1355.28
1370.34
1385.14
1399.66
1413.95
1428.13
1442.29
1456.42
1470.46
1484.28
1497.78
1510.92
1523.78
1536.47
1549.11
1561.76
1574.36
1586.8
1599
1610.91
1622.57
1634.04
1645.39
1656.64
1667.83
1678.94
1689.94
1700.81
1711.52
1722.05
1732.41
1742.58
1752.56
1762.34
1771.92
1781.29
1790.42
1799.29
1807.92
1816.28
1824.38
1832.18
1839.66
1846.75
1853.45
1859.78
1865.81
1871.62
1877.31
1882.93
1888.54
1894.17
1899.89
1905.71
1911.65
1917.66
1923.65
1929.52
1935.22
1940.72
1946.07
1951.31
1956.5
1961.64
1966.76
1971.82
1976.81
1981.69
1986.43
1991
1995.39
1999.59
2003.63
2007.57
2011.48
2015.41
2019.41
2023.48
2027.6
2031.76
2035.93
2040.11
2044.26
2048.4
2052.48
2056.51
2060.45
2064.28
2067.95
2071.44
2074.71
2077.72
2080.48
2083
2085.33
2087.54
2089.71
2091.86
2094
2096.07
2098.04
2099.9
2101.7
2103.52
2105.39
2107.33
2109.33
2111.4
2113.47
2115.39
2116.84
2117.49
536.702
536.702
536.702
536.702
536.702
536.702
536.702
536.702
536.702
536.702
536.702
536.702
536.702
536.702
536.702
536.702
536.702
536.702
536.702
536.702
536.702
536.702
548.705
575.637
612.36
655.951
703.933
754.676
806.17
855.624
900.091
937.458
966.995
989.409
1006.93
1023.27
1042.86
1069.01
1102.14
1139.42
1176.45
1209.47
1236.9
1259.18
1277.83
1294.48
1310.27
1325.85
1341.36
1356.72
1371.78
1386.48
1400.9
1415.18
1429.48
1443.82
1458.15
1472.28
1486.07
1499.44
1512.42
1525.16
1537.8
1550.45
1563.07
1575.58
1587.89
1599.97
1611.85
1623.56
1635.16
1646.64
1658.01
1669.25
1680.35
1691.29
1702.09
1712.75
1723.27
1733.64
1743.85
1753.85
1763.61
1773.11
1782.32
1791.25
1799.92
1808.37
1816.6
1824.58
1832.27
1839.58
1846.49
1852.98
1859.12
1864.99
1870.69
1876.3
1881.92
1887.59
1893.38
1899.31
1905.36
1911.47
1917.53
1923.44
1929.15
1934.67
1940.06
1945.38
1950.69
1956.01
1961.33
1966.62
1971.83
1976.92
1981.84
1986.55
1991.01
1995.24
1999.28
2003.21
2007.11
2011.05
2015.08
2019.18
2023.35
2027.55
2031.77
2035.99
2040.2
2044.39
2048.54
2052.63
2056.64
2060.55
2064.32
2067.91
2071.3
2074.45
2077.35
2080.02
2082.49
2084.81
2087.05
2089.23
2091.33
2093.35
2095.26
2097.07
2098.86
2100.67
2102.55
2104.51
2106.54
2108.63
2110.73
2112.68
2114.16
2114.83
518.739
518.739
518.739
518.739
518.739
518.739
518.739
518.739
518.739
518.739
518.739
518.739
518.739
518.739
518.739
518.739
518.739
518.739
518.739
518.739
518.739
518.739
525.403
540.972
571.214
610.544
655.929
705.541
757.48
809.266
858.151
901.816
938.69
967.974
990.073
1007.36
1024.24
1045.52
1073.94
1108.69
1146.05
1181.71
1212.79
1238.54
1259.82
1278.16
1294.95
1311.13
1327.1
1342.88
1358.32
1373.34
1387.99
1402.44
1416.88
1431.39
1445.9
1460.24
1474.24
1487.77
1500.83
1513.58
1526.2
1538.83
1551.51
1564.14
1576.63
1588.93
1601.03
1612.97
1624.78
1636.46
1647.99
1659.34
1670.53
1681.57
1692.46
1703.24
1713.92
1724.48
1734.89
1745.1
1755.05
1764.7
1774.01
1783.01
1791.75
1800.27
1808.61
1816.75
1824.6
1832.1
1839.18
1845.83
1852.08
1858.04
1863.79
1869.47
1875.16
1880.93
1886.84
1892.89
1899.05
1905.23
1911.31
1917.21
1922.89
1928.4
1933.82
1939.22
1944.65
1950.14
1955.66
1961.17
1966.61
1971.92
1977.03
1981.89
1986.46
1990.77
1994.85
1998.82
2002.75
2006.73
2010.79
2014.93
2019.12
2023.34
2027.58
2031.82
2036.06
2040.28
2044.47
2048.6
2052.66
2056.63
2060.47
2064.15
2067.65
2070.92
2073.97
2076.79
2079.4
2081.85
2084.16
2086.37
2088.47
2090.46
2092.34
2094.14
2095.93
2097.76
2099.68
2101.67
2103.72
2105.84
2107.97
2109.95
2111.46
2112.15
500.624
500.624
500.624
500.624
500.624
500.624
500.624
500.624
500.624
500.624
500.624
500.624
500.624
500.624
500.624
500.624
500.624
500.624
500.624
500.624
500.624
500.624
500.624
508.73
532.021
565.838
607.812
655.585
707.109
759.979
811.727
860.224
903.693
940.423
969.161
990.386
1007.33
1025.18
1048.57
1079.1
1114.76
1151.53
1185.64
1215.02
1239.54
1260.24
1278.57
1295.73
1312.39
1328.75
1344.73
1360.24
1375.29
1390.02
1404.63
1419.22
1433.79
1448.19
1462.26
1475.85
1488.96
1501.72
1514.34
1527.03
1539.82
1552.64
1565.35
1577.86
1590.17
1602.3
1614.27
1626.09
1637.74
1649.21
1660.51
1671.66
1682.67
1693.57
1704.38
1715.09
1725.68
1736.09
1746.24
1756.05
1765.5
1774.61
1783.44
1792.05
1800.48
1808.72
1816.7
1824.32
1831.53
1838.31
1844.68
1850.74
1856.61
1862.4
1868.23
1874.16
1880.23
1886.43
1892.68
1898.89
1904.95
1910.79
1916.42
1921.92
1927.37
1932.85
1938.42
1944.07
1949.79
1955.51
1961.18
1966.7
1972
1977.03
1981.75
1986.18
1990.37
1994.43
1998.44
2002.48
2006.58
2010.74
2014.94
2019.16
2023.4
2027.64
2031.89
2036.11
2040.31
2044.46
2048.54
2052.53
2056.42
2060.18
2063.76
2067.16
2070.34
2073.3
2076.06
2078.62
2081.03
2083.29
2085.41
2087.41
2089.3
2091.13
2092.95
2094.83
2096.79
2098.82
2100.92
2103.08
2105.26
2107.29
2108.84
2109.55
479.127
479.127
479.127
479.127
479.127
479.127
479.127
479.127
479.127
479.127
479.127
479.127
479.127
479.127
479.127
479.127
479.127
479.127
479.127
479.127
479.127
479.127
479.127
484.574
497.491
524.524
561.714
607.034
657.638
710.797
764.075
815.663
864.055
907.335
943.222
970.407
990.272
1007.17
1026.56
1052.18
1084.32
1120.23
1156.03
1188.62
1216.65
1240.35
1260.86
1279.47
1297.13
1314.27
1330.96
1347.12
1362.74
1377.9
1392.73
1407.37
1421.86
1436.17
1450.16
1463.72
1476.84
1489.65
1502.37
1515.19
1528.17
1541.2
1554.13
1566.84
1579.3
1591.54
1603.61
1615.53
1627.28
1638.88
1650.31
1661.58
1672.71
1683.73
1694.64
1705.48
1716.22
1726.81
1737.15
1747.17
1756.8
1766.05
1775
1783.7
1792.21
1800.51
1808.55
1816.26
1823.55
1830.42
1836.91
1843.09
1849.11
1855.08
1861.1
1867.25
1873.51
1879.86
1886.19
1892.41
1898.42
1904.2
1909.78
1915.27
1920.77
1926.36
1932.07
1937.9
1943.8
1949.71
1955.57
1961.29
1966.79
1972
1976.9
1981.49
1985.85
1990.04
1994.18
1998.31
2002.46
2006.64
2010.83
2015.03
2019.24
2023.47
2027.7
2031.91
2036.1
2040.23
2044.31
2048.31
2052.22
2056.02
2059.68
2063.16
2066.46
2069.56
2072.45
2075.14
2077.65
2079.99
2082.18
2084.23
2086.17
2088.06
2089.95
2091.89
2093.91
2096.01
2098.18
2100.42
2102.67
2104.76
2106.35
2107.07
466.747
466.747
466.747
466.747
466.747
466.747
466.747
466.747
466.747
466.747
466.747
466.747
466.747
466.747
466.747
466.747
466.747
466.747
466.747
466.747
466.747
466.747
466.747
466.747
473.25
489.147
520.18
561.811
610.955
663.76
717.488
770.563
821.93
869.992
912.21
946.11
971.183
990.059
1007.71
1029.03
1056.54
1089.55
1125.08
1159.72
1191.03
1218.13
1241.47
1262.14
1281.22
1299.4
1316.94
1333.89
1350.2
1365.89
1381.02
1395.72
1410.09
1424.19
1438
1451.46
1464.59
1477.51
1490.41
1503.46
1516.68
1529.92
1543.02
1555.85
1568.39
1580.69
1592.82
1604.81
1616.67
1628.38
1639.95
1651.35
1662.6
1673.71
1684.71
1695.64
1706.5
1717.26
1727.8
1738.03
1747.87
1757.3
1766.37
1775.17
1783.73
1792.07
1800.14
1807.88
1815.24
1822.19
1828.78
1835.1
1841.29
1847.48
1853.75
1860.15
1866.64
1873.15
1879.57
1885.8
1891.77
1897.5
1903.06
1908.58
1914.15
1919.86
1925.71
1931.69
1937.76
1943.84
1949.87
1955.77
1961.44
1966.84
1971.94
1976.73
1981.28
1985.66
1989.94
1994.18
1998.39
2002.59
2006.77
2010.94
2015.13
2019.33
2023.53
2027.72
2031.87
2035.97
2040.01
2043.99
2047.9
2051.72
2055.42
2058.98
2062.38
2065.59
2068.61
2071.43
2074.06
2076.51
2078.79
2080.93
2082.96
2084.94
2086.92
2088.95
2091.06
2093.25
2095.53
2097.87
2100.21
2102.37
2104
2104.73
455.52
455.52
455.52
455.52
455.52
455.52
455.52
455.52
455.52
455.52
455.52
455.52
455.52
455.52
455.52
455.52
455.52
455.52
455.52
455.52
455.52
455.52
455.52
455.52
455.52
464.28
484.444
521.261
567.817
619.202
672.259
725.435
778.03
828.938
875.934
916.17
947.766
971.354
990.325
1009.42
1032.57
1061.27
1094.41
1129.21
1162.79
1193.22
1219.91
1243.36
1264.48
1284.09
1302.69
1320.48
1337.51
1353.77
1369.26
1384.08
1398.37
1412.28
1425.88
1439.23
1452.38
1465.45
1478.61
1491.93
1505.38
1518.78
1531.97
1544.83
1557.4
1569.73
1581.92
1594
1605.97
1617.8
1629.49
1640.99
1652.32
1663.49
1674.55
1685.56
1696.53
1707.44
1718.18
1728.63
1738.67
1748.27
1757.47
1766.34
1774.95
1783.31
1791.41
1799.18
1806.59
1813.62
1820.33
1826.81
1833.2
1839.64
1846.2
1852.88
1859.63
1866.33
1872.86
1879.14
1885.12
1890.84
1896.42
1901.99
1907.65
1913.47
1919.45
1925.56
1931.76
1937.98
1944.15
1950.19
1956.03
1961.6
1966.89
1971.89
1976.66
1981.23
1985.68
1990.05
1994.34
1998.57
2002.75
2006.91
2011.07
2015.25
2019.42
2023.56
2027.66
2031.7
2035.69
2039.62
2043.5
2047.31
2051.04
2054.65
2058.13
2061.44
2064.58
2067.53
2070.29
2072.86
2075.27
2077.53
2079.69
2081.79
2083.88
2086.02
2088.24
2090.54
2092.93
2095.39
2097.83
2100.06
2101.72
2102.46
442.789
442.789
442.789
442.789
442.789
442.789
442.789
442.789
442.789
442.789
442.789
442.789
442.789
442.789
442.789
442.789
442.789
442.789
442.789
442.789
442.789
442.789
442.789
442.789
442.789
442.789
455.847
486.503
528.192
576.287
627.157
679.154
731.614
783.753
833.831
879.249
917.547
947.763
971.253
991.371
1012.13
1036.59
1065.77
1098.57
1132.63
1165.51
1195.62
1222.5
1246.49
1268.2
1288.22
1306.96
1324.65
1341.38
1357.2
1372.2
1386.51
1400.33
1413.82
1427.11
1440.31
1453.57
1466.98
1480.56
1494.19
1507.68
1520.86
1533.71
1546.27
1558.66
1570.94
1583.14
1595.23
1607.19
1618.95
1630.51
1641.86
1653.04
1664.13
1675.21
1686.3
1697.37
1708.3
1718.94
1729.16
1738.9
1748.19
1757.12
1765.77
1774.16
1782.3
1790.14
1797.63
1804.78
1811.63
1818.29
1824.92
1831.64
1838.51
1845.51
1852.54
1859.46
1866.16
1872.54
1878.58
1884.36
1890
1895.64
1901.39
1907.3
1913.37
1919.58
1925.86
1932.18
1938.45
1944.61
1950.58
1956.32
1961.79
1967
1971.97
1976.76
1981.39
1985.89
1990.28
1994.57
1998.78
2002.94
2007.09
2011.25
2015.38
2019.47
2023.5
2027.46
2031.36
2035.23
2039.06
2042.85
2046.58
2050.22
2053.76
2057.16
2060.41
2063.48
2066.38
2069.09
2071.64
2074.05
2076.35
2078.59
2080.83
2083.09
2085.43
2087.86
2090.36
2092.93
2095.46
2097.74
2099.43
2100.18
428.07
428.07
428.07
428.07
428.07
428.07
428.07
428.07
428.07
428.07
428.07
428.07
428.07
428.07
428.07
428.07
428.07
428.07
428.07
428.07
428.07
428.07
428.07
428.07
428.07
428.07
437.994
458.259
492.331
534.197
580.961
630.5
681.84
734.064
785.74
834.792
878.929
916.429
946.891
971.625
993.373
1015.45
1040.5
1069.58
1101.9
1135.52
1168.35
1198.92
1226.6
1251.35
1273.47
1293.44
1311.73
1328.74
1344.73
1359.86
1374.28
1388.17
1401.7
1415.06
1428.4
1441.85
1455.48
1469.24
1482.97
1496.46
1509.59
1522.4
1534.99
1547.47
1559.9
1572.26
1584.48
1596.52
1608.32
1619.85
1631.17
1642.32
1653.43
1664.58
1675.79
1687.02
1698.12
1708.93
1719.28
1729.11
1738.46
1747.44
1756.13
1764.6
1772.83
1780.8
1788.44
1795.75
1802.79
1809.68
1816.57
1823.6
1830.8
1838.12
1845.46
1852.65
1859.55
1866.1
1872.27
1878.16
1883.9
1889.62
1895.44
1901.4
1907.51
1913.76
1920.1
1926.48
1932.83
1939.07
1945.15
1951.01
1956.64
1962.04
1967.23
1972.21
1977.03
1981.69
1986.2
1990.57
1994.84
1999.04
2003.2
2007.34
2011.43
2015.45
2019.39
2023.25
2027.05
2030.84
2034.61
2038.36
2042.08
2045.75
2049.33
2052.8
2056.14
2059.33
2062.36
2065.23
2067.93
2070.5
2072.97
2075.37
2077.75
2080.16
2082.62
2085.16
2087.77
2090.43
2093.03
2095.34
2097.05
2097.81
427.01
427.01
427.01
427.01
427.01
427.01
427.01
427.01
427.01
427.01
427.01
427.01
427.01
427.01
427.01
427.01
427.01
427.01
427.01
427.01
427.01
427.01
427.01
427.01
427.01
427.01
427.01
439.782
460.633
493.612
534.055
580.058
629.574
681.094
733.148
784.169
832.523
876.608
915.031
947.127
973.517
996.391
1018.87
1043.8
1072.55
1104.71
1138.64
1172.34
1204.09
1232.77
1257.93
1279.73
1298.83
1316
1331.91
1347.01
1361.51
1375.58
1389.34
1402.94
1416.51
1430.19
1443.99
1457.84
1471.56
1485.01
1498.1
1510.92
1523.59
1536.22
1548.82
1561.33
1573.66
1585.73
1597.49
1608.96
1620.19
1631.31
1642.44
1653.66
1665
1676.37
1687.62
1698.54
1708.98
1718.87
1728.27
1737.29
1746.07
1754.66
1763.08
1771.25
1779.12
1786.67
1793.96
1801.12
1808.32
1815.65
1823.18
1830.83
1838.47
1845.94
1853.1
1859.85
1866.21
1872.25
1878.11
1883.91
1889.77
1895.75
1901.87
1908.13
1914.49
1920.91
1927.31
1933.6
1939.75
1945.71
1951.47
1957.04
1962.42
1967.6
1972.61
1977.44
1982.09
1986.58
1990.93
1995.19
1999.39
2003.52
2007.56
2011.5
2015.33
2019.08
2022.77
2026.47
2030.17
2033.88
2037.59
2041.26
2044.87
2048.4
2051.83
2055.13
2058.28
2061.3
2064.16
2066.9
2069.54
2072.1
2074.64
2077.19
2079.77
2082.42
2085.12
2087.84
2090.49
2092.85
2094.58
2095.34
425.753
425.753
425.753
425.753
425.753
425.753
425.753
425.753
425.753
425.753
425.753
425.753
425.753
425.753
425.753
425.753
425.753
425.753
425.753
425.753
425.753
425.753
425.753
425.753
425.753
425.753
425.753
425.753
436.583
455.839
488.996
530.706
577.829
628.026
679.462
730.899
781.51
830.397
876.024
916.4
949.99
977.007
999.75
1021.8
1046.4
1075.23
1108.08
1143.29
1178.52
1211.48
1240.54
1265.11
1285.62
1303.15
1318.9
1333.77
1348.23
1362.48
1376.58
1390.56
1404.49
1418.42
1432.36
1446.22
1459.91
1473.31
1486.42
1499.32
1512.15
1524.96
1537.73
1550.34
1562.7
1574.73
1586.4
1597.77
1608.93
1620.02
1631.18
1642.48
1653.92
1665.41
1676.76
1687.77
1698.27
1708.21
1717.67
1726.78
1735.7
1744.5
1753.18
1761.64
1769.81
1777.67
1785.28
1792.76
1800.27
1807.93
1815.76
1823.71
1831.64
1839.39
1846.8
1853.79
1860.36
1866.58
1872.57
1878.45
1884.35
1890.33
1896.43
1902.68
1909.05
1915.47
1921.88
1928.2
1934.38
1940.4
1946.28
1952
1957.55
1962.93
1968.13
1973.13
1977.94
1982.57
1987.04
1991.39
1995.62
1999.75
2003.74
2007.59
2011.31
2014.93
2018.52
2022.12
2025.76
2029.44
2033.13
2036.81
2040.44
2044.02
2047.51
2050.9
2054.18
2057.33
2060.35
2063.25
2066.06
2068.79
2071.48
2074.17
2076.87
2079.61
2082.39
2085.17
2087.86
2090.25
2092.01
2092.78
413.412
413.412
413.412
413.412
413.412
413.412
413.412
413.412
413.412
413.412
413.412
413.412
413.412
413.412
413.412
413.412
413.412
413.412
413.412
413.412
413.412
413.412
413.412
413.412
413.412
413.412
413.412
413.412
413.412
423.92
449.948
486.583
530.693
578.939
628.976
679.594
730.607
781.962
832.592
880.064
921.409
954.857
981.025
1002.89
1024.46
1049.22
1078.92
1113.25
1150.14
1186.63
1219.91
1248.18
1271.16
1289.81
1305.72
1320.37
1334.66
1348.99
1363.41
1377.83
1392.18
1406.41
1420.48
1434.36
1448.01
1461.41
1474.62
1487.7
1500.74
1513.73
1526.61
1539.25
1551.56
1563.49
1575.04
1586.31
1597.42
1608.52
1619.72
1631.1
1642.62
1654.18
1665.6
1676.67
1687.23
1697.25
1706.81
1716.08
1725.21
1734.29
1743.29
1752.1
1760.63
1768.85
1776.82
1784.66
1792.51
1800.48
1808.6
1816.81
1824.98
1832.96
1840.6
1847.81
1854.61
1861.03
1867.17
1873.17
1879.11
1885.09
1891.18
1897.41
1903.76
1910.17
1916.56
1922.85
1929.03
1935.09
1941.06
1946.91
1952.63
1958.2
1963.59
1968.77
1973.76
1978.54
1983.14
1987.57
1991.85
1995.97
1999.92
2003.68
2007.29
2010.8
2014.29
2017.82
2021.41
2025.06
2028.74
2032.42
2036.07
2039.68
2043.23
2046.7
2050.08
2053.35
2056.51
2059.57
2062.53
2065.42
2068.26
2071.08
2073.89
2076.72
2079.57
2082.41
2085.14
2087.57
2089.35
2090.14
395.871
395.871
395.871
395.871
395.871
395.871
395.871
395.871
395.871
395.871
395.871
395.871
395.871
395.871
395.871
395.871
395.871
395.871
395.871
395.871
395.871
395.871
395.871
395.871
395.871
395.871
395.871
395.871
395.871
403.616
420.473
451.413
491.323
536.899
584.967
634.015
684.031
735.574
788.312
840.193
887.89
928.37
960.402
985.284
1006.37
1027.87
1053.31
1084.32
1120.18
1158.22
1194.96
1227.37
1253.95
1274.98
1292
1306.89
1321.11
1335.42
1350.02
1364.79
1379.53
1394.07
1408.29
1422.22
1435.89
1449.38
1462.77
1476.09
1489.36
1502.51
1515.44
1528.04
1540.24
1552.03
1563.47
1574.66
1585.77
1596.91
1608.19
1619.63
1631.2
1642.8
1654.25
1665.37
1676.02
1686.16
1695.89
1705.39
1714.8
1724.21
1733.56
1742.74
1751.65
1760.25
1768.61
1776.82
1785.01
1793.28
1801.65
1810.07
1818.43
1826.58
1834.4
1841.83
1848.85
1855.49
1861.82
1867.96
1873.98
1880
1886.09
1892.3
1898.61
1904.97
1911.29
1917.53
1923.68
1929.77
1935.81
1941.79
1947.68
1953.43
1959
1964.36
1969.52
1974.45
1979.17
1983.7
1988.02
1992.14
1996.04
1999.73
2003.25
2006.68
2010.1
2013.57
2017.14
2020.77
2024.44
2028.12
2031.78
2035.41
2039
2042.54
2046
2049.37
2052.66
2055.85
2058.95
2061.98
2064.96
2067.9
2070.82
2073.74
2076.66
2079.55
2082.34
2084.8
2086.62
2087.42
392.489
392.489
392.489
392.489
392.489
392.489
392.489
392.489
392.489
392.489
392.489
392.489
392.489
392.489
392.489
392.489
392.489
392.489
392.489
392.489
392.489
392.489
392.489
392.489
392.489
392.489
392.489
392.489
392.489
392.489
404.884
426.554
460.985
502.671
548.316
595.447
643.657
693.681
745.873
799.086
850.624
897.185
936.148
966.702
990.391
1010.81
1032.35
1058.53
1090.66
1127.46
1165.72
1201.68
1232.53
1257.29
1276.83
1293.01
1307.67
1322.06
1336.7
1351.61
1366.57
1381.33
1395.73
1409.77
1423.56
1437.23
1450.86
1464.45
1477.93
1491.2
1504.15
1516.68
1528.77
1540.43
1551.77
1562.94
1574.07
1585.3
1596.66
1608.18
1619.8
1631.41
1642.89
1654.06
1664.82
1675.14
1685.11
1694.89
1704.62
1714.36
1724.05
1733.58
1742.85
1751.83
1760.55
1769.13
1777.65
1786.21
1794.8
1803.38
1811.85
1820.12
1828.09
1835.71
1842.96
1849.84
1856.4
1862.72
1868.88
1874.98
1881.11
1887.3
1893.56
1899.83
1906.05
1912.21
1918.33
1924.44
1930.56
1936.67
1942.71
1948.62
1954.37
1959.9
1965.21
1970.29
1975.13
1979.74
1984.11
1988.23
1992.1
1995.74
1999.2
2002.57
2005.94
2009.4
2012.95
2016.58
2020.25
2023.92
2027.59
2031.24
2034.86
2038.44
2041.96
2045.42
2048.8
2052.1
2055.32
2058.48
2061.57
2064.62
2067.65
2070.65
2073.64
2076.59
2079.43
2081.94
2083.79
2084.6
397.744
397.744
397.744
397.744
397.744
397.744
397.744
397.744
397.744
397.744
397.744
397.744
397.744
397.744
397.744
397.744
397.744
397.744
397.744
397.744
397.744
397.744
397.744
397.744
397.744
397.744
397.744
397.744
397.744
397.744
397.744
413.591
438.331
474.921
517.413
562.262
608.263
655.859
705.815
758
810.879
861.709
907.232
944.805
973.719
995.911
1015.47
1037.01
1063.82
1096.68
1133.75
1171.48
1206.17
1235.46
1258.95
1277.84
1293.94
1308.87
1323.59
1338.45
1353.39
1368.2
1382.73
1396.96
1410.99
1424.93
1438.84
1452.66
1466.31
1479.67
1492.63
1505.13
1517.15
1528.74
1540.03
1551.21
1562.42
1573.76
1585.25
1596.87
1608.55
1620.2
1631.71
1642.95
1653.84
1664.36
1674.59
1684.66
1694.7
1704.75
1714.74
1724.57
1734.16
1743.47
1752.54
1761.45
1770.28
1779.08
1787.85
1796.55
1805.11
1813.46
1821.56
1829.35
1836.83
1843.97
1850.8
1857.36
1863.71
1869.95
1876.14
1882.33
1888.52
1894.69
1900.81
1906.89
1912.98
1919.12
1925.33
1931.56
1937.74
1943.81
1949.71
1955.39
1960.85
1966.05
1971
1975.69
1980.1
1984.23
1988.09
1991.7
1995.13
1998.48
2001.85
2005.31
2008.87
2012.5
2016.16
2019.84
2023.51
2027.17
2030.81
2034.42
2037.99
2041.5
2044.95
2048.33
2051.65
2054.9
2058.1
2061.25
2064.36
2067.44
2070.5
2073.51
2076.41
2078.97
2080.85
2081.68
405.132
405.132
405.132
405.132
405.132
405.132
405.132
405.132
405.132
405.132
405.132
405.132
405.132
405.132
405.132
405.132
405.132
405.132
405.132
405.132
405.132
405.132
405.132
405.132
405.132
405.132
405.132
405.132
405.132
405.132
405.132
405.132
421.668
451.69
489.458
531.179
574.606
619.573
666.793
716.843
769.328
822.455
873.079
917.505
953.122
979.84
1000.43
1019.38
1041.16
1068.55
1101.78
1138.63
1175.47
1208.93
1237.15
1260.09
1278.96
1295.32
1310.51
1325.32
1340.06
1354.75
1369.33
1383.77
1398.12
1412.4
1426.59
1440.61
1454.36
1467.78
1480.79
1493.33
1505.37
1516.98
1528.31
1539.54
1550.87
1562.36
1574.02
1585.79
1597.58
1609.3
1620.86
1632.18
1643.2
1653.9
1664.37
1674.71
1685.02
1695.31
1705.54
1715.62
1725.47
1735.06
1744.42
1753.61
1762.7
1771.71
1780.64
1789.44
1798.08
1806.51
1814.72
1822.7
1830.4
1837.82
1844.93
1851.76
1858.35
1864.77
1871.07
1877.29
1883.44
1889.53
1895.57
1901.59
1907.68
1913.87
1920.16
1926.5
1932.81
1939.01
1945.03
1950.85
1956.43
1961.75
1966.79
1971.55
1976.01
1980.16
1984.03
1987.65
1991.09
1994.45
1997.84
2001.32
2004.88
2008.52
2012.19
2015.87
2019.54
2023.2
2026.85
2030.48
2034.07
2037.62
2041.12
2044.56
2047.94
2051.26
2054.53
2057.76
2060.95
2064.11
2067.23
2070.31
2073.26
2075.88
2077.79
2078.64
401.168
401.168
401.168
401.168
401.168
401.168
401.168
401.168
401.168
401.168
401.168
401.168
401.168
401.168
401.168
401.168
401.168
401.168
401.168
401.168
401.168
401.168
401.168
401.168
401.168
401.168
401.168
401.168
401.168
401.168
401.168
401.168
411.414
431.437
462.452
499.336
539.675
582.181
627.04
674.958
726.221
779.947
833.635
883.498
925.927
959.119
983.999
1003.77
1022.76
1044.96
1072.73
1105.96
1142.3
1178.26
1210.87
1238.57
1261.4
1280.38
1296.85
1312
1326.6
1341.06
1355.57
1370.18
1384.86
1399.51
1413.98
1428.16
1442
1455.49
1468.61
1481.28
1493.46
1505.19
1516.62
1527.98
1539.47
1551.18
1563.07
1575.04
1586.98
1598.8
1610.44
1621.82
1632.93
1643.78
1654.44
1665
1675.51
1685.99
1696.39
1706.65
1716.7
1726.5
1736.09
1745.5
1754.79
1763.98
1773.05
1781.97
1790.69
1799.22
1807.57
1815.72
1823.65
1831.33
1838.73
1845.85
1852.72
1859.36
1865.81
1872.11
1878.27
1884.34
1890.34
1896.35
1902.46
1908.71
1915.08
1921.51
1927.92
1934.21
1940.35
1946.27
1951.96
1957.38
1962.52
1967.35
1971.86
1976.06
1979.96
1983.61
1987.09
1990.5
1993.92
1997.42
2001
2004.65
2008.32
2012
2015.67
2019.34
2022.99
2026.62
2030.22
2033.79
2037.31
2040.78
2044.19
2047.56
2050.89
2054.18
2057.43
2060.65
2063.84
2066.98
2069.99
2072.66
2074.62
2075.48
403.853
403.853
403.853
403.853
403.853
403.853
403.853
403.853
403.853
403.853
403.853
403.853
403.853
403.853
403.853
403.853
403.853
403.853
403.853
403.853
403.853
403.853
403.853
403.853
403.853
403.853
403.853
403.853
403.853
403.853
403.853
403.853
403.853
415.953
435.633
466.336
502.943
543.132
586.253
632.522
682.282
735.241
789.794
842.895
890.994
931.346
963.074
987.326
1007.03
1026.12
1048.44
1076.24
1109.28
1145.16
1180.55
1212.68
1240.1
1262.8
1281.67
1297.97
1312.85
1327.21
1341.6
1356.26
1371.18
1386.13
1400.88
1415.24
1429.2
1442.83
1456.13
1469.04
1481.45
1493.39
1505.02
1516.59
1528.32
1540.29
1552.45
1564.67
1576.79
1588.73
1600.42
1611.85
1623.02
1633.97
1644.76
1655.45
1666.1
1676.71
1687.23
1697.62
1707.8
1717.75
1727.49
1737.06
1746.5
1755.84
1765.06
1774.11
1782.97
1791.64
1800.13
1808.45
1816.59
1824.51
1832.18
1839.6
1846.75
1853.64
1860.3
1866.74
1872.99
1879.1
1885.14
1891.19
1897.35
1903.65
1910.09
1916.59
1923.06
1929.43
1935.65
1941.67
1947.45
1952.96
1958.19
1963.1
1967.68
1971.95
1975.91
1979.62
1983.16
1986.62
1990.09
1993.61
1997.21
2000.86
2004.54
2008.23
2011.91
2015.57
2019.22
2022.84
2026.44
2029.99
2033.51
2036.99
2040.42
2043.82
2047.17
2050.5
2053.8
2057.07
2060.32
2063.53
2066.6
2069.33
2071.33
2072.21
399.792
399.792
399.792
399.792
399.792
399.792
399.792
399.792
399.792
399.792
399.792
399.792
399.792
399.792
399.792
399.792
399.792
399.792
399.792
399.792
399.792
399.792
399.792
399.792
399.792
399.792
399.792
399.792
399.792
399.792
399.792
399.792
399.792
399.792
410.902
434.764
466.685
504.32
545.919
590.837
638.927
690.083
743.553
797.489
849.248
896.03
935.668
967.129
991.116
1010.33
1028.95
1051.06
1078.88
1111.95
1147.67
1182.74
1214.48
1241.53
1263.89
1282.44
1298.44
1313.13
1327.49
1342.1
1357.09
1372.24
1387.24
1401.84
1416.04
1429.92
1443.51
1456.73
1469.44
1481.67
1493.57
1505.43
1517.47
1529.77
1542.24
1554.7
1567
1579.03
1590.76
1602.21
1613.41
1624.4
1635.26
1646.04
1656.76
1667.45
1678.05
1688.51
1698.77
1708.81
1718.64
1728.3
1737.86
1747.34
1756.72
1765.94
1774.97
1783.81
1792.46
1800.94
1809.26
1817.39
1825.31
1833
1840.43
1847.6
1854.51
1861.15
1867.57
1873.81
1879.95
1886.1
1892.33
1898.7
1905.18
1911.72
1918.23
1924.66
1930.93
1937.02
1942.88
1948.49
1953.81
1958.81
1963.49
1967.84
1971.89
1975.68
1979.3
1982.83
1986.34
1989.9
1993.51
1997.17
2000.86
2004.54
2008.22
2011.88
2015.51
2019.12
2022.69
2026.23
2029.74
2033.2
2036.63
2040.02
2043.39
2046.75
2050.08
2053.4
2056.7
2059.96
2063.1
2065.88
2067.92
2068.83
386.741
386.741
386.741
386.741
386.741
386.741
386.741
386.741
386.741
386.741
386.741
386.741
386.741
386.741
386.741
386.741
386.741
386.741
386.741
386.741
386.741
386.741
386.741
386.741
386.741
386.741
386.741
386.741
386.741
386.741
386.741
386.741
386.741
386.741
393.72
408.48
434.875
468.796
508.282
551.524
597.644
646.319
697.353
750.089
803.177
854.489
901.343
941
971.829
994.516
1012.42
1030.38
1052.6
1080.91
1114.33
1150.06
1184.81
1216.07
1242.62
1264.51
1282.68
1298.46
1313.18
1327.8
1342.75
1357.98
1373.18
1388.1
1402.67
1416.93
1430.89
1444.47
1457.54
1470.11
1482.37
1494.6
1507.02
1519.68
1532.45
1545.12
1557.53
1569.6
1581.34
1592.78
1603.98
1615
1625.89
1636.7
1647.47
1658.2
1668.84
1679.34
1689.65
1699.73
1709.6
1719.34
1728.99
1738.61
1748.16
1757.57
1766.8
1775.81
1784.62
1793.26
1801.74
1810.05
1818.18
1826.11
1833.81
1841.26
1848.44
1855.34
1861.98
1868.43
1874.74
1881.03
1887.36
1893.79
1900.31
1906.88
1913.41
1919.86
1926.18
1932.33
1938.26
1943.96
1949.38
1954.49
1959.28
1963.74
1967.9
1971.79
1975.51
1979.11
1982.68
1986.26
1989.89
1993.56
1997.24
2000.93
2004.6
2008.25
2011.86
2015.44
2018.98
2022.49
2025.96
2029.4
2032.81
2036.19
2039.56
2042.92
2046.28
2049.63
2052.98
2056.3
2059.5
2062.33
2064.42
2065.34
383.103
383.103
383.103
383.103
383.103
383.103
383.103
383.103
383.103
383.103
383.103
383.103
383.103
383.103
383.103
383.103
383.103
383.103
383.103
383.103
383.103
383.103
383.103
383.103
383.103
383.103
383.103
383.103
383.103
383.103
383.103
383.103
383.103
383.103
383.103
392.957
410.527
439.24
474.887
515.462
559.128
605.087
653.184
703.519
755.922
809.309
861.258
908.212
946.762
975.464
995.994
1012.7
1030.67
1053.64
1082.75
1116.61
1152.31
1186.72
1217.44
1243.39
1264.74
1282.59
1298.36
1313.34
1328.34
1343.6
1358.98
1374.25
1389.25
1403.97
1418.35
1432.31
1445.76
1458.74
1471.43
1484.11
1496.96
1509.97
1522.99
1535.8
1548.25
1560.32
1572.03
1583.46
1594.66
1605.68
1616.59
1627.43
1638.22
1648.97
1659.63
1670.16
1680.49
1690.6
1700.52
1710.31
1720.06
1729.81
1739.52
1749.12
1758.53
1767.72
1776.7
1785.48
1794.09
1802.55
1810.85
1818.99
1826.94
1834.65
1842.11
1849.29
1856.21
1862.91
1869.45
1875.92
1882.39
1888.9
1895.46
1902.03
1908.58
1915.04
1921.39
1927.58
1933.58
1939.36
1944.88
1950.11
1955.03
1959.62
1963.91
1967.93
1971.75
1975.44
1979.07
1982.69
1986.33
1990
1993.68
1997.36
2001.02
2004.65
2008.23
2011.78
2015.28
2018.76
2022.19
2025.59
2028.97
2032.33
2035.69
2039.06
2042.43
2045.81
2049.19
2052.56
2055.81
2058.7
2060.83
2061.77
384.998
384.998
384.998
384.998
384.998
384.998
384.998
384.998
384.998
384.998
384.998
384.998
384.998
384.998
384.998
384.998
384.998
384.998
384.998
384.998
384.998
384.998
384.998
384.998
384.998
384.998
384.998
384.998
384.998
384.998
384.998
384.998
384.998
384.998
384.998
384.998
397.36
416.873
446.752
482.929
523.526
566.849
612.272
659.963
710.442
763.635
817.922
869.882
915.304
951.112
977.007
995.79
1012.15
1030.77
1054.72
1084.65
1118.95
1154.68
1188.68
1218.71
1243.93
1264.8
1282.54
1298.55
1313.96
1329.37
1344.93
1360.5
1375.93
1391.08
1405.88
1420.23
1434.08
1447.51
1460.7
1473.88
1487.17
1500.52
1513.72
1526.58
1539.01
1551.02
1562.71
1574.13
1585.35
1596.41
1607.34
1618.2
1629.01
1639.78
1650.46
1661.01
1671.38
1681.53
1691.51
1701.38
1711.23
1721.1
1730.95
1740.7
1750.27
1759.62
1768.73
1777.65
1786.38
1794.97
1803.43
1811.74
1819.9
1827.85
1835.58
1843.04
1850.25
1857.23
1864.04
1870.73
1877.37
1883.98
1890.59
1897.19
1903.73
1910.2
1916.55
1922.77
1928.83
1934.68
1940.31
1945.67
1950.73
1955.47
1959.9
1964.06
1968
1971.78
1975.48
1979.15
1982.81
1986.48
1990.16
1993.82
1997.46
2001.05
2004.6
2008.11
2011.58
2015.01
2018.4
2021.77
2025.11
2028.45
2031.79
2035.16
2038.54
2041.94
2045.36
2048.77
2052.07
2055.01
2057.17
2058.13
390.91
390.91
390.91
390.91
390.91
390.91
390.91
390.91
390.91
390.91
390.91
390.91
390.91
390.91
390.91
390.91
390.91
390.91
390.91
390.91
390.91
390.91
390.91
390.91
390.91
390.91
390.91
390.91
390.91
390.91
390.91
390.91
390.91
390.91
390.91
390.91
390.91
404.298
424.281
454.504
491.049
531.913
575.301
620.802
668.993
720.447
774.501
828.595
878.758
921.163
953.818
977.473
995.318
1011.83
1031.25
1056.24
1087.1
1121.91
1157.48
1190.78
1219.94
1244.51
1265.16
1283.08
1299.52
1315.39
1331.19
1347.02
1362.77
1378.29
1393.44
1408.14
1422.4
1436.3
1450.02
1463.73
1477.45
1491.06
1504.37
1517.23
1529.6
1541.57
1553.26
1564.73
1576.01
1587.14
1598.13
1609.03
1619.87
1630.66
1641.38
1651.97
1662.38
1672.61
1682.68
1692.66
1702.62
1712.58
1722.54
1732.4
1742.08
1751.54
1760.78
1769.81
1778.67
1787.38
1795.98
1804.45
1812.78
1820.94
1828.89
1836.61
1844.1
1851.39
1858.49
1865.44
1872.27
1879.02
1885.7
1892.32
1898.87
1905.33
1911.68
1917.92
1924.01
1929.93
1935.65
1941.14
1946.34
1951.24
1955.83
1960.14
1964.21
1968.1
1971.88
1975.59
1979.28
1982.96
1986.63
1990.27
1993.88
1997.45
2000.96
2004.43
2007.86
2011.25
2014.6
2017.92
2021.24
2024.55
2027.88
2031.24
2034.64
2038.06
2041.51
2044.96
2048.3
2051.28
2053.47
2054.45
396.983
396.983
396.983
396.983
396.983
396.983
396.983
396.983
396.983
396.983
396.983
396.983
396.983
396.983
396.983
396.983
396.983
396.983
396.983
396.983
396.983
396.983
396.983
396.983
396.983
396.983
396.983
396.983
396.983
396.983
396.983
396.983
396.983
396.983
396.983
396.983
396.983
396.983
410.079
430.63
462.463
500.753
542.512
586.414
632.525
681.542
733.561
787.186
839.451
886.708
925.958
956.021
978.059
995.33
1012.2
1032.67
1058.93
1090.68
1125.6
1160.58
1193.03
1221.51
1245.8
1266.52
1284.74
1301.57
1317.82
1333.89
1349.85
1365.6
1381
1396.01
1410.64
1425
1439.25
1453.44
1467.54
1481.37
1494.75
1507.58
1519.91
1531.87
1543.61
1555.19
1566.61
1577.87
1588.96
1599.93
1610.82
1621.64
1632.4
1643.05
1653.55
1663.89
1674.07
1684.17
1694.23
1704.28
1714.3
1724.22
1733.97
1743.52
1752.85
1762
1770.98
1779.83
1788.56
1797.17
1805.65
1813.97
1822.11
1830.06
1837.82
1845.39
1852.8
1860.02
1867.09
1874.01
1880.79
1887.45
1894
1900.46
1906.8
1913.03
1919.15
1925.12
1930.92
1936.51
1941.85
1946.91
1951.66
1956.12
1960.33
1964.34
1968.21
1971.99
1975.72
1979.41
1983.07
1986.7
1990.28
1993.81
1997.29
2000.72
2004.11
2007.46
2010.77
2014.06
2017.35
2020.65
2023.98
2027.35
2030.75
2034.2
2037.67
2041.15
2044.52
2047.53
2049.75
2050.73
398.934
398.934
398.934
398.934
398.934
398.934
398.934
398.934
398.934
398.934
398.934
398.934
398.934
398.934
398.934
398.934
398.934
398.934
398.934
398.934
398.934
398.934
398.934
398.934
398.934
398.934
398.934
398.934
398.934
398.934
398.934
398.934
398.934
398.934
398.934
398.934
398.934
398.934
398.934
412.415
438.957
473.769
513.557
555.948
600.224
646.699
695.819
747.234
799.286
849.164
893.668
930.298
958.285
979.12
996.251
1013.94
1035.67
1062.95
1095.02
1129.59
1163.95
1195.91
1224.15
1248.42
1269.25
1287.68
1304.73
1321.12
1337.21
1353.05
1368.6
1383.84
1398.79
1413.58
1428.28
1442.9
1457.3
1471.3
1484.73
1497.55
1509.88
1521.9
1533.75
1545.5
1557.14
1568.59
1579.84
1590.91
1601.86
1612.74
1623.56
1634.28
1644.88
1655.33
1665.65
1675.86
1686.02
1696.14
1706.19
1716.13
1725.91
1735.51
1744.94
1754.21
1763.34
1772.34
1781.21
1789.95
1798.56
1807
1815.3
1823.44
1831.43
1839.29
1846.99
1854.51
1861.83
1868.94
1875.84
1882.57
1889.15
1895.59
1901.92
1908.14
1914.26
1920.26
1926.12
1931.8
1937.26
1942.45
1947.35
1951.96
1956.32
1960.46
1964.44
1968.3
1972.08
1975.8
1979.46
1983.08
1986.64
1990.14
1993.58
1996.98
2000.33
2003.64
2006.91
2010.17
2013.44
2016.75
2020.09
2023.48
2026.91
2030.38
2033.87
2037.37
2040.76
2043.79
2046.03
2047.02
393.07
393.07
393.07
393.07
393.07
393.07
393.07
393.07
393.07
393.07
393.07
393.07
393.07
393.07
393.07
393.07
393.07
393.07
393.07
393.07
393.07
393.07
393.07
393.07
393.07
393.07
393.07
393.07
393.07
393.07
393.07
393.07
393.07
393.07
393.07
393.07
393.07
393.07
393.07
402.601
421.503
451.426
487.64
527.7
569.892
613.89
660.026
708.578
759.003
809.562
857.49
899.783
934.322
960.81
981.089
998.601
1017.18
1039.74
1067.4
1099.43
1133.82
1168.08
1200
1228.23
1252.47
1273.29
1291.68
1308.64
1324.86
1340.7
1356.28
1371.66
1386.88
1402.02
1417.1
1432.05
1446.69
1460.81
1474.3
1487.16
1499.55
1511.67
1523.7
1535.69
1547.59
1559.3
1570.75
1581.96
1592.99
1603.94
1614.82
1625.63
1636.34
1646.9
1657.33
1667.65
1677.89
1688.05
1698.11
1708.06
1717.85
1727.51
1737.04
1746.45
1755.75
1764.92
1773.96
1782.83
1791.55
1800.1
1808.51
1816.8
1825.01
1833.12
1841.11
1848.92
1856.5
1863.82
1870.88
1877.69
1884.31
1890.76
1897.07
1903.28
1909.38
1915.38
1921.27
1927.01
1932.55
1937.85
1942.88
1947.64
1952.14
1956.42
1960.52
1964.48
1968.33
1972.09
1975.78
1979.39
1982.94
1986.42
1989.84
1993.21
1996.52
1999.79
2003.04
2006.28
2009.55
2012.87
2016.24
2019.67
2023.14
2026.63
2030.14
2033.65
2037.05
2040.09
2042.33
2043.33
398.739
398.739
398.739
398.739
398.739
398.739
398.739
398.739
398.739
398.739
398.739
398.739
398.739
398.739
398.739
398.739
398.739
398.739
398.739
398.739
398.739
398.739
398.739
398.739
398.739
398.739
398.739
398.739
398.739
398.739
398.739
398.739
398.739
398.739
398.739
398.739
398.739
398.739
398.739
398.739
412.903
434.033
464.553
500.262
539.389
580.722
624.176
670.074
718.467
768.486
818.124
864.594
905.195
938.267
963.882
983.969
1001.76
1020.77
1043.69
1071.65
1103.99
1138.73
1173.28
1205.35
1233.54
1257.6
1278.12
1296.15
1312.7
1328.51
1344.04
1359.47
1374.88
1390.3
1405.68
1420.88
1435.7
1449.93
1463.5
1476.45
1488.96
1501.25
1513.5
1525.77
1537.97
1549.96
1561.64
1573
1584.15
1595.18
1606.15
1617.05
1627.85
1638.52
1649.05
1659.45
1669.75
1679.93
1690
1699.94
1709.76
1719.49
1729.15
1738.74
1748.23
1757.6
1766.8
1775.81
1784.63
1793.27
1801.77
1810.2
1818.59
1826.94
1835.2
1843.28
1851.12
1858.66
1865.87
1872.8
1879.47
1885.94
1892.25
1898.44
1904.53
1910.52
1916.41
1922.16
1927.74
1933.1
1938.23
1943.11
1947.76
1952.18
1956.42
1960.5
1964.44
1968.27
1972
1975.64
1979.19
1982.66
1986.06
1989.41
1992.69
1995.93
1999.16
2002.39
2005.68
2009.03
2012.46
2015.94
2019.45
2022.96
2026.48
2029.99
2033.39
2036.43
2038.68
2039.67
409.536
409.536
409.536
409.536
409.536
409.536
409.536
409.536
409.536
409.536
409.536
409.536
409.536
409.536
409.536
409.536
409.536
409.536
409.536
409.536
409.536
409.536
409.536
409.536
409.536
409.536
409.536
409.536
409.536
409.536
409.536
409.536
409.536
409.536
409.536
409.536
409.536
409.536
409.536
409.536
409.536
424.392
444.871
474.009
508.187
546.201
587.166
630.967
677.565
726.486
776.453
825.358
870.634
909.935
941.911
966.829
986.646
1004.54
1023.9
1047.36
1075.97
1109.04
1144.42
1179.38
1211.54
1239.52
1263.11
1283.01
1300.39
1316.38
1331.84
1347.24
1362.75
1378.36
1393.97
1409.35
1424.3
1438.65
1452.33
1465.43
1478.13
1490.65
1503.17
1515.73
1528.22
1540.48
1552.38
1563.93
1575.22
1586.38
1597.46
1608.46
1619.36
1630.11
1640.71
1651.18
1661.53
1671.74
1681.82
1691.78
1701.66
1711.5
1721.32
1731.1
1740.81
1750.37
1759.75
1768.9
1777.81
1786.53
1795.12
1803.66
1812.21
1820.77
1829.27
1837.62
1845.7
1853.44
1860.82
1867.86
1874.6
1881.12
1887.45
1893.63
1899.7
1905.66
1911.52
1917.24
1922.82
1928.21
1933.4
1938.38
1943.15
1947.72
1952.11
1956.33
1960.39
1964.32
1968.11
1971.79
1975.37
1978.86
1982.26
1985.59
1988.86
1992.09
1995.3
1998.55
2001.87
2005.28
2008.78
2012.32
2015.86
2019.39
2022.9
2026.4
2029.79
2032.82
2035.07
2036.06
419.15
419.15
419.15
419.15
419.15
419.15
419.15
419.15
419.15
419.15
419.15
419.15
419.15
419.15
419.15
419.15
419.15
419.15
419.15
419.15
419.15
419.15
419.15
419.15
419.15
419.15
419.15
419.15
419.15
419.15
419.15
419.15
419.15
419.15
419.15
419.15
419.15
419.15
419.15
419.15
419.15
419.15
432.33
450.752
478.17
511.431
549.601
591.576
636.686
684.268
733.497
783.075
831.087
875.214
913.361
944.453
968.933
988.799
1007.07
1027.03
1051.22
1080.68
1114.58
1150.62
1185.9
1217.96
1245.43
1268.25
1287.32
1304.01
1319.58
1334.9
1350.4
1366.09
1381.83
1397.36
1412.43
1426.9
1440.74
1454.04
1466.99
1479.8
1492.62
1505.47
1518.22
1530.71
1542.82
1554.58
1566.07
1577.4
1588.64
1599.77
1610.76
1621.59
1632.26
1642.79
1653.19
1663.46
1673.59
1683.63
1693.61
1703.6
1713.61
1723.6
1733.5
1743.25
1752.77
1762.05
1771.08
1779.89
1788.56
1797.21
1805.9
1814.64
1823.36
1831.92
1840.21
1848.13
1855.66
1862.81
1869.64
1876.22
1882.59
1888.79
1894.86
1900.79
1906.59
1912.26
1917.78
1923.16
1928.38
1933.44
1938.32
1943.04
1947.58
1951.96
1956.16
1960.21
1964.1
1967.85
1971.48
1975
1978.42
1981.77
1985.04
1988.28
1991.51
1994.8
1998.17
2001.64
2005.2
2008.79
2012.36
2015.89
2019.39
2022.87
2026.25
2029.27
2031.51
2032.5
424.256
424.256
424.256
424.256
424.256
424.256
424.256
424.256
424.256
424.256
424.256
424.256
424.256
424.256
424.256
424.256
424.256
424.256
424.256
424.256
424.256
424.256
424.256
424.256
424.256
424.256
424.256
424.256
424.256
424.256
424.256
424.256
424.256
424.256
424.256
424.256
424.256
424.256
424.256
424.256
424.256
424.256
424.256
435.305
452.189
479.252
513.36
553.118
596.658
642.676
690.367
739.1
787.844
834.88
878.092
915.659
946.65
971.426
991.691
1010.33
1030.66
1055.43
1085.68
1120.4
1157
1192.36
1223.98
1250.64
1272.5
1290.76
1306.94
1322.35
1337.77
1353.42
1369.18
1384.78
1399.98
1414.61
1428.65
1442.2
1455.44
1468.55
1481.67
1494.78
1507.76
1520.46
1532.8
1544.8
1556.55
1568.13
1579.58
1590.86
1601.97
1612.88
1623.63
1634.24
1644.73
1655.1
1665.35
1675.52
1685.68
1695.86
1706.07
1716.24
1726.3
1736.19
1745.84
1755.24
1764.38
1773.29
1782.08
1790.84
1799.67
1808.56
1817.44
1826.17
1834.61
1842.67
1850.32
1857.58
1864.5
1871.15
1877.58
1883.83
1889.91
1895.82
1901.57
1907.17
1912.63
1917.97
1923.19
1928.3
1933.29
1938.14
1942.84
1947.38
1951.75
1955.94
1959.95
1963.81
1967.51
1971.09
1974.57
1977.95
1981.26
1984.54
1987.82
1991.15
1994.58
1998.12
2001.73
2005.35
2008.93
2012.44
2015.92
2019.38
2022.75
2025.77
2028
2029
425.125
425.125
425.125
425.125
425.125
425.125
425.125
425.125
425.125
425.125
425.125
425.125
425.125
425.125
425.125
425.125
425.125
425.125
425.125
425.125
425.125
425.125
425.125
425.125
425.125
425.125
425.125
425.125
425.125
425.125
425.125
425.125
425.125
425.125
425.125
425.125
425.125
425.125
425.125
425.125
425.125
425.125
425.125
425.125
435.161
452.175
480.738
516.948
558.393
602.559
648.247
695.169
743.092
791.174
837.855
881.207
919.357
951.01
976.041
996.061
1014.29
1034.58
1059.83
1090.88
1126.28
1163.13
1198.17
1229
1254.66
1275.63
1293.32
1309.3
1324.77
1340.3
1355.97
1371.59
1386.89
1401.71
1415.99
1429.81
1443.34
1456.74
1470.13
1483.47
1496.67
1509.6
1522.21
1534.51
1546.59
1558.47
1570.16
1581.65
1592.9
1603.93
1614.78
1625.5
1636.12
1646.64
1657.08
1667.47
1677.86
1688.26
1698.66
1708.97
1719.14
1729.12
1738.88
1748.39
1757.65
1766.7
1775.62
1784.52
1793.48
1802.49
1811.49
1820.32
1828.85
1836.99
1844.71
1852.04
1859.05
1865.79
1872.31
1878.63
1884.75
1890.67
1896.39
1901.94
1907.35
1912.65
1917.87
1923.02
1928.09
1933.06
1937.91
1942.62
1947.15
1951.5
1955.65
1959.63
1963.45
1967.12
1970.68
1974.13
1977.52
1980.86
1984.21
1987.62
1991.11
1994.7
1998.34
2001.98
2005.54
2009.04
2012.49
2015.93
2019.28
2022.3
2024.55
2025.54
423.539
423.539
423.539
423.539
423.539
423.539
423.539
423.539
423.539
423.539
423.539
423.539
423.539
423.539
423.539
423.539
423.539
423.539
423.539
423.539
423.539
423.539
423.539
423.539
423.539
423.539
423.539
423.539
423.539
423.539
423.539
423.539
423.539
423.539
423.539
423.539
423.539
423.539
423.539
423.539
423.539
423.539
423.539
423.539
423.539
433.815
452.652
484.148
522.681
564.639
608.206
653.004
699.271
746.987
795.436
843.112
887.784
926.884
958.45
982.363
1000.92
1018.23
1038.46
1064.28
1095.97
1131.68
1168.3
1202.68
1232.61
1257.42
1277.8
1295.24
1311.22
1326.75
1342.27
1357.81
1373.2
1388.22
1402.78
1416.88
1430.67
1444.31
1457.9
1471.45
1484.88
1498.09
1511.04
1523.72
1536.16
1548.37
1560.34
1572.05
1583.49
1594.68
1605.68
1616.56
1627.35
1638.07
1648.75
1659.39
1670.03
1680.66
1691.22
1701.64
1711.89
1721.93
1731.76
1741.38
1750.78
1759.99
1769.08
1778.14
1787.23
1796.34
1805.4
1814.27
1822.82
1830.97
1838.72
1846.1
1853.17
1860.01
1866.63
1873.06
1879.27
1885.25
1890.99
1896.54
1901.93
1907.22
1912.44
1917.62
1922.76
1927.84
1932.83
1937.69
1942.38
1946.89
1951.2
1955.32
1959.27
1963.07
1966.74
1970.31
1973.79
1977.24
1980.68
1984.16
1987.72
1991.34
1995
1998.63
2002.18
2005.65
2009.08
2012.5
2015.86
2018.89
2021.14
2022.14
417.78
417.78
417.78
417.78
417.78
417.78
417.78
417.78
417.78
417.78
417.78
417.78
417.78
417.78
417.78
417.78
417.78
417.78
417.78
417.78
417.78
417.78
417.78
417.78
417.78
417.78
417.78
417.78
417.78
417.78
417.78
417.78
417.78
417.78
417.78
417.78
417.78
417.78
417.78
417.78
417.78
417.78
417.78
417.78
417.78
417.78
429.669
455.553
490.048
529.39
570.86
613.637
658.015
704.489
753.163
803.27
852.807
898.589
937.243
966.89
988.372
1005.14
1021.75
1042.13
1068.34
1100.27
1135.91
1172.18
1205.99
1235.29
1259.53
1279.55
1296.81
1312.71
1328.18
1343.63
1359.07
1374.3
1389.14
1403.53
1417.55
1431.35
1445.09
1458.82
1472.5
1486.05
1499.4
1512.5
1525.32
1537.86
1550.11
1562.07
1573.73
1585.13
1596.32
1607.38
1618.37
1629.31
1640.22
1651.11
1661.99
1672.81
1683.52
1694.05
1704.35
1714.45
1724.37
1734.11
1743.67
1753.06
1762.34
1771.56
1780.78
1789.98
1799.06
1807.9
1816.41
1824.52
1832.25
1839.65
1846.78
1853.71
1860.46
1867.02
1873.36
1879.47
1885.31
1890.93
1896.37
1901.7
1906.95
1912.17
1917.37
1922.53
1927.63
1932.62
1937.45
1942.11
1946.57
1950.85
1954.96
1958.91
1962.73
1966.44
1970.06
1973.63
1977.17
1980.74
1984.36
1988.01
1991.68
1995.3
1998.84
2002.29
2005.71
2009.13
2012.49
2015.52
2017.78
2018.78
405.802
405.802
405.802
405.802
405.802
405.802
405.802
405.802
405.802
405.802
405.802
405.802
405.802
405.802
405.802
405.802
405.802
405.802
405.802
405.802
405.802
405.802
405.802
405.802
405.802
405.802
405.802
405.802
405.802
405.802
405.802
405.802
405.802
405.802
405.802
405.802
405.802
405.802
405.802
405.802
405.802
405.802
405.802
405.802
405.802
405.802
413.956
431.363
461.018
497.142
536.321
577.168
619.689
664.495
712.209
762.83
815.04
865.788
911.003
947.36
974.014
993.066
1008.51
1024.71
1045.07
1071.4
1103.53
1139.41
1175.77
1209.37
1238.17
1261.8
1281.27
1298.15
1313.86
1329.3
1344.79
1360.22
1375.34
1389.99
1404.2
1418.12
1431.96
1445.82
1459.75
1473.66
1487.43
1500.95
1514.14
1526.99
1539.52
1551.73
1563.64
1575.27
1586.69
1597.95
1609.13
1620.26
1631.36
1642.45
1653.51
1664.51
1675.35
1685.99
1696.39
1706.58
1716.6
1726.46
1736.18
1745.76
1755.23
1764.63
1773.97
1783.23
1792.3
1801.09
1809.51
1817.54
1825.22
1832.63
1839.81
1846.84
1853.73
1860.45
1866.99
1873.28
1879.31
1885.09
1890.66
1896.09
1901.42
1906.71
1911.97
1917.2
1922.37
1927.46
1932.4
1937.18
1941.79
1946.22
1950.5
1954.63
1958.63
1962.51
1966.28
1969.99
1973.66
1977.32
1980.99
1984.67
1988.34
1991.96
1995.49
1998.95
2002.38
2005.81
2009.17
2012.2
2014.44
2015.44
400.95
400.95
400.95
400.95
400.95
400.95
400.95
400.95
400.95
400.95
400.95
400.95
400.95
400.95
400.95
400.95
400.95
400.95
400.95
400.95
400.95
400.95
400.95
400.95
400.95
400.95
400.95
400.95
400.95
400.95
400.95
400.95
400.95
400.95
400.95
400.95
400.95
400.95
400.95
400.95
400.95
400.95
400.95
400.95
400.95
400.95
400.95
412.398
436.634
468.514
504.819
543.541
584.253
627.277
673.303
722.845
775.482
828.97
879.359
922.442
955.748
979.615
996.75
1011.09
1026.71
1047.02
1073.94
1107.15
1144.07
1180.86
1214.08
1241.9
1264.41
1282.99
1299.42
1315.09
1330.69
1346.28
1361.63
1376.51
1390.88
1404.9
1418.79
1432.76
1446.89
1461.11
1475.26
1489.17
1502.7
1515.84
1528.62
1541.08
1553.24
1565.12
1576.77
1588.24
1599.58
1610.85
1622.08
1633.29
1644.48
1655.61
1666.59
1677.36
1687.9
1698.22
1708.36
1718.37
1728.24
1738
1747.65
1757.2
1766.65
1775.95
1785
1793.72
1802.05
1810
1817.64
1825.04
1832.28
1839.42
1846.45
1853.37
1860.13
1866.67
1872.95
1878.98
1884.78
1890.38
1895.85
1901.24
1906.57
1911.86
1917.09
1922.23
1927.24
1932.11
1936.84
1941.44
1945.9
1950.22
1954.42
1958.49
1962.44
1966.31
1970.11
1973.86
1977.59
1981.31
1984.99
1988.61
1992.15
1995.63
1999.08
2002.52
2005.88
2008.89
2011.13
2012.12
393.185
393.185
393.185
393.185
393.185
393.185
393.185
393.185
393.185
393.185
393.185
393.185
393.185
393.185
393.185
393.185
393.185
393.185
393.185
393.185
393.185
393.185
393.185
393.185
393.185
393.185
393.185
393.185
393.185
393.185
393.185
393.185
393.185
393.185
393.185
393.185
393.185
393.185
393.185
393.185
393.185
393.185
393.185
393.185
393.185
393.185
393.185
401.615
418.325
445.024
477.36
513.518
552.39
593.728
637.784
685.171
736.293
790.145
843.644
892.409
932.691
962.983
984.284
999.475
1012.52
1027.81
1049.05
1077.93
1113.26
1151.44
1188.1
1220.02
1246.08
1267.1
1284.88
1301.15
1316.98
1332.71
1348.22
1363.27
1377.79
1391.9
1405.85
1419.89
1434.14
1448.57
1463
1477.22
1491.05
1504.45
1517.47
1530.16
1542.56
1554.69
1566.56
1578.21
1589.68
1601.04
1612.34
1623.62
1634.89
1646.13
1657.25
1668.18
1678.88
1689.36
1699.66
1709.81
1719.83
1729.74
1739.53
1749.21
1758.74
1768.07
1777.1
1785.76
1794.03
1801.93
1809.54
1816.96
1824.27
1831.51
1838.7
1845.83
1852.84
1859.67
1866.27
1872.61
1878.69
1884.55
1890.22
1895.76
1901.19
1906.54
1911.81
1916.96
1922.01
1926.94
1931.77
1936.51
1941.16
1945.69
1950.1
1954.38
1958.53
1962.57
1966.5
1970.36
1974.16
1977.91
1981.61
1985.24
1988.81
1992.32
1995.79
1999.24
2002.59
2005.6
2007.83
2008.82
396.986
396.986
396.986
396.986
396.986
396.986
396.986
396.986
396.986
396.986
396.986
396.986
396.986
396.986
396.986
396.986
396.986
396.986
396.986
396.986
396.986
396.986
396.986
396.986
396.986
396.986
396.986
396.986
396.986
396.986
396.986
396.986
396.986
396.986
396.986
396.986
396.986
396.986
396.986
396.986
396.986
396.986
396.986
396.986
396.986
396.986
396.986
396.986
409.508
428.377
455.906
488.688
525.527
565.228
607.264
651.918
700.126
752.187
806.373
858.837
905.161
942.257
969.319
987.767
1000.83
1013.06
1029.3
1053.08
1084.99
1122.44
1160.96
1196.29
1226.06
1250.15
1269.99
1287.37
1303.68
1319.56
1335.15
1350.32
1364.99
1379.23
1393.26
1407.35
1421.65
1436.17
1450.74
1465.15
1479.2
1492.85
1506.1
1519.02
1531.65
1544
1556.07
1567.88
1579.46
1590.88
1602.22
1613.53
1624.86
1636.19
1647.44
1658.54
1669.41
1680.06
1690.51
1700.8
1710.96
1721
1730.9
1740.67
1750.25
1759.59
1768.62
1777.27
1785.53
1793.43
1801.06
1808.52
1815.9
1823.25
1830.61
1837.94
1845.21
1852.35
1859.28
1865.97
1872.4
1878.56
1884.49
1890.22
1895.79
1901.21
1906.5
1911.67
1916.72
1921.7
1926.62
1931.49
1936.32
1941.07
1945.7
1950.21
1954.56
1958.78
1962.86
1966.83
1970.7
1974.5
1978.22
1981.87
1985.46
1988.99
1992.49
1995.95
1999.31
2002.33
2004.57
2005.57
407.204
407.204
407.204
407.204
407.204
407.204
407.204
407.204
407.204
407.204
407.204
407.204
407.204
407.204
407.204
407.204
407.204
407.204
407.204
407.204
407.204
407.204
407.204
407.204
407.204
407.204
407.204
407.204
407.204
407.204
407.204
407.204
407.204
407.204
407.204
407.204
407.204
407.204
407.204
407.204
407.204
407.204
407.204
407.204
407.204
407.204
407.204
407.204
407.204
421.709
441.909
470.532
504.482
542.194
582.056
623.75
668.307
717.032
769.638
823.362
873.856
917.033
950.492
974.022
989.599
1001.18
1013.95
1032.7
1059.9
1094.61
1133.06
1170.65
1203.91
1231.56
1254.21
1273.39
1290.57
1306.76
1322.41
1337.64
1352.45
1366.86
1381.04
1395.21
1409.52
1424.01
1438.56
1453
1467.18
1481.02
1494.51
1507.68
1520.53
1533.09
1545.34
1557.29
1568.98
1580.47
1591.84
1603.2
1614.59
1625.99
1637.34
1648.56
1659.58
1670.38
1680.98
1691.41
1701.69
1711.83
1721.82
1731.64
1741.26
1750.63
1759.69
1768.38
1776.68
1784.63
1792.33
1799.86
1807.33
1814.8
1822.31
1829.85
1837.38
1844.81
1852.08
1859.12
1865.9
1872.4
1878.61
1884.57
1890.3
1895.83
1901.16
1906.34
1911.41
1916.43
1921.43
1926.44
1931.44
1936.4
1941.27
1946
1950.57
1954.96
1959.19
1963.27
1967.23
1971.08
1974.84
1978.52
1982.13
1985.68
1989.19
1992.68
1996.07
1999.11
2001.39
2002.4
421.473
421.473
421.473
421.473
421.473
421.473
421.473
421.473
421.473
421.473
421.473
421.473
421.473
421.473
421.473
421.473
421.473
421.473
421.473
421.473
421.473
421.473
421.473
421.473
421.473
421.473
421.473
421.473
421.473
421.473
421.473
421.473
421.473
421.473
421.473
421.473
421.473
421.473
421.473
421.473
421.473
421.473
421.473
421.473
421.473
421.473
421.473
421.473
421.473
421.473
437.422
458.941
488.675
523.167
560.372
599.047
639.88
684.615
734.089
786.853
839.321
887.182
926.923
956.746
977.024
990.465
1001.77
1016.34
1038.25
1068.53
1104.9
1143.14
1179.17
1210.53
1236.71
1258.52
1277.24
1294.08
1309.9
1325.18
1340.1
1354.73
1369.14
1383.44
1397.74
1412.11
1426.5
1440.84
1455.02
1469
1482.71
1496.13
1509.23
1522.01
1534.44
1546.54
1558.34
1569.91
1581.36
1592.78
1604.23
1615.69
1627.11
1638.41
1649.52
1660.43
1671.15
1681.7
1692.1
1702.33
1712.39
1722.25
1731.91
1741.33
1750.45
1759.23
1767.64
1775.71
1783.51
1791.14
1798.72
1806.32
1813.99
1821.72
1829.47
1837.18
1844.75
1852.12
1859.23
1866.05
1872.57
1878.78
1884.7
1890.36
1895.77
1901
1906.11
1911.18
1916.27
1921.41
1926.59
1931.76
1936.86
1941.81
1946.57
1951.14
1955.52
1959.72
1963.77
1967.68
1971.49
1975.19
1978.83
1982.4
1985.94
1989.46
1992.89
1995.99
1998.3
1999.33
437.97
437.97
437.97
437.97
437.97
437.97
437.97
437.97
437.97
437.97
437.97
437.97
437.97
437.97
437.97
437.97
437.97
437.97
437.97
437.97
437.97
437.97
437.97
437.97
437.97
437.97
437.97
437.97
437.97
437.97
437.97
437.97
437.97
437.97
437.97
437.97
437.97
437.97
437.97
437.97
437.97
437.97
437.97
437.97
437.97
437.97
437.97
437.97
437.97
437.97
437.97
454.275
476.124
505.883
539.611
575.209
612.713
653.651
699.396
749.67
802.102
852.934
898.22
934.876
961.54
979.205
991.404
1003.4
1020.34
1045.17
1077.54
1114.42
1151.79
1186.38
1216.45
1241.75
1262.94
1281.13
1297.48
1312.89
1327.91
1342.74
1357.4
1371.89
1386.23
1400.45
1414.6
1428.71
1442.81
1456.84
1470.74
1484.41
1497.77
1510.78
1523.41
1535.67
1547.61
1559.31
1570.86
1582.38
1593.9
1605.41
1616.87
1628.19
1639.33
1650.3
1661.1
1671.75
1682.25
1692.56
1702.69
1712.62
1722.34
1731.85
1741.09
1750.01
1758.57
1766.79
1774.74
1782.51
1790.21
1797.95
1805.78
1813.68
1821.64
1829.57
1837.4
1845.05
1852.45
1859.57
1866.36
1872.83
1878.97
1884.79
1890.34
1895.66
1900.86
1906.01
1911.2
1916.48
1921.84
1927.21
1932.52
1937.67
1942.62
1947.35
1951.87
1956.19
1960.33
1964.32
1968.17
1971.92
1975.59
1979.19
1982.77
1986.33
1989.81
1992.96
1995.31
1996.36
451.558
451.558
451.558
451.558
451.558
451.558
451.558
451.558
451.558
451.558
451.558
451.558
451.558
451.558
451.558
451.558
451.558
451.558
451.558
451.558
451.558
451.558
451.558
451.558
451.558
451.558
451.558
451.558
451.558
451.558
451.558
451.558
451.558
451.558
451.558
451.558
451.558
451.558
451.558
451.558
451.558
451.558
451.558
451.558
451.558
451.558
451.558
451.558
451.558
451.558
451.558
451.558
465.744
489.402
518.547
550.87
585.514
623.31
665.493
712.524
763.316
815.223
864.606
907.681
941.574
965.407
981.051
992.888
1006.34
1025.73
1052.72
1086.04
1122.6
1159.01
1192.62
1221.94
1246.59
1267.13
1284.71
1300.58
1315.76
1330.74
1345.63
1360.34
1374.76
1388.88
1402.81
1416.69
1430.63
1444.65
1458.67
1472.57
1486.19
1499.45
1512.3
1524.74
1536.84
1548.69
1560.39
1572.02
1583.63
1595.2
1606.67
1617.98
1629.12
1640.1
1650.94
1661.65
1672.23
1682.63
1692.85
1702.87
1712.71
1722.35
1731.75
1740.85
1749.6
1758
1766.12
1774.05
1781.92
1789.81
1797.78
1805.85
1813.97
1822.08
1830.11
1837.98
1845.62
1852.98
1860.03
1866.74
1873.11
1879.14
1884.86
1890.34
1895.66
1900.94
1906.26
1911.7
1917.24
1922.8
1928.29
1933.62
1938.74
1943.62
1948.26
1952.7
1956.94
1961
1964.92
1968.72
1972.42
1976.07
1979.69
1983.3
1986.83
1990.01
1992.39
1993.45
451.034
451.034
451.034
451.034
451.034
451.034
451.034
451.034
451.034
451.034
451.034
451.034
451.034
451.034
451.034
451.034
451.034
451.034
451.034
451.034
451.034
451.034
451.034
451.034
451.034
451.034
451.034
451.034
451.034
451.034
451.034
451.034
451.034
451.034
451.034
451.034
451.034
451.034
451.034
451.034
451.034
451.034
451.034
451.034
451.034
451.034
451.034
451.034
451.034
451.034
451.034
451.034
459.113
474.679
498.304
526.615
558.523
593.735
632.838
676.43
724.395
775.375
826.665
874.584
915.385
946.576
968.126
982.844
995.457
1010.81
1032.11
1060.1
1093.39
1129.36
1165.14
1198.24
1227.03
1251.01
1270.84
1287.84
1303.43
1318.58
1333.63
1348.52
1363.07
1377.2
1391.03
1404.75
1418.56
1432.54
1446.63
1460.69
1474.54
1488.04
1501.11
1513.76
1526.04
1538.05
1549.9
1561.67
1573.39
1585.03
1596.52
1607.83
1618.95
1629.91
1640.76
1651.51
1662.16
1672.66
1683
1693.16
1703.15
1712.97
1722.56
1731.86
1740.81
1749.41
1757.73
1765.85
1773.88
1781.94
1790.07
1798.29
1806.55
1814.79
1822.96
1830.98
1838.8
1846.36
1853.63
1860.56
1867.16
1873.42
1879.36
1885.04
1890.55
1896
1901.5
1907.11
1912.83
1918.56
1924.21
1929.68
1934.92
1939.93
1944.7
1949.24
1953.58
1957.73
1961.72
1965.58
1969.34
1973.04
1976.71
1980.37
1983.93
1987.14
1989.52
1990.58
455.156
455.156
455.156
455.156
455.156
455.156
455.156
455.156
455.156
455.156
455.156
455.156
455.156
455.156
455.156
455.156
455.156
455.156
455.156
455.156
455.156
455.156
455.156
455.156
455.156
455.156
455.156
455.156
455.156
455.156
455.156
455.156
455.156
455.156
455.156
455.156
455.156
455.156
455.156
455.156
455.156
455.156
455.156
455.156
455.156
455.156
455.156
455.156
455.156
455.156
455.156
455.156
455.156
465.263
480.668
504.023
532.51
565.248
601.658
641.922
686.327
734.568
785.202
835.46
881.661
920.348
949.685
970.405
985.612
999.615
1016.38
1038.44
1066.44
1099.41
1135.12
1170.74
1203.53
1231.68
1254.84
1273.93
1290.53
1306.05
1321.24
1336.25
1350.95
1365.21
1379.1
1392.84
1406.62
1420.58
1434.69
1448.85
1462.86
1476.56
1489.85
1502.7
1515.16
1527.35
1539.36
1551.29
1563.15
1574.89
1586.44
1597.77
1608.87
1619.82
1630.67
1641.45
1652.17
1662.79
1673.27
1683.6
1693.79
1703.8
1713.59
1723.09
1732.25
1741.06
1749.58
1757.91
1766.14
1774.37
1782.65
1791
1799.37
1807.72
1815.98
1824.1
1832.04
1839.75
1847.19
1854.33
1861.16
1867.66
1873.85
1879.77
1885.52
1891.2
1896.92
1902.73
1908.62
1914.49
1920.26
1925.83
1931.17
1936.27
1941.15
1945.81
1950.26
1954.5
1958.58
1962.51
1966.33
1970.09
1973.81
1977.5
1981.1
1984.32
1986.7
1987.76
458.844
458.844
458.844
458.844
458.844
458.844
458.844
458.844
458.844
458.844
458.844
458.844
458.844
458.844
458.844
458.844
458.844
458.844
458.844
458.844
458.844
458.844
458.844
458.844
458.844
458.844
458.844
458.844
458.844
458.844
458.844
458.844
458.844
458.844
458.844
458.844
458.844
458.844
458.844
458.844
458.844
458.844
458.844
458.844
458.844
458.844
458.844
458.844
458.844
458.844
458.844
458.844
458.844
458.844
468.339
483.552
507.764
537.591
571.372
608.543
649.177
693.504
741.28
791.178
840.5
885.695
923.576
952.663
973.801
989.836
1004.59
1021.68
1043.69
1071.62
1104.72
1140.69
1176.29
1208.55
1235.78
1257.98
1276.46
1292.85
1308.35
1323.48
1338.31
1352.77
1366.89
1380.81
1394.72
1408.73
1422.87
1437.07
1451.17
1465.01
1478.48
1491.53
1504.19
1516.55
1528.76
1540.87
1552.91
1564.78
1576.43
1587.81
1598.94
1609.9
1620.77
1631.6
1642.4
1653.13
1663.78
1674.3
1684.68
1694.89
1704.88
1714.57
1723.92
1732.94
1741.68
1750.21
1758.64
1767.05
1775.49
1783.95
1792.42
1800.84
1809.17
1817.36
1825.38
1833.19
1840.77
1848.09
1855.13
1861.89
1868.35
1874.56
1880.59
1886.54
1892.5
1898.52
1904.57
1910.56
1916.39
1922.02
1927.43
1932.63
1937.62
1942.39
1946.95
1951.3
1955.46
1959.48
1963.37
1967.19
1970.96
1974.7
1978.32
1981.54
1983.93
1984.99
456.5
456.5
456.5
456.5
456.5
456.5
456.5
456.5
456.5
456.5
456.5
456.5
456.5
456.5
456.5
456.5
456.5
456.5
456.5
456.5
456.5
456.5
456.5
456.5
456.5
456.5
456.5
456.5
456.5
456.5
456.5
456.5
456.5
456.5
456.5
456.5
456.5
456.5
456.5
456.5
456.5
456.5
456.5
456.5
456.5
456.5
456.5
456.5
456.5
456.5
456.5
456.5
456.5
456.5
456.5
465.401
484.423
510.292
541.166
575.499
612.689
652.877
696.619
744.073
794.064
843.771
889.411
927.666
957.009
978.26
994.242
1008.81
1025.77
1047.94
1076.44
1110.28
1146.63
1181.91
1213.19
1239.24
1260.55
1278.58
1294.81
1310.22
1325.21
1339.89
1354.31
1368.55
1382.71
1396.88
1411.09
1425.32
1439.45
1453.39
1467.01
1480.25
1493.12
1505.7
1518.12
1530.45
1542.69
1554.74
1566.52
1577.98
1589.18
1600.19
1611.11
1622.01
1632.91
1643.77
1654.57
1665.28
1675.85
1686.24
1696.4
1706.26
1715.8
1725.02
1733.97
1742.72
1751.36
1759.95
1768.53
1777.11
1785.67
1794.15
1802.52
1810.75
1818.81
1826.69
1834.38
1841.86
1849.12
1856.12
1862.87
1869.38
1875.73
1881.97
1888.19
1894.42
1900.6
1906.67
1912.55
1918.22
1923.69
1928.97
1934.07
1938.96
1943.64
1948.11
1952.37
1956.48
1960.45
1964.33
1968.16
1971.94
1975.58
1978.82
1981.21
1982.27
446.569
446.569
446.569
446.569
446.569
446.569
446.569
446.569
446.569
446.569
446.569
446.569
446.569
446.569
446.569
446.569
446.569
446.569
446.569
446.569
446.569
446.569
446.569
446.569
446.569
446.569
446.569
446.569
446.569
446.569
446.569
446.569
446.569
446.569
446.569
446.569
446.569
446.569
446.569
446.569
446.569
446.569
446.569
446.569
446.569
446.569
446.569
446.569
446.569
446.569
446.569
446.569
446.569
446.569
446.569
451.686
462.874
483.687
510.921
542.644
577.044
613.687
653.375
697.337
745.897
797.456
848.501
894.759
932.836
961.469
981.883
997.224
1011.58
1028.9
1052.02
1081.74
1116.48
1152.91
1187.37
1217.37
1242.22
1262.75
1280.39
1296.44
1311.72
1326.65
1341.38
1355.97
1370.47
1384.89
1399.24
1413.53
1427.72
1441.74
1455.52
1468.96
1482.06
1494.88
1507.55
1520.13
1532.58
1544.81
1556.73
1568.3
1579.59
1590.69
1601.71
1612.71
1623.71
1634.71
1645.66
1656.52
1667.26
1677.81
1688.12
1698.14
1707.85
1717.26
1726.41
1735.38
1744.22
1752.99
1761.72
1770.42
1779.06
1787.6
1796.01
1804.26
1812.35
1820.28
1828.06
1835.68
1843.12
1850.37
1857.41
1864.24
1870.91
1877.46
1883.93
1890.34
1896.63
1902.75
1908.67
1914.38
1919.91
1925.28
1930.49
1935.51
1940.32
1944.91
1949.29
1953.49
1957.55
1961.51
1965.4
1969.22
1972.9
1976.15
1978.55
1979.61
440.327
440.327
440.327
440.327
440.327
440.327
440.327
440.327
440.327
440.327
440.327
440.327
440.327
440.327
440.327
440.327
440.327
440.327
440.327
440.327
440.327
440.327
440.327
440.327
440.327
440.327
440.327
440.327
440.327
440.327
440.327
440.327
440.327
440.327
440.327
440.327
440.327
440.327
440.327
440.327
440.327
440.327
440.327
440.327
440.327
440.327
440.327
440.327
440.327
440.327
440.327
440.327
440.327
440.327
440.327
440.327
445.893
458.506
481.748
510.945
543.177
577.226
613.612
653.961
699.596
750.183
803.207
854.591
900.108
936.862
964.199
983.74
998.811
1013.56
1031.97
1056.62
1087.78
1123.24
1159.38
1192.75
1221.39
1245.11
1264.88
1282.11
1297.96
1313.21
1328.23
1343.16
1358.01
1372.74
1387.33
1401.78
1416.1
1430.27
1444.23
1457.9
1471.24
1484.32
1497.25
1510.06
1522.71
1535.1
1547.13
1558.81
1570.21
1581.43
1592.57
1603.69
1614.82
1625.94
1637.03
1648.03
1658.9
1669.59
1680.03
1690.2
1700.07
1709.66
1719.01
1728.17
1737.21
1746.17
1755.06
1763.88
1772.6
1781.2
1789.64
1797.91
1806.03
1814
1821.85
1829.59
1837.2
1844.68
1852
1859.14
1866.12
1872.96
1879.67
1886.24
1892.63
1898.8
1904.75
1910.51
1916.12
1921.59
1926.92
1932.07
1937.01
1941.72
1946.22
1950.53
1954.68
1958.72
1962.67
1966.55
1970.26
1973.55
1975.96
1977.03
429.229
429.229
429.229
429.229
429.229
429.229
429.229
429.229
429.229
429.229
429.229
429.229
429.229
429.229
429.229
429.229
429.229
429.229
429.229
429.229
429.229
429.229
429.229
429.229
429.229
429.229
429.229
429.229
429.229
429.229
429.229
429.229
429.229
429.229
429.229
429.229
429.229
429.229
429.229
429.229
429.229
429.229
429.229
429.229
429.229
429.229
429.229
429.229
429.229
429.229
429.229
429.229
429.229
429.229
429.229
429.229
429.229
436.748
455.918
482.201
512.546
544.796
578.834
616.009
657.951
705.264
756.791
809.683
860.097
904.318
939.884
966.342
985.365
1000.39
1015.78
1035.59
1062.12
1094.91
1131.11
1166.85
1199.02
1226.2
1248.64
1267.54
1284.29
1299.99
1315.31
1330.53
1345.7
1360.77
1375.69
1390.43
1405.02
1419.43
1433.62
1447.53
1461.11
1474.44
1487.58
1500.58
1513.36
1525.85
1537.96
1549.73
1561.24
1572.59
1583.87
1595.13
1606.39
1617.63
1628.84
1639.96
1650.95
1661.75
1672.32
1682.62
1692.64
1702.39
1711.92
1721.27
1730.49
1739.62
1748.67
1757.62
1766.44
1775.1
1783.58
1791.87
1800
1808.01
1815.92
1823.76
1831.53
1839.21
1846.77
1854.2
1861.47
1868.58
1875.5
1882.21
1888.69
1894.92
1900.92
1906.74
1912.43
1918
1923.44
1928.72
1933.79
1938.64
1943.26
1947.68
1951.93
1956.05
1960.07
1964
1967.76
1971.08
1973.51
1974.59
416.589
416.589
416.589
416.589
416.589
416.589
416.589
416.589
416.589
416.589
416.589
416.589
416.589
416.589
416.589
416.589
416.589
416.589
416.589
416.589
416.589
416.589
416.589
416.589
416.589
416.589
416.589
416.589
416.589
416.589
416.589
416.589
416.589
416.589
416.589
416.589
416.589
416.589
416.589
416.589
416.589
416.589
416.589
416.589
416.589
416.589
416.589
416.589
416.589
416.589
416.589
416.589
416.589
416.589
416.589
416.589
416.589
422.806
435.919
458.909
487.118
518.073
550.58
585.276
623.547
666.476
714.219
765.669
818.269
868.302
911.88
946.344
971.271
988.78
1003.04
1019.09
1041.05
1070.44
1105.57
1142.63
1177.63
1208.02
1233.19
1253.96
1271.79
1288.04
1303.66
1319.13
1334.58
1349.98
1365.27
1380.4
1395.34
1410.07
1424.52
1438.65
1452.43
1465.94
1479.24
1492.34
1505.19
1517.7
1529.86
1541.69
1553.31
1564.79
1576.21
1587.6
1598.98
1610.33
1621.64
1632.85
1643.94
1654.84
1665.52
1675.93
1686.08
1695.97
1705.64
1715.15
1724.54
1733.83
1743.02
1752.09
1761
1769.73
1778.24
1786.56
1794.71
1802.75
1810.71
1818.63
1826.52
1834.36
1842.13
1849.79
1857.31
1864.64
1871.75
1878.59
1885.16
1891.45
1897.51
1903.39
1909.15
1914.81
1920.35
1925.74
1930.92
1935.89
1940.62
1945.14
1949.48
1953.68
1957.77
1961.76
1965.56
1968.91
1971.36
1972.45
415.215
415.215
415.215
415.215
415.215
415.215
415.215
415.215
415.215
415.215
415.215
415.215
415.215
415.215
415.215
415.215
415.215
415.215
415.215
415.215
415.215
415.215
415.215
415.215
415.215
415.215
415.215
415.215
415.215
415.215
415.215
415.215
415.215
415.215
415.215
415.215
415.215
415.215
415.215
415.215
415.215
415.215
415.215
415.215
415.215
415.215
415.215
415.215
415.215
415.215
415.215
415.215
415.215
415.215
415.215
415.215
415.215
415.215
425.589
443.109
469.375
499.397
531.002
564.058
599.513
638.582
682.355
731.285
784.24
837.944
887.616
928.833
959.312
979.859
994.204
1007.91
1026.44
1052.89
1086.7
1124.31
1161.19
1193.95
1221.25
1243.58
1262.36
1279.11
1294.98
1310.63
1326.29
1341.97
1357.58
1373.06
1388.34
1403.35
1418.02
1432.31
1446.24
1459.86
1473.23
1486.37
1499.22
1511.73
1523.89
1535.78
1547.47
1559.05
1570.58
1582.08
1593.55
1604.98
1616.36
1627.64
1638.8
1649.77
1660.53
1671.02
1681.26
1691.25
1701.03
1710.65
1720.15
1729.56
1738.86
1748.03
1757.02
1765.79
1774.34
1782.68
1790.85
1798.91
1806.91
1814.88
1822.84
1830.8
1838.71
1846.54
1854.23
1861.72
1868.96
1875.91
1882.54
1888.89
1894.99
1900.92
1906.73
1912.46
1918.07
1923.54
1928.81
1933.86
1938.68
1943.28
1947.69
1951.95
1956.09
1960.12
1963.95
1967.33
1969.8
1970.89
421.022
421.022
421.022
421.022
421.022
421.022
421.022
421.022
421.022
421.022
421.022
421.022
421.022
421.022
421.022
421.022
421.022
421.022
421.022
421.022
421.022
421.022
421.022
421.022
421.022
421.022
421.022
421.022
421.022
421.022
421.022
421.022
421.022
421.022
421.022
421.022
421.022
421.022
421.022
421.022
421.022
421.022
421.022
421.022
421.022
421.022
421.022
421.022
421.022
421.022
421.022
421.022
421.022
421.022
421.022
421.022
421.022
421.022
421.022
436.605
461.76
491.363
522.612
554.986
589.177
626.407
668.157
715.625
768.42
823.576
875.968
920.361
953.579
975.763
990.377
1003.17
1020.19
1045.25
1078.37
1116.12
1153.77
1187.57
1215.84
1238.9
1258.13
1275.12
1291.12
1306.86
1322.61
1338.41
1354.18
1369.83
1385.28
1400.42
1415.2
1429.57
1443.55
1457.21
1470.61
1483.76
1496.6
1509.09
1521.26
1533.16
1544.88
1556.51
1568.09
1579.64
1591.15
1602.62
1614.03
1625.34
1636.53
1647.54
1658.32
1668.86
1679.14
1689.17
1698.99
1708.66
1718.21
1727.67
1737.03
1746.24
1755.26
1764.05
1772.62
1780.97
1789.16
1797.22
1805.23
1813.23
1821.22
1829.22
1837.2
1845.1
1852.86
1860.42
1867.72
1874.72
1881.39
1887.76
1893.88
1899.83
1905.67
1911.42
1917.06
1922.56
1927.87
1932.96
1937.82
1942.45
1946.9
1951.18
1955.35
1959.39
1963.24
1966.63
1969.11
1970.21
