#DEPT	六五最大主应力	六五最小主应力
215.00000000	3.536823942	3.11601791
215.10000000	3.538849214	3.117724288
215.20000000	3.540909769	3.119490003
215.30000000	3.542993974	3.121295496
215.40000000	3.545094604	3.12312862
215.50000000	3.547182096	3.124939654
215.60000000	3.549257718	3.12673073
215.70000000	3.551292452	3.128453036
215.80000000	3.553310856	3.130147876
215.90000000	3.555314186	3.131817356
216.00000000	3.557317644	3.13348705
216.10000000	3.55933605	3.135181887
216.20000000	3.561371103	3.136904727
216.30000000	3.563449109	3.138699835
216.40000000	3.565544753	3.14052462
216.50000000	3.567661197	3.14238441
216.60000000	3.569790618	3.144266044
216.70000000	3.571920003	3.146147626
216.80000000	3.574047085	3.148025347
216.90000000	3.576168488	3.149893521
217.00000000	3.578289215	3.151760568
217.10000000	3.580410951	3.153629324
217.20000000	3.582541736	3.155513316
217.30000000	3.584677229	3.157405245
217.40000000	3.586819878	3.159309227
217.50000000	3.588956714	3.161203438
217.60000000	3.59108368	3.163081052
217.70000000	3.593184779	3.164915144
217.80000000	3.595249693	3.166688343
217.90000000	3.597290678	3.168421275
218.00000000	3.599291922	3.170087317
218.10000000	3.601275846	3.171724201
218.20000000	3.603251223	3.173346692
218.30000000	3.605228482	3.174972344
218.40000000	3.607216005	3.176615266
218.50000000	3.609210827	3.178270473
218.60000000	3.611213242	3.17993846
218.70000000	3.613208023	3.181593589
218.80000000	3.615195755	3.183236843
218.90000000	3.617151025	3.184825428
219.00000000	3.619086111	3.18638001
219.10000000	3.62100254	3.187903153
219.20000000	3.622890075	3.189377611
219.30000000	3.624773203	3.190844616
219.40000000	3.626651437	3.192303349
219.50000000	3.628539127	3.193777981
219.60000000	3.630440731	3.195276024
219.70000000	3.632360273	3.196804267
219.80000000	3.634322733	3.198404805
219.90000000	3.636313254	3.200052616
220.00000000	3.638342321	3.201765378
220.10000000	3.640424655	3.203567909
220.20000000	3.642530237	3.20540963
220.30000000	3.644664858	3.207300305
220.40000000	3.646802671	3.209196374
220.50000000	3.648930735	3.211076028
220.60000000	3.651031842	3.21291026
220.70000000	3.653086664	3.214666484
220.80000000	3.655112777	3.216374317
220.90000000	3.657093525	3.21800567
221.00000000	3.659048599	3.219593731
221.10000000	3.66099009	3.221158874
221.20000000	3.662917617	3.222700452
221.30000000	3.664837541	3.224229184
221.40000000	3.666752293	3.225749171
221.50000000	3.668656294	3.227250995
221.60000000	3.670557886	3.228748726
221.70000000	3.672459284	3.230246098
221.80000000	3.67437181	3.23176221
221.90000000	3.676298253	3.233301774
222.00000000	3.678236063	3.234860491
222.10000000	3.680184445	3.236437026
222.20000000	3.6821216	3.237994593
222.30000000	3.684048119	3.239534184
222.40000000	3.68592862	3.240996069
222.50000000	3.687795619	3.242435117
222.60000000	3.689647718	3.243848958
222.70000000	3.691532257	3.245317521
222.80000000	3.693467273	3.246871279
222.90000000	3.695469252	3.248538098
223.00000000	3.697614714	3.250447243
223.10000000	3.699831294	3.252476523
223.20000000	3.702140737	3.254662675
223.30000000	3.704515049	3.25695842
223.40000000	3.706897082	3.259267235
223.50000000	3.709270367	3.261561305
223.60000000	3.711581375	3.263750233
223.70000000	3.713848644	3.265865323
223.80000000	3.716042957	3.267857234
223.90000000	3.718172619	3.269739981
224.00000000	3.720265888	3.271561279
224.10000000	3.722310058	3.273299656
224.20000000	3.724321613	3.274982942
224.30000000	3.72631212	3.276630664
224.40000000	3.728269064	3.278221668
224.50000000	3.730203276	3.27977424
224.60000000	3.732123105	3.281302476
224.70000000	3.734024345	3.282799259
224.80000000	3.735924395	3.284293986
224.90000000	3.737825308	3.28579013
225.00000000	3.739740233	3.28730992
225.10000000	3.741672551	3.288859084
225.20000000	3.743619931	3.290433686
225.30000000	3.745604181	3.292070622
225.40000000	3.747608325	3.293741196
225.50000000	3.749631625	3.295444166
225.60000000	3.751689882	3.297206279
225.70000000	3.753762685	3.29899301
225.80000000	3.75585169	3.30080717
225.90000000	3.757964786	3.302662114
226.00000000	3.760088646	3.304535297
226.10000000	3.762225648	3.306430748
226.20000000	3.764379144	3.308354142
226.30000000	3.766537406	3.310285637
226.40000000	3.768701082	3.312226329
226.50000000	3.770860138	3.314159235
226.60000000	3.773011063	3.316078411
226.70000000	3.775147031	3.3179723
226.80000000	3.777255048	3.319818898
226.90000000	3.779343838	3.321632966
227.00000000	3.781401096	3.323393662
227.10000000	3.783426993	3.32510126
227.20000000	3.785434614	3.326777906
227.30000000	3.787415579	3.328409396
227.40000000	3.789381417	3.330015242
227.50000000	3.791339444	3.33160783
227.60000000	3.793289837	3.333187452
227.70000000	3.795240559	3.334767601
227.80000000	3.797192458	3.336349714
227.90000000	3.799148997	3.33793966
228.00000000	3.801110721	3.339538367
228.10000000	3.803076801	3.341144432
228.20000000	3.805051873	3.342765722
228.30000000	3.807031503	3.344394721
228.40000000	3.809014886	3.346030067
228.50000000	3.810997639	3.347664322
228.60000000	3.812974719	3.349288929
228.70000000	3.814946341	3.350904247
228.80000000	3.816899235	3.352487742
228.90000000	3.818844793	3.35405874
229.00000000	3.820782106	3.355615688
229.10000000	3.822718118	3.357170376
229.20000000	3.824662854	3.358739832
229.30000000	3.826619731	3.360329871
229.40000000	3.828609345	3.36197551
229.50000000	3.830619646	3.363656293
229.60000000	3.832658455	3.365385536
229.70000000	3.83473096	3.367172083
229.80000000	3.836817997	3.368983365
229.90000000	3.838922833	3.37082495
230.00000000	3.841033628	3.37267671
230.10000000	3.843142975	3.374526044
230.20000000	3.845244963	3.376362898
230.30000000	3.847329734	3.378170493
230.40000000	3.849401763	3.379956431
230.50000000	3.851450395	3.381702569
230.60000000	3.853479091	3.383414778
230.70000000	3.855495459	3.385105997
230.80000000	3.857494361	3.386767461
230.90000000	3.859487999	3.388419939
231.00000000	3.861479533	3.390068808
231.10000000	3.863475616	3.391725405
231.20000000	3.865480609	3.39339717
231.30000000	3.867493027	3.39508158
231.40000000	3.869523108	3.396796101
231.50000000	3.87156393	3.398528949
231.60000000	3.873613853	3.400277332
231.70000000	3.875682215	3.402057198
231.80000000	3.877759038	3.403851535
231.90000000	3.879844195	3.405660136
232.00000000	3.881943767	3.407493389
232.10000000	3.88404664	3.40933233
232.20000000	3.886153232	3.41117768
232.30000000	3.888258013	3.413019995
232.40000000	3.890357416	3.414853179
232.50000000	3.892449676	3.416674214
232.60000000	3.894525934	3.418467953
232.70000000	3.896591981	3.420244281
232.80000000	3.898644278	3.421997135
232.90000000	3.900680061	3.423721774
233.00000000	3.902707505	3.425432161
233.10000000	3.90472404	3.427123889
233.20000000	3.906733367	3.428803275
233.30000000	3.90874054	3.430478961
233.40000000	3.910747083	3.432153558
233.50000000	3.912758807	3.433837017
233.60000000	3.914775019	3.435528161
233.70000000	3.916800735	3.437235596
233.80000000	3.918834948	3.438957612
233.90000000	3.920874084	3.440688092
234.00000000	3.922919546	3.442429451
234.10000000	3.924964417	3.444169827
234.20000000	3.927007797	3.445907673
234.30000000	3.929043617	3.44763256
234.40000000	3.931071688	3.449344156
234.50000000	3.933093605	3.451045186
234.60000000	3.935103464	3.452725485
234.70000000	3.937107846	3.454396348
234.80000000	3.939107705	3.456059405
234.90000000	3.941100957	3.457711058
235.00000000	3.94309279	3.459360226
235.10000000	3.945083236	3.461006958
235.20000000	3.947073184	3.462652784
235.30000000	3.949064855	3.464301533
235.40000000	3.951058447	3.465953548
235.50000000	3.953058064	3.467615924
235.60000000	3.955062091	3.469285883
235.70000000	3.957071598	3.470965289
235.80000000	3.959088835	3.472658052
235.90000000	3.961109279	3.474356361
236.00000000	3.963133468	3.476061157
236.10000000	3.965158461	3.477767353
236.20000000	3.967182415	3.479471757
236.30000000	3.969203769	3.481171656
236.40000000	3.971220379	3.482863315
236.50000000	3.973234409	3.48455048
236.60000000	3.975244689	3.486231104
236.70000000	3.977253955	3.487909936
236.80000000	3.979263761	3.489589675
236.90000000	3.981276317	3.491274178
237.00000000	3.983293895	3.492967419
237.10000000	3.985315085	3.494666959
237.20000000	3.987343244	3.496378683
237.30000000	3.989375903	3.498098301
237.40000000	3.991411398	3.499822926
237.50000000	3.99345087	3.501554572
237.60000000	3.995491109	3.503287628
237.70000000	3.997531613	3.505021221
237.80000000	3.999571485	3.506753781
237.90000000	4.001609381	3.508482944
238.00000000	4.003645442	3.510208949
238.10000000	4.00567623	3.511925727
238.20000000	4.007703257	3.513635916
238.30000000	4.009726616	3.515339659
238.40000000	4.011743179	3.51703139
238.50000000	4.013757067	3.518718367
238.60000000	4.015768071	3.520400196
238.70000000	4.017775817	3.52207618
238.80000000	4.019782474	3.523750155
238.90000000	4.02178778	3.525421633
239.00000000	4.023789572	3.527086715
239.10000000	4.025789069	3.528747541
239.20000000	4.027784857	3.53040152
239.30000000	4.029774438	3.532044068
239.40000000	4.031762039	3.533682717
239.50000000	4.033746395	3.5353151
239.60000000	4.035731008	3.536947493
239.70000000	4.037718732	3.538585066
239.80000000	4.039711711	3.540231764
239.90000000	4.0417126	3.541892543
240.00000000	4.043719004	3.543563096
240.10000000	4.045732402	3.545246266
240.20000000	4.047748928	3.546934965
240.30000000	4.049767344	3.548626909
240.40000000	4.051785848	3.550318703
240.50000000	4.053804831	3.552011044
240.60000000	4.055825139	3.553705511
240.70000000	4.057849315	3.555407026
240.80000000	4.059879551	3.557120008
240.90000000	4.061914323	3.558841732
241.00000000	4.063959169	3.560583546
241.10000000	4.066007271	3.562332401
241.20000000	4.068057099	3.564085553
241.30000000	4.070105614	3.565837032
241.40000000	4.072148013	3.567576768
241.50000000	4.074185077	3.569305969
241.60000000	4.076210651	3.571010173
241.70000000	4.078233074	3.572706169
241.80000000	4.080253773	3.574395785
241.90000000	4.082275929	3.576085002
242.00000000	4.084304023	3.57778463
242.10000000	4.086337974	3.579495259
242.20000000	4.088378092	3.581221834
242.30000000	4.090420423	3.582955768
242.40000000	4.092462315	3.584694357
242.50000000	4.094500393	3.586431755
242.60000000	4.096533263	3.588162292
242.70000000	4.09855989	3.58988402
242.80000000	4.100582174	3.59159709
242.90000000	4.102600995	3.593302957
243.00000000	4.104619669	3.595005481
243.10000000	4.106639944	3.596707768
243.20000000	4.10866137	3.598410343
243.30000000	4.110685978	3.600116163
243.40000000	4.112711912	3.601823519
243.50000000	4.114738743	3.603532041
243.60000000	4.116765823	3.605240955
243.70000000	4.118792259	3.606949075
243.80000000	4.120817953	3.608656208
243.90000000	4.122841041	3.610359729
244.00000000	4.124861171	3.612059012
244.10000000	4.126878331	3.613753919
244.20000000	4.128889519	3.615440068
244.30000000	4.130897483	3.617121224
244.40000000	4.132902146	3.618797219
244.50000000	4.134906291	3.620472074
244.60000000	4.136911911	3.62214876
244.70000000	4.13891972	3.623828419
244.80000000	4.140936587	3.625521364
244.90000000	4.142958249	3.627221436
245.00000000	4.14498629	3.628931111
245.10000000	4.147021887	3.630652273
245.20000000	4.149060297	3.63237786
245.30000000	4.151101574	3.634107975
245.40000000	4.153142195	3.635837278
245.50000000	4.155181781	3.637565162
245.60000000	4.15721856	3.639288886
245.70000000	4.159250346	3.641005047
245.80000000	4.161279385	3.642717042
245.90000000	4.163304081	3.644422368
246.00000000	4.165326005	3.646123414
246.10000000	4.167347008	3.647823015
246.20000000	4.169368108	3.649522746
246.30000000	4.171391759	3.65122643
246.40000000	4.173417394	3.652933201
246.50000000	4.175447049	3.654646254
246.60000000	4.177479416	3.656363574
246.70000000	4.179513842	3.658084155
246.80000000	4.181551432	3.659809739
246.90000000	4.183595847	3.661546092
247.00000000	4.185647765	3.663294315
247.10000000	4.187727045	3.665085686
247.20000000	4.189838168	3.66692739
247.30000000	4.191977851	3.668814376
247.40000000	4.194180987	3.670801755
247.50000000	4.196412172	3.67283383
247.60000000	4.198669697	3.674907949
247.70000000	4.200926647	3.676981653
247.80000000	4.20315695	3.679013743
247.90000000	4.205356601	3.680997814
248.00000000	4.207457011	3.682825284
248.10000000	4.20950918	3.684576512
248.20000000	4.211500775	3.686231743
248.30000000	4.213439445	3.687802826
248.40000000	4.215373461	3.689366173
248.50000000	4.217311648	3.690935814
248.60000000	4.219302478	3.692588928
248.70000000	4.22132524	3.694292759
248.80000000	4.223396525	3.69607387
248.90000000	4.22549954	3.697905634
249.00000000	4.227607661	3.699745655
249.10000000	4.229707623	3.701572768
249.20000000	4.231766354	3.70333412
249.30000000	4.233794354	3.705046376
249.40000000	4.2357647	3.706666375
249.50000000	4.237683694	3.708204013
249.60000000	4.239569515	3.709688237
249.70000000	4.241411143	3.71110126
249.80000000	4.243234898	3.712485163
249.90000000	4.245048173	3.713851773
250.00000000	4.246870995	3.71523326
250.10000000	4.248719727	3.716656006
250.20000000	4.250590303	3.718113576
250.30000000	4.252524069	3.719672644
250.40000000	4.254497109	3.721294857
250.50000000	4.256503239	3.722970338
250.60000000	4.258558426	3.724724912
250.70000000	4.260623498	3.72649547
250.80000000	4.262697963	3.72828123
250.90000000	4.264760279	3.730047433
251.00000000	4.266810062	3.731793437
251.10000000	4.268845422	3.733516165
251.20000000	4.270857756	3.735201691
251.30000000	4.272865212	3.736879313
251.40000000	4.2748677	3.738548879
251.50000000	4.276879057	3.740232765
251.60000000	4.278898425	3.741929599
251.70000000	4.280929862	3.743645964
251.80000000	4.282974378	3.745383511
251.90000000	4.285021768	3.74712573
252.00000000	4.287070054	3.74886942
252.10000000	4.289106674	3.750594223
252.20000000	4.291134253	3.752304378
252.30000000	4.293145591	3.753988196
252.40000000	4.295143309	3.755649908
252.50000000	4.297135206	3.757302148
252.60000000	4.299123369	3.758948296
252.70000000	4.301117904	3.760604755
252.80000000	4.303117783	3.762269865
252.90000000	4.30513059	3.763955954
253.00000000	4.307150429	3.765653456
253.10000000	4.309173341	3.767355948
253.20000000	4.311192628	3.769052544
253.30000000	4.313200099	3.770729927
253.40000000	4.315198152	3.772391977
253.50000000	4.317178962	3.774025961
253.60000000	4.319166759	3.775671279
253.70000000	4.321163105	3.777330483
253.80000000	4.3232335	3.7791102
253.90000000	4.325378617	3.781011588
254.00000000	4.327594671	3.78302853
254.10000000	4.329974419	3.785312059
254.20000000	4.332405479	3.787679217
254.30000000	4.334892614	3.790137748
254.40000000	4.337352241	3.792551589
254.50000000	4.339736332	3.794842578
254.60000000	4.342018198	3.796967281
254.70000000	4.344054297	3.798691985
254.80000000	4.345960495	3.80020515
254.90000000	4.34769188	3.801433453
255.00000000	4.349272242	3.802415365
255.10000000	4.350808596	3.803325081
255.20000000	4.352319614	3.804192974
255.30000000	4.353910736	3.805191076
255.40000000	4.355565527	3.806292724
255.50000000	4.357347077	3.807601054
255.60000000	4.359259781	3.809123424
255.70000000	4.361245322	3.810764709
255.80000000	4.36333101	3.812569587
255.90000000	4.365466324	3.814455571
256.00000000	4.367627843	3.816384416
256.10000000	4.369810688	3.818348158
256.20000000	4.372008767	3.820336848
256.30000000	4.37422451	3.82235446
256.40000000	4.376499643	3.824469192
256.50000000	4.378855616	3.826716107
256.60000000	4.38127733	3.829070524
256.70000000	4.383842387	3.831659244
256.80000000	4.386461001	3.834335508
256.90000000	4.389118751	3.837075735
257.00000000	4.391719035	3.839722107
257.10000000	4.394195972	3.842167039
257.20000000	4.396556851	3.844422465
257.30000000	4.39856185	3.846096592
257.40000000	4.40039665	3.847492588
257.50000000	4.402034428	3.848566431
257.60000000	4.40345109	3.849278461
257.70000000	4.40482815	3.849925217
257.80000000	4.406173768	3.850519996
257.90000000	4.407633576	3.851301145
258.00000000	4.40917368	3.852213362
258.10000000	4.410838626	3.853329724
258.20000000	4.412644622	3.854676934
258.30000000	4.414501645	3.856107637
258.40000000	4.416414404	3.857629594
258.50000000	4.418329079	3.859154646
258.60000000	4.420234585	3.860664625
258.70000000	4.422115636	3.862134471
258.80000000	4.423976801	3.863571657
258.90000000	4.425831184	3.864997659
259.00000000	4.427688978	3.866429186
259.10000000	4.429578351	3.867912447
259.20000000	4.431494658	3.869439841
259.30000000	4.433476022	3.871073932
259.40000000	4.435512928	3.87279914
259.50000000	4.437587952	3.874586898
259.60000000	4.439717914	3.876464821
259.70000000	4.441861858	3.878365714
259.80000000	4.444013898	3.88027992
259.90000000	4.446149909	3.882167851
260.00000000	4.448262869	3.884017973
260.10000000	4.450355779	3.885835207
260.20000000	4.452401098	3.887574337
260.30000000	4.454424635	3.889277716
260.40000000	4.4564268	3.890946007
260.50000000	4.458399629	3.892566127
260.60000000	4.460365352	3.894174561
260.70000000	4.462323276	3.895770174
260.80000000	4.46428356	3.897369644
260.90000000	4.466251244	3.898981252
261.00000000	4.468229497	3.900610205
261.10000000	4.470235782	3.9022852
261.20000000	4.472258876	3.903987806
261.30000000	4.474305339	3.90572881
261.40000000	4.476375539	3.907508821
261.50000000	4.478452212	3.909299479
261.60000000	4.480532753	3.911096506
261.70000000	4.482594111	3.912862021
261.80000000	4.484637886	3.914598643
261.90000000	4.486646893	3.916278126
262.00000000	4.488617819	3.917895009
262.10000000	4.490568111	3.919477959
262.20000000	4.49249247	3.921018255
262.30000000	4.494414625	3.922554904
262.40000000	4.496339541	3.924096068
262.50000000	4.498284209	3.92566969
262.60000000	4.500251201	3.927280009
262.70000000	4.502233609	3.92891567
262.80000000	4.504239636	3.930590172
262.90000000	4.506251085	3.932273591
263.00000000	4.508265829	3.933962428
263.10000000	4.510276857	3.93564515
263.20000000	4.512286136	3.937324992
263.30000000	4.51429428	3.939002967
263.40000000	4.516312842	3.94069808
263.50000000	4.518346242	3.94241761
263.60000000	4.520394284	3.944161237
263.70000000	4.522483584	3.945972766
263.80000000	4.524594246	3.947819464
263.90000000	4.526729434	3.949706538
264.00000000	4.528901226	3.951653876
264.10000000	4.531087291	3.953624726
264.20000000	4.533289936	3.955622885
264.30000000	4.535498669	3.957631087
264.40000000	4.537700656	3.95962821
264.50000000	4.539888611	3.961602257
264.60000000	4.542029019	3.963498058
264.70000000	4.544133049	3.965333993
264.80000000	4.546176524	3.967070252
264.90000000	4.548138993	3.968673154
265.00000000	4.550055314	3.970200063
265.10000000	4.551904176	3.971615874
265.20000000	4.553713396	3.972966368
265.30000000	4.555507924	3.974292617
265.40000000	4.557303575	3.975620665
265.50000000	4.559136453	3.977009981
265.60000000	4.560999527	3.978448997
265.70000000	4.56293241	3.980002983
265.80000000	4.564916892	3.981641961
265.90000000	4.566936412	3.98333866
266.00000000	4.569002276	3.985111714
266.10000000	4.571080322	3.986904847
266.20000000	4.573166898	3.988712041
266.30000000	4.575256726	3.990524604
266.40000000	4.57735185	3.992345902
266.50000000	4.579452161	3.994175758
266.60000000	4.581577986	3.996047667
266.70000000	4.583724252	3.997953276
266.80000000	4.585890989	3.999892636
266.90000000	4.588103005	4.001906633
267.00000000	4.59033709	4.003957017
267.10000000	4.592596344	4.006048903
267.20000000	4.594895125	4.008205952
267.30000000	4.597215878	4.010399233
267.40000000	4.599564081	4.012637775
267.50000000	4.601951051	4.014940228
267.60000000	4.604349971	4.017262397
267.70000000	4.606760264	4.019603329
267.80000000	4.609133732	4.021883593
267.90000000	4.611458487	4.024083598
268.00000000	4.613689947	4.02612987
268.10000000	4.615745552	4.027886332
268.20000000	4.617684351	4.029450278
268.30000000	4.619428067	4.030692649
268.40000000	4.621008406	4.031665639
268.50000000	4.622504087	4.032498952
268.60000000	4.623913988	4.033190696
268.70000000	4.62535006	4.033925437
268.80000000	4.626822203	4.034719522
268.90000000	4.628433528	4.035743041
269.00000000	4.63018378	4.036995639
269.10000000	4.632034662	4.038414187
269.20000000	4.634053379	4.040109582
269.30000000	4.636137749	4.041913285
269.40000000	4.638269835	4.043795714
269.50000000	4.640431206	4.045726467
269.60000000	4.642584487	4.047643885
269.70000000	4.644730455	4.049549249
269.80000000	4.646846894	4.051405905
269.90000000	4.64894558	4.053233279
270.00000000	4.651026088	4.055030667
270.10000000	4.653057456	4.056746979
270.20000000	4.655057043	4.05841085
270.30000000	4.657019044	4.060012696
270.40000000	4.658917161	4.061509112
270.50000000	4.6607931	4.062968909
270.60000000	4.662643648	4.064386781
270.70000000	4.664500491	4.065815019
270.80000000	4.666377326	4.067276233
270.90000000	4.668290285	4.068797054
271.00000000	4.670272886	4.07043282
271.10000000	4.672292188	4.072129165
271.20000000	4.674362943	4.073910449
271.30000000	4.676455187	4.07572721
271.40000000	4.678545429	4.077540674
271.50000000	4.680611589	4.079314386
271.60000000	4.682617034	4.080987864
271.70000000	4.684578035	4.082587962
271.80000000	4.68645511	4.084049486
271.90000000	4.688271021	4.085409999
272.00000000	4.690051927	4.086712683
272.10000000	4.691801691	4.087963906
272.20000000	4.69357218	4.089249321
272.30000000	4.695365317	4.090572104
272.40000000	4.697247793	4.09204241
272.50000000	4.699211391	4.093646686
272.60000000	4.701240763	4.095359596
272.70000000	4.703394451	4.097277844
272.80000000	4.705597712	4.099277981
272.90000000	4.707843807	4.10134888
273.00000000	4.710124466	4.103476885
273.10000000	4.712399033	4.105594838
273.20000000	4.71466736	4.107702499
273.30000000	4.716894662	4.109742408
273.40000000	4.7190989	4.111744231
273.50000000	4.721275542	4.113700482
273.60000000	4.72341192	4.115590232
273.70000000	4.725533129	4.117454935
273.80000000	4.72763625	4.119289765
273.90000000	4.729723531	4.121098433
274.00000000	4.731800638	4.122890299
274.10000000	4.73386265	4.124657233
274.20000000	4.73588067	4.126351492
274.30000000	4.737859671	4.127981285
274.40000000	4.739769435	4.129496686
274.50000000	4.741577672	4.13084433
274.60000000	4.743326737	4.132094178
274.70000000	4.744989335	4.133201116
274.80000000	4.746623494	4.134261011
274.90000000	4.748260854	4.135326144
275.00000000	4.749958167	4.13649031
275.10000000	4.751779933	4.137860126
275.20000000	4.753698281	4.13938955
275.30000000	4.75582165	4.141257832
275.40000000	4.758087577	4.143361743
275.50000000	4.760451193	4.145627127
275.60000000	4.762935563	4.148092105
275.70000000	4.765424633	4.150564857
275.80000000	4.767909986	4.153031475
275.90000000	4.770285667	4.155316841
276.00000000	4.772554498	4.157425623
276.10000000	4.77472833	4.159377403
276.20000000	4.776684092	4.160968768
276.30000000	4.77855198	4.162414883
276.40000000	4.780326797	4.163707141
276.50000000	4.782028035	4.164877746
276.60000000	4.783760502	4.166099941
276.70000000	4.785537232	4.167395276
276.80000000	4.787536577	4.169058614
276.90000000	4.789686727	4.170971265
277.00000000	4.792039254	4.173218498
277.10000000	4.79464073	4.175877301
277.20000000	4.797311845	4.178651229
277.30000000	4.800043996	4.181526053
277.40000000	4.80264053	4.184176685
277.50000000	4.805102199	4.186604385
277.60000000	4.807314592	4.188620029
277.70000000	4.80924055	4.190162178
277.80000000	4.811038066	4.191491985
277.90000000	4.812703267	4.192603019
278.00000000	4.814500478	4.193932268
278.10000000	4.816455672	4.195522696
278.20000000	4.818840589	4.197823608
278.30000000	4.821683201	4.200881243
278.40000000	4.824817016	4.204420283
278.50000000	4.828365908	4.208645427
278.60000000	4.831949355	4.212927544
278.70000000	4.835502971	4.217160211
278.80000000	4.838671523	4.220756342
278.90000000	4.84138281	4.223596713
279.00000000	4.843717483	4.225814661
279.10000000	4.845219738	4.226656842
279.20000000	4.846331129	4.226852891
279.30000000	4.84708405	4.226456208
279.40000000	4.847438027	4.225399696
279.50000000	4.847768861	4.224304513
279.60000000	4.848076584	4.223170699
279.70000000	4.848679579	4.222524825
279.80000000	4.849485995	4.222215123
279.90000000	4.850553913	4.222337769
280.00000000	4.852061529	4.223187652
280.10000000	4.853760949	4.224354783
280.20000000	4.855699875	4.22591812
280.30000000	4.857861009	4.227849068
280.40000000	4.860097831	4.229905241
280.50000000	4.862413322	4.232091573
280.60000000	4.864737763	4.234292718
280.70000000	4.867061314	4.2364924
280.80000000	4.869377175	4.238679368
280.90000000	4.87175409	4.240967351
281.00000000	4.874202862	4.243374222
281.10000000	4.876815145	4.246051605
281.20000000	4.879625291	4.249056315
281.30000000	4.882539241	4.252232732
281.40000000	4.885568772	4.255600317
281.50000000	4.888493038	4.25879375
281.60000000	4.891295571	4.261785804
281.70000000	4.893696946	4.264114307
281.80000000	4.895702994	4.265788909
281.90000000	4.897415227	4.266977492
282.00000000	4.898633076	4.267348208
282.10000000	4.899701927	4.267472316
282.20000000	4.900661139	4.267414888
282.30000000	4.901718802	4.267520195
282.40000000	4.902944584	4.26790356
282.50000000	4.904324894	4.268542539
282.60000000	4.906034146	4.269725808
282.70000000	4.907823243	4.271041188
282.80000000	4.909699865	4.2725014
282.90000000	4.911566642	4.27394531
283.00000000	4.913392212	4.27532101
283.10000000	4.915164142	4.276607917
283.20000000	4.916889338	4.277817455
283.30000000	4.91863049	4.279053379
283.40000000	4.920405975	4.280346113
283.50000000	4.922310653	4.281852678
283.60000000	4.924296859	4.28349419
283.70000000	4.926403383	4.285334865
283.80000000	4.928618372	4.287355087
283.90000000	4.930865884	4.289429153
284.00000000	4.933131229	4.291532745
284.10000000	4.935325075	4.293517989
284.20000000	4.937458763	4.295403654
284.30000000	4.939471489	4.297089087
284.40000000	4.94138612	4.298612131
284.50000000	4.943253594	4.300057102
284.60000000	4.945087719	4.301446856
284.70000000	4.946972964	4.302921227
284.80000000	4.948905523	4.304473922
284.90000000	4.950968779	4.30624299
285.00000000	4.953122184	4.308161313
285.10000000	4.955337249	4.310181723
285.20000000	4.957611052	4.312299386
285.30000000	4.959860607	4.314376911
285.40000000	4.962085792	4.316414095
285.50000000	4.96418578	4.318244005
285.60000000	4.966197193	4.319927268
285.70000000	4.968127705	4.321476583
285.80000000	4.969911882	4.322783603
285.90000000	4.971659096	4.324029406
286.00000000	4.973365389	4.325207434
286.10000000	4.975088782	4.326413752
286.20000000	4.976854768	4.327690583
286.30000000	4.978677361	4.329061135
286.40000000	4.980615395	4.330622842
286.50000000	4.982597647	4.332257769
286.60000000	4.984632412	4.333979657
286.70000000	4.986663579	4.335695588
286.80000000	4.988664771	4.337361878
286.90000000	4.990606735	4.338930081
287.00000000	4.992451531	4.340337359
287.10000000	4.994250289	4.34166838
287.20000000	4.995992123	4.34290511
287.30000000	4.99773745	4.344147609
287.40000000	4.999503459	4.345424348
287.50000000	5.001334527	4.346808828
287.60000000	5.003257042	4.348344765
287.70000000	5.005239358	4.34997975
287.80000000	5.007320537	4.351778488
287.90000000	5.009456535	4.353668031
288.00000000	5.011626495	4.35561383
288.10000000	5.013833292	4.357620652
288.20000000	5.016054844	4.359651919
288.30000000	5.018288055	4.361702502
288.40000000	5.020544677	4.363791869
288.50000000	5.022820898	4.365913707
288.60000000	5.025112735	4.368061417
288.70000000	5.027414925	4.37022628
288.80000000	5.02968028	4.372330134
288.90000000	5.031911639	4.374377683
289.00000000	5.034001725	4.376191227
289.10000000	5.036060042	4.377952148
289.20000000	5.038083131	4.379654714
289.30000000	5.040325046	4.381719766
289.40000000	5.042871866	4.384289895
289.50000000	5.045812912	4.38751304
289.60000000	5.049739038	4.392367821
289.70000000	5.054211406	4.398127144
289.80000000	5.059393019	4.405060736
289.90000000	5.065273848	4.413151626
290.00000000	5.071266028	4.421426134
290.10000000	5.077307288	4.429781122
290.20000000	5.082758472	4.437158664
290.30000000	5.087657105	4.443621196
290.40000000	5.091571126	4.448453912
290.50000000	5.094223622	4.451198783
290.60000000	5.096119991	4.452692286
290.70000000	5.096839778	4.452238457
290.80000000	5.096793928	4.450517168
290.90000000	5.096312785	4.44807495
291.00000000	5.095396547	4.444911918
291.10000000	5.09442074	4.441649624
291.20000000	5.093413889	4.438335274
291.30000000	5.092568514	4.435287695
291.40000000	5.091858186	4.43246321
291.50000000	5.091244369	4.429798055
291.60000000	5.090872708	4.427533573
291.70000000	5.090670496	4.425549415
291.80000000	5.090618391	4.423813613
291.90000000	5.091057943	4.422892206
292.00000000	5.091836921	4.422533089
292.10000000	5.092942253	4.422714689
292.20000000	5.094737291	4.424039247
292.30000000	5.096771005	4.425759352
292.40000000	5.099070781	4.427920397
292.50000000	5.101564674	4.430403152
292.60000000	5.104061369	4.432890553
292.70000000	5.106546568	4.435358904
292.80000000	5.108946907	4.437686627
292.90000000	5.111312502	4.439956772
293.00000000	5.113635735	4.44215672
293.10000000	5.115929645	4.444308076
293.20000000	5.118203143	4.446425609
293.30000000	5.120444984	4.448490684
293.40000000	5.122608174	4.450425419
293.50000000	5.124711967	4.452261718
293.60000000	5.126710984	4.453924379
293.70000000	5.12860383	4.455411079
293.80000000	5.130445933	4.456813677
293.90000000	5.132235194	4.458128688
294.00000000	5.134059069	4.459501059
294.10000000	5.135925629	4.460944166
294.20000000	5.137920143	4.462599343
294.30000000	5.140047739	4.464475095
294.40000000	5.142268891	4.466505915
294.50000000	5.144645988	4.468795208
294.60000000	5.147091981	4.471198695
294.70000000	5.149585125	4.473680337
294.80000000	5.152111994	4.476217878
294.90000000	5.154627749	4.478737
295.00000000	5.157132888	4.481238531
295.10000000	5.159586176	4.483654128
295.20000000	5.16200088	4.486005778
295.30000000	5.164378996	4.488296794
295.40000000	5.166669322	4.490442311
295.50000000	5.168918609	4.492519817
295.60000000	5.171121595	4.494520586
295.70000000	5.173258202	4.496411341
295.80000000	5.175370957	4.498262568
295.90000000	5.177456046	4.500067941
296.00000000	5.179514374	4.501828961
296.10000000	5.181557885	4.503565424
296.20000000	5.183581217	4.505268439
296.30000000	5.185552721	4.50688555
296.40000000	5.187477806	4.508425719
296.50000000	5.189324753	4.509836366
296.60000000	5.191036972	4.511023687
296.70000000	5.192662063	4.512066571
296.80000000	5.194148076	4.512878893
296.90000000	5.195525446	4.513511089
297.00000000	5.196859002	4.514070615
297.10000000	5.198175047	4.514601068
297.20000000	5.199588797	4.515293455
297.30000000	5.201091085	4.516132593
297.40000000	5.202817469	4.517343231
297.50000000	5.204744489	4.518886492
297.60000000	5.206807716	4.520655572
297.70000000	5.209068787	4.522752665
297.80000000	5.21136657	4.524910627
297.90000000	5.213679365	4.527093481
298.00000000	5.215887464	4.529102762
298.10000000	5.217972385	4.530907824
298.20000000	5.219951459	4.532537397
298.30000000	5.221703534	4.53379061
298.40000000	5.223368943	4.534900118
298.50000000	5.224949563	4.535869026
298.60000000	5.226466405	4.536732165
298.70000000	5.227998124	4.537619947
298.80000000	5.229549117	4.538539665
298.90000000	5.231207304	4.539637108
299.00000000	5.232935563	4.540850729
299.10000000	5.234754545	4.542214779
299.20000000	5.236709208	4.543803813
299.30000000	5.238719928	4.545485802
299.40000000	5.240799209	4.547281485
299.50000000	5.242914868	4.549137494
299.60000000	5.245034533	4.551000146
299.70000000	5.247147414	4.552851552
299.80000000	5.249230896	4.554654207
299.90000000	5.251295437	4.556425453
300.00000000	5.253329276	4.558145786
300.10000000	5.255333707	4.559817351
300.20000000	5.257318738	4.561456742
300.30000000	5.259270663	4.563041232
300.40000000	5.261192201	4.564575326
300.50000000	5.263096062	4.566080102
300.60000000	5.264980524	4.567552702
300.70000000	5.26688194	4.569053414
300.80000000	5.268803146	4.570586945
300.90000000	5.270799998	4.572245929
301.00000000	5.272871415	4.574028576
301.10000000	5.275001936	4.575909248
301.20000000	5.277242307	4.577972106
301.30000000	5.279523218	4.580102203
301.40000000	5.281837158	4.58228708
301.50000000	5.284167101	4.584498503
301.60000000	5.286485074	4.586690075
301.70000000	5.288791559	4.588862599
301.80000000	5.291046994	4.590950461
301.90000000	5.293266141	4.592978141
302.00000000	5.295442907	4.594935537
302.10000000	5.297522308	4.596731455
302.20000000	5.299545333	4.598433872
302.30000000	5.301496669	4.600017392
302.40000000	5.30334678	4.601433023
302.50000000	5.305154131	4.602777727
302.60000000	5.306909579	4.60403634
302.70000000	5.308636491	4.605247611
302.80000000	5.310360301	4.606453729
302.90000000	5.312090336	4.607670161
303.00000000	5.31385801	4.608949014
303.10000000	5.315656808	4.610279484
303.20000000	5.317515325	4.611709005
303.30000000	5.319452942	4.613269728
303.40000000	5.321443914	4.614918949
303.50000000	5.323528282	4.616723092
303.60000000	5.325684958	4.618647177
303.70000000	5.327883324	4.620640419
303.80000000	5.33012767	4.622709934
303.90000000	5.332365658	4.624768906
304.00000000	5.33459573	4.626814749
304.10000000	5.336791781	4.62880416
304.20000000	5.339001095	4.630815575
304.30000000	5.341230897	4.632860979
304.40000000	5.343606528	4.635148284
304.50000000	5.346140284	4.637697886
304.60000000	5.348810886	4.640474486
304.70000000	5.351781923	4.64374943
304.80000000	5.354830812	4.647153494
304.90000000	5.357956367	4.65068471
305.00000000	5.360966895	4.654025114
305.10000000	5.363799642	4.657070632
305.20000000	5.366422865	4.659768622
305.30000000	5.368572939	4.661681832
305.40000000	5.370513816	4.663248058
305.50000000	5.372198794	4.66438983
305.60000000	5.3737236	4.665265912
305.70000000	5.375254868	4.666152691
305.80000000	5.376838729	4.667126691
305.90000000	5.378586176	4.668372029
306.00000000	5.3803977	4.669723648
306.10000000	5.382279911	4.671192517
306.20000000	5.384068962	4.672506846
306.30000000	5.385750397	4.673642649
306.40000000	5.387199627	4.674393239
306.50000000	5.388391595	4.674717027
306.60000000	5.389443991	4.67480923
306.70000000	5.390330803	4.674626675
306.80000000	5.391231088	4.674466405
306.90000000	5.392173107	4.674375311
307.00000000	5.393314493	4.674614936
307.10000000	5.394685977	4.675236293
307.20000000	5.396230459	4.676144664
307.30000000	5.398104818	4.677600361
307.40000000	5.400157695	4.679352256
307.50000000	5.40234691	4.681330371
307.60000000	5.40471446	4.683604387
307.70000000	5.407123739	4.685947644
307.80000000	5.409567534	4.688348172
307.90000000	5.411986991	4.690708321
308.00000000	5.414354943	4.692983013
308.10000000	5.416671197	4.695171931
308.20000000	5.418842332	4.697120066
308.30000000	5.42093791	4.698942836
308.40000000	5.422945418	4.700619477
308.50000000	5.424818663	4.702073342
308.60000000	5.426632166	4.703428076
308.70000000	5.428372114	4.704660754
308.80000000	5.430024731	4.705748515
308.90000000	5.431637443	4.706770049
309.00000000	5.433200823	4.707709711
309.10000000	5.434734348	4.708599817
309.20000000	5.436268291	4.709490599
309.30000000	5.437820057	4.710410941
309.40000000	5.439449876	4.711460794
309.50000000	5.441143268	4.712616132
309.60000000	5.442959358	4.713975078
309.70000000	5.444928599	4.715588171
309.80000000	5.447001191	4.717372776
309.90000000	5.449254199	4.719456784
310.00000000	5.451656299	4.721788213
310.10000000	5.454153883	4.7242781
310.20000000	5.456790821	4.726999245
310.30000000	5.459486869	4.729818479
310.40000000	5.462227508	4.732711709
310.50000000	5.465056452	4.735751473
310.60000000	5.468053129	4.739069571
310.70000000	5.471203569	4.742642814
310.80000000	5.474899521	4.747121242
310.90000000	5.479007624	4.752283506
311.00000000	5.483463541	4.758022789
311.10000000	5.488477574	4.764687956
311.20000000	5.493437163	4.771262595
311.30000000	5.498344177	4.777749821
311.40000000	5.502364198	4.782765382
311.50000000	5.505654362	4.786570086
311.60000000	5.508081401	4.7889429
311.70000000	5.508930332	4.788697684
311.80000000	5.509120324	4.787359197
311.90000000	5.508500597	4.784677156
312.00000000	5.507417835	4.781226588
312.10000000	5.5063345	4.777774738
312.20000000	5.505418554	4.774600327
312.30000000	5.505126955	4.772461726
312.40000000	5.505204688	4.770935862
312.50000000	5.505862203	4.770372072
312.60000000	5.507003148	4.770610528
312.70000000	5.508379974	4.771240433
312.80000000	5.510047267	4.772352401
312.90000000	5.511904339	4.773779335
313.00000000	5.513877817	4.775399466
313.10000000	5.516028395	4.777313532
313.20000000	5.51830738	4.77944072
313.30000000	5.52066563	4.781699464
313.40000000	5.523124961	4.784125979
313.50000000	5.525601646	4.786581295
313.60000000	5.528081398	4.789041704
313.70000000	5.530500768	4.791401899
313.80000000	5.532834766	4.793620406
313.90000000	5.535097567	4.795720748
314.00000000	5.537189793	4.797537988
314.10000000	5.539201948	4.799222335
314.20000000	5.541143971	4.800790282
314.30000000	5.54303238	4.802269243
314.40000000	5.544950926	4.803798221
314.50000000	5.546901091	4.805379674
314.60000000	5.54899274	4.807195959
314.70000000	5.551162877	4.809142514
314.80000000	5.553425789	4.811243057
314.90000000	5.555793717	4.813517903
315.00000000	5.558180176	4.815823509
315.10000000	5.560580497	4.818152125
315.20000000	5.562920245	4.820380205
315.30000000	5.565199121	4.822507255
315.40000000	5.56737972	4.824471191
315.50000000	5.569382885	4.826140629
315.60000000	5.571273158	4.827622688
315.70000000	5.572987544	4.828812808
315.80000000	5.574521234	4.829702997
315.90000000	5.575962263	4.830439371
316.00000000	5.577286541	4.830981934
316.10000000	5.578600265	4.831506955
316.20000000	5.579936707	4.832069663
316.30000000	5.581387626	4.832822372
316.40000000	5.583008325	4.833856895
316.50000000	5.584751805	4.83509522
316.60000000	5.586727874	4.836719636
316.70000000	5.588839072	4.838568363
316.80000000	5.591042722	4.84057056
316.90000000	5.593350656	4.84274587
317.00000000	5.595680732	4.844957938
317.10000000	5.59802697	4.847196836
317.20000000	5.600380936	4.849448566
317.30000000	5.602741024	4.85171046
317.40000000	5.605106489	4.853981281
317.50000000	5.607476377	4.856259446
317.60000000	5.609826768	4.858505249
317.70000000	5.612156275	4.860716386
317.80000000	5.614371803	4.862738321
317.90000000	5.616503855	4.864621689
318.00000000	5.618533928	4.866335773
318.10000000	5.620407328	4.867789778
318.20000000	5.622236529	4.869170408
318.30000000	5.624019832	4.870474842
318.40000000	5.625865766	4.871883242
318.50000000	5.627787393	4.873417292
318.60000000	5.62983711	4.87516398
318.70000000	5.632068915	4.877212945
318.80000000	5.634381442	4.879395917
318.90000000	5.636790193	4.88173863
319.00000000	5.639180888	4.884051368
319.10000000	5.641523962	4.886285057
319.20000000	5.643737405	4.888303551
319.30000000	5.645782397	4.890042406
319.40000000	5.647724237	4.891610019
319.50000000	5.64951195	4.892921767
319.60000000	5.651245978	4.894144388
319.70000000	5.652959534	4.895333015
319.80000000	5.65470797	4.896579542
319.90000000	5.656529668	4.897947688
320.00000000	5.658408693	4.899411002
320.10000000	5.660403307	4.90106621
320.20000000	5.662448922	4.902806089
320.30000000	5.664533391	4.904610474
320.40000000	5.666646833	4.906462957
320.50000000	5.66875383	4.908304742
320.60000000	5.67085486	4.910136622
320.70000000	5.672922975	4.911913857
320.80000000	5.674966826	4.913650809
320.90000000	5.676984712	4.915344654
321.00000000	5.6789213	4.916903526
321.10000000	5.680795288	4.918358466
321.20000000	5.682591731	4.91968466
321.30000000	5.684238923	4.920763056
321.40000000	5.685822311	4.921735511
321.50000000	5.68732773	4.922578503
321.60000000	5.688817728	4.92339588
321.70000000	5.690342583	4.924271118
321.80000000	5.691943249	4.925272214
321.90000000	5.693715034	4.92655742
322.00000000	5.695590588	4.928014917
322.10000000	5.697624561	4.929735446
322.20000000	5.699774017	4.931647719
322.30000000	5.701969453	4.933636338
322.40000000	5.704196956	4.935678201
322.50000000	5.706388635	4.937660585
322.60000000	5.708547979	4.939589282
322.70000000	5.710632318	4.941393443
322.80000000	5.712664694	4.943111323
322.90000000	5.714667908	4.944780785
323.00000000	5.716651985	4.94641847
323.10000000	5.718667643	4.948108591
323.20000000	5.720715501	4.94985218
323.30000000	5.722880813	4.951790792
323.40000000	5.725154806	4.95390986
323.50000000	5.727519528	4.95617958
323.60000000	5.73006739	4.958753392
323.70000000	5.732681631	4.961437421
323.80000000	5.735355898	4.964221117
323.90000000	5.738048111	4.96703461
324.00000000	5.740697768	4.969777443
324.10000000	5.743301014	4.972443215
324.20000000	5.745752265	4.974856617
324.30000000	5.748113947	4.977121301
324.40000000	5.750366635	4.979205015
324.50000000	5.752432918	4.980979227
324.60000000	5.754399291	4.982587547
324.70000000	5.756234614	4.98397827
324.80000000	5.757905939	4.985096685
324.90000000	5.759507167	4.9860987
325.00000000	5.761023887	4.986960385
325.10000000	5.762520326	4.987788381
325.20000000	5.76402959	4.988637662
325.30000000	5.765585673	4.989564674
325.40000000	5.767220123	4.990621806
325.50000000	5.768900399	4.991755025
325.60000000	5.770651159	4.993005278
325.70000000	5.772456739	4.994346559
325.80000000	5.774305312	4.995759228
325.90000000	5.776244017	4.997321565
326.00000000	5.77831519	4.999103872
326.10000000	5.780493866	5.001064698
326.20000000	5.782918808	5.00343447
326.30000000	5.785525509	5.006106064
326.40000000	5.7882614	5.008992188
326.50000000	5.791159153	5.01214709
326.60000000	5.794040847	5.015275321
326.70000000	5.796899737	5.01836568
326.80000000	5.799534984	5.021084673
326.90000000	5.80198595	5.023497662
327.00000000	5.804267982	5.025630136
327.10000000	5.806196009	5.027174776
327.20000000	5.807993173	5.02850211
327.30000000	5.809645115	5.029588293
327.40000000	5.811135712	5.030406546
327.50000000	5.812583349	5.031153446
327.60000000	5.813984596	5.031823298
327.70000000	5.815382244	5.032487159
327.80000000	5.816803667	5.033190486
327.90000000	5.818266159	5.033962001
328.00000000	5.819843785	5.034924702
328.10000000	5.821508519	5.036032055
328.20000000	5.823312203	5.037370153
328.30000000	5.825393743	5.039169682
328.40000000	5.827711717	5.041361858
328.50000000	5.830461185	5.044270614
328.60000000	5.833885578	5.048300196
328.70000000	5.837752993	5.05306546
328.80000000	5.84236969	5.059074945
328.90000000	5.84744048	5.065838383
329.00000000	5.852651876	5.072835167
329.10000000	5.857734227	5.079617537
329.20000000	5.862058727	5.085141436
329.30000000	5.865745409	5.089606247
329.40000000	5.867847813	5.09144052
329.50000000	5.86876948	5.091314281
329.60000000	5.868816281	5.089735327
329.70000000	5.867648095	5.086138778
329.80000000	5.866304633	5.082250952
329.90000000	5.864841422	5.078164025
330.00000000	5.864091956	5.075262173
330.10000000	5.863977905	5.073415427
330.20000000	5.864472892	5.072580061
330.30000000	5.866124027	5.073664782
330.40000000	5.868099991	5.075288973
330.50000000	5.870435725	5.077510675
330.60000000	5.87294765	5.080024996
330.70000000	5.875439084	5.082505286
330.80000000	5.877887977	5.084914926
330.90000000	5.880230025	5.08714712
331.00000000	5.882526045	5.089302871
331.10000000	5.884765433	5.09136457
331.20000000	5.886935733	5.093311526
331.30000000	5.889061693	5.095184846
331.40000000	5.891120902	5.096947305
331.50000000	5.893093571	5.098566035
331.60000000	5.895021714	5.100110817
331.70000000	5.896890453	5.101556936
331.80000000	5.898735554	5.102963794
331.90000000	5.900574242	5.104359999
332.00000000	5.902419046	5.105766359
332.10000000	5.904265918	5.10717615
332.20000000	5.90610412	5.10857154
332.30000000	5.907899072	5.109895092
332.40000000	5.909603338	5.111068022
332.50000000	5.911231467	5.11211449
332.60000000	5.912677512	5.112858524
332.70000000	5.913989321	5.11337959
332.80000000	5.91520371	5.113738829
332.90000000	5.916314678	5.113926267
333.00000000	5.917530945	5.114288585
333.10000000	5.918855443	5.114830657
333.20000000	5.920851692	5.116488508
333.30000000	5.923459861	5.119162768
333.40000000	5.926646602	5.122798039
333.50000000	5.931152888	5.128625028
333.60000000	5.93607717	5.135146199
333.70000000	5.941455272	5.142421
333.80000000	5.946744206	5.149547561
333.90000000	5.951518127	5.155818663
334.00000000	5.955605666	5.160949764
334.10000000	5.958030299	5.16331916
334.20000000	5.959571052	5.164220641
334.30000000	5.959930501	5.163160211
334.40000000	5.959271494	5.160408226
334.50000000	5.958342178	5.157207144
334.60000000	5.95726394	5.15375854
334.70000000	5.956715901	5.151190415
334.80000000	5.956578211	5.149303765
334.90000000	5.957206461	5.148689304
335.00000000	5.958538509	5.149243868
335.10000000	5.96024384	5.150418478
335.20000000	5.962421297	5.152377332
335.30000000	5.964812188	5.154690721
335.40000000	5.967317826	5.157194718
335.50000000	5.969931681	5.159878473
335.60000000	5.972545083	5.162561474
335.70000000	5.975133578	5.165203103
335.80000000	5.977554616	5.167566575
335.90000000	5.9797365	5.169532792
336.00000000	5.981720269	5.171169926
336.10000000	5.983226237	5.172013386
336.20000000	5.984443949	5.172378012
336.30000000	5.985416631	5.172335592
336.40000000	5.986025841	5.171689359
336.50000000	5.986571245	5.170937087
336.60000000	5.987053603	5.170080035
336.70000000	5.987753316	5.169584011
336.80000000	5.988718917	5.16952966
336.90000000	5.989997087	5.169994547
337.00000000	5.992088597	5.171810614
337.10000000	5.994621181	5.174359431
337.20000000	5.997700308	5.177816207
337.30000000	6.00140134	5.182306116
337.40000000	6.005257818	5.187054226
337.50000000	6.009252678	5.192032182
337.60000000	6.012978747	5.196563587
337.70000000	6.016426175	5.200632096
337.80000000	6.01939067	5.203898365
337.90000000	6.021721485	5.206111994
338.00000000	6.023728891	5.207788392
338.10000000	6.025304496	5.208747498
338.20000000	6.026727368	5.209452879
338.30000000	6.0281367	5.210135758
338.40000000	6.029688481	5.211055261
338.50000000	6.031530038	5.212456136
338.60000000	6.033571837	5.214189656
338.70000000	6.035967899	5.216511685
338.80000000	6.03852512	5.219101433
338.90000000	6.04116381	5.221826519
339.00000000	6.043765895	5.224490797
339.10000000	6.046172779	5.226830806
339.20000000	6.04841292	5.228893824
339.30000000	6.050205049	5.230212599
339.40000000	6.051758343	5.231134613
339.50000000	6.053112042	5.231725045
339.60000000	6.054311663	5.232059503
339.70000000	6.055613245	5.232563327
339.80000000	6.057015888	5.233235028
339.90000000	6.05887893	5.234671576
340.00000000	6.060965443	5.236479373
340.10000000	6.063306893	5.238710696
340.20000000	6.06583055	5.241244718
340.30000000	6.068290691	5.243673223
340.40000000	6.07064006	5.245917705
340.50000000	6.072576227	5.247475739
340.60000000	6.074276091	5.248641202
340.70000000	6.075651755	5.249268063
340.80000000	6.076778462	5.249481311
340.90000000	6.077867845	5.249632532
341.00000000	6.078985957	5.249831464
341.10000000	6.080366341	5.250466109
341.20000000	6.081935065	5.251413649
341.30000000	6.08383469	5.252910942
341.40000000	6.086084613	5.254990217
341.50000000	6.088585833	5.257486999
341.60000000	6.091550521	5.260753781
341.70000000	6.095130564	5.265042892
341.80000000	6.099179573	5.270111099
341.90000000	6.104207836	5.276806116
342.00000000	6.109945131	5.284678926
342.10000000	6.11609787	5.293241726
342.20000000	6.122609964	5.302401285
342.30000000	6.128668498	5.310807211
342.40000000	6.134287252	5.318482462
342.50000000	6.138236692	5.323384791
342.60000000	6.140898899	5.326148944
342.70000000	6.142455899	5.327077294
342.80000000	6.141981151	5.324630736
342.90000000	6.140913738	5.321199582
343.00000000	6.139236145	5.316754655
343.10000000	6.137545796	5.312288329
343.20000000	6.13620102	5.30839589
343.30000000	6.135297991	5.305237162
343.40000000	6.135387809	5.303727781
343.50000000	6.135869636	5.302869614
343.60000000	6.136827702	5.302802629
343.70000000	6.138122647	5.303295318
343.80000000	6.139509745	5.303941097
343.90000000	6.140982499	5.304729181
344.00000000	6.142556283	5.305685111
344.10000000	6.144213438	5.306779553
344.20000000	6.14601311	5.308110777
344.30000000	6.147987692	5.309732606
344.40000000	6.150038089	5.311480401
344.50000000	6.152167487	5.313359452
344.60000000	6.154221063	5.315112528
344.70000000	6.156181566	5.316710965
344.80000000	6.157897474	5.317903008
344.90000000	6.159331952	5.31862745
345.00000000	6.160583087	5.319047255
345.10000000	6.161555797	5.319004433
345.20000000	6.162463804	5.318854079
345.30000000	6.163355947	5.318677344
345.40000000	6.164419609	5.318785576
345.50000000	6.165726792	5.319298424
345.60000000	6.167234621	5.320144657
345.70000000	6.169186131	5.321728113
345.80000000	6.17134935	5.323663349
345.90000000	6.173694115	5.325900244
346.00000000	6.176254263	5.328495027
346.10000000	6.178838005	5.331129012
346.20000000	6.181446139	5.333803528
346.30000000	6.183967996	5.336334686
346.40000000	6.186400248	5.338716955
346.50000000	6.188725922	5.340922135
346.60000000	6.190792882	5.342697435
346.70000000	6.192701171	5.344209085
346.80000000	6.194403165	5.34537795
346.90000000	6.195750397	5.345957327
347.00000000	6.196877462	5.346170853
347.10000000	6.197691643	5.345864455
347.20000000	6.19806041	5.344817887
347.30000000	6.198186112	5.343367368
347.40000000	6.197974097	5.34135559
347.50000000	6.197607824	5.339087387
347.60000000	6.197271104	5.336868207
347.70000000	6.19717742	5.335052827
347.80000000	6.19776908	5.334376333
347.90000000	6.198893009	5.334584378
348.00000000	6.201088787	5.336573706
348.10000000	6.204208823	5.340099045
348.20000000	6.207899453	5.344572625
348.30000000	6.212363346	5.350331214
348.40000000	6.217013809	5.356399787
348.50000000	6.221735626	5.362586865
348.60000000	6.226247092	5.368424321
348.70000000	6.230451887	5.373752116
348.80000000	6.234408791	5.378667949
348.90000000	6.237864712	5.382751274
349.00000000	6.241073869	5.386424543
349.10000000	6.244068682	5.389741635
349.20000000	6.246699854	5.392454475
349.30000000	6.249171771	5.394902687
349.40000000	6.251480227	5.397079282
349.50000000	6.253544392	5.398849949
349.60000000	6.255552419	5.400527334
349.70000000	6.257500618	5.402105302
349.80000000	6.25951392	5.403791452
349.90000000	6.261612021	5.405618509
350.00000000	6.263829724	5.407644307
350.10000000	6.266237603	5.409986118
350.20000000	6.268716128	5.41244532
350.30000000	6.271275227	5.415038412
350.40000000	6.273813159	5.417596331
350.50000000	6.276303024	5.420074377
350.60000000	6.278690927	5.422382999
350.70000000	6.280925456	5.424436763
350.80000000	6.2830681	5.426337845
350.90000000	6.285068006	5.428001745
351.00000000	6.286962119	5.429489847
351.10000000	6.288799299	5.430883344
351.20000000	6.290568898	5.432164541
351.30000000	6.292330454	5.433432369
351.40000000	6.294103906	5.434719961
351.50000000	6.295963764	5.436151133
351.60000000	6.297966584	5.437819868
351.70000000	6.300080738	5.439673606
351.80000000	6.302428187	5.441915018
351.90000000	6.304858943	5.444294862
352.00000000	6.307340238	5.446758689
352.10000000	6.309691758	5.449006867
352.20000000	6.31179291	5.450839004
352.30000000	6.313669374	5.452297773
352.40000000	6.314906373	5.45269392
352.50000000	6.315873556	5.452641685
352.60000000	6.316555293	5.452115086
352.70000000	6.317045049	5.451269424
352.80000000	6.31762236	5.450569226
352.90000000	6.318323212	5.450074297
353.00000000	6.319475097	5.450328889
353.10000000	6.320850627	5.450955131
353.20000000	6.322510834	5.452054458
353.30000000	6.324372798	5.453489073
353.40000000	6.326260304	5.454966136
353.50000000	6.328139529	5.456429435
353.60000000	6.329951389	5.457780781
353.70000000	6.331798686	5.459191015
353.80000000	6.333764998	5.46079904
353.90000000	6.336397724	5.46351457
354.00000000	6.339707661	5.467355543
354.10000000	6.344457122	5.473588788
354.20000000	6.351354809	5.483391918
354.30000000	6.359691479	5.49558605
354.40000000	6.370629807	5.512102888
354.50000000	6.383233657	5.531386348
354.60000000	6.396570348	5.551886383
354.70000000	6.410461065	5.573305757
354.80000000	6.423328152	5.59302349
354.90000000	6.435231483	5.611139369
355.00000000	6.444468932	5.624826224
355.10000000	6.451621747	5.635049993
355.20000000	6.457151267	5.642577215
355.30000000	6.460009717	5.645667572
355.40000000	6.462099288	5.647480767
355.50000000	6.463513481	5.648172103
355.60000000	6.464858362	5.648748297
355.70000000	6.466482047	5.649787602
355.80000000	6.468403196	5.651321021
355.90000000	6.47053925	5.653211418
356.00000000	6.472307241	5.654490422
356.10000000	6.473588153	5.654960321
356.20000000	6.473003689	5.65233155
356.30000000	6.471173485	5.647633308
356.40000000	6.467633599	5.640094754
356.50000000	6.461829864	5.62879501
356.60000000	6.455005075	5.615798366
356.70000000	6.446969182	5.600788807
356.80000000	6.438758215	5.585487403
356.90000000	6.430774726	5.57056297
357.00000000	6.423771025	5.557265689
357.10000000	6.418716609	5.547206924
357.20000000	6.414914571	5.539228917
357.30000000	6.413315884	5.534912329
357.40000000	6.413459063	5.533490464
357.50000000	6.414595686	5.533719606
357.60000000	6.4170093	5.536071029
357.70000000	6.419968424	5.539329057
357.80000000	6.423229814	5.543089429
357.90000000	6.426710953	5.547214996
358.00000000	6.430137422	5.551249695
358.10000000	6.433504863	5.555186285
358.20000000	6.436643318	5.558742317
358.30000000	6.439653556	5.562085262
358.40000000	6.442571553	5.565274911
358.50000000	6.44551352	5.568504394
358.60000000	6.448667664	5.572086481
358.70000000	6.452014232	5.575988347
358.80000000	6.456266326	5.581395044
358.90000000	6.461275154	5.588059261
359.00000000	6.467081971	5.5960495
359.10000000	6.475074443	5.607671626
359.20000000	6.484301777	5.621345417
359.30000000	6.494968313	5.637410199
359.40000000	6.507758449	5.657002841
359.50000000	6.520944533	5.677252487
359.60000000	6.534540773	5.698182701
359.70000000	6.546865593	5.716999872
359.80000000	6.557571801	5.733127532
359.90000000	6.565736438	5.745032747
360.00000000	6.569401351	5.749462924
360.10000000	6.570347669	5.749376974
360.20000000	6.567075916	5.742283818
360.30000000	6.560150117	5.729119993
360.40000000	6.551356602	5.712852577
360.50000000	6.540559548	5.693255431
360.60000000	6.52979754	5.673715192
360.70000000	6.519321422	5.654648634
360.80000000	6.51078444	5.638803124
360.90000000	6.504495986	5.626693331
361.00000000	6.499807394	5.617241723
361.10000000	6.498031648	5.612630722
361.20000000	6.497795529	5.610578404
361.30000000	6.498655809	5.610348239
361.40000000	6.500842842	5.612323118
361.50000000	6.503401749	5.61491605
361.60000000	6.50624464	5.617980961
361.70000000	6.509236458	5.621293383
361.80000000	6.512198455	5.624556242
361.90000000	6.515133065	5.627773584
362.00000000	6.517965184	5.630820585
362.10000000	6.520760088	5.633805735
362.20000000	6.523514554	5.636723677
362.30000000	6.52625344	5.639615726
362.40000000	6.52900257	5.642524801
362.50000000	6.53176692	5.645459169
362.60000000	6.534525248	5.64838353
362.70000000	6.537229708	5.651218363
362.80000000	6.539847874	5.653909781
362.90000000	6.542166128	5.656102764
363.00000000	6.544254714	5.657914051
363.10000000	6.545982193	5.659125195
363.20000000	6.547232166	5.659542743
363.30000000	6.548240957	5.659559441
363.40000000	6.548930351	5.659045291
363.50000000	6.549492354	5.658319393
363.60000000	6.550037434	5.657565339
363.70000000	6.550668257	5.656953766
363.80000000	6.551494343	5.656666705
363.90000000	6.552447346	5.656590566
364.00000000	6.553615076	5.656871303
364.10000000	6.554882381	5.65731753
364.20000000	6.556205579	5.657856647
364.30000000	6.557567434	5.658460006
364.40000000	6.558920412	5.659048603
364.50000000	6.560271981	5.659634849
364.60000000	6.561668748	5.660296213
364.70000000	6.563249719	5.661263742
364.80000000	6.565005415	5.662521682
364.90000000	6.567488542	5.664988711
365.00000000	6.57058175	5.668469775
365.10000000	6.574231177	5.672875338
365.20000000	6.579140168	5.67937441
365.30000000	6.584421595	5.686492443
365.40000000	6.590106184	5.694280477
365.50000000	6.595685149	5.701892872
365.60000000	6.600835808	5.708793345
365.70000000	6.605433909	5.714775418
365.80000000	6.609028608	5.719089839
365.90000000	6.612402693	5.723037597
366.00000000	6.615596474	5.726685692
366.10000000	6.619768388	5.731959387
366.20000000	6.624867126	5.738773368
366.30000000	6.631494948	5.748128471
366.40000000	6.63992492	5.760478349
366.50000000	6.648941827	5.773803337
366.60000000	6.658454348	5.787951615
366.70000000	6.66687735	5.800289104
366.80000000	6.674193249	5.810786723
366.90000000	6.67912509	5.817322716
367.00000000	6.681423338	5.819482546
367.10000000	6.682083038	5.818919647
367.20000000	6.68025346	5.814220299
367.30000000	6.677401371	5.80782168
367.40000000	6.673996144	5.800503678
367.50000000	6.670664419	5.793307584
367.60000000	6.668025356	5.787262365
367.70000000	6.665955664	5.782163195
367.80000000	6.665266699	5.77935853
367.90000000	6.665265068	5.777696096
368.00000000	6.665829337	5.776974114
368.10000000	6.667100333	5.777426654
368.20000000	6.668577089	5.77822115
368.30000000	6.670247523	5.779337526
368.40000000	6.672240465	5.780989898
368.50000000	6.67443235	5.782972905
368.60000000	6.676847352	5.785326727
368.70000000	6.679793058	5.788562564
368.80000000	6.683000909	5.792234075
368.90000000	6.686525226	5.796431535
369.00000000	6.690265793	5.800988384
369.10000000	6.693922446	5.805405763
369.20000000	6.697399725	5.809525026
369.30000000	6.700237663	5.812581747
369.40000000	6.702717022	5.815042536
369.50000000	6.704687984	5.816658406
369.60000000	6.706657595	5.81827203
369.70000000	6.709003956	5.820511788
369.80000000	6.712333122	5.824384905
369.90000000	6.717714614	5.831668812
370.00000000	6.724488656	5.841266926
370.10000000	6.733697753	5.854911616
370.20000000	6.744517146	5.871232011
370.30000000	6.755979628	5.888620647
370.40000000	6.76772028	5.906471076
370.50000000	6.77824223	5.922296017
370.60000000	6.78767551	5.936311704
370.70000000	6.794312419	5.945680762
370.80000000	6.798691621	5.951298387
370.90000000	6.80137295	5.954094843
371.00000000	6.801181728	5.952118284
371.10000000	6.799841609	5.948232652
371.20000000	6.797542788	5.942753919
371.30000000	6.794390285	5.935856521
371.40000000	6.791198484	5.928893649
371.50000000	6.787964779	5.921860961
371.60000000	6.785173227	5.915562846
371.70000000	6.782649139	5.909709039
371.80000000	6.780445426	5.904387492
371.90000000	6.778927579	5.900205619
372.00000000	6.777743996	5.896579153
372.10000000	6.776987131	5.893661764
372.20000000	6.776777478	5.891653723
372.30000000	6.776726386	5.889909154
372.40000000	6.776843647	5.888444339
372.50000000	6.776797458	5.88670784
372.60000000	6.776521302	5.884589106
372.70000000	6.77582824	5.88177743
372.80000000	6.774488469	5.877890851
372.90000000	6.772765011	5.873366477
373.00000000	6.770490615	5.867926291
373.10000000	6.767885927	5.861936978
373.20000000	6.765154401	5.855736672
373.30000000	6.762459569	5.849597177
373.40000000	6.760163322	5.844120031
373.50000000	6.758207609	5.839208781
373.60000000	6.757124158	5.83574733
373.70000000	6.756926045	5.833757477
373.80000000	6.757388496	5.832865632
373.90000000	6.759116756	5.834077925
374.00000000	6.761633125	5.836600291
374.10000000	6.764736857	5.840099031
374.20000000	6.768676975	5.844988081
374.30000000	6.772815473	5.850206877
374.40000000	6.777102498	5.855672541
374.50000000	6.781221487	5.860858865
374.60000000	6.785045153	5.865554272
374.70000000	6.788587666	5.869782327
374.80000000	6.791376901	5.872758256
374.90000000	6.793792817	5.875113642
375.00000000	6.795785738	5.876765917
375.10000000	6.797116398	5.877317358
375.20000000	6.798175776	5.877417854
375.30000000	6.798911939	5.876981072
375.40000000	6.79939836	5.876129132
375.50000000	6.79987286	5.875257352
375.60000000	6.800385587	5.874449091
375.70000000	6.801223827	5.874181911
375.80000000	6.802301794	5.874313216
375.90000000	6.803769278	5.875092014
376.00000000	6.805612905	5.87649608
376.10000000	6.807581297	5.878107545
376.20000000	6.809622551	5.879840131
376.30000000	6.811408928	5.881149025
376.40000000	6.81297648	5.882094155
376.50000000	6.814081888	5.882271036
376.60000000	6.814844162	5.881877495
376.70000000	6.815438736	5.881205154
376.80000000	6.815959227	5.880409637
376.90000000	6.81670455	5.879987858
377.00000000	6.817636711	5.879876664
377.10000000	6.819032241	5.880535767
377.20000000	6.82064024	5.881548078
377.30000000	6.822388188	5.882793041
377.40000000	6.824119519	5.884010376
377.50000000	6.825673122	5.884932249
377.60000000	6.827072648	5.885597972
377.70000000	6.828151465	5.885730526
377.80000000	6.829205598	5.885822034
377.90000000	6.830236015	5.885874103
378.00000000	6.831566658	5.886425281
378.10000000	6.833117857	5.887343122
378.20000000	6.834926396	5.888688782
378.30000000	6.837061896	5.890578012
378.40000000	6.839228205	5.89251846
378.50000000	6.841405094	5.894476499
378.60000000	6.843278965	5.895930773
378.70000000	6.844903533	5.896970578
378.80000000	6.846155483	5.897390903
378.90000000	6.846886727	5.896945535
379.00000000	6.847380073	5.896104639
379.10000000	6.847577584	5.894771879
379.20000000	6.847818828	5.893511796
379.30000000	6.84826916	5.892599307
379.40000000	6.849281049	5.892620429
379.50000000	6.851322468	5.894353227
379.60000000	6.854066406	5.897254023
379.70000000	6.858038931	5.902197437
379.80000000	6.862768672	5.908399747
379.90000000	6.867836716	5.915164459
380.00000000	6.872972065	5.922041016
380.10000000	6.877471877	5.927860939
380.20000000	6.881428604	5.932777961
380.30000000	6.883973644	5.935348055
380.40000000	6.885562167	5.936327949
380.50000000	6.886427624	5.93610574
380.60000000	6.886340367	5.934299611
380.70000000	6.886150237	5.932322413
380.80000000	6.885886962	5.930223563
380.90000000	6.886201256	5.929084919
381.00000000	6.887021667	5.928787706
381.10000000	6.888351163	5.929336879
381.20000000	6.890714128	5.931604283
381.30000000	6.893454318	5.934498854
381.40000000	6.896619763	5.938100447
381.50000000	6.90008128	5.942194277
381.60000000	6.903503461	5.946222698
381.70000000	6.906836643	5.950103148
381.80000000	6.90973386	5.953258778
381.90000000	6.912350927	5.95594864
382.00000000	6.914570542	5.957977719
382.10000000	6.916400228	5.959358519
382.20000000	6.918112702	5.960544447
382.30000000	6.919739141	5.961587333
382.40000000	6.92155114	5.962938723
382.50000000	6.923523715	5.96455708
382.60000000	6.925806731	5.966691568
382.70000000	6.928335753	5.969235059
382.80000000	6.93095608	5.97193035
382.90000000	6.933589649	5.974647658
383.00000000	6.935945287	5.976902889
383.10000000	6.938057761	5.97875384
383.20000000	6.939573373	5.979612466
383.30000000	6.940685181	5.979799731
383.40000000	6.941577473	5.979622021
383.50000000	6.94254057	5.979562018
383.60000000	6.944280876	5.980794196
383.70000000	6.946735966	5.983214779
383.80000000	6.951589992	5.989623822
383.90000000	6.958205189	5.998960892
384.00000000	6.966299509	6.010756938
384.10000000	6.977189905	6.027201214
384.20000000	6.988793355	6.044830463
384.30000000	7.00107389	6.063584805
384.40000000	7.01323847	6.082145872
384.50000000	7.024494957	6.099196961
384.60000000	7.034737748	6.114562682
384.70000000	7.042225465	6.125348624
384.80000000	7.048049735	6.133369488
384.90000000	7.05177102	6.13789475
385.00000000	7.052666536	6.137723028
385.10000000	7.052401553	6.135622301
385.20000000	7.050720727	6.13116808
385.30000000	7.048470542	6.125767355
385.40000000	7.046295053	6.120490687
385.50000000	7.044609611	6.116028518
385.60000000	7.04401626	6.113381662
385.70000000	7.043999509	6.111693258
385.80000000	7.044777485	6.111325928
385.90000000	7.045529377	6.110915222
386.00000000	7.046010963	6.110055158
386.10000000	7.045508779	6.107559685
386.20000000	7.04369707	6.102887228
386.30000000	7.04098189	6.096712727
386.40000000	7.036816779	6.088127647
386.50000000	7.032121836	6.078661489
386.60000000	7.027114555	6.068675777
386.70000000	7.022411918	6.059196245
386.80000000	7.018432224	6.050918395
386.90000000	7.015080227	6.043683945
387.00000000	7.013515199	6.039420453
387.10000000	7.013086189	6.037045717
387.20000000	7.013673402	6.036360613
387.30000000	7.016329234	6.039114993
387.40000000	7.019928367	6.043437796
387.50000000	7.024487844	6.049357334
387.60000000	7.030570251	6.057808958
387.70000000	7.037148702	6.06708524
387.80000000	7.044277573	6.077276547
387.90000000	7.051716758	6.087983649
388.00000000	7.058965672	6.098374272
388.10000000	7.065919273	6.108273805
388.20000000	7.071795564	6.116382199
388.30000000	7.07689214	6.123194262
388.40000000	7.080852851	6.12811794
388.50000000	7.083257366	6.130454462
388.60000000	7.084860695	6.131459024
388.70000000	7.085362912	6.13063299
388.80000000	7.085177836	6.128664305
388.90000000	7.084778745	6.126339778
389.00000000	7.084354152	6.123972812
389.10000000	7.084513831	6.122577188
389.20000000	7.085198866	6.122054974
389.30000000	7.087086716	6.123532509
389.40000000	7.090385806	6.127356321
389.50000000	7.094731017	6.132919362
389.60000000	7.101145577	6.141922753
389.70000000	7.10920415	6.153659247
389.80000000	7.118423884	6.167325983
389.90000000	7.129735253	6.184469705
390.00000000	7.141908385	6.203045653
390.10000000	7.154624348	6.222523572
390.20000000	7.167534062	6.242323142
390.30000000	7.179539407	6.260619009
390.40000000	7.190744238	6.277583923
390.50000000	7.198812068	6.289334234
390.60000000	7.204645295	6.29737009
390.70000000	7.208193071	6.301607037
390.80000000	7.206840123	6.297697942
390.90000000	7.203165812	6.289930135
391.00000000	7.196693788	6.277511638
391.10000000	7.186657747	6.259168329
391.20000000	7.175248071	6.238540907
391.30000000	7.162261799	6.215291685
391.40000000	7.149019576	6.191615867
391.50000000	7.136088835	6.168456736
391.60000000	7.124226197	6.147072304
391.70000000	7.11516606	6.1303466
391.80000000	7.107892965	6.116591634
391.90000000	7.103689404	6.107940251
392.00000000	7.102662101	6.104570257
392.10000000	7.103326706	6.104013598
392.20000000	7.106256485	6.107223577
392.30000000	7.110271168	6.112237578
392.40000000	7.114710659	6.117957943
392.50000000	7.119229268	6.123809842
392.60000000	7.123206682	6.128761813
392.70000000	7.126758726	6.133006467
392.80000000	7.129385572	6.1357127
392.90000000	7.131408633	6.137414963
393.00000000	7.133011824	6.138419067
393.10000000	7.13407018	6.138517211
393.20000000	7.135016816	6.138429577
393.30000000	7.135893617	6.13822581
393.40000000	7.136973882	6.138360355
393.50000000	7.138337496	6.138966056
393.60000000	7.13995648	6.139996392
393.70000000	7.142255058	6.142156785
393.80000000	7.144845847	6.144803077
393.90000000	7.147746358	6.147964387
394.00000000	7.150893151	6.151535222
394.10000000	7.153950927	6.154958035
394.20000000	7.156881967	6.158170103
394.30000000	7.15933532	6.160587863
394.40000000	7.161617539	6.162721055
394.50000000	7.163703054	6.164527165
394.60000000	7.166144364	6.166924898
394.70000000	7.169091407	6.170163578
394.80000000	7.17290431	6.174842024
394.90000000	7.178183678	6.1819589
395.00000000	7.184184616	6.190275545
395.10000000	7.191146378	6.20018974
395.20000000	7.198262781	6.210360952
395.30000000	7.205126552	6.220111999
395.40000000	7.21114471	6.228456958
395.50000000	7.215741396	6.234438403
395.60000000	7.219407221	6.23887211
395.70000000	7.221507806	6.240703328
395.80000000	7.222813134	6.241212288
395.90000000	7.223712892	6.241046904
396.00000000	7.224518166	6.240724411
396.10000000	7.225784539	6.241168578
396.20000000	7.227442964	6.242264607
396.30000000	7.230117059	6.245049396
396.40000000	7.23347293	6.248967777
396.50000000	7.237385307	6.253811455
396.60000000	7.242367225	6.260433432
396.70000000	7.247898286	6.267968425
396.80000000	7.253910085	6.276302676
396.90000000	7.26065339	6.285853101
397.00000000	7.267377514	6.295371555
397.10000000	7.27408445	6.304861359
397.20000000	7.279781256	6.312671667
397.30000000	7.284522556	6.318893334
397.40000000	7.288091618	6.323166056
397.50000000	7.289312667	6.323535034
397.60000000	7.289403489	6.322024904
397.70000000	7.288049774	6.318113064
397.80000000	7.285522328	6.31224969
397.90000000	7.282763887	6.306002148
398.00000000	7.279961295	6.299681078
398.10000000	7.278026337	6.294802494
398.20000000	7.276729459	6.290984763
398.30000000	7.276549647	6.289024339
398.40000000	7.27742213	6.288813562
398.50000000	7.278816198	6.289470032
398.60000000	7.280833931	6.291163485
398.70000000	7.283106803	6.293281167
398.80000000	7.2855295	6.295647966
398.90000000	7.288158718	6.298358157
399.00000000	7.291129624	6.301636483
399.10000000	7.294393298	6.305401601
399.20000000	7.298384226	6.310375938
399.30000000	7.302955097	6.316314543
399.40000000	7.30792755	6.322920841
399.50000000	7.313410318	6.330375606
399.60000000	7.318778675	6.337640109
399.70000000	7.32400903	6.344675126
399.80000000	7.32826692	6.350093241
399.90000000	7.331692714	6.354127859
400.00000000	7.334368611	6.356915656
400.10000000	7.335470873	6.35708704
400.20000000	7.336091544	6.356457694
400.30000000	7.336179543	6.354942671
400.40000000	7.336088619	6.353130133
400.50000000	7.336164728	6.351595293
400.60000000	7.33648077	6.350459367
400.70000000	7.337267576	6.350106169
400.80000000	7.338188099	6.349975291
400.90000000	7.339248056	6.350076246
401.00000000	7.340302896	6.350168683
401.10000000	7.341397279	6.350326861
401.20000000	7.342576119	6.350625463
401.30000000	7.344193277	6.351652871
401.40000000	7.346147038	6.353239962
401.50000000	7.348685661	6.355799532
401.60000000	7.351668301	6.359097391
401.70000000	7.354760641	6.362577652
401.80000000	7.357759268	6.365902092
401.90000000	7.360093097	6.368121145
402.00000000	7.361893364	6.36945302
402.10000000	7.362548664	6.368881099
402.20000000	7.362314908	6.366830875
402.30000000	7.361507479	6.363826731
402.40000000	7.359989573	6.359641165
402.50000000	7.358337184	6.355231911
402.60000000	7.356609386	6.350697192
402.70000000	7.35506942	6.346474733
402.80000000	7.353706247	6.342546189
402.90000000	7.352486514	6.338856103
403.00000000	7.351532034	6.335607046
403.10000000	7.350672739	6.332516222
403.20000000	7.349900228	6.329569664
403.30000000	7.349342103	6.326979572
403.40000000	7.348914037	6.324605722
403.50000000	7.348634696	6.322479159
403.60000000	7.34880072	6.321093196
403.70000000	7.349297258	6.320256851
403.80000000	7.350215328	6.320121494
403.90000000	7.351980937	6.321395584
404.00000000	7.354189715	6.323406664
404.10000000	7.356977858	6.326381227
404.20000000	7.360299141	6.330242397
404.30000000	7.363758504	6.334333186
404.40000000	7.367312534	6.338581401
404.50000000	7.370637417	6.342448543
404.60000000	7.373746296	6.345956474
404.70000000	7.376448127	6.348787493
404.80000000	7.378549004	6.350619141
404.90000000	7.380220133	6.351736132
405.00000000	7.38111087	6.351555343
405.10000000	7.381266613	6.350152254
405.20000000	7.381025336	6.348088897
405.30000000	7.380393257	6.345375599
405.40000000	7.380340136	6.343625083
405.50000000	7.380949405	6.34297612
405.60000000	7.383864103	6.34616117
405.70000000	7.389165269	6.353314983
405.80000000	7.396270178	6.363468387
405.90000000	7.406682373	6.379121609
406.00000000	7.418153398	6.396535295
406.10000000	7.430347936	6.415151745
406.20000000	7.442217389	6.433227235
406.30000000	7.452845723	6.449238635
406.40000000	7.462363834	6.463403721
406.50000000	7.468793585	6.472433409
406.60000000	7.47376206	6.479033291
406.70000000	7.477126645	6.482966271
406.80000000	7.478305186	6.48326438
406.90000000	7.478755132	6.482350994
407.00000000	7.478371459	6.480051465
407.10000000	7.477360472	6.476708813
407.20000000	7.476181179	6.473086254
407.30000000	7.474850123	6.46921129
407.40000000	7.473557333	6.465399902
407.50000000	7.472325303	6.461689495
407.60000000	7.471224158	6.458196679
407.70000000	7.470330963	6.45504961
407.80000000	7.469558035	6.452102487
407.90000000	7.468984499	6.449486895
408.00000000	7.468641919	6.447255324
408.10000000	7.468455412	6.445283262
408.20000000	7.468555897	6.443788422
408.30000000	7.46896174	6.442801354
408.40000000	7.469568078	6.442147682
408.50000000	7.470511204	6.442054062
408.60000000	7.471648745	6.442283737
408.70000000	7.472916939	6.442730679
408.80000000	7.474379039	6.443500075
408.90000000	7.475994437	6.444524399
409.00000000	7.477735722	6.445758068
409.10000000	7.479774794	6.447486948
409.20000000	7.481996721	6.449519915
409.30000000	7.484368738	6.451802478
409.40000000	7.486919737	6.454382685
409.50000000	7.489456525	6.456939259
409.60000000	7.491980206	6.459474038
409.70000000	7.494317177	6.46169832
409.80000000	7.496544913	6.463740948
409.90000000	7.498649057	6.465578045
410.00000000	7.500558959	6.467092122
410.10000000	7.502360602	6.468426163
410.20000000	7.504027801	6.469536624
410.30000000	7.505376379	6.470117219
410.40000000	7.506470854	6.470275236
410.50000000	7.507195508	6.469818232
410.60000000	7.507233652	6.468219541
410.70000000	7.506871618	6.465955319
410.80000000	7.505933448	6.462732929
410.90000000	7.504584411	6.458827195
411.00000000	7.503162453	6.454800131
411.10000000	7.501858305	6.450968932
411.20000000	7.501311245	6.448396793
411.30000000	7.501388336	6.44686265
411.40000000	7.502757295	6.447477016
411.50000000	7.50533981	6.450109665
411.60000000	7.50863458	6.453926877
411.70000000	7.512833011	6.459246969
411.80000000	7.517113768	6.464703963
411.90000000	7.521359093	6.470102015
412.00000000	7.525094874	6.474652638
412.10000000	7.528431393	6.478539252
412.20000000	7.531503333	6.481985847
412.30000000	7.534513267	6.485329318
412.40000000	7.537949254	6.489381346
412.50000000	7.541761355	6.49405887
412.60000000	7.546725462	6.500652235
412.70000000	7.552136932	6.507989555
412.80000000	7.557971625	6.516030673
412.90000000	7.563835092	6.524119598
413.00000000	7.569249289	6.531461341
413.10000000	7.574150396	6.537949787
413.20000000	7.577616719	6.542052184
413.30000000	7.580379143	6.544984005
413.40000000	7.582279909	6.546482898
413.50000000	7.58336469	6.546624812
413.60000000	7.584247426	6.546430719
413.70000000	7.584957663	6.545949749
413.80000000	7.585818907	6.545719896
413.90000000	7.586811384	6.545708276
414.00000000	7.588028354	6.546069986
414.10000000	7.589443093	6.546760586
414.20000000	7.590949468	6.547603577
414.30000000	7.5925644	6.548627097
414.40000000	7.59426847	6.549798856
414.50000000	7.596017839	6.551045946
414.60000000	7.597821813	6.552383847
414.70000000	7.599603405	6.553684524
414.80000000	7.601344276	6.554917477
414.90000000	7.60293953	6.555908262
415.00000000	7.604323336	6.556547394
415.10000000	7.605543514	6.556914401
415.20000000	7.606426586	6.556720773
415.30000000	7.607122163	6.556215318
415.40000000	7.607677182	6.555476094
415.50000000	7.608066033	6.554460506
415.60000000	7.608377585	6.553316345
415.70000000	7.60861722	6.552052562
415.80000000	7.60862714	6.550406722
415.90000000	7.608433706	6.548422654
416.00000000	7.608037688	6.546101639
416.10000000	7.607236825	6.543107274
416.20000000	7.60636204	6.539989927
416.30000000	7.605410099	6.536744213
416.40000000	7.60486451	6.534174293
416.50000000	7.604739733	6.53230423
416.60000000	7.605193114	6.531395737
416.70000000	7.606712854	6.532260807
416.80000000	7.608718826	6.533934579
416.90000000	7.611339696	6.536631055
417.00000000	7.614247168	6.539804208
417.10000000	7.617144906	6.54296117
417.20000000	7.619899477	6.545880016
417.30000000	7.622533892	6.548599018
417.40000000	7.625316449	6.551564409
417.50000000	7.628597537	6.555358956
417.60000000	7.633297642	6.561513588
417.70000000	7.639084245	6.569475235
417.80000000	7.647004471	6.580985378
417.90000000	7.656593343	6.59527057
418.00000000	7.667001202	6.610917622
418.10000000	7.678096445	6.627707612
418.20000000	7.688360124	6.643114423
418.30000000	7.697804016	6.657157722
418.40000000	7.704780897	6.667098238
418.50000000	7.709722631	6.673654268
418.60000000	7.713104754	6.677616668
418.70000000	7.713906369	6.677287703
418.80000000	7.713903402	6.675620708
418.90000000	7.713227282	6.672834233
419.00000000	7.712415929	6.669822831
419.10000000	7.711929299	6.667351419
419.20000000	7.711771713	6.665427192
419.30000000	7.712412857	6.664831269
419.40000000	7.713300555	6.664645369
419.50000000	7.714465818	6.664921067
419.60000000	7.715705205	6.665320031
419.70000000	7.716842764	6.665549645
419.80000000	7.71782254	6.665516849
419.90000000	7.718338792	6.664713171
420.00000000	7.71852428	6.663359391
420.10000000	7.718226801	6.661202375
420.20000000	7.717226094	6.657875791
420.30000000	7.715838936	6.653906452
420.40000000	7.713916131	6.649046211
420.50000000	7.711614093	6.643555183
420.60000000	7.709183766	6.637850707
420.70000000	7.706733826	6.632113527
420.80000000	7.704705706	6.627077833
420.90000000	7.703096176	6.622738272
421.00000000	7.702524426	6.62012472
421.10000000	7.703403482	6.619924168
421.20000000	7.70538022	6.621549317
421.30000000	7.7095728	6.626859928
421.40000000	7.715413435	6.634911605
421.50000000	7.722345478	6.644778468
421.60000000	7.730710429	6.657028442
421.70000000	7.73903003	6.669202864
421.80000000	7.7471763	6.681088893
421.90000000	7.753628524	6.690157411
422.00000000	7.758410933	6.696448781
422.10000000	7.761750734	6.700340917
422.20000000	7.76196714	6.69903848
422.30000000	7.761076048	6.695894114
422.40000000	7.759045015	6.690853824
422.50000000	7.756444762	6.68486676
422.60000000	7.754225811	6.679513784
422.70000000	7.752514085	6.675004347
422.80000000	7.752388723	6.673133303
422.90000000	7.753070767	6.672605122
423.00000000	7.754775405	6.673777725
423.10000000	7.757667761	6.676925755
423.20000000	7.761127843	6.68101803
423.30000000	7.765318936	6.68632612
423.40000000	7.770504491	6.693288184
423.50000000	7.776254551	6.701189095
423.60000000	7.782829877	6.710462524
423.70000000	7.790004466	6.720732564
423.80000000	7.797304348	6.731210911
423.90000000	7.804538482	6.741579839
424.00000000	7.811018677	6.750694816
424.10000000	7.81688153	6.758783048
424.20000000	7.821481533	6.764771014
424.30000000	7.824981385	6.768929319
424.40000000	7.827789637	6.771937429
424.50000000	7.82961548	6.773311704
424.60000000	7.831013638	6.773974699
424.70000000	7.832123171	6.774157678
424.80000000	7.832886637	6.773765106
424.90000000	7.83344962	6.7730391
425.00000000	7.833851729	6.772045533
425.10000000	7.833988392	6.770610481
425.20000000	7.834110823	6.769151743
425.30000000	7.834226464	6.767681698
425.40000000	7.834723905	6.766846623
425.50000000	7.83555502	6.766566487
425.60000000	7.836732028	6.766861614
425.70000000	7.838544004	6.768212788
425.80000000	7.840507385	6.76981577
425.90000000	7.842634739	6.771691467
426.00000000	7.844603306	6.773303074
426.10000000	7.846387103	6.774607378
426.20000000	7.847910331	6.775478312
426.30000000	7.849171477	6.775913359
426.40000000	7.850455325	6.776386157
426.50000000	7.851854404	6.7770506
426.60000000	7.853899523	6.77878952
426.70000000	7.856438645	6.781350055
426.80000000	7.859806376	6.785288711
426.90000000	7.864049886	6.790683933
427.00000000	7.868695812	6.79674843
427.10000000	7.873798847	6.803573158
427.20000000	7.878817819	6.810258057
427.30000000	7.883644437	6.816623028
427.40000000	7.887865411	6.821980716
427.50000000	7.891331687	6.826083235
427.60000000	7.894276406	6.829318335
427.70000000	7.896312049	6.831041518
427.80000000	7.897853845	6.831943368
427.90000000	7.899066894	6.832298462
428.00000000	7.899941907	6.832091349
428.10000000	7.900794486	6.831846919
428.20000000	7.901639403	6.831589738
428.30000000	7.902626416	6.831568877
428.40000000	7.90370976	6.831708224
428.50000000	7.904878597	6.831989754
428.60000000	7.906190217	6.832508752
428.70000000	7.90755625	6.833118245
428.80000000	7.90897981	6.833823411
428.90000000	7.910498175	6.834686252
429.00000000	7.912050695	6.835605898
429.10000000	7.913642536	6.836590937
429.20000000	7.915268181	6.837632199
429.30000000	7.916910751	6.838701608
429.40000000	7.91857532	6.839807604
429.50000000	7.920324723	6.841054692
429.60000000	7.922175224	6.842469926
429.70000000	7.924192882	6.844163174
429.80000000	7.926599016	6.846502534
429.90000000	7.92927108	6.849284189
430.00000000	7.932371392	6.852778105
430.10000000	7.935849796	6.85690086
430.20000000	7.93943705	6.861204653
430.30000000	7.943022518	6.865505471
430.40000000	7.946055893	6.868888055
430.50000000	7.948590139	6.871440494
430.60000000	7.94997177	6.872075918
430.70000000	7.950224646	6.870834
430.80000000	7.94974068	6.868366548
430.90000000	7.948187839	6.864121308
431.00000000	7.946377041	6.859446979
431.10000000	7.944448806	6.854577271
431.20000000	7.942920763	6.85037313
431.30000000	7.94189971	6.847012197
431.40000000	7.941296855	6.844346806
431.50000000	7.941535488	6.843081018
431.60000000	7.942159981	6.842457008
431.70000000	7.943131323	6.842409899
431.80000000	7.944850959	6.843607413
431.90000000	7.947066199	6.845629262
432.00000000	7.949807723	6.848526472
432.10000000	7.9537533	6.85342637
432.20000000	7.958209597	6.85917573
432.30000000	7.96325572	6.865906122
432.40000000	7.968620577	6.873166633
432.50000000	7.973791807	6.880105069
432.60000000	7.978622694	6.88647741
432.70000000	7.982382487	6.891068245
432.80000000	7.985477411	6.894553237
432.90000000	7.987612723	6.89644216
433.00000000	7.988693486	6.896577107
433.10000000	7.989240391	6.895824107
433.20000000	7.989068888	6.893876198
433.30000000	7.988350746	6.891019058
433.40000000	7.987396876	6.88776981
433.50000000	7.986245023	6.884191225
433.60000000	7.985425285	6.881165009
433.70000000	7.984982127	6.878765132
433.80000000	7.985577986	6.878093444
433.90000000	7.98736336	6.879400289
434.00000000	7.98995165	6.882042636
434.10000000	7.993812094	6.886800974
434.20000000	7.997954685	6.892028605
434.30000000	8.002177425	6.897389541
434.40000000	8.005641222	6.901488118
434.50000000	8.008120046	6.903948389
434.60000000	8.009781166	6.905048573
434.70000000	8.009718246	6.903281149
434.80000000	8.008951593	6.900343178
434.90000000	8.007543782	6.896338717
435.00000000	8.005539889	6.891342728
435.10000000	8.003505485	6.886295927
435.20000000	8.001439629	6.881196752
435.30000000	7.999654747	6.876564881
435.40000000	7.998115155	6.872340972
435.50000000	7.996892858	6.868644802
435.60000000	7.996533138	6.866383418
435.70000000	7.996739544	6.865063715
435.80000000	7.99772261	6.865035916
435.90000000	7.999772892	6.86678335
436.00000000	8.002233216	6.86921286
436.10000000	8.005158979	6.872416592
436.20000000	8.007899156	6.875311615
436.30000000	8.010294545	6.87763311
436.40000000	8.011946438	6.878717855
436.50000000	8.012621705	6.878178047
436.60000000	8.012794863	6.876803002
436.70000000	8.012337971	6.874379888
436.80000000	8.011937039	6.872049836
436.90000000	8.011746902	6.870070408
437.00000000	8.01236972	6.869443287
437.10000000	8.013997023	6.870487095
437.20000000	8.016331242	6.872706836
437.30000000	8.019891985	6.876966868
437.40000000	8.02406512	6.882245589
437.50000000	8.028655038	6.8882176
437.60000000	8.033685244	6.89492199
437.70000000	8.038911775	6.901952934
437.80000000	8.044322324	6.909289952
437.90000000	8.05056357	6.918008742
438.00000000	8.057787761	6.92836252
438.10000000	8.065877906	6.940156647
438.20000000	8.076675635	6.956454388
438.30000000	8.088608185	6.974639527
438.40000000	8.101738447	6.994816596
438.50000000	8.11565865	7.016307279
438.60000000	8.128733845	7.036392196
438.70000000	8.140742039	7.054702193
438.80000000	8.148940132	7.066674963
438.90000000	8.154678353	7.074556368
439.00000000	8.157114486	7.076945662
439.10000000	8.155436663	7.072492515
439.20000000	8.152097424	7.065275998
439.30000000	8.146797088	7.054797598
439.40000000	8.141147269	7.043737776
439.50000000	8.13583101	7.033232611
439.60000000	8.131684228	7.024672507
439.70000000	8.129519812	7.019409614
439.80000000	8.128564881	7.016158445
439.90000000	8.129515104	7.016076158
440.00000000	8.131659816	7.017980706
440.10000000	8.134398563	7.020873332
440.20000000	8.137620352	7.02456942
440.30000000	8.140644425	7.027936638
440.40000000	8.14346541	7.030966054
440.50000000	8.145656382	7.032947551
440.60000000	8.147376673	7.034146145
440.70000000	8.148759769	7.034783871
440.80000000	8.149710316	7.034702117
440.90000000	8.150627017	7.034564059
441.00000000	8.15152493	7.034394744
441.10000000	8.152578059	7.034483603
441.20000000	8.153665899	7.034630193
441.30000000	8.154785172	7.034829063
441.40000000	8.155843587	7.0349267
441.50000000	8.156858641	7.034952205
441.60000000	8.157826315	7.034898895
441.70000000	8.15873506	7.034747559
441.80000000	8.159642053	7.034593301
441.90000000	8.160551517	7.034443149
442.00000000	8.161434804	7.034249446
442.10000000	8.162250367	7.033943088
442.20000000	8.16295997	7.033460467
442.30000000	8.163571667	7.032814983
442.40000000	8.164220061	7.032230532
442.50000000	8.164983029	7.031836654
442.60000000	8.166106496	7.032042431
442.70000000	8.167466727	7.032642038
442.80000000	8.169211979	7.033882096
442.90000000	8.171237032	7.035587578
443.00000000	8.173349115	7.037437828
443.10000000	8.175449393	7.039268441
443.20000000	8.177240265	7.04058438
443.30000000	8.178773682	7.041472062
443.40000000	8.179736021	7.041409793
443.50000000	8.180173948	7.040475192
443.60000000	8.180237798	7.038918328
443.70000000	8.179659636	7.036293493
443.80000000	8.178759899	7.033133707
443.90000000	8.177639938	7.029607555
444.00000000	8.176413528	7.025904293
444.10000000	8.175400361	7.022555722
444.20000000	8.174585935	7.019537722
444.30000000	8.174611475	7.017916981
444.40000000	8.175213347	7.01725496
444.50000000	8.176358762	7.017497121
444.60000000	8.178458619	7.019327005
444.70000000	8.180761504	7.021494632
444.80000000	8.183287904	7.024034077
444.90000000	8.185608622	7.026231368
445.00000000	8.187637531	7.027943231
445.10000000	8.189281668	7.02901502
445.20000000	8.190230737	7.028930545
445.30000000	8.190911987	7.028400542
445.40000000	8.191275303	7.027341637
445.50000000	8.191652501	7.026305812
445.60000000	8.192180218	7.025520371
445.70000000	8.193022381	7.025258018
445.80000000	8.194373601	7.025842501
445.90000000	8.195995401	7.026877103
446.00000000	8.197993947	7.028538442
446.10000000	8.200167085	7.030490227
446.20000000	8.202397672	7.032537579
446.30000000	8.204628815	7.034585856
446.40000000	8.206834843	7.036592354
446.50000000	8.209036719	7.038591944
446.60000000	8.211269099	7.04064228
446.70000000	8.213565022	7.042798322
446.80000000	8.215908578	7.045033606
446.90000000	8.218345613	7.047424396
447.00000000	8.220840082	7.049910733
447.10000000	8.223378678	7.052470476
447.20000000	8.225997257	7.055163276
447.30000000	8.228670916	7.057947705
447.40000000	8.231389711	7.060807219
447.50000000	8.234178312	7.06378286
447.60000000	8.23695471	7.066738199
447.70000000	8.239719358	7.069673992
447.80000000	8.242360372	7.072404113
447.90000000	8.244925586	7.075008137
448.00000000	8.247405823	7.077470796
448.10000000	8.249797687	7.079786444
448.20000000	8.252199053	7.082117899
448.30000000	8.254622173	7.084485543
448.40000000	8.257150414	7.087028061
448.50000000	8.259716882	7.089634172
448.60000000	8.26232755	7.092313809
448.70000000	8.264868247	7.09487705
448.80000000	8.267316859	7.097287101
448.90000000	8.269598919	7.099420085
449.00000000	8.271637147	7.101147444
449.10000000	8.273549682	7.102665704
449.20000000	8.275291607	7.103900148
449.30000000	8.276970169	7.105029182
449.40000000	8.278637953	7.106140284
449.50000000	8.28034445	7.107315788
449.60000000	8.28212642	7.108616843
449.70000000	8.283958449	7.110001173
449.80000000	8.285869361	7.111516731
449.90000000	8.287813532	7.113087615
450.00000000	8.289776394	7.114689592
450.10000000	8.29174906	7.116307879
450.20000000	8.293705851	7.117899757
450.30000000	8.295647523	7.119466483
450.40000000	8.297526908	7.120929589
450.50000000	8.299338727	7.122280294
450.60000000	8.30108963	7.12352966
450.70000000	8.302659797	7.124478357
450.80000000	8.304108535	7.125225048
450.90000000	8.305440025	7.125776683
451.00000000	8.306508788	7.125891247
451.10000000	8.307439772	7.125776599
451.20000000	8.308213332	7.125400058
451.30000000	8.308714416	7.124570219
451.40000000	8.309093231	7.123536962
451.50000000	8.309324493	7.122258225
451.60000000	8.309459881	7.120819976
451.70000000	8.30962361	7.119428864
451.80000000	8.309863955	7.118165199
451.90000000	8.310430337	7.117443925
452.00000000	8.311237282	7.117122854
452.10000000	8.312435622	7.117452916
452.20000000	8.314084478	7.118532471
452.30000000	8.315953285	7.119977945
452.40000000	8.318099031	7.121884146
452.50000000	8.320311677	7.123901646
452.60000000	8.322501117	7.125880537
452.70000000	8.324530075	7.127592445
452.80000000	8.326313533	7.128895926
452.90000000	8.327965011	7.129979839
453.00000000	8.329498869	7.130868073
453.10000000	8.331336457	7.132261604
453.20000000	8.333491546	7.134183348
453.30000000	8.336713702	7.13788032
453.40000000	8.340921666	7.143217324
453.50000000	8.345874567	7.149793627
453.60000000	8.351999196	7.158319233
453.70000000	8.358155118	7.166896858
453.80000000	8.364290611	7.175440461
453.90000000	8.369046888	7.181689562
454.00000000	8.3725354	7.1858296
454.10000000	8.374790111	7.187917086
454.20000000	8.374452539	7.185692044
454.30000000	8.373238069	7.182008163
454.40000000	8.371026622	7.17666565
454.50000000	8.368435999	7.17069227
454.60000000	8.366142227	7.165212678
454.70000000	8.364339285	7.160549606
454.80000000	8.363766913	7.157933753
454.90000000	8.363788067	7.156305314
455.00000000	8.364588131	7.155972722
455.10000000	8.365977593	7.156620697
455.20000000	8.367601203	7.157658221
455.30000000	8.369485944	7.159130182
455.40000000	8.37187438	7.161440137
455.50000000	8.374764869	7.164585351
455.60000000	8.37867324	7.169424002
455.70000000	8.384175004	7.176913536
455.80000000	8.390730544	7.186156174
455.90000000	8.399102126	7.198420022
456.00000000	8.408542918	7.212462543
456.10000000	8.418409665	7.227213561
456.20000000	8.428259691	7.241936624
456.30000000	8.437005177	7.254822066
456.40000000	8.444826642	7.26617025
456.50000000	8.450399637	7.273777915
456.60000000	8.454640069	7.279168769
456.70000000	8.457924788	7.282969742
456.80000000	8.46040574	7.285433605
456.90000000	8.463254563	7.288509439
457.00000000	8.466441132	7.292147133
457.10000000	8.471044744	7.298142143
457.20000000	8.476180486	7.305022361
457.30000000	8.481838578	7.312771514
457.40000000	8.487493793	7.320515861
457.50000000	8.492746095	7.327589935
457.60000000	8.497521449	7.333870584
457.70000000	8.501416547	7.338686906
457.80000000	8.505099396	7.343150145
457.90000000	8.508571235	7.347262364
458.00000000	8.512296266	7.351795771
458.10000000	8.516219368	7.356658668
458.20000000	8.520436388	7.362010496
458.30000000	8.524734953	7.367497968
458.40000000	8.528914539	7.372787516
458.50000000	8.532797532	7.377583678
458.60000000	8.536092219	7.381401196
458.70000000	8.539004699	7.384582913
458.80000000	8.541291663	7.386724088
458.90000000	8.54292028	7.387770105
459.00000000	8.544099033	7.388067774
459.10000000	8.544484604	7.387045979
459.20000000	8.54410897	7.384757905
459.30000000	8.543232115	7.381636027
459.40000000	8.541589202	7.377239773
459.50000000	8.539728347	7.372480935
459.60000000	8.537786608	7.367587506
459.70000000	8.536232568	7.363338995
459.80000000	8.535246787	7.360035779
459.90000000	8.534719884	7.357495911
460.00000000	8.535098322	7.356462119
460.10000000	8.535756789	7.355894164
460.20000000	8.536649087	7.355715197
460.30000000	8.537530671	7.355518402
460.40000000	8.538286793	7.355112886
460.50000000	8.538914857	7.354494329
460.60000000	8.539425276	7.353680051
460.70000000	8.53999215	7.352959684
460.80000000	8.540635153	7.352365957
460.90000000	8.54152345	7.352180294
461.00000000	8.542501446	7.352143847
461.10000000	8.543585264	7.352283444
461.20000000	8.544660731	7.352409142
461.30000000	8.545687628	7.352454036
461.40000000	8.546628782	7.352356282
461.50000000	8.547471979	7.352095561
461.60000000	8.548307103	7.351821402
461.70000000	8.549171119	7.351595305
461.80000000	8.550292904	7.351798032
461.90000000	8.551673456	7.352431248
462.00000000	8.553593966	7.353962754
462.10000000	8.556328602	7.356848662
462.20000000	8.55961886	7.360658917
462.30000000	8.563888501	7.366098498
462.40000000	8.568783384	7.372578235
462.50000000	8.573984614	7.379567603
462.60000000	8.579317385	7.386775789
462.70000000	8.584175689	7.393194634
462.80000000	8.588603937	7.39889803
462.90000000	8.591786156	7.402528529
463.00000000	8.594053911	7.404637729
463.10000000	8.595611583	7.405565637
463.20000000	8.596116144	7.404741584
463.30000000	8.59641726	7.403579072
463.40000000	8.596550531	7.40213732
463.50000000	8.597071253	7.401340128
463.60000000	8.598034203	7.401278626
463.70000000	8.5994548	7.401978473
463.80000000	8.601843497	7.40428887
463.90000000	8.604591403	7.407196854
464.00000000	8.607746163	7.410781691
464.10000000	8.611169825	7.414813876
464.20000000	8.614557748	7.418786603
464.30000000	8.617856661	7.422611252
464.40000000	8.620747115	7.425756381
464.50000000	8.623361514	7.428442262
464.60000000	8.625571023	7.430454561
464.70000000	8.627260362	7.431601498
464.80000000	8.628667088	7.432278273
464.90000000	8.629674163	7.432290178
465.00000000	8.630361906	7.431770832
465.10000000	8.630923939	7.431042344
465.20000000	8.63138894	7.430152422
465.30000000	8.631969369	7.429454524
465.40000000	8.632642942	7.428911576
465.50000000	8.633517478	7.428702953
465.60000000	8.634341421	7.428410154
465.70000000	8.635008467	7.42785633
465.80000000	8.63496812	7.426125642
465.90000000	8.633850417	7.422602582
466.00000000	8.631868004	7.417640905
466.10000000	8.628030293	7.409592558
466.20000000	8.623318857	7.400090508
466.30000000	8.61796037	7.389511835
466.40000000	8.612744395	7.379170125
466.50000000	8.608615688	7.370637224
466.60000000	8.605489741	7.36377258
466.70000000	8.605724451	7.362499241
466.80000000	8.607551017	7.363874379
466.90000000	8.611043413	7.368021077
467.00000000	8.61625719	7.375031745
467.10000000	8.621526158	7.382134217
467.20000000	8.626790521	7.389229006
467.30000000	8.631104321	7.394742284
467.40000000	8.634962975	7.399498309
467.50000000	8.638256475	7.403314061
467.60000000	8.641551832	7.407132901
467.70000000	8.645172106	7.411492313
467.80000000	8.649404728	7.416870505
467.90000000	8.654533004	7.423738809
468.00000000	8.659933475	7.431059953
468.10000000	8.665530343	7.438707826
468.20000000	8.670365014	7.445087606
468.30000000	8.674475091	7.450261868
468.40000000	8.677086394	7.452942615
468.50000000	8.678080416	7.452932688
468.60000000	8.678153459	7.451390517
468.70000000	8.677006755	7.447819022
468.80000000	8.675648003	7.443894711
468.90000000	8.674289713	7.439971137
469.00000000	8.673541081	7.437061845
469.10000000	8.67346871	7.435277659
469.20000000	8.673871081	7.43428331
469.30000000	8.674916279	7.434358458
469.40000000	8.676056057	7.43459096
469.50000000	8.677273886	7.434953317
469.60000000	8.67865508	7.435587471
469.70000000	8.680595877	7.437152668
469.80000000	8.683050749	7.439573164
469.90000000	8.687944692	7.446051684
470.00000000	8.694545944	7.455370723
470.10000000	8.702924767	7.467647132
470.20000000	8.714527797	7.485287635
470.30000000	8.726986405	7.504351387
470.40000000	8.740375846	7.524963548
470.50000000	8.753368695	7.544915701
470.60000000	8.765376771	7.563229359
470.70000000	8.776009838	7.579255373
470.80000000	8.784258725	7.591314929
470.90000000	8.791456593	7.601625952
471.00000000	8.797377718	7.609812949
471.10000000	8.802942364	7.617406894
471.20000000	8.808658906	7.625253521
471.30000000	8.814939723	7.634038863
471.40000000	8.822111036	7.64430561
471.50000000	8.829667389	7.655212882
471.60000000	8.837631686	7.666798774
471.70000000	8.84511933	7.677591693
471.80000000	8.852029035	7.68742315
471.90000000	8.857387454	7.694673926
472.00000000	8.86075213	7.698607976
472.10000000	8.862639235	7.700083987
472.20000000	8.861585653	7.696667959
472.30000000	8.858481095	7.689839958
472.40000000	8.853867957	7.680502267
472.50000000	8.847072318	7.667533716
472.60000000	8.839625888	7.653482393
472.70000000	8.8316755	7.63859254
472.80000000	8.824081883	7.624296071
472.90000000	8.8171596	7.611116314
473.00000000	8.810854723	7.598963575
473.10000000	8.806224446	7.589596707
473.20000000	8.802199106	7.58123618
473.30000000	8.798848534	7.573998191
473.40000000	8.796372331	7.568214837
473.50000000	8.79434309	7.563175056
473.60000000	8.792863778	7.55905017
473.70000000	8.79288299	7.557418393
473.80000000	8.793990064	7.557596518
473.90000000	8.796601548	7.560277576
474.00000000	8.801569482	7.566879129
474.10000000	8.807627332	7.575293988
474.20000000	8.815074244	7.586019825
474.30000000	8.82308527	7.597684135
474.40000000	8.830907334	7.609034019
474.50000000	8.838003739	7.61917659
474.60000000	8.843179752	7.626124209
474.70000000	8.84695639	7.630743709
474.80000000	8.848182145	7.631119353
474.90000000	8.84698481	7.627463735
475.00000000	8.844322822	7.621371359
475.10000000	8.839583604	7.611823034
475.20000000	8.834049769	7.6009526
475.30000000	8.828119843	7.589423057
475.40000000	8.822424112	7.578283027
475.50000000	8.817470486	7.568377562
475.60000000	8.813094989	7.559433868
475.70000000	8.809977028	7.552582362
475.80000000	8.807318117	7.54649456
475.90000000	8.805009298	7.540989194
476.00000000	8.802862443	7.535753259
476.10000000	8.800681091	7.530459882
476.20000000	8.798464656	7.525108087
476.30000000	8.796673737	7.520464241
476.40000000	8.795489107	7.516829136
476.50000000	8.794980668	7.514319095
476.60000000	8.796401096	7.515018424
476.70000000	8.798839856	7.517412123
476.80000000	8.802504719	7.521845895
476.90000000	8.807634727	7.528717461
477.00000000	8.813193601	7.53630258
477.10000000	8.819201294	7.54463444
477.20000000	8.825092263	7.552772062
477.30000000	8.830691867	7.560424875
477.40000000	8.835766944	7.567204944
477.50000000	8.839919174	7.57244955
477.60000000	8.843509909	7.576759922
477.70000000	8.846240577	7.579639298
477.80000000	8.84820968	7.581251571
477.90000000	8.849800138	7.582233845
478.00000000	8.850940209	7.582466753
478.10000000	8.851999308	7.582564937
478.20000000	8.853070406	7.58268308
478.30000000	8.854338962	7.583129757
478.40000000	8.855825066	7.583938394
478.50000000	8.857441633	7.584964099
478.60000000	8.859185644	7.586201847
478.70000000	8.860828909	7.587271971
478.80000000	8.862370562	7.588173026
478.90000000	8.863526059	7.588431579
479.00000000	8.864417224	7.588250323
479.10000000	8.865096632	7.587716729
479.20000000	8.865561804	7.586826672
479.30000000	8.86613673	7.586119223
479.40000000	8.866812245	7.585579132
479.50000000	8.8681856	7.586200146
479.60000000	8.870042773	7.587626164
479.70000000	8.872438114	7.589947618
479.80000000	8.875816237	7.593904285
479.90000000	8.879560856	7.598470748
480.00000000	8.883727557	7.603739489
480.10000000	8.888121905	7.609386993
480.20000000	8.892443196	7.614912934
480.30000000	8.896607848	7.620178245
480.40000000	8.900250323	7.624574731
480.50000000	8.903550665	7.62840196
480.60000000	8.906338118	7.631375825
480.70000000	8.908508707	7.633323329
480.80000000	8.910335224	7.634698353
480.90000000	8.911663667	7.635244661
481.00000000	8.91255327	7.635060808
481.10000000	8.913193557	7.634462124
481.20000000	8.913481075	7.633276479
481.30000000	8.913554577	7.631734735
481.40000000	8.913523955	7.630019732
481.50000000	8.913434355	7.628206585
481.60000000	8.913463619	7.6265912
481.70000000	8.913610515	7.625171529
481.80000000	8.914121646	7.624357889
481.90000000	8.914990969	7.624140233
482.00000000	8.916140105	7.624388148
482.10000000	8.917838258	7.625549563
482.20000000	8.919789993	7.627132909
482.30000000	8.921944184	7.629053118
482.40000000	8.924264535	7.631249799
482.50000000	8.926507355	7.633317476
482.60000000	8.928677703	7.635264568
482.70000000	8.930485953	7.63660917
482.80000000	8.932220246	7.637830714
482.90000000	8.933874767	7.638919526
483.00000000	8.936163132	7.641062985
483.10000000	8.939265081	7.64456016
483.20000000	8.943430435	7.649826721
483.30000000	8.950081507	7.659229212
483.40000000	8.958013503	7.670762957
483.50000000	8.967604271	7.685056595
483.60000000	8.978239759	7.70108838
483.70000000	8.988602446	7.716666147
483.80000000	8.998114826	7.730829056
483.90000000	9.004592368	7.73994251
484.00000000	9.008848465	7.745359898
484.10000000	9.009278762	7.744411912
484.20000000	9.005964963	7.737234448
484.30000000	9.000808196	7.726990549
484.40000000	8.993668112	7.713446619
484.50000000	8.987415427	7.70137903
484.60000000	8.982393772	7.69135958
484.70000000	8.981427333	7.68808744
484.80000000	8.984829611	7.69208432
484.90000000	8.991247898	7.70109946
485.00000000	9.002449535	7.718073394
485.10000000	9.015060847	7.737392656
485.20000000	9.028404073	7.757929508
485.30000000	9.040730683	7.776774716
485.40000000	9.051052127	7.792283601
485.50000000	9.059696004	7.80500129
485.60000000	9.064603144	7.811501835
485.70000000	9.068242939	7.815893793
485.80000000	9.070687965	7.818297923
485.90000000	9.073150724	7.820731556
486.00000000	9.076726661	7.82501727
486.10000000	9.081575493	7.831420792
486.20000000	9.089671213	7.843226373
486.30000000	9.09900803	7.857096803
486.40000000	9.109777988	7.873351561
486.50000000	9.120595984	7.889686169
486.60000000	9.130347038	7.904245603
486.70000000	9.138347168	7.915891934
486.80000000	9.142368176	7.920918083
486.90000000	9.144082613	7.922106732
487.00000000	9.142438836	7.917708224
487.10000000	9.138025473	7.908701834
487.20000000	9.132539945	7.897911578
487.30000000	9.126152441	7.88562058
487.40000000	9.120249137	7.87413508
487.50000000	9.114783361	7.863377437
487.60000000	9.110387485	7.854399798
487.70000000	9.106686282	7.846577885
487.80000000	9.103320255	7.839313583
487.90000000	9.100192618	7.832445867
488.00000000	9.097122712	7.82567416
488.10000000	9.094156447	7.819074843
488.20000000	9.09176962	7.81343957
488.30000000	9.090250064	7.809247265
488.40000000	9.089447648	7.806248146
488.50000000	9.090324349	7.806042814
488.60000000	9.092022142	7.807203655
488.70000000	9.094400758	7.809497285
488.80000000	9.097573212	7.813111743
488.90000000	9.100994178	7.81713969
489.00000000	9.104652602	7.821562727
489.10000000	9.108929094	7.827014135
489.20000000	9.113657188	7.833216931
489.30000000	9.118898549	7.840273713
489.40000000	9.124948197	7.848675338
489.50000000	9.131058522	7.857177902
489.60000000	9.13718402	7.865705692
489.70000000	9.14230766	7.872566555
489.80000000	9.146561499	7.87798022
489.90000000	9.149530164	7.88125559
490.00000000	9.150671321	7.881490322
490.10000000	9.150977652	7.88033605
490.20000000	9.150226183	7.877421778
490.30000000	9.148976221	7.873678081
490.40000000	9.147559265	7.869656512
490.50000000	9.146064725	7.865505834
490.60000000	9.144390687	7.861056473
490.70000000	9.142500266	7.856247056
490.80000000	9.140093285	7.850578124
490.90000000	9.137142926	7.844005041
491.00000000	9.133901897	7.836948271
491.10000000	9.13048352	7.829596359
491.20000000	9.127627835	7.82318065
491.30000000	9.125306418	7.817653868
491.40000000	9.12464188	7.814883954
491.50000000	9.12531001	7.814331475
491.60000000	9.127010657	7.815497016
491.70000000	9.130425456	7.819514767
491.80000000	9.134467976	7.82457699
491.90000000	9.139027213	7.83049898
492.00000000	9.144015281	7.837134499
492.10000000	9.148985253	7.843739893
492.20000000	9.153936764	7.850314561
492.30000000	9.158582426	7.856380318
492.40000000	9.162991361	7.862052179
492.50000000	9.167128897	7.867272456
492.60000000	9.170779307	7.871682207
492.70000000	9.17425775	7.875805822
492.80000000	9.177540416	7.879603686
492.90000000	9.180786898	7.883341343
493.00000000	9.184042291	7.887093825
493.10000000	9.187321652	7.890886187
493.20000000	9.190237049	7.894072957
493.30000000	9.192630307	7.896390949
493.40000000	9.194032986	7.897060738
493.50000000	9.193456616	7.894437616
493.60000000	9.191568032	7.889631097
493.70000000	9.187509918	7.881214665
493.80000000	9.181838913	7.870114449
493.90000000	9.175516343	7.857929964
494.00000000	9.169047314	7.845501643
494.10000000	9.164311074	7.835956474
494.20000000	9.161159461	7.829047988
494.30000000	9.162076998	7.828910419
494.40000000	9.166665893	7.834881887
494.50000000	9.173796093	7.845081985
494.60000000	9.184796341	7.8617216
494.70000000	9.196704205	7.879871293
494.80000000	9.209048221	7.898746551
494.90000000	9.219870764	7.915090074
495.00000000	9.228451877	7.927704
495.10000000	9.235112679	7.937122701
495.20000000	9.237188927	7.938913228
495.30000000	9.237391965	7.937586946
495.40000000	9.23571364	7.933130272
495.50000000	9.232334909	7.925844263
495.60000000	9.229047967	7.918710931
495.70000000	9.225931719	7.911861566
495.80000000	9.224316833	7.907510311
495.90000000	9.22350427	7.904494041
496.00000000	9.223716764	7.903183382
496.10000000	9.224869412	7.903437074
496.20000000	9.226274927	7.90411152
496.30000000	9.22790812	7.905164808
496.40000000	9.229573238	7.906271215
496.50000000	9.231297678	7.90747633
496.60000000	9.233141852	7.908880674
496.70000000	9.235370411	7.910924614
496.80000000	9.23788023	7.913436555
496.90000000	9.24088798	7.916777026
497.00000000	9.244358219	7.920887051
497.10000000	9.248077311	7.925411151
497.20000000	9.252106872	7.930451849
497.30000000	9.25615069	7.935516266
497.40000000	9.260129856	7.940473102
497.50000000	9.263758232	7.944846244
497.60000000	9.266882632	7.948380804
497.70000000	9.269620053	7.951271457
497.80000000	9.271557163	7.952830451
497.90000000	9.273067943	7.953680059
498.00000000	9.274263468	7.954005102
498.10000000	9.275167204	7.953844627
498.20000000	9.276126584	7.953776734
498.30000000	9.277138859	7.953796852
498.40000000	9.278494862	7.95438891
498.50000000	9.280028434	7.955276433
498.60000000	9.281743698	7.956466279
498.70000000	9.283668956	7.958005543
498.80000000	9.285628058	7.959601121
498.90000000	9.287620175	7.961251634
499.00000000	9.289574461	7.962839197
499.10000000	9.291493619	7.964368308
499.20000000	9.293364429	7.965816972
499.30000000	9.295163744	7.967146671
499.40000000	9.296923347	7.968410289
499.50000000	9.298631198	7.969587795
499.60000000	9.300303424	7.97070602
499.70000000	9.301978857	7.971829582
499.80000000	9.303680221	7.972996292
499.90000000	9.305452927	7.974281709
500.00000000	9.307259611	7.975623664
500.10000000	9.309105137	7.97703025
500.20000000	9.310895532	7.978345099
500.30000000	9.312625391	7.979559219
500.40000000	9.314202979	7.980519963
500.50000000	9.315661801	7.981283086
500.60000000	9.317071407	7.981964312
500.70000000	9.318510293	7.982694258
500.80000000	9.320151454	7.983760782
500.90000000	9.321960779	7.985107124
501.00000000	9.324186206	7.987145848
501.10000000	9.326631469	7.989550371
501.20000000	9.329232171	7.992213541
501.30000000	9.331854124	7.994912073
501.40000000	9.334246461	7.99722853
501.50000000	9.336432622	7.999201915
501.60000000	9.337943788	8.000052129
501.70000000	9.339147205	8.000390255
501.80000000	9.340031823	8.000197905
501.90000000	9.340649946	7.999562108
502.00000000	9.341344218	7.999053019
502.10000000	9.34214686	7.998724248
502.20000000	9.343438209	7.999208677
502.30000000	9.344993999	8.000133129
502.40000000	9.346888893	8.001621847
502.50000000	9.349065821	8.003579864
502.60000000	9.351272509	8.005587402
502.70000000	9.353458756	8.007560927
502.80000000	9.35537854	8.009091061
502.90000000	9.357117786	8.010320779
503.00000000	9.358570166	8.011073154
503.10000000	9.359820751	8.01148974
503.20000000	9.361012448	8.011808336
503.30000000	9.362203058	8.012125121
503.40000000	9.363571626	8.012738025
503.50000000	9.36509109	8.013602018
503.60000000	9.366942741	8.015018771
503.70000000	9.369111479	8.016963157
503.80000000	9.371493389	8.019262263
503.90000000	9.374223448	8.02214069
504.00000000	9.377138958	8.025327706
504.10000000	9.380173642	8.028713029
504.20000000	9.383300597	8.03225189
504.30000000	9.386357352	8.035673936
504.40000000	9.389343996	8.03897932
504.50000000	9.392025876	8.041777574
504.60000000	9.394444485	8.044137745
504.70000000	9.396628702	8.04610789
504.80000000	9.398256384	8.047151962
504.90000000	9.39971536	8.047915305
505.00000000	9.400996797	8.048383221
505.10000000	9.402571903	8.049339801
505.20000000	9.404727789	8.051262802
505.30000000	9.407606749	8.054388998
505.40000000	9.41255262	8.06095454
505.50000000	9.418687589	8.069498725
505.60000000	9.426355888	8.08059433
505.70000000	9.435655086	8.094403675
505.80000000	9.445368804	8.108902702
505.90000000	9.455443696	8.124002635
506.00000000	9.464987687	8.138219103
506.10000000	9.474004048	8.151557565
506.20000000	9.482111446	8.163383525
506.30000000	9.489270134	8.173630865
506.40000000	9.495935501	8.183057335
506.50000000	9.501978913	8.191448906
506.60000000	9.507484863	8.198946173
506.70000000	9.512556327	8.205720484
506.80000000	9.516724418	8.210991656
506.90000000	9.519672189	8.214232322
507.00000000	9.52169099	8.21592726
507.10000000	9.521781904	8.214414359
507.20000000	9.520625053	8.210825271
507.30000000	9.518632918	8.205846318
507.40000000	9.515885038	8.199609837
507.50000000	9.513478003	8.193940467
507.60000000	9.511413849	8.188841602
507.70000000	9.510983302	8.186460948
507.80000000	9.511649637	8.185905436
507.90000000	9.513296238	8.186981034
508.00000000	9.516445721	8.190557348
508.10000000	9.519820601	8.194508711
508.20000000	9.523433762	8.198856561
508.30000000	9.526574815	8.202418848
508.40000000	9.52925039	8.205206604
508.50000000	9.531352337	8.207039875
508.60000000	9.532538985	8.207350136
508.70000000	9.5334504	8.207202422
508.80000000	9.534067561	8.206565082
508.90000000	9.534876829	8.206247393
509.00000000	9.535993154	8.20644063
509.10000000	9.537646607	8.207527622
509.20000000	9.540245425	8.21018766
509.30000000	9.543380486	8.213739983
509.40000000	9.547296506	8.218591786
509.50000000	9.551691628	8.224240791
509.60000000	9.556187865	8.230058042
509.70000000	9.560564873	8.2356769
509.80000000	9.564264382	8.240168432
509.90000000	9.567424999	8.243763274
510.00000000	9.569454366	8.245475778
510.10000000	9.570569009	8.245666227
510.20000000	9.571114278	8.244909262
510.30000000	9.570957401	8.242983954
510.40000000	9.570732694	8.240945772
510.50000000	9.570513795	8.238917247
510.60000000	9.57073463	8.237620412
510.70000000	9.571424529	8.237104078
510.80000000	9.572506706	8.237240478
510.90000000	9.57443736	8.238788715
511.00000000	9.576768351	8.241003098
511.10000000	9.579457654	8.243813702
511.20000000	9.582574782	8.247336195
511.30000000	9.585672659	8.250826652
511.40000000	9.588750309	8.254283453
511.50000000	9.591243616	8.256767927
511.60000000	9.593268295	8.258472619
511.70000000	9.594711911	8.25921044
511.80000000	9.595176815	8.258319711
511.90000000	9.59520937	8.25670956
512.00000000	9.594707664	8.254210405
512.10000000	9.593737366	8.250931509
512.20000000	9.592581253	8.247343405
512.30000000	9.591214632	8.243405003
512.40000000	9.589693197	8.239208972
512.50000000	9.588122546	8.234931025
512.60000000	9.586536409	8.230627289
512.70000000	9.585192475	8.226726561
512.80000000	9.584096403	8.223238258
512.90000000	9.583569005	8.220696225
513.00000000	9.583754679	8.219340747
513.10000000	9.584390429	8.218734199
513.20000000	9.585733101	8.219303985
513.30000000	9.587364398	8.220354049
513.40000000	9.589126692	8.221622093
513.50000000	9.590822379	8.222779302
513.60000000	9.592305759	8.223583225
513.70000000	9.593627819	8.224118704
513.80000000	9.594655327	8.224164037
513.90000000	9.595503707	8.223911293
514.00000000	9.596190801	8.223390157
514.10000000	9.596346402	8.22198459
514.20000000	9.595993394	8.219732669
514.30000000	9.595172238	8.216701716
514.40000000	9.593484954	8.21222946
514.50000000	9.592050529	8.208177953
514.60000000	9.590898294	8.20459601
514.70000000	9.592943315	8.206334504
514.80000000	9.597857854	8.212848067
514.90000000	9.606342925	8.225303192
515.00000000	9.621710967	8.249211823
515.10000000	9.640019979	8.278014065
515.20000000	9.661890487	8.312742328
515.30000000	9.685531493	8.350416255
515.40000000	9.708300148	8.386638224
515.50000000	9.729214763	8.419774864
515.60000000	9.744837728	8.44410633
515.70000000	9.756761143	8.462281915
515.80000000	9.762703135	8.470504794
515.90000000	9.762412394	8.468356828
516.00000000	9.758696764	8.460510059
516.10000000	9.750222346	8.444744919
516.20000000	9.739440782	8.425140718
516.30000000	9.727593826	8.403763619
516.40000000	9.715623615	8.382181256
516.50000000	9.705223525	8.363211369
516.60000000	9.696160053	8.34646545
516.70000000	9.690672891	8.335670401
516.80000000	9.688026574	8.329602491
516.90000000	9.687550938	8.3271466
517.00000000	9.690836245	8.330948974
517.10000000	9.695844206	8.337617867
517.20000000	9.702220136	8.346563067
517.30000000	9.710226804	8.358221807
517.40000000	9.718534529	8.370381476
517.50000000	9.727109452	8.382985729
517.60000000	9.735544594	8.395357356
517.70000000	9.743686952	8.40724177
517.80000000	9.751514691	8.418602639
517.90000000	9.758632595	8.428782342
518.00000000	9.76539826	8.438375916
518.10000000	9.771752477	8.447284844
518.20000000	9.777522508	8.455221695
518.30000000	9.78288302	8.462477118
518.40000000	9.787682348	8.468798747
518.50000000	9.7912557	8.473080395
518.60000000	9.79396125	8.47591805
518.70000000	9.795329426	8.476530363
518.80000000	9.794908578	8.474165796
518.90000000	9.793553429	8.470246571
519.00000000	9.790920527	8.464201187
519.10000000	9.787782352	8.457315017
519.20000000	9.784592472	8.450342785
519.30000000	9.78182236	8.444069014
519.40000000	9.779882111	8.439176103
519.50000000	9.778430058	8.435095531
519.60000000	9.777646886	8.43212796
519.70000000	9.776658609	8.428819083
519.80000000	9.775369671	8.425009893
519.90000000	9.772876843	8.419197405
520.00000000	9.769492874	8.411902019
520.10000000	9.765532987	8.403648259
520.20000000	9.761652582	8.395526714
520.30000000	9.75938482	8.39008862
520.40000000	9.758607593	8.387130808
520.50000000	9.763266092	8.39321824
520.60000000	9.771345001	8.404997338
520.70000000	9.782547749	8.421974544
520.80000000	9.79834462	8.446596352
520.90000000	9.81420692	8.471326887
521.00000000	9.830132511	8.496162605
521.10000000	9.841751099	8.513831435
521.20000000	9.849729242	8.525442593
521.30000000	9.8531343	8.529444223
521.40000000	9.848772475	8.520521893
521.50000000	9.841015764	8.505950474
521.60000000	9.828974324	8.484249185
521.70000000	9.814574757	8.458623764
521.80000000	9.800054625	8.43279746
521.90000000	9.786456392	8.408504955
522.00000000	9.7762894	8.389921976
522.10000000	9.768297411	8.374958184
522.20000000	9.763931883	8.366029005
522.30000000	9.762414664	8.361839611
522.40000000	9.762283348	8.359956472
522.50000000	9.763664883	8.360590852
522.60000000	9.765506029	8.361990067
522.70000000	9.767578518	8.363774258
522.80000000	9.769829626	8.365855688
522.90000000	9.772327303	8.368347434
523.00000000	9.775036175	8.371190626
523.10000000	9.778282931	8.374928911
523.20000000	9.781903102	8.37928859
523.30000000	9.785785185	8.384084114
523.40000000	9.789929398	8.389315843
523.50000000	9.793938858	8.394323329
523.60000000	9.797815977	8.399110584
523.70000000	9.801023111	8.402782927
523.80000000	9.803785766	8.405715616
523.90000000	9.806126198	8.407945692
524.00000000	9.807784202	8.409040149
524.10000000	9.809298671	8.40989575
524.20000000	9.810656686	8.410490997
524.30000000	9.81208369	8.411201047
524.40000000	9.813607814	8.412072711
524.50000000	9.815260658	8.413158577
524.60000000	9.817047112	8.414466781
524.70000000	9.818860713	8.415820159
524.80000000	9.820694668	8.417207408
524.90000000	9.822541037	8.418615315
525.00000000	9.82441402	8.420067509
525.10000000	9.826338452	8.421605319
525.20000000	9.828374354	8.423328625
525.30000000	9.830464679	8.425142495
525.40000000	9.832621966	8.427067798
525.50000000	9.834693994	8.42885122
525.60000000	9.836661233	8.430460265
525.70000000	9.838368177	8.431636151
525.80000000	9.839730937	8.432239279
525.90000000	9.840843223	8.432425592
526.00000000	9.841469459	8.431803064
526.10000000	9.841681656	8.430491526
526.20000000	9.841592488	8.428678476
526.30000000	9.840967923	8.425974458
526.40000000	9.840053793	8.422788557
526.50000000	9.838935021	8.419262091
526.60000000	9.837704528	8.41554969
526.70000000	9.836715115	8.412238463
526.80000000	9.835951977	8.409303772
526.90000000	9.836213203	8.408073752
527.00000000	9.837195066	8.40804297
527.10000000	9.838875501	8.409174709
527.20000000	9.841883374	8.412515494
527.30000000	9.845292017	8.416523217
527.40000000	9.849144279	8.421269183
527.50000000	9.85306774	8.42613363
527.60000000	9.856788049	8.430660002
527.70000000	9.860215302	8.434698686
527.80000000	9.863054256	8.437758363
527.90000000	9.865663287	8.440435415
528.00000000	9.868000315	8.442659819
528.10000000	9.870304881	8.444830202
528.20000000	9.872659812	8.447084399
528.30000000	9.87513575	8.449539968
528.40000000	9.877627737	8.452022244
528.50000000	9.880001182	8.454307251
528.60000000	9.882041938	8.456038618
528.70000000	9.883367994	8.456580627
528.80000000	9.884200569	8.456301415
528.90000000	9.88415582	8.454562209
529.00000000	9.88358795	8.451952446
529.10000000	9.882795112	8.448968291
529.20000000	9.882039636	8.446046299
529.30000000	9.881853407	8.444071609
529.40000000	9.882139094	8.442882255
529.50000000	9.883579981	8.443615335
529.60000000	9.88572835	8.445525776
529.70000000	9.888399654	8.448306465
529.80000000	9.891692217	8.45212103
529.90000000	9.895056591	8.456055098
530.00000000	9.898473251	8.460076177
530.10000000	9.901679186	8.463746575
530.20000000	9.904708288	8.467122693
530.30000000	9.907565201	8.470212263
530.40000000	9.910037758	8.472662205
530.50000000	9.912296149	8.474755743
530.60000000	9.914308501	8.476439832
530.70000000	9.915837205	8.477319056
530.80000000	9.917159485	8.477854756
530.90000000	9.91823183	8.477974522
531.00000000	9.919227562	8.47796679
531.10000000	9.920350605	8.478170922
531.20000000	9.92171784	8.478781428
531.30000000	9.923751471	8.480500925
531.40000000	9.926187129	8.48288946
531.50000000	9.929220035	8.486271915
531.60000000	9.932638314	8.490295694
531.70000000	9.936115527	8.494417546
531.80000000	9.939472467	8.498339243
531.90000000	9.942232455	8.501267517
532.00000000	9.944531341	8.503428441
532.10000000	9.945919083	8.504073076
532.20000000	9.946571961	8.503494776
532.30000000	9.946805717	8.502218984
532.40000000	9.946591758	8.50019811
532.50000000	9.946473599	8.498336657
532.60000000	9.946491218	8.496701152
532.70000000	9.947118459	8.496080163
532.80000000	9.948234086	8.496271929
532.90000000	9.949719388	8.4970789
533.00000000	9.951712952	8.498731711
533.10000000	9.953941084	8.500774886
533.20000000	9.956393964	8.503192081
533.30000000	9.960039547	8.507594151
533.40000000	9.965257904	8.514613594
533.50000000	9.972023608	8.524208081
533.60000000	9.984009646	8.542490029
533.70000000	9.998989592	8.565754168
533.80000000	10.01731568	8.594586539
533.90000000	10.04045895	8.631434988
534.00000000	10.06445649	8.66970463
534.10000000	10.08931579	8.709407964
534.20000000	10.11224689	8.745902347
534.30000000	10.13284352	8.778511857
534.40000000	10.15007709	8.805524947
534.50000000	10.16199094	8.823685702
534.60000000	10.1710592	8.837111255
534.70000000	10.17620847	8.844015417
534.80000000	10.17815714	8.845593638
534.90000000	10.17858064	8.84463388
535.00000000	10.1771551	8.84059725
535.10000000	10.1746177	8.834710401
535.20000000	10.17145676	8.827785926
535.30000000	10.16750105	8.819538912
535.40000000	10.16319484	8.810708623
535.50000000	10.15875846	8.801661707
535.60000000	10.15456011	8.793010863
535.70000000	10.15109821	8.785585492
535.80000000	10.14823179	8.779151015
535.90000000	10.14678732	8.775082773
536.00000000	10.14611466	8.772298846
536.10000000	10.14600828	8.770457266
536.20000000	10.1463495	8.769360514
536.30000000	10.14640415	8.767786874
536.40000000	10.14619096	8.765767526
536.50000000	10.14478767	8.761767751
536.60000000	10.14272098	8.756664013
536.70000000	10.13997411	8.75042837
536.80000000	10.13632608	8.742693101
536.90000000	10.13253182	8.734714457
537.00000000	10.12859468	8.726498007
537.10000000	10.12525981	8.719283769
537.20000000	10.12266562	8.713302093
537.30000000	10.12113111	8.709083816
537.40000000	10.1224149	8.709555511
537.50000000	10.12575225	8.713444573
537.60000000	10.1321146	8.722367587
537.70000000	10.14295011	8.738734414
537.80000000	10.15601568	8.758812252
537.90000000	10.17209085	8.783898283
538.00000000	10.18948576	8.811180383
538.10000000	10.2066484	8.838075856
538.20000000	10.22240674	8.862634392
538.30000000	10.23442156	8.880963414
538.40000000	10.24366925	8.894687712
538.50000000	10.2476451	8.899639275
538.60000000	10.24732387	8.897440184
538.70000000	10.2443393	8.890809098
538.80000000	10.23780711	8.878274479
538.90000000	10.23029264	8.864105244
539.00000000	10.22224145	8.849042809
539.10000000	10.21475119	8.834913764
539.20000000	10.20813599	8.822240842
539.30000000	10.20222849	8.81074557
539.40000000	10.19777266	8.801665971
539.50000000	10.19406371	8.79382923
539.60000000	10.1910223	8.787103336
539.70000000	10.18958028	8.783038985
539.80000000	10.18909054	8.780559324
539.90000000	10.18958845	8.77972322
540.00000000	10.19192108	8.781940308
540.10000000	10.19484815	8.785146617
540.20000000	10.19844287	8.789463994
540.30000000	10.20223895	8.794116433
540.40000000	10.20584867	8.798458753
540.50000000	10.20915024	8.802288276
540.60000000	10.21187275	8.805154189
540.70000000	10.21440245	8.807699217
540.80000000	10.21673003	8.809907911
540.90000000	10.2191925	8.812341076
541.00000000	10.22178986	8.81499872
541.10000000	10.2246356	8.818069684
541.20000000	10.22753458	8.821229258
541.30000000	10.23032662	8.824210866
541.40000000	10.23275834	8.826592863
541.50000000	10.23454939	8.827908695
541.60000000	10.23588519	8.82846695
541.70000000	10.23638197	8.827628956
541.80000000	10.2361231	8.825533481
541.90000000	10.23534861	8.822579927
542.00000000	10.23372611	8.818215174
542.10000000	10.23168386	8.81315189
542.20000000	10.22940219	8.807690168
542.30000000	10.22722735	8.802406201
542.40000000	10.2258082	8.798379787
542.50000000	10.22507057	8.795487507
542.60000000	10.22653771	8.796264296
542.70000000	10.22939808	8.79935961
542.80000000	10.23348214	8.804491334
542.90000000	10.23949805	8.812837933
543.00000000	10.24589815	8.821823859
543.10000000	10.25269491	8.831469886
543.20000000	10.25914208	8.840534142
543.30000000	10.26521283	8.848971967
543.40000000	10.27083146	8.856657393
543.50000000	10.27634136	8.864161876
543.60000000	10.2823783	8.872543425
543.70000000	10.28924027	8.88229792
543.80000000	10.29862873	8.896256809
543.90000000	10.30950635	8.912693807
544.00000000	10.32248524	8.932627535
544.10000000	10.33669239	8.954605203
544.20000000	10.35047272	8.975872554
544.30000000	10.36278038	8.994689213
544.40000000	10.37035375	9.005627486
544.50000000	10.37432854	9.010577354
544.60000000	10.37160739	9.004384434
544.70000000	10.36219983	8.987064581
544.80000000	10.3488072	8.963113083
544.90000000	10.32999064	8.930135371
545.00000000	10.30974573	8.894780491
545.10000000	10.28905866	8.85868948
545.20000000	10.27107081	8.82709003
545.30000000	10.25713263	8.802229638
545.40000000	10.24637194	8.782656966
545.50000000	10.24210662	8.773893761
545.60000000	10.24081798	8.770084302
545.70000000	10.24182338	8.77009259
545.80000000	10.24490241	8.773551812
545.90000000	10.24792484	8.776916859
546.00000000	10.25088727	8.780182032
546.10000000	10.25277511	8.781658892
546.20000000	10.25420329	8.782370761
546.30000000	10.2551431	8.782269894
546.40000000	10.25580171	8.78170105
546.50000000	10.25659024	8.78134841
546.60000000	10.25756215	8.781300937
546.70000000	10.259101	8.782196984
546.80000000	10.26092414	8.783566153
546.90000000	10.26310721	8.785534324
547.00000000	10.26557278	8.787972635
547.10000000	10.26807994	8.790480154
547.20000000	10.27058223	8.792979574
547.30000000	10.27286126	8.795107446
547.40000000	10.27495796	8.79693187
547.50000000	10.27673506	8.79822441
547.60000000	10.27809617	8.798824665
547.70000000	10.27920797	8.799009991
547.80000000	10.27993487	8.79855478
547.90000000	10.28042459	8.797704833
548.00000000	10.28081731	8.796693452
548.10000000	10.28119643	8.795659445
548.20000000	10.28175312	8.79492093
548.30000000	10.28244749	8.794411555
548.40000000	10.28343619	8.794392008
548.50000000	10.28458357	8.794636538
548.60000000	10.28584649	8.795073357
548.70000000	10.2872881	8.795807546
548.80000000	10.2889463	8.796902212
548.90000000	10.29080588	8.798332002
549.00000000	10.29341734	8.801013099
549.10000000	10.29663004	8.80469481
549.20000000	10.30037994	8.809270552
549.30000000	10.3051123	8.815481315
549.40000000	10.30994682	8.821862111
549.50000000	10.31489135	8.828425972
549.60000000	10.31901793	8.833628573
549.70000000	10.32238099	8.837560507
549.80000000	10.32479642	8.839915375
549.90000000	10.32561548	8.839613512
550.00000000	10.32588846	8.838402856
550.10000000	10.32554308	8.836163082
550.20000000	10.32529694	8.834088468
550.30000000	10.32537612	8.832555266
550.40000000	10.32607032	8.83204558
550.50000000	10.32765245	8.833013636
550.60000000	10.32963635	8.834650326
550.70000000	10.33210886	8.837100175
550.80000000	10.33468473	8.839722045
550.90000000	10.33725307	8.842331385
551.00000000	10.33969909	8.844737156
551.10000000	10.34206975	8.847017515
551.20000000	10.34443611	8.849290703
551.30000000	10.34690514	8.851734782
551.40000000	10.34958333	8.854526924
551.50000000	10.35241591	8.857576036
551.60000000	10.35554499	8.861118573
551.70000000	10.35877574	8.86483033
551.80000000	10.36205105	8.868616231
551.90000000	10.36516726	8.872137353
552.00000000	10.36799543	8.875179118
552.10000000	10.37057654	8.877809711
552.20000000	10.37251758	8.879375061
552.30000000	10.37414764	8.880422887
552.40000000	10.37549507	8.881000329
552.50000000	10.37663919	8.881239431
552.60000000	10.37796104	8.881774301
552.70000000	10.37947773	8.882633451
552.80000000	10.38174355	8.884739318
552.90000000	10.3843515	8.887414576
553.00000000	10.38736652	8.890767309
553.10000000	10.39048294	8.894288776
553.20000000	10.39333332	8.897367496
553.30000000	10.39573492	8.899699348
553.40000000	10.39705695	8.900234513
553.50000000	10.39783815	8.899869625
553.60000000	10.39789289	8.898295708
553.70000000	10.39774639	8.896386883
553.80000000	10.39777077	8.894762431
553.90000000	10.39835257	8.894065661
554.00000000	10.39999872	8.89514025
554.10000000	10.40225821	8.897235579
554.20000000	10.40541208	8.900819386
554.30000000	10.4086816	8.904595674
554.40000000	10.41180658	8.908131397
554.50000000	10.41411322	8.910305211
554.60000000	10.41534131	8.910684034
554.70000000	10.41583493	8.9098405
554.80000000	10.41517115	8.907070754
554.90000000	10.41429289	8.90394405
555.00000000	10.41335145	8.900712192
555.10000000	10.41313403	8.898685284
555.20000000	10.41371024	8.897979184
555.30000000	10.41494588	8.898370539
555.40000000	10.41735294	8.900711477
555.50000000	10.42000171	8.903454664
555.60000000	10.42287238	8.906567165
555.70000000	10.42526789	8.908888877
555.80000000	10.42715656	8.910367054
555.90000000	10.42848157	8.910907159
556.00000000	10.42882834	8.909819201
556.10000000	10.42891685	8.908301409
556.20000000	10.42872605	8.906318767
556.30000000	10.42879231	8.904763949
556.40000000	10.42924417	8.903850866
556.50000000	10.43028971	8.903925829
556.60000000	10.43243638	8.905833393
556.70000000	10.43518637	8.908745046
556.80000000	10.43877677	8.913055384
556.90000000	10.44312297	8.918623595
557.00000000	10.44776187	8.924678927
557.10000000	10.45268456	8.931206571
557.20000000	10.45738241	8.937360012
557.30000000	10.46178236	8.943017647
557.40000000	10.46545176	8.947459449
557.50000000	10.46809772	8.950197973
557.60000000	10.47002436	8.95173935
557.70000000	10.4706286	8.951079885
557.80000000	10.47038425	8.949008135
557.90000000	10.46967008	8.946154454
558.00000000	10.46877273	8.942995898
558.10000000	10.46894774	8.941622057
558.20000000	10.4702036	8.942047051
558.30000000	10.4755502	8.949280211
558.40000000	10.4849236	8.963215098
558.50000000	10.49765166	8.982732995
558.60000000	10.51807035	9.015049968
558.70000000	10.54150623	9.052387997
558.80000000	10.56754017	9.094049462
558.90000000	10.59523588	9.13847613
559.00000000	10.62097067	9.179639145
559.10000000	10.64469207	9.217451325
559.20000000	10.66163491	9.243982606
559.30000000	10.67464296	9.263965637
559.40000000	10.68294527	9.276117425
559.50000000	10.68538376	9.278510709
559.60000000	10.6858011	9.277540403
559.70000000	10.68393795	9.272774939
559.80000000	10.68115323	9.266475782
559.90000000	10.67820014	9.259896433
560.00000000	10.67525984	9.253338346
560.10000000	10.67218815	9.246561609
560.20000000	10.6689319	9.239477705
560.30000000	10.66530411	9.231775476
560.40000000	10.66177033	9.224229678
560.50000000	10.65867573	9.217414752
560.60000000	10.65700688	9.212972561
560.70000000	10.65789201	9.212780699
560.80000000	10.66061668	9.215650225
560.90000000	10.66680425	9.224282711
561.00000000	10.67509461	9.236414686
561.10000000	10.68461918	9.250600624
561.20000000	10.69520468	9.266552168
561.30000000	10.7054765	9.281981671
561.40000000	10.71542135	9.296867042
561.50000000	10.72414731	9.309723928
561.60000000	10.73202427	9.321167907
561.70000000	10.7391852	9.331420267
561.80000000	10.74490633	9.339276523
561.90000000	10.74967063	9.345540439
562.00000000	10.75353418	9.350305305
562.10000000	10.75497873	9.351044468
562.20000000	10.75511449	9.349605554
562.30000000	10.75376633	9.34569707
562.40000000	10.75039971	9.338429465
562.50000000	10.7467299	9.330657279
562.60000000	10.7428199	9.322485365
562.70000000	10.74051967	9.316992422
562.80000000	10.73951186	9.313650334
562.90000000	10.74040132	9.313465709
563.00000000	10.74297902	9.316090641
563.10000000	10.74548969	9.318604039
563.20000000	10.74720563	9.319794834
563.30000000	10.74487773	9.31425582
563.40000000	10.73939047	9.303458964
563.50000000	10.72818706	9.283149174
563.60000000	10.71110527	9.253056404
563.70000000	10.69069622	9.217426156
563.80000000	10.66624943	9.175075851
563.90000000	10.64149382	9.132211158
564.00000000	10.61714137	9.090016901
564.10000000	10.59677908	9.054462889
564.20000000	10.58147582	9.027328247
564.30000000	10.56995079	9.006481537
564.40000000	10.56563449	8.99763248
564.50000000	10.56498245	8.994881988
564.60000000	10.56700514	8.996583184
564.70000000	10.57198356	9.003203743
564.80000000	10.57757525	9.010844984
564.90000000	10.58364889	9.019288342
565.00000000	10.58980563	9.027869998
565.10000000	10.59578407	9.036154891
565.20000000	10.60159117	9.044154593
565.30000000	10.60674874	9.051073263
565.40000000	10.61139201	9.057135953
565.50000000	10.61545042	9.062225258
565.60000000	10.61809984	9.064969539
565.70000000	10.61998153	9.066436055
565.80000000	10.62090448	9.066306943
565.90000000	10.62071663	9.064329078
566.00000000	10.62023748	9.061866394
566.10000000	10.61949521	9.05896579
566.20000000	10.6192413	9.056877957
566.30000000	10.61948676	9.055621244
566.40000000	10.62061904	9.055840503
566.50000000	10.62277654	9.057766063
566.60000000	10.62536279	9.060405204
566.70000000	10.62838209	9.063765097
566.80000000	10.63118903	9.066771547
566.90000000	10.63375023	9.069369002
567.00000000	10.6357055	9.070957998
567.10000000	10.637278	9.071909915
567.20000000	10.63872869	9.072659112
567.30000000	10.64039455	9.073766421
567.40000000	10.64278451	9.076078871
567.50000000	10.6457412	9.079334549
567.60000000	10.64991898	9.084622548
567.70000000	10.65456772	9.090694375
567.80000000	10.65948686	9.097216227
567.90000000	10.66396331	9.103001304
568.00000000	10.66747373	9.107178576
568.10000000	10.67014118	9.109952865
568.20000000	10.67062649	9.109095342
568.30000000	10.6704515	9.107138863
568.40000000	10.66962459	9.104097364
568.50000000	10.67014276	9.103294528
568.60000000	10.67310095	9.106552704
568.70000000	10.67891796	9.114568928
568.80000000	10.69310391	9.136513807
568.90000000	10.71211293	9.166485649
569.00000000	10.73701708	9.206268518
569.10000000	10.76928896	9.258312951
569.20000000	10.80315629	9.313012108
569.30000000	10.83862565	9.370377043
569.40000000	10.8712097	9.422939847
569.50000000	10.90012026	9.46938901
569.60000000	10.92305807	9.505898107
569.70000000	10.93688449	9.527243686
569.80000000	10.94535024	9.53966782
569.90000000	10.94568721	9.538563659
570.00000000	10.94008333	9.527572481
570.10000000	10.93157701	9.511750912
570.20000000	10.92023421	9.49120876
570.30000000	10.90929433	9.471337158
570.40000000	10.89902357	9.452579135
570.50000000	10.89146309	9.438331651
570.60000000	10.88631154	9.428093195
570.70000000	10.88282393	9.42062395
570.80000000	10.88173415	9.417145276
570.90000000	10.88136319	9.414862899
571.00000000	10.88149269	9.413413408
571.10000000	10.88180125	9.412261927
571.20000000	10.88207212	9.411047702
571.30000000	10.88231692	9.409790093
571.40000000	10.88275599	9.408855792
571.50000000	10.88335486	9.40818744
571.60000000	10.88411314	9.407784395
571.70000000	10.88471229	9.407116497
571.80000000	10.88485715	9.405692553
571.90000000	10.88445492	9.403358108
572.00000000	10.88276524	9.398880992
572.10000000	10.8806877	9.393758372
572.20000000	10.87818517	9.387928453
572.30000000	10.87650021	9.383459168
572.40000000	10.87586245	9.380732706
572.50000000	10.87692659	9.380838651
572.60000000	10.88072024	9.385487248
572.70000000	10.88575713	9.392204914
572.80000000	10.89234309	9.401500661
572.90000000	10.89914039	9.411148136
573.00000000	10.90560558	9.420242879
573.10000000	10.9109983	9.427552748
573.20000000	10.91493744	9.432443483
573.30000000	10.91808691	9.436019985
573.40000000	10.92023366	9.437927696
573.50000000	10.92213724	9.439430714
573.60000000	10.92388437	9.440673349
573.70000000	10.92539423	9.4415211
573.80000000	10.92602185	9.440900573
573.90000000	10.92583493	9.438924431
574.00000000	10.92324369	9.432946847
574.10000000	10.91883791	9.423949345
574.20000000	10.91302819	9.412615284
574.30000000	10.90549927	9.398419965
574.40000000	10.89813767	9.384503073
574.50000000	10.89095229	9.37087941
574.60000000	10.88587193	9.360759058
574.70000000	10.88188727	9.352462265
574.80000000	10.87903249	9.3460459
574.90000000	10.87698275	9.34096935
575.00000000	10.87448442	9.33514619
575.10000000	10.87140487	9.32835568
575.20000000	10.8664719	9.31848047
575.30000000	10.86073764	9.307271625
575.40000000	10.85403261	9.294447052
575.50000000	10.84723194	9.281463229
575.60000000	10.84087629	9.269220005
575.70000000	10.83542732	9.258485755
575.80000000	10.83192054	9.250983946
575.90000000	10.82969646	9.24561698
576.00000000	10.82951205	9.243644739
576.10000000	10.83223106	9.246504837
576.20000000	10.83702328	9.252815517
576.30000000	10.84542994	9.265141894
576.40000000	10.85812805	9.284610721
576.50000000	10.87347392	9.308486225
576.60000000	10.89312811	9.339532041
576.70000000	10.91507545	9.374394181
576.80000000	10.93789316	9.410704665
576.90000000	10.96072795	9.447043394
577.00000000	10.98121262	9.47947068
577.10000000	10.99964271	9.5084785
577.20000000	11.01278469	9.528685371
577.30000000	11.02185757	9.542120091
577.40000000	11.02775144	9.550264072
577.50000000	11.02813237	9.549232961
577.60000000	11.02647429	9.544808375
577.70000000	11.02304244	9.537431709
577.80000000	11.018258	9.527803957
577.90000000	11.01367191	9.518506295
578.00000000	11.00929487	9.509556539
578.10000000	11.00613814	9.502637711
578.20000000	11.00351966	9.496614668
578.30000000	11.00153573	9.491647708
578.40000000	11.00018635	9.487736803
578.50000000	10.9990508	9.484181771
578.60000000	10.99816364	9.481040139
578.70000000	10.99776444	9.478710598
578.80000000	10.99774534	9.477013662
578.90000000	10.99830912	9.476286803
579.00000000	10.99971798	9.47696643
579.10000000	11.00153162	9.478319722
579.20000000	11.00387122	9.480548358
579.30000000	11.00646258	9.483196021
579.40000000	11.00919204	9.486073498
579.50000000	11.01211549	9.489273849
579.60000000	11.01558445	9.493382102
579.70000000	11.01951554	9.498259478
579.80000000	11.02445406	9.504813516
579.90000000	11.03008454	9.512519189
580.00000000	11.03597777	9.520662148
580.10000000	11.04157192	9.528307348
580.20000000	11.04564492	9.533420896
580.30000000	11.04840125	9.536343106
580.40000000	11.04758389	9.533317632
580.50000000	11.04429714	9.526182328
580.60000000	11.03905047	9.5157851
580.70000000	11.03108109	9.500856414
580.80000000	11.02265171	9.485162098
580.90000000	11.01381228	9.468785257
581.00000000	11.00590927	9.453966857
581.10000000	10.99867654	9.440263968
581.20000000	10.99216853	9.427767203
581.30000000	10.98657005	9.416784161
581.40000000	10.98104675	9.405926193
581.50000000	10.97559248	9.395183076
581.60000000	10.9701381	9.384439717
581.70000000	10.96484635	9.373966997
581.80000000	10.95983848	9.363966712
581.90000000	10.95584011	9.355646569
582.00000000	10.95249897	9.348420268
582.10000000	10.95014937	9.342844247
582.20000000	10.94892337	9.339138317
582.30000000	10.9482444	9.336342851
582.40000000	10.94828959	9.334752661
582.50000000	10.94891506	9.334128289
582.60000000	10.94982928	9.33398451
582.70000000	10.95110378	9.334440374
582.80000000	10.95245392	9.335022139
582.90000000	10.95375899	9.335528887
583.00000000	10.95477599	9.335556157
583.10000000	10.95537947	9.334895176
583.20000000	10.95573469	9.333820968
583.30000000	10.95581677	9.332292148
583.40000000	10.95620594	9.331274449
583.50000000	10.95692761	9.330810177
583.60000000	10.95892904	9.332475933
583.70000000	10.96204823	9.3360021
583.80000000	10.96606734	9.34102612
583.90000000	10.97164802	9.348649213
584.00000000	10.97761923	9.356922307
584.10000000	10.9839245	9.365751396
584.20000000	10.98989432	9.374022147
584.30000000	10.9953347	9.381411689
584.40000000	11.00021943	9.387876406
584.50000000	11.00386688	9.392281796
584.60000000	11.00697819	9.395794846
584.70000000	11.00946632	9.398270683
584.80000000	11.01123378	9.399547019
584.90000000	11.01272748	9.40036773
585.00000000	11.01389724	9.40064928
585.10000000	11.01475859	9.400417502
585.20000000	11.01551516	9.400011328
585.30000000	11.01616442	9.399426539
585.40000000	11.01689082	9.398970151
585.50000000	11.01773871	9.398715962
585.60000000	11.01884371	9.398889699
585.70000000	11.02035563	9.399740715
585.80000000	11.02209397	9.400968601
585.90000000	11.02415465	9.402732982
586.00000000	11.0262696	9.404587684
586.10000000	11.02833393	9.406358136
586.20000000	11.03010376	9.407638415
586.30000000	11.03141187	9.408150212
586.40000000	11.03239336	9.408118372
586.50000000	11.03279085	9.407114532
586.60000000	11.03298069	9.405765062
586.70000000	11.03306733	9.404243811
586.80000000	11.03335827	9.403062605
586.90000000	11.034085	9.402606728
587.00000000	11.03518803	9.402777173
587.10000000	11.03730041	9.404627599
587.20000000	11.03995902	9.40738717
587.30000000	11.04310818	9.410963227
587.40000000	11.04693476	9.4156668
587.50000000	11.05084675	9.420512519
587.60000000	11.05485234	9.425514028
587.70000000	11.05859505	9.430077988
587.80000000	11.06210359	9.434252195
587.90000000	11.06532145	9.437942596
588.00000000	11.06813835	9.44096564
588.10000000	11.07083968	9.443796314
588.20000000	11.07342037	9.44642619
588.30000000	11.07596047	9.448988521
588.40000000	11.07847519	9.451508607
588.50000000	11.08095293	9.453967127
588.60000000	11.08343945	9.456440286
588.70000000	11.08602462	9.459077616
588.80000000	11.08884392	9.46210464
588.90000000	11.09234433	9.466265321
589.00000000	11.0964086	9.471364479
589.10000000	11.10158773	9.478319224
589.20000000	11.10789849	9.487157444
589.30000000	11.11482878	9.497026817
589.40000000	11.12251633	9.508156541
589.50000000	11.13005062	9.519031159
589.60000000	11.13729426	9.529421994
589.70000000	11.14332377	9.537792054
589.80000000	11.1480081	9.543923207
589.90000000	11.15167218	9.548356251
590.00000000	11.15343718	9.549628524
590.10000000	11.15441368	9.549588414
590.20000000	11.15477846	9.548530161
590.30000000	11.15471411	9.546757672
590.40000000	11.15479402	9.545225276
590.50000000	11.15500652	9.543913559
590.60000000	11.15593104	9.543786916
590.70000000	11.15731253	9.544420862
590.80000000	11.15919551	9.545889479
590.90000000	11.16272128	9.55009234
591.00000000	11.16786909	9.556994918
591.10000000	11.1750517	9.567284194
591.20000000	11.18766857	9.58661815
591.30000000	11.20370232	9.611639019
591.40000000	11.2242729	9.644210738
591.50000000	11.2505958	9.68635624
591.60000000	11.2785988	9.731297812
591.70000000	11.30839785	9.779228485
591.80000000	11.33638064	9.824136194
591.90000000	11.36185361	9.864866717
592.00000000	11.38274127	9.897965754
592.10000000	11.39742712	9.920742887
592.20000000	11.40849219	9.937493801
592.30000000	11.41420758	9.945340991
592.40000000	11.41678952	9.947973017
592.50000000	11.41773868	9.94788752
592.60000000	11.41707554	9.945118579
592.70000000	11.41559208	9.940984345
592.80000000	11.4134135	9.935693177
592.90000000	11.4095603	9.927614848
593.00000000	11.40390425	9.916535958
593.10000000	11.39682493	9.903088252
593.20000000	11.387109	9.885252298
593.30000000	11.37650918	9.865945253
593.40000000	11.36522093	9.845492411
593.50000000	11.35460486	9.826158284
593.60000000	11.34521801	9.808870003
593.70000000	11.33698698	9.793505375
593.80000000	11.33189889	9.783371697
593.90000000	11.32803229	9.775271008
594.00000000	11.32554176	9.76946057
594.10000000	11.32436848	9.765842505
594.20000000	11.3232633	9.762337781
594.30000000	11.3221576	9.758832176
594.40000000	11.32014631	9.753819331
594.50000000	11.317499	9.747747924
594.60000000	11.31396529	9.740201193
594.70000000	11.30947574	9.731063583
594.80000000	11.30471696	9.72147786
594.90000000	11.29977698	9.71159052
595.00000000	11.29554381	9.702879551
595.10000000	11.29199163	9.695301992
595.20000000	11.28978961	9.689971593
595.30000000	11.28942451	9.687698536
595.40000000	11.29022763	9.687369857
595.50000000	11.29293036	9.690202846
595.60000000	11.29712597	9.695520593
595.70000000	11.30219558	9.702292984
595.80000000	11.30842617	9.710997723
595.90000000	11.31503163	9.720326363
596.00000000	11.32177502	9.729884562
596.10000000	11.32823513	9.738971278
596.20000000	11.33399077	9.746885496
596.30000000	11.33914506	9.753798823
596.40000000	11.34269144	9.758035974
596.50000000	11.34497004	9.760163071
596.60000000	11.34616904	9.760493298
596.70000000	11.34492123	9.756751089
596.80000000	11.34235828	9.750819998
596.90000000	11.33855	9.742816162
597.00000000	11.33268817	9.731394419
597.10000000	11.32628605	9.719073379
597.20000000	11.31928326	9.705752532
597.30000000	11.31264645	9.69304078
597.40000000	11.30676327	9.681583335
597.50000000	11.30192929	9.67187215
597.60000000	11.29956645	9.666273932
597.70000000	11.2985142	9.662857081
597.80000000	11.29920442	9.662340413
597.90000000	11.30156284	9.664600335
598.00000000	11.30447297	9.667778542
598.10000000	11.30790991	9.67183357
598.20000000	11.31118198	9.675614198
598.30000000	11.31422626	9.679015684
598.40000000	11.31678326	9.681606136
598.50000000	11.31878042	9.683264758
598.60000000	11.32045374	9.684384402
598.70000000	11.3216547	9.684717813
598.80000000	11.32259216	9.684612672
598.90000000	11.3234113	9.684310573
599.00000000	11.32419777	9.683954113
599.10000000	11.32524782	9.684036343
599.20000000	11.32653985	9.684521342
599.30000000	11.32851668	9.68614614
599.40000000	11.33100024	9.688614337
599.50000000	11.33384057	9.691676371
599.60000000	11.33701106	9.695287927
599.70000000	11.33988142	9.698399937
599.80000000	11.34246143	9.701028675
599.90000000	11.34363376	9.701314444
600.00000000	11.34382089	9.699960411
600.10000000	11.34306922	9.697043801
600.20000000	11.34068125	9.691403667
600.30000000	11.33790845	9.685123004
600.40000000	11.33471076	9.67813512
600.50000000	11.3317914	9.67161047
600.60000000	11.32931042	9.665815461
600.70000000	11.3274335	9.661025853
600.80000000	11.32668459	9.658113768
600.90000000	11.32645248	9.656061864
601.00000000	11.32687814	9.655104771
601.10000000	11.32787356	9.655096035
601.20000000	11.32909126	9.655457265
601.30000000	11.33055844	9.656233745
601.40000000	11.33210566	9.657143458
601.50000000	11.33362344	9.658004161
601.60000000	11.33501053	9.658647328
601.70000000	11.33602796	9.658675211
601.80000000	11.3367194	9.65816049
601.90000000	11.33671816	9.656492835
602.00000000	11.33574625	9.653209509
602.10000000	11.33408698	9.648782094
602.20000000	11.33117812	9.642274736
602.30000000	11.32811005	9.63550236
602.40000000	11.32537615	9.629286169
602.50000000	11.32554623	9.627903617
602.60000000	11.33106673	9.635426784
602.70000000	11.34117049	9.650578693
602.80000000	11.36379788	9.686575747
602.90000000	11.39416068	9.735447677
603.00000000	11.43036698	9.794045159
603.10000000	11.47489763	9.866497147
603.20000000	11.51864967	9.937652589
603.30000000	11.56167047	10.00759065
603.40000000	11.59674804	10.06430804
603.50000000	11.62539502	10.11032251
603.60000000	11.64721208	10.14496943
603.70000000	11.65721451	10.15995214
603.80000000	11.66251958	10.16711655
603.90000000	11.66229964	10.16508511
604.00000000	11.65726331	10.15503726
604.10000000	11.65060792	10.14229463
604.20000000	11.64218577	10.12661144
604.30000000	11.63195995	10.10792624
604.40000000	11.62046726	10.08713247
604.50000000	11.60705274	10.06314003
604.60000000	11.59150197	10.03559203
604.70000000	11.57497805	10.0064243
604.80000000	11.55763553	9.975894047
604.90000000	11.54148511	9.94734786
605.00000000	11.52655025	9.920824755
605.10000000	11.51487826	9.899732323
605.20000000	11.50683185	9.884674292
605.30000000	11.50115992	9.873568359
605.40000000	11.49931613	9.868834023
605.50000000	11.49935686	9.867236326
605.60000000	11.5005559	9.867566554
605.70000000	11.50269185	9.869456191
605.80000000	11.50471567	9.871159185
605.90000000	11.50661874	9.872661212
606.00000000	11.50798291	9.873266276
606.10000000	11.50914418	9.873533634
606.20000000	11.51014115	9.873527518
606.30000000	11.51114998	9.873541131
606.40000000	11.51224089	9.873691379
606.50000000	11.51341114	9.873973662
606.60000000	11.51453732	9.874182606
606.70000000	11.51549307	9.874107872
606.80000000	11.51624684	9.873696955
606.90000000	11.51651219	9.8724731
607.00000000	11.5165718	9.8709068
607.10000000	11.51638468	9.868929821
607.20000000	11.51620317	9.86696218
607.30000000	11.51626268	9.865395703
607.40000000	11.51675149	9.864543761
607.50000000	11.51837199	9.865575446
607.60000000	11.52077956	9.867917172
607.70000000	11.52442596	9.872320861
607.80000000	11.52954656	9.87917825
607.90000000	11.53542816	9.887302295
608.00000000	11.54233273	9.897128983
608.10000000	11.54948892	9.907374479
608.20000000	11.55650049	9.91737926
608.30000000	11.56270877	9.92604701
608.40000000	11.5673692	9.93213846
608.50000000	11.57088733	9.936328637
608.60000000	11.57214475	9.936756022
608.70000000	11.57206425	9.934956522
608.80000000	11.57119846	9.931849969
608.90000000	11.57002103	9.928224686
609.00000000	11.56982426	9.926231648
609.10000000	11.57049889	9.925688998
609.20000000	11.57381055	9.929535526
609.30000000	11.57859027	9.935825545
609.40000000	11.58459882	9.944160879
609.50000000	11.59186496	9.954589371
609.60000000	11.59883922	9.964532048
609.70000000	11.60552677	9.9739975
609.80000000	11.61044645	9.980520466
609.90000000	11.61453029	9.985652222
610.00000000	11.61765953	9.989195126
610.10000000	11.62024888	9.991839412
610.20000000	11.6231536	9.995008604
610.30000000	11.62658075	9.999047361
610.40000000	11.63138731	10.00538203
610.50000000	11.63660569	10.01240216
610.60000000	11.64223149	10.02010041
610.70000000	11.64666283	10.02581055
610.80000000	11.64983419	10.02942355
610.90000000	11.65072956	10.02924834
611.00000000	11.64850961	10.02388788
611.10000000	11.64464162	10.01578436
611.20000000	11.63853795	10.0039597
611.30000000	11.63186893	9.991194009
611.40000000	11.62531863	9.978625888
611.50000000	11.6200829	9.968245764
611.60000000	11.61709218	9.961602319
611.70000000	11.6157073	9.957631692
611.80000000	11.61730425	9.958624172
611.90000000	11.62056372	9.962383845
612.00000000	11.62486855	9.967883447
612.10000000	11.63005868	9.974856594
612.20000000	11.63506583	9.981525186
612.30000000	11.63988628	9.98788302
612.40000000	11.64389786	9.992894529
612.50000000	11.64748982	9.997207591
612.60000000	11.65072904	10.00093356
612.70000000	11.65376871	10.00432737
612.80000000	11.65699247	10.0080276
612.90000000	11.66040202	10.01203706
613.00000000	11.66435792	10.01695588
613.10000000	11.66847945	10.0221504
613.20000000	11.67278528	10.02765167
613.30000000	11.67681065	10.03268614
613.40000000	11.68037879	10.03695956
613.50000000	11.68330071	10.04015739
613.60000000	11.68490831	10.0411676
613.70000000	11.68581795	10.04101609
613.80000000	11.68578328	10.03929284
613.90000000	11.68481976	10.03602356
614.00000000	11.68344395	10.03206803
614.10000000	11.68157441	10.02729073
614.20000000	11.67940278	10.02201058
614.30000000	11.67710717	10.01652406
614.40000000	11.67471827	10.01088227
614.50000000	11.67245654	10.00545212
614.60000000	11.67033233	10.00025086
614.70000000	11.66857688	9.995663381
614.80000000	11.6672046	9.991713658
614.90000000	11.66607216	9.98816315
615.00000000	11.6652849	9.985187166
615.10000000	11.66457333	9.982337154
615.20000000	11.66389233	9.979538021
615.30000000	11.66312539	9.97659584
615.40000000	11.66231344	9.973578738
615.50000000	11.66148558	9.970535138
615.60000000	11.66092649	9.967938898
615.70000000	11.6608332	9.966117985
615.80000000	11.6611594	9.964995275
615.90000000	11.66280817	9.966073974
616.00000000	11.66515121	9.968308273
616.10000000	11.66820749	9.971729755
616.20000000	11.67211038	9.97656039
616.30000000	11.6759874	9.981347973
616.40000000	11.67980079	9.986029645
616.50000000	11.68260178	9.989026182
616.60000000	11.68466815	9.990799983
616.70000000	11.68575013	9.990935258
616.80000000	11.68554951	9.988935681
616.90000000	11.68491312	9.986210753
617.00000000	11.68381589	9.982718763
617.10000000	11.6829507	9.979612988
617.20000000	11.6824568	9.977125236
617.30000000	11.68271935	9.975896561
617.40000000	11.68406892	9.976477228
617.50000000	11.68603794	9.978088979
617.60000000	11.68891272	9.981208336
617.70000000	11.69232001	9.985214081
617.80000000	11.69596054	9.989608039
617.90000000	11.69974282	9.994237939
618.00000000	11.70335472	9.998584235
618.10000000	11.70681385	10.00267625
618.20000000	11.70988057	10.00611511
618.30000000	11.71262685	10.00902059
618.40000000	11.71513458	10.01152901
618.50000000	11.71721741	10.01333019
618.60000000	11.71908373	10.01477099
618.70000000	11.72079492	10.01595356
618.80000000	11.72246814	10.01707295
618.90000000	11.72449697	10.01878424
619.00000000	11.72685571	10.02104467
619.10000000	11.73094935	10.02619282
619.20000000	11.73646569	10.03370905
619.30000000	11.74345549	10.04367783
619.40000000	11.75372936	10.05911289
619.50000000	11.76527494	10.07666464
619.60000000	11.77826277	10.09661696
619.70000000	11.79189025	10.11763392
619.80000000	11.80473451	10.13734718
619.90000000	11.8163557	10.15502465
620.00000000	11.82404088	10.16615077
620.10000000	11.82902884	10.17278744
620.20000000	11.83003811	10.17280174
620.30000000	11.82581598	10.16410856
620.40000000	11.8187844	10.1507391
620.50000000	11.80779268	10.13077806
620.60000000	11.79372698	10.10570038
620.70000000	11.77814712	10.07810227
620.80000000	11.7610445	10.04796936
620.90000000	11.74412158	10.01813534
621.00000000	11.72766606	9.989079071
621.10000000	11.71335269	9.963588262
621.20000000	11.70208182	9.943161611
621.30000000	11.69306392	9.926485022
621.40000000	11.68858064	9.917356481
621.50000000	11.68697737	9.913021888
621.60000000	11.68742038	9.912093432
621.70000000	11.69071585	9.915913101
621.80000000	11.69549817	9.922207738
621.90000000	11.70154824	9.930612596
622.00000000	11.71096933	9.944628703
622.10000000	11.72334099	9.963556142
622.20000000	11.73827038	9.986740956
622.30000000	11.75949838	10.02040984
622.40000000	11.78260822	10.05721084
622.50000000	11.80762399	10.09718401
622.60000000	11.83188286	10.13589705
622.70000000	11.8530484	10.16946113
622.80000000	11.87053097	10.19689485
622.90000000	11.87864121	10.20872851
623.00000000	11.88173014	10.21220433
623.10000000	11.87832526	10.20487136
623.20000000	11.86840577	10.18669494
623.30000000	11.85663357	10.16543464
623.40000000	11.84332549	10.1416178
623.50000000	11.8326286	10.12214716
623.60000000	11.82441865	10.10681597
623.70000000	11.82096337	10.09939891
623.80000000	11.82305046	10.10120716
623.90000000	11.82804708	10.10785836
624.00000000	11.83684586	10.12083825
624.10000000	11.8467058	10.13558445
624.20000000	11.85656136	10.15032331
624.30000000	11.8648491	10.16245253
624.40000000	11.87031587	10.16988626
624.50000000	11.87371542	10.1738791
624.60000000	11.87308431	10.17116293
624.70000000	11.87013382	10.16458616
624.80000000	11.86559331	10.15536279
624.90000000	11.85949152	10.14354063
625.00000000	11.85350164	10.13190471
625.10000000	11.84765924	10.12051422
625.20000000	11.84319108	10.11141116
625.30000000	11.83965883	10.1038659
625.40000000	11.83697902	10.09773954
625.50000000	11.83586363	10.09421716
625.60000000	11.83524694	10.09152489
625.70000000	11.83517144	10.08973345
625.80000000	11.83561996	10.08881425
625.90000000	11.83616354	10.08805326
626.00000000	11.83680363	10.08745292
626.10000000	11.83749446	10.08693703
626.20000000	11.83834156	10.08668127
626.30000000	11.83943128	10.08682934
626.40000000	11.84144284	10.08851187
626.50000000	11.84416642	10.09137955
626.60000000	11.84799501	10.0960866
626.70000000	11.85325467	10.10317569
626.80000000	11.85916794	10.11135273
626.90000000	11.86588598	10.12086933
627.00000000	11.87260056	10.13038017
627.10000000	11.87902271	10.13940423
627.20000000	11.8845549	10.14694692
627.30000000	11.88875765	10.15227673
627.40000000	11.89208806	10.15615452
627.50000000	11.89396242	10.15760866
627.60000000	11.89506031	10.15777037
627.70000000	11.89573482	10.15722734
627.80000000	11.89619115	10.15632114
627.90000000	11.89699236	10.15598899
628.00000000	11.89810431	10.15617409
628.10000000	11.90014951	10.1579126
628.20000000	11.9028391	10.16072372
628.30000000	11.90604935	10.16440149
628.40000000	11.91006372	10.16941775
628.50000000	11.91416199	10.17457364
628.60000000	11.91833413	10.17985252
628.70000000	11.92162808	10.18366959
628.80000000	11.92394981	10.18586841
628.90000000	11.92520751	10.18629611
629.00000000	11.9237415	10.18219012
629.10000000	11.92094934	10.1758767
629.20000000	11.91655646	10.16689882
629.30000000	11.91084614	10.15572798
629.40000000	11.90526604	10.14477386
629.50000000	11.90015926	10.13460756
629.60000000	11.89764748	10.12876074
629.70000000	11.89694614	10.12592748
629.80000000	11.89902151	10.12771619
629.90000000	11.903952	10.13425741
630.00000000	11.90997097	10.14261046
630.10000000	11.91703783	10.15270776
630.20000000	11.92344572	10.16170817
630.30000000	11.92909244	10.16944157
630.40000000	11.93297466	10.17423786
630.50000000	11.93516417	10.17621657
630.60000000	11.93642662	10.17665216
630.70000000	11.93663425	10.17533194
630.80000000	11.93689078	10.17409312
630.90000000	11.93729038	10.17309246
631.00000000	11.93842628	10.17331738
631.10000000	11.94000655	10.17428197
631.20000000	11.94186288	10.17570609
631.30000000	11.94371816	10.17712847
631.40000000	11.94517478	10.17788724
631.50000000	11.94628581	10.17807077
631.60000000	11.94647048	10.17671232
631.70000000	11.94619517	10.17458821
631.80000000	11.94549368	10.17175469
631.90000000	11.94402619	10.1676461
632.00000000	11.94217735	10.16290273
632.10000000	11.93990174	10.15744896
632.20000000	11.93703361	10.15100889
632.30000000	11.93419789	10.14462274
632.40000000	11.93145773	10.13839564
632.50000000	11.93019081	10.13462085
632.60000000	11.93027485	10.13309483
632.70000000	11.93233451	10.13485738
632.80000000	11.93764016	10.14202315
632.90000000	11.94443991	10.15167595
633.00000000	11.95313709	10.16448714
633.10000000	11.96235456	10.17816438
633.20000000	11.97120311	10.19122747
633.30000000	11.97884542	10.20228271
633.40000000	11.98418313	10.20950177
633.50000000	11.98808581	10.21433215
633.60000000	11.98970053	10.21535408
633.70000000	11.98998266	10.21415784
633.80000000	11.98961308	10.21187678
633.90000000	11.98879175	10.20884376
634.00000000	11.98818273	10.20616414
634.10000000	11.9877702	10.20381159
634.20000000	11.98791907	10.2023935
634.30000000	11.98848035	10.2016619
634.40000000	11.98936323	10.20146563
634.50000000	11.99086739	10.20230351
634.60000000	11.99282389	10.20389436
634.70000000	11.99516613	10.20612729
634.80000000	11.998391	10.20982942
634.90000000	12.00203446	10.21422832
635.00000000	12.00606576	10.21927282
635.10000000	12.01045043	10.2249055
635.20000000	12.01467884	10.2302781
635.30000000	12.01872858	10.23535326
635.40000000	12.02183689	10.23886138
635.50000000	12.0243495	10.2413779
635.60000000	12.02611733	10.24265468
635.70000000	12.02694968	10.2423743
635.80000000	12.02752688	10.24166919
635.90000000	12.02785612	10.24055136
636.00000000	12.02846353	10.23989654
636.10000000	12.0293656	10.2397322
636.20000000	12.03077782	10.24041705
636.30000000	12.03280795	10.24213044
636.40000000	12.03514889	10.24436122
636.50000000	12.03790037	10.24727535
636.60000000	12.0409463	10.25067962
636.70000000	12.04418083	10.25439783
636.80000000	12.04772118	10.2586251
636.90000000	12.05164554	10.26349156
637.00000000	12.05584822	10.26882133
637.10000000	12.06059027	10.2750489
637.20000000	12.06584487	10.28212964
637.30000000	12.07148744	10.28985617
637.40000000	12.07794576	10.29894059
637.50000000	12.08503456	10.30907444
637.60000000	12.09259571	10.31999455
637.70000000	12.10099352	10.33230729
637.80000000	12.10958142	10.34493645
637.90000000	12.11828404	10.35775653
638.00000000	12.12637104	10.36955187
638.10000000	12.13355629	10.37984621
638.20000000	12.13989617	10.38873337
638.30000000	12.14389253	10.39371967
638.40000000	12.14681769	10.39692289
638.50000000	12.14854129	10.39812607
638.60000000	12.14892588	10.39710042
638.70000000	12.14908671	10.39570229
638.80000000	12.14905022	10.39397574
638.90000000	12.14937788	10.3928553
639.00000000	12.14993273	10.39211304
639.10000000	12.15080452	10.39189834
639.20000000	12.15179689	10.39188436
639.30000000	12.15269731	10.3917173
639.40000000	12.15335706	10.39114966
639.50000000	12.15344975	10.38963809
639.60000000	12.1532249	10.38759797
639.70000000	12.15254642	10.38480275
639.80000000	12.15191675	10.38208877
639.90000000	12.15155619	10.37982275
640.00000000	12.15207406	10.37901891
640.10000000	12.15409644	10.3807194
640.20000000	12.15720478	10.38422755
640.30000000	12.1623744	10.39116681
640.40000000	12.16870433	10.40003747
640.50000000	12.17566814	10.40996324
640.60000000	12.18281038	10.42018602
640.70000000	12.18901177	10.42884269
640.80000000	12.19437595	10.43610579
640.90000000	12.19719011	10.43912424
641.00000000	12.19830055	10.43930678
641.10000000	12.19797581	10.4371004
641.20000000	12.1953845	10.43112118
641.30000000	12.1922679	10.42426758
641.40000000	12.18863741	10.41655855
641.50000000	12.18525422	10.40926117
641.60000000	12.18232269	10.40271559
641.70000000	12.17992608	10.39706039
641.80000000	12.17858294	10.39315876
641.90000000	12.17759314	10.38984528
642.00000000	12.1770139	10.38721518
642.10000000	12.17658903	10.38484205
642.20000000	12.17614272	10.38243324
642.30000000	12.17562786	10.3799103
642.40000000	12.17512951	10.37741484
642.50000000	12.17481618	10.37522736
642.60000000	12.17490171	10.37370381
642.70000000	12.1760035	10.3738719
642.80000000	12.17780843	10.37521043
642.90000000	12.18080193	10.37852742
643.00000000	12.1847433	10.3834222
643.10000000	12.18907303	10.38896346
643.20000000	12.19363424	10.39489004
643.30000000	12.19765583	10.39991836
643.40000000	12.2012137	10.40417479
643.50000000	12.20367645	10.4066083
643.60000000	12.20544933	10.40789347
643.70000000	12.20682296	10.40851406
643.80000000	12.20801527	10.40883284
643.90000000	12.20959058	10.40978914
644.00000000	12.21149197	10.41128823
644.10000000	12.21423675	10.41419121
644.20000000	12.217244	10.41753108
644.30000000	12.22045217	10.42120541
644.40000000	12.22336335	10.42438538
644.50000000	12.22585206	10.4268621
644.60000000	12.22792504	10.42864682
644.70000000	12.22926796	10.42921629
644.80000000	12.23056068	10.42970219
644.90000000	12.23181078	10.43011716
645.00000000	12.23364723	10.43150813
645.10000000	12.23584211	10.43349577
645.20000000	12.23849592	10.43624731
645.30000000	12.24133732	10.43931112
645.40000000	12.24394594	10.44198744
645.50000000	12.246101	10.44390878
645.60000000	12.24712905	10.44395412
645.70000000	12.24756332	10.44301106
645.80000000	12.24717639	10.44070105
645.90000000	12.24656643	10.43801977
646.00000000	12.24613162	10.43563005
646.10000000	12.24635697	10.4343392
646.20000000	12.24789131	10.4352273
646.30000000	12.25029588	10.43756396
646.40000000	12.25418167	10.44236625
646.50000000	12.25886791	10.44850096
646.60000000	12.26389132	10.45519691
646.70000000	12.26885287	10.46178989
646.80000000	12.27304161	10.46709646
646.90000000	12.27659215	10.47134068
647.00000000	12.27859291	10.47300517
647.10000000	12.27965732	10.47311104
647.20000000	12.28002784	10.47206186
647.30000000	12.2796621	10.4697871
647.40000000	12.2793544	10.46760895
647.50000000	12.2791127	10.46554067
647.60000000	12.27963973	10.464752
647.70000000	12.28071519	10.46487623
647.80000000	12.28233813	10.4659118
647.90000000	12.28500225	10.46868051
648.00000000	12.28806856	10.4721187
648.10000000	12.29159148	10.47631696
648.20000000	12.29563206	10.48137692
648.30000000	12.2998256	10.48669147
648.40000000	12.30418561	10.49228316
648.50000000	12.30853703	10.49786052
648.60000000	12.31278911	10.50327252
648.70000000	12.3168659	10.50839274
648.80000000	12.32058225	10.51291297
648.90000000	12.32409102	10.51708768
649.00000000	12.3272982	10.52076036
649.10000000	12.33026491	10.52403274
649.20000000	12.33310755	10.52709861
649.30000000	12.33578874	10.52989574
649.40000000	12.33822604	10.53228688
649.50000000	12.34044278	10.53431088
649.60000000	12.34216225	10.53550714
649.70000000	12.34324565	10.5356446
649.80000000	12.34388029	10.53503507
649.90000000	12.34370069	10.53307015
650.00000000	12.34304939	10.53032003
650.10000000	12.34209748	10.52706954
650.20000000	12.34090176	10.52341319
650.30000000	12.33982711	10.51995835
650.40000000	12.33887377	10.51670545
650.50000000	12.33846983	10.51436707
650.60000000	12.3385944	10.51290844
650.70000000	12.33919305	10.51223897
650.80000000	12.34124637	10.51399093
650.90000000	12.34431248	10.51742879
651.00000000	12.34840059	10.52256787
651.10000000	12.35479503	10.53154606
651.20000000	12.36217489	10.54216458
651.30000000	12.37067666	10.5546506
651.40000000	12.38003015	10.56855438
651.50000000	12.38911798	10.58201592
651.60000000	12.39773003	10.59468546
651.70000000	12.40429132	10.60394132
651.80000000	12.40947957	10.61091166
651.90000000	12.41269102	10.61459143
652.00000000	12.41370249	10.61460916
652.10000000	12.41386671	10.61321657
652.20000000	12.41313016	10.61032459
652.30000000	12.41259916	10.60777474
652.40000000	12.41240513	10.60578579
652.50000000	12.41302532	10.6051522
652.60000000	12.41418637	10.60541891
652.70000000	12.41539565	10.60576591
652.80000000	12.41604119	10.6051745
652.90000000	12.41501597	10.60180197
653.00000000	12.41270473	10.59628871
653.10000000	12.40772392	10.58633171
653.20000000	12.40156698	10.57441687
653.30000000	12.39491535	10.56167854
653.40000000	12.38990079	10.55166526
653.50000000	12.38885513	10.54825861
653.60000000	12.39129529	10.55065451
653.70000000	12.40366671	10.56958209
653.80000000	12.42196493	10.59837537
653.90000000	12.44518505	10.63536147
654.00000000	12.47539535	10.68398314
654.10000000	12.50572505	10.73280331
654.20000000	12.53618385	10.78183821
654.30000000	12.56175405	10.82273561
654.40000000	12.58319155	10.85675383
654.50000000	12.5999374	10.88296251
654.60000000	12.60896752	10.89632785
654.70000000	12.6151021	10.90487339
654.80000000	12.61786306	10.90780332
654.90000000	12.61906758	10.90814245
655.00000000	12.6204465	10.90877188
655.10000000	12.62257506	10.91064912
655.20000000	12.62628702	10.91516206
655.30000000	12.63047682	10.92047039
655.40000000	12.63499596	10.92632692
655.50000000	12.63787221	10.92944876
655.60000000	12.63915914	10.92992506
655.70000000	12.63713763	10.92489423
655.80000000	12.63117141	10.91329715
655.90000000	12.62275031	10.89761376
656.00000000	12.61060258	10.87572713
656.10000000	12.5967671	10.85103112
656.20000000	12.58211603	10.82497746
656.30000000	12.56785226	10.79956844
656.40000000	12.55550916	10.77735647
656.50000000	12.54477315	10.75781959
656.60000000	12.53823601	10.74527203
656.70000000	12.53449125	10.7373726
656.80000000	12.5329815	10.73319353
656.90000000	12.53504174	10.73495702
657.00000000	12.53824555	10.73862408
657.10000000	12.54243926	10.74393893
657.20000000	12.54706463	10.7499723
657.30000000	12.55126522	10.75529859
657.40000000	12.55502496	10.75989104
657.50000000	12.55724787	10.76192531
657.60000000	12.55872694	10.76272139
657.70000000	12.55933326	10.76206471
657.80000000	12.55923886	10.7602416
657.90000000	12.55924296	10.75858247
658.00000000	12.55950041	10.75734505
658.10000000	12.56097733	10.75813754
658.20000000	12.5632524	10.76025864
658.30000000	12.56668853	10.76431242
658.40000000	12.57128511	10.77029788
658.50000000	12.57630195	10.77698289
658.60000000	12.58172158	10.78433837
658.70000000	12.58697667	10.79141998
658.80000000	12.59199359	10.79810512
658.90000000	12.59644596	10.80385052
659.00000000	12.6000686	10.80821476
659.10000000	12.60309629	10.81158866
659.20000000	12.60501053	10.81310912
659.30000000	12.6060144	10.8131142
659.40000000	12.60648722	10.81223529
659.50000000	12.60644109	10.81049253
659.60000000	12.60705166	10.8098429
659.70000000	12.60839087	10.81040617
659.80000000	12.61263551	10.81580579
659.90000000	12.61972518	10.82594121
660.00000000	12.62911038	10.83989776
660.10000000	12.64293138	10.86123806
660.20000000	12.6579947	10.88464629
660.30000000	12.67408914	10.90977089
660.40000000	12.68904662	10.93300292
660.50000000	12.7017248	10.95244086
660.60000000	12.71204674	10.96795666
660.70000000	12.71598911	10.97285313
660.80000000	12.71658951	10.97218661
660.90000000	12.71319993	10.96487844
661.00000000	12.70414743	10.94814385
661.10000000	12.69273302	10.92747766
661.20000000	12.67843837	10.90201702
661.30000000	12.6620747	10.87311227
661.40000000	12.64532783	10.84356957
661.50000000	12.62865887	10.81415648
661.60000000	12.61433036	10.78863919
661.70000000	12.60189002	10.76626487
661.80000000	12.59297309	10.7497556
661.90000000	12.58836346	10.74041627
662.00000000	12.58613653	10.73504324
662.10000000	12.58726876	10.73526191
662.20000000	12.5899224	10.73801316
662.30000000	12.59311638	10.74166387
662.40000000	12.59611994	10.74499761
662.50000000	12.59806508	10.74656947
662.60000000	12.599278	10.74692246
662.70000000	12.59924277	10.74519776
662.80000000	12.59899995	10.74312749
662.90000000	12.59872465	10.74100314
663.00000000	12.59928888	10.74027631
663.10000000	12.60070791	10.7409724
663.20000000	12.60281359	10.74281149
663.30000000	12.60595382	10.74637273
663.40000000	12.60917831	10.75007424
663.50000000	12.61247287	10.75389238
663.60000000	12.61504482	10.75650764
663.70000000	12.61711028	10.75827979
663.80000000	12.61862799	10.75914014
663.90000000	12.61943664	10.75882016
664.00000000	12.62021979	10.75845774
664.10000000	12.62100982	10.75810676
664.20000000	12.62259087	10.75907256
664.30000000	12.62478104	10.76105229
664.40000000	12.62781561	10.76443765
664.50000000	12.63198664	10.76971479
664.60000000	12.63657885	10.77569304
664.70000000	12.6416433	10.78245738
664.80000000	12.6465074	10.78888822
664.90000000	12.65094394	10.79460733
665.00000000	12.65445092	10.79877907
665.10000000	12.65625049	10.80010861
665.20000000	12.65688511	10.79949895
665.30000000	12.6554996	10.79552652
665.40000000	12.65243449	10.78875815
665.50000000	12.64843999	10.78044269
665.60000000	12.64338422	10.77036058
665.70000000	12.63827005	10.76018123
665.80000000	12.63322133	10.75011078
665.90000000	12.62882624	10.74112838
666.00000000	12.62532388	10.73363206
666.10000000	12.6226639	10.72753796
666.20000000	12.62278107	10.72606687
666.30000000	12.62644879	10.73050621
666.40000000	12.63323777	10.74014137
666.50000000	12.64931645	10.7652406
666.60000000	12.67129878	10.80016718
666.70000000	12.69834163	10.84351745
666.80000000	12.73397667	10.90117021
666.90000000	12.770177	10.95976363
667.00000000	12.80702796	11.0194399
667.10000000	12.8387595	11.07059428
667.20000000	12.86530562	11.113117
667.30000000	12.885725	11.14544117
667.40000000	12.89518798	11.1595273
667.50000000	12.89980599	11.16554849
667.60000000	12.89842333	11.16158092
667.70000000	12.89264825	11.1503017
667.80000000	12.88591129	11.13742135
667.90000000	12.87875777	11.12384757
668.00000000	12.87348792	11.11340938
668.10000000	12.86961001	11.10528819
668.20000000	12.86815259	11.10119617
668.30000000	12.86900423	11.10094781
668.40000000	12.87105494	11.10269544
668.50000000	12.87462415	11.10697078
668.60000000	12.87870339	11.1120951
668.70000000	12.88289942	11.11741383
668.80000000	12.8867277	11.1221204
668.90000000	12.88986387	11.12567489
669.00000000	12.89254709	11.1284754
669.10000000	12.89458371	11.13019957
669.20000000	12.89666536	11.13199869
669.30000000	12.8988269	11.13393081
669.40000000	12.90149884	11.13671254
669.50000000	12.90419648	11.13953705
669.60000000	12.90684834	11.14228536
669.70000000	12.90814628	11.14277991
669.80000000	12.90784774	11.14061694
669.90000000	12.90607162	11.13599439
670.00000000	12.90036136	11.12482303
670.10000000	12.89295109	11.11082181
670.20000000	12.88362702	11.09363485
670.30000000	12.87245481	11.07337144
670.40000000	12.86120155	11.05297311
670.50000000	12.85001389	11.03268394
670.60000000	12.84073362	11.01556979
670.70000000	12.83277092	11.00064888
670.80000000	12.82671604	10.98890373
670.90000000	12.82301124	10.98107057
671.00000000	12.82013272	10.97461284
671.10000000	12.81813178	10.96961594
671.20000000	12.81562124	10.96377075
671.30000000	12.81238421	10.95671621
671.40000000	12.80761316	10.94710808
671.50000000	12.80101944	10.93446584
671.60000000	12.79348565	10.9202587
671.70000000	12.78487855	10.90426484
671.80000000	12.77656781	10.88876426
671.90000000	12.76872306	10.87403934
672.00000000	12.7625589	10.86211197
672.10000000	12.75814142	10.85309221
672.20000000	12.75492112	10.84606532
672.30000000	12.75360387	10.84220636
672.40000000	12.75302366	10.83957433
672.50000000	12.75295315	10.83779076
672.60000000	12.75330756	10.83671455
672.70000000	12.75387844	10.83599868
672.80000000	12.75464741	10.83561255
672.90000000	12.75614002	10.83643106
673.00000000	12.75817931	10.83815962
673.10000000	12.76072774	10.84073571
673.20000000	12.76418566	10.84482583
673.30000000	12.76775289	10.84909789
673.40000000	12.77143719	10.85356483
673.50000000	12.77438663	10.85680849
673.60000000	12.77668728	10.85897211
673.70000000	12.77815699	10.85975251
673.80000000	12.77877911	10.85912193
673.90000000	12.7797163	10.85901584
674.00000000	12.7813516	10.86007189
674.10000000	12.78645779	10.86690581
674.20000000	12.79420622	10.8781382
674.30000000	12.80612377	10.89631076
674.40000000	12.82262056	10.92210615
674.50000000	12.84075046	10.95062003
674.60000000	12.86037258	10.98161781
674.70000000	12.87776554	11.00890474
674.80000000	12.89277366	11.03222172
674.90000000	12.90244164	11.04664929
675.00000000	12.90629868	11.05140373
675.10000000	12.9065645	11.05018013
675.20000000	12.90151151	11.04010264
675.30000000	12.89451048	11.02678234
675.40000000	12.88651029	11.01179875
675.50000000	12.8788908	10.99744887
675.60000000	12.87257012	10.98526102
675.70000000	12.86726406	10.97476212
675.80000000	12.86390843	10.96751001
675.90000000	12.8612425	10.96140598
676.00000000	12.85913881	10.95623787
676.10000000	12.8575592	10.95194219
676.20000000	12.85619936	10.94801234
676.30000000	12.8550485	10.94443036
676.40000000	12.85449727	10.94184655
676.50000000	12.85424835	10.93976599
676.60000000	12.85433955	10.93825161
676.70000000	12.85492349	10.93755749
676.80000000	12.85569478	10.93717523
676.90000000	12.85668642	10.93715978
677.00000000	12.85795271	10.93760153
677.10000000	12.85935944	10.93827706
677.20000000	12.86095127	10.93926073
677.30000000	12.86277937	10.94063772
677.40000000	12.86474618	10.94224561
677.50000000	12.86691631	10.94419196
677.60000000	12.86936114	10.94659559
677.70000000	12.87196223	10.94925934
677.80000000	12.87478792	10.95229699
677.90000000	12.87768913	10.95546034
678.00000000	12.8805532	10.95856188
678.10000000	12.88319927	10.96130051
678.20000000	12.8853028	10.96313599
678.30000000	12.88697514	10.96425367
678.40000000	12.88772388	10.96383386
678.50000000	12.88779659	10.96228869
678.60000000	12.887441	10.96003053
678.70000000	12.88664605	10.95704098
678.80000000	12.8860167	10.95432708
678.90000000	12.88557108	10.95191904
679.00000000	12.88600185	10.95096989
679.10000000	12.88708444	10.95110583
679.20000000	12.8887175	10.95215812
679.30000000	12.89121338	10.95464673
679.40000000	12.89387998	10.95741955
679.50000000	12.89671158	10.96046702
679.60000000	12.89932457	10.96315059
679.70000000	12.90168467	10.96541318
679.80000000	12.90375348	10.96719084
679.90000000	12.90534984	10.96818205
680.00000000	12.90683141	10.96898215
680.10000000	12.90819416	10.96958445
680.20000000	12.90973482	10.97048293
680.30000000	12.91147999	10.97172183
680.40000000	12.91354363	10.97349091
680.50000000	12.91606528	10.97602242
680.60000000	12.91878993	10.97889186
680.70000000	12.92176987	10.98218629
680.80000000	12.92491663	10.9857584
680.90000000	12.92817818	10.98952161
681.00000000	12.93163395	10.99360813
681.10000000	12.93549284	10.99836573
681.20000000	12.93966008	11.00363663
681.30000000	12.94443053	11.00991168
681.40000000	12.94961478	11.01687557
681.50000000	12.9549472	11.02408611
681.60000000	12.96014079	11.03106554
681.70000000	12.96451382	11.03667899
681.80000000	12.9681757	11.04110863
681.90000000	12.96996038	11.04241331
682.00000000	12.97038056	11.04144655
682.10000000	12.96978604	11.03879064
682.20000000	12.96791658	11.03401235
682.30000000	12.96615618	11.0294156
682.40000000	12.96453302	11.02504731
682.50000000	12.96459528	11.02348471
682.60000000	12.96585013	11.02390739
682.70000000	12.96827429	11.0262766
682.80000000	12.9723615	11.03141428
682.90000000	12.976493	11.03662568
683.00000000	12.98063773	11.0418591
683.10000000	12.98305317	11.04421381
683.20000000	12.98405608	11.04421708
683.30000000	12.98319376	11.04111534
683.40000000	12.9793041	11.03297401
683.50000000	12.97411844	11.02267522
683.60000000	12.96733547	11.00971734
683.70000000	12.96040283	10.99651029
683.80000000	12.95437465	10.98480883
683.90000000	12.95047448	10.97664986
684.00000000	12.95165456	10.97694805
684.10000000	12.95642867	10.98322926
684.20000000	12.96734715	10.99973905
684.30000000	12.98389192	11.02561488
684.40000000	13.00316393	11.05603063
684.50000000	13.02553417	11.09160382
684.60000000	13.04745366	11.12642648
684.70000000	13.06842326	11.15966775
684.80000000	13.08625482	11.18768513
684.90000000	13.10133737	11.2111263
685.00000000	13.11468727	11.23168314
685.10000000	13.12642425	11.24955501
685.20000000	13.13896764	11.26876928
685.30000000	13.15225125	11.28921572
685.40000000	13.16839734	11.31442719
685.50000000	13.18556998	11.34134749
685.60000000	13.20349685	11.36952332
685.70000000	13.21996745	11.39527496
685.80000000	13.23361861	11.41633324
685.90000000	13.24453219	11.43283441
686.00000000	13.24760816	11.43628869
686.10000000	13.24679176	11.43326353
686.20000000	13.24147031	11.42273903
686.30000000	13.23045973	11.4027441
686.40000000	13.21776374	11.37994356
686.50000000	13.20323665	11.35409483
686.60000000	13.18868938	11.32821251
686.70000000	13.17465355	11.30318151
686.80000000	13.16168961	11.27993481
686.90000000	13.15060126	11.25981027
687.00000000	13.14058918	11.24147732
687.10000000	13.13226087	11.22594725
687.20000000	13.12647175	11.21464407
687.30000000	13.12263795	11.20659582
687.40000000	13.12241535	11.20455903
687.50000000	13.12701698	11.21055303
687.60000000	13.13480331	11.22184851
687.70000000	13.14797342	11.24210619
687.80000000	13.16461112	11.26813622
687.90000000	13.18295841	11.29701211
688.00000000	13.20250738	11.32788834
688.10000000	13.22043596	11.35606713
688.20000000	13.23682397	11.3816814
688.30000000	13.24868967	11.39976756
688.40000000	13.25694269	11.41183983
688.50000000	13.26237458	11.41921591
688.60000000	13.26284751	11.41833701
688.70000000	13.26126758	11.4140408
688.80000000	13.25791097	11.40678702
688.90000000	13.25239915	11.39594556
689.00000000	13.24629662	11.38412073
689.10000000	13.23958577	11.37128328
689.20000000	13.23206176	11.35709215
689.30000000	13.22396315	11.34194451
689.40000000	13.21518825	11.32567104
689.50000000	13.20488	11.30684502
689.60000000	13.19366695	11.28651279
689.70000000	13.1813085	11.26427377
689.80000000	13.16793995	11.24035319
689.90000000	13.15446046	11.21624786
690.00000000	13.14115925	11.1924392
690.10000000	13.12971358	11.17171936
690.20000000	13.11973543	11.15344243
690.30000000	13.11237621	11.13952518
690.40000000	13.10830117	11.1310751
690.50000000	13.10606733	11.12569007
690.60000000	13.1065065	11.12475483
690.70000000	13.10865858	11.12667109
690.80000000	13.11165463	11.12999233
690.90000000	13.11547966	11.13469358
691.00000000	13.11949861	11.13971766
691.10000000	13.12363816	11.14494249
691.20000000	13.12793545	11.15042991
691.30000000	13.13258935	11.15651099
691.40000000	13.13754967	11.16310216
691.50000000	13.14335593	11.17110157
691.60000000	13.14971392	11.18001944
691.70000000	13.15646963	11.18959941
691.80000000	13.16348316	11.19960855
691.90000000	13.16997856	11.20875515
692.00000000	13.17599872	11.21711061
692.10000000	13.17986868	11.22188663
692.20000000	13.18220536	11.2241102
692.30000000	13.18296725	11.22371223
692.40000000	13.18028664	11.21758352
692.50000000	13.17593322	11.20867005
692.60000000	13.16960675	11.19647203
692.70000000	13.16044383	11.17955209
692.80000000	13.15011934	11.1606984
692.90000000	13.13841358	11.13954517
693.00000000	13.12616383	11.11748624
693.10000000	13.11432661	11.09611396
693.20000000	13.10353696	11.07648549
693.30000000	13.09621741	11.0626338
693.40000000	13.09145387	11.05303719
693.50000000	13.09098741	11.0505942
693.60000000	13.09550173	11.05644302
693.70000000	13.10259929	11.06659232
693.80000000	13.11308918	11.08238901
693.90000000	13.12441502	11.0995773
694.00000000	13.13556837	11.1164784
694.10000000	13.14498651	11.13049076
694.20000000	13.15204992	11.14058309
694.30000000	13.15782307	11.14852748
694.40000000	13.16256152	11.15474935
694.50000000	13.16971223	11.16498699
694.60000000	13.17918814	11.17909544
694.70000000	13.19631507	11.20594069
694.80000000	13.21893438	11.24192907
694.90000000	13.24550459	11.28449434
695.00000000	13.27665232	11.33467956
695.10000000	13.30622404	11.38224097
695.20000000	13.33434014	11.42737909
695.30000000	13.35455832	11.45936963
695.40000000	13.3702623	11.48384544
695.50000000	13.38139626	11.50071364
695.60000000	13.38773449	11.50959851
695.70000000	13.39437407	11.51898503
695.80000000	13.40161092	11.52936581
695.90000000	13.41338767	11.54730407
696.00000000	13.42707805	11.56842789
696.10000000	13.44307802	11.59339644
696.20000000	13.45798835	11.61655112
696.30000000	13.47031112	11.63539835
696.40000000	13.47815317	11.64678663
696.50000000	13.47835716	11.64545999
696.60000000	13.47473932	11.63777123
696.70000000	13.46597087	11.62150835
696.80000000	13.4554198	11.60227797
696.90000000	13.44493502	11.58315796
697.00000000	13.43642029	11.56731746
697.10000000	13.43133561	11.55718687
697.20000000	13.42824057	11.55036839
697.30000000	13.42787946	11.54810101
697.40000000	13.42753029	11.54585353
697.50000000	13.42667606	11.54276527
697.60000000	13.42299419	11.53496989
697.70000000	13.41609792	11.52182355
697.80000000	13.40675128	11.50459812
697.90000000	13.39306337	11.48014582
698.00000000	13.37763839	11.4528018
698.10000000	13.36085326	11.42319347
698.20000000	13.34392031	11.39333898
698.30000000	13.32811922	11.36536858
698.40000000	13.31335797	11.3391291
698.50000000	13.30260666	11.31956491
698.60000000	13.29401403	11.30359426
698.70000000	13.28777704	11.29154505
698.80000000	13.28590205	11.28675734
698.90000000	13.28613841	11.28548445
699.00000000	13.28887809	11.28837888
699.10000000	13.29589841	11.29839941
699.20000000	13.30537058	11.31250159
699.30000000	13.3180175	11.3318888
699.40000000	13.33505211	11.35858022
699.50000000	13.35371513	11.38798238
699.60000000	13.37428729	11.42056261
699.70000000	13.3941519	11.45196489
699.80000000	13.4122204	11.48037713
699.90000000	13.42660623	11.50265883
700.00000000	13.43486697	11.51474412
700.10000000	13.43945848	11.52072129
700.20000000	13.43837701	11.51725469
700.30000000	13.43427049	11.50875233
700.40000000	13.42900881	11.49832696
700.50000000	13.42389944	11.48815513
700.60000000	13.42092948	11.48154476
700.70000000	13.41951123	11.4775175
700.80000000	13.4209965	11.47832373
700.90000000	13.42333552	11.48055118
701.00000000	13.42609893	11.48348513
701.10000000	13.42809078	11.48513465
701.20000000	13.42932052	11.48551551
701.30000000	13.43000057	11.48498128
701.40000000	13.43086313	11.48475087
701.50000000	13.4329898	11.48662483
701.60000000	13.43625933	11.49040132
701.70000000	13.4429146	11.49981404
701.80000000	13.45065797	11.5110381
701.90000000	13.45956144	11.52419338
702.00000000	13.46824043	11.53697497
702.10000000	13.47577424	11.54785017
702.20000000	13.48184442	11.55628888
702.30000000	13.48448909	11.55902515
702.40000000	13.48534638	11.55878599
702.50000000	13.48388827	11.55469239
702.60000000	13.47986159	11.54632289
702.70000000	13.47484732	11.53630935
702.80000000	13.4687226	11.52444722
702.90000000	13.46278741	11.51290058
703.00000000	13.45763152	11.50265124
703.10000000	13.4543457	11.49551499
703.20000000	13.45479764	11.49460101
703.30000000	13.45777429	11.49788993
703.40000000	13.46506549	11.50836131
703.50000000	13.47557694	11.52419344
703.60000000	13.48770193	11.54271163
703.70000000	13.50139404	11.56383859
703.80000000	13.51471224	11.58434308
703.90000000	13.52763599	11.60419091
704.00000000	13.53948789	11.62225444
704.10000000	13.55149467	11.6405758
704.20000000	13.56384604	11.65947077
704.30000000	13.57869662	11.68252617
704.40000000	13.59583042	11.70938246
704.50000000	13.6147099	11.73914478
704.60000000	13.63603305	11.7729751
704.70000000	13.65647834	11.8053441
704.80000000	13.67612956	11.83639127
704.90000000	13.68943263	11.85687069
705.00000000	13.69796094	11.86940155
705.10000000	13.70132431	11.8733343
705.20000000	13.69443802	11.86020434
705.30000000	13.68322838	11.83987727
705.40000000	13.66683436	11.81091979
705.50000000	13.64600638	11.77458113
705.60000000	13.62440891	11.73696154
705.70000000	13.60249245	11.69881095
705.80000000	13.58337827	11.66532528
705.90000000	13.56627096	11.63518041
706.00000000	13.55252219	11.61062647
706.10000000	13.54294698	11.59302025
706.20000000	13.5356339	11.57917979
706.30000000	13.53160739	11.57081048
706.40000000	13.5306457	11.5675432
706.50000000	13.53149794	11.56729559
706.60000000	13.53507995	11.57159225
706.70000000	13.54062151	11.57915101
706.80000000	13.5471787	11.5884005
706.90000000	13.55473755	11.59931744
707.00000000	13.56186574	11.60951745
707.10000000	13.56846642	11.61883934
707.20000000	13.5731986	11.6250507
707.30000000	13.57622173	11.62841698
707.40000000	13.57797758	11.62967363
707.50000000	13.5776845	11.6275194
707.60000000	13.57682291	11.62441877
707.70000000	13.5755377	11.62061294
707.80000000	13.57449995	11.61721904
707.90000000	13.57388238	11.61452462
708.00000000	13.57365162	11.61247413
708.10000000	13.57400634	11.61139829
708.20000000	13.57437772	11.61035017
708.30000000	13.57476588	11.60933
708.40000000	13.57480512	11.60772897
708.50000000	13.57465785	11.60581744
708.60000000	13.57428761	11.60353475
708.70000000	13.57386521	11.6011652
708.80000000	13.57353952	11.59895666
708.90000000	13.57338424	11.59703181
709.00000000	13.57350416	11.59556506
709.10000000	13.57373932	11.59429018
709.20000000	13.57411751	11.59325338
709.30000000	13.57464518	11.59246543
709.40000000	13.57534459	11.59196339
709.50000000	13.57639273	11.59204186
709.60000000	13.57834673	11.59362835
709.70000000	13.58104352	11.59645138
709.80000000	13.58522805	11.60175109
709.90000000	13.59100752	11.60970591
710.00000000	13.59777366	11.61930327
710.10000000	13.60602151	11.63136726
710.20000000	13.61470906	11.64416322
710.30000000	13.62350825	11.65714501
710.40000000	13.63168268	11.66908676
710.50000000	13.6387891	11.67925057
710.60000000	13.64505241	11.68801084
710.70000000	13.64957734	11.6938772
710.80000000	13.65341704	11.69860284
710.90000000	13.65673013	11.70245183
711.00000000	13.65999511	11.70622074
711.10000000	13.66374916	11.71080382
711.20000000	13.66795984	11.71614704
711.30000000	13.67349113	11.7236887
711.40000000	13.67950906	11.73204048
711.50000000	13.68606514	11.74128812
711.60000000	13.69290923	11.75101523
711.70000000	13.69957547	11.76044625
711.80000000	13.70598215	11.76944519
711.90000000	13.71165012	11.77721439
712.00000000	13.7169463	11.78436466
712.10000000	13.72176595	11.79072166
712.20000000	13.72620863	11.7964511
712.30000000	13.73056123	11.80203059
712.40000000	13.7348712	11.8075391
712.50000000	13.73922472	11.81312012
712.60000000	13.74348257	11.81854188
712.70000000	13.7474657	11.82350631
712.80000000	13.75045578	11.82681759
712.90000000	13.75253368	11.82861035
713.00000000	13.75263404	11.82711108
713.10000000	13.75016218	11.82132978
713.20000000	13.74588763	11.81254752
713.30000000	13.73836315	11.79835503
713.40000000	13.72872855	11.78064979
713.50000000	13.71773614	11.76068416
713.60000000	13.70542687	11.7385263
713.70000000	13.69339764	11.71683458
713.80000000	13.68169917	11.69569346
713.90000000	13.67202827	11.67792765
714.00000000	13.66398741	11.66287538
714.10000000	13.65734209	11.65014627
714.20000000	13.65345698	11.64201218
714.30000000	13.65074135	11.63582494
714.40000000	13.64914606	11.63150277
714.50000000	13.64942833	11.63030625
714.60000000	13.65055253	11.63051132
714.70000000	13.65262489	11.63229482
714.80000000	13.65620253	11.63658423
714.90000000	13.66028713	11.6417176
715.00000000	13.66494776	11.6478099
715.10000000	13.66951197	11.65374169
715.20000000	13.67357181	11.65883384
715.30000000	13.67679133	11.66252705
715.40000000	13.6782312	11.66325763
715.50000000	13.67869628	11.66236543
715.60000000	13.67778552	11.65918282
715.70000000	13.67592652	11.65442164
715.80000000	13.67381406	11.64923849
715.90000000	13.67168684	11.64403078
716.00000000	13.67035854	11.64015304
716.10000000	13.66968703	11.63736869
716.20000000	13.670367	11.63683423
716.30000000	13.67234798	11.63846559
716.40000000	13.67512539	11.64142284
716.50000000	13.6790241	11.64624674
716.60000000	13.68305953	11.65129826
716.70000000	13.68697418	11.6561487
716.80000000	13.68959491	11.65884511
716.90000000	13.69031654	11.65837999
717.00000000	13.68950096	11.65535579
717.10000000	13.6853241	11.6467359
717.20000000	13.67990103	11.63604136
717.30000000	13.67349219	11.62370574
717.40000000	13.66799263	11.61288382
717.50000000	13.66477206	11.60585585
717.60000000	13.66377778	11.60253411
717.70000000	13.66930189	11.61006395
717.80000000	13.67762887	11.62225989
717.90000000	13.68907508	11.63964858
718.00000000	13.70306652	11.66127442
718.10000000	13.71677148	11.6824233
718.20000000	13.72987724	11.70257461
718.30000000	13.73991746	11.71762256
718.40000000	13.74814818	11.72965815
718.50000000	13.75393542	11.73762598
718.60000000	13.75760594	11.74207
718.70000000	13.76065482	11.74547916
718.80000000	13.7632261	11.74809323
718.90000000	13.76613531	11.75126987
719.00000000	13.76926272	11.75480976
719.10000000	13.77274736	11.75894434
719.20000000	13.77598492	11.76266761
719.30000000	13.77881362	11.76571021
719.40000000	13.78049368	11.76684064
719.50000000	13.78054275	11.76525587
719.60000000	13.77941336	11.7617093
719.70000000	13.77605524	11.75445243
719.80000000	13.77112186	11.74457315
719.90000000	13.76512687	11.73292654
720.00000000	13.75781973	11.71909552
720.10000000	13.75039681	11.70507171
720.20000000	13.7429733	11.69104688
720.30000000	13.73667935	11.67890248
720.40000000	13.73158502	11.66875512
720.50000000	13.72754155	11.66035719
720.60000000	13.72592616	11.65600142
720.70000000	13.72533439	11.65334974
720.80000000	13.72575053	11.65237601
720.90000000	13.72721375	11.65314541
721.00000000	13.72871059	11.65397077
721.10000000	13.73022353	11.65482295
721.20000000	13.73113793	11.6546787
721.30000000	13.73174065	11.65401556
721.40000000	13.73195278	11.65270217
721.50000000	13.73213679	11.65134199
721.60000000	13.7326188	11.65047788
721.70000000	13.73363949	11.65051057
721.80000000	13.73593286	11.65266198
721.90000000	13.7389667	11.6560461
722.00000000	13.74308134	11.66122953
722.10000000	13.74790981	11.66760131
722.20000000	13.75288541	11.67421803
722.30000000	13.75774525	11.68064203
722.40000000	13.76172738	11.68560485
722.50000000	13.76502167	11.68942256
722.60000000	13.76694362	11.69095564
722.70000000	13.76767569	11.69050784
722.80000000	13.76768499	11.68885679
722.90000000	13.76673141	11.68560277
723.00000000	13.76561523	11.68207804
723.10000000	13.7644924	11.67854223
723.20000000	13.76400563	11.67606532
723.30000000	13.76438492	11.67503021
723.40000000	13.76547801	11.67518341
723.50000000	13.76816766	11.67799453
723.60000000	13.77164514	11.68211723
723.70000000	13.77578523	11.68734301
723.80000000	13.78060188	11.69369514
723.90000000	13.78530555	11.69985915
724.00000000	13.78989709	11.70583651
724.10000000	13.79356054	11.71026879
724.20000000	13.79661065	11.71368
724.30000000	13.79894898	11.71590625
724.40000000	13.80017659	11.7162834
724.50000000	13.80106624	11.71609794
724.60000000	13.80158453	11.71529423
724.70000000	13.80230545	11.71482785
724.80000000	13.80345987	11.71508316
724.90000000	13.805351	11.71656493
725.00000000	13.80878523	11.7206156
725.10000000	13.81316545	11.72624115
725.20000000	13.81896182	11.73422428
725.30000000	13.82607036	11.74439186
725.40000000	13.83375734	11.75552241
725.50000000	13.84208534	11.76772011
725.60000000	13.85034269	11.77980017
725.70000000	13.85835276	11.79146856
725.80000000	13.86557968	11.80183317
725.90000000	13.8716357	11.81024852
726.00000000	13.87679411	11.81716954
726.10000000	13.88009241	11.82099393
726.20000000	13.88166033	11.82193762
726.30000000	13.88191136	11.82068902
726.40000000	13.87952246	11.81504554
726.50000000	13.87538404	11.80648951
726.60000000	13.86985849	11.79562421
726.70000000	13.86213212	11.78109501
726.80000000	13.85381894	11.76558887
726.90000000	13.84501182	11.74926039
727.00000000	13.83711767	11.73445175
727.10000000	13.83067391	11.72205766
727.20000000	13.82572581	11.7121535
727.30000000	13.82517274	11.70956617
727.40000000	13.82694745	11.7108541
727.50000000	13.83142993	11.71664991
727.60000000	13.83971514	11.7287765
727.70000000	13.84927566	11.7430262
727.80000000	13.86027255	11.75966711
727.90000000	13.87178998	11.77717459
728.00000000	13.88319139	11.79448888
728.10000000	13.8942928	11.8113037
728.20000000	13.90542847	11.82817555
728.30000000	13.91710981	11.84595578
728.40000000	13.93004877	11.86582963
728.50000000	13.94575678	11.89031326
728.60000000	13.96305487	11.91744397
728.70000000	13.98283898	11.94871324
728.80000000	14.00309483	11.98076778
728.90000000	14.02266577	12.01168209
729.00000000	14.03938015	12.03784091
729.10000000	14.05127715	12.05597997
729.20000000	14.0598303	12.06855236
729.30000000	14.06241845	12.07119451
729.40000000	14.06262122	12.06986561
729.50000000	14.061631	12.06655066
729.60000000	14.06199827	12.06549561
729.70000000	14.06576695	12.07010304
729.80000000	14.0723217	12.07934861
729.90000000	14.08485358	12.09854461
730.00000000	14.0991716	12.12071408
730.10000000	14.11493686	12.14529286
730.20000000	14.12960514	12.16804545
730.30000000	14.14202593	12.18705654
730.40000000	14.1521852	12.20230277
730.50000000	14.15710776	12.20883116
730.60000000	14.15994429	12.21188682
730.70000000	14.16038942	12.21096139
730.80000000	14.15857562	12.20627538
730.90000000	14.15613328	12.200543
731.00000000	14.1530323	12.19371416
731.10000000	14.14955781	12.1862635
731.20000000	14.14596169	12.17861038
731.30000000	14.14225266	12.17076927
731.40000000	14.13849248	12.16284303
731.50000000	14.13475425	12.1549533
731.60000000	14.13110935	12.14721896
731.70000000	14.12786107	12.14014489
731.80000000	14.12496008	12.13364896
731.90000000	14.12277208	12.12833998
732.00000000	14.12150282	12.12456049
732.10000000	14.12079748	12.12171978
732.20000000	14.1209609	12.12032535
732.30000000	14.12141612	12.1194167
732.40000000	14.12197256	12.11867654
732.50000000	14.12234121	12.11762375
732.60000000	14.12257523	12.11634684
732.70000000	14.12281571	12.1150807
732.80000000	14.12375973	12.11498576
732.90000000	14.12599811	12.11704563
733.00000000	14.12933137	12.12092819
733.10000000	14.13535549	12.12929041
733.20000000	14.1424369	12.13941275
733.30000000	14.15041476	12.15102747
733.40000000	14.15810937	12.16217065
733.50000000	14.16433872	12.17087451
733.60000000	14.1690519	12.17705433
733.70000000	14.1691355	12.175527
733.80000000	14.16695321	12.17022752
733.90000000	14.16209017	12.16046523
734.00000000	14.15456685	12.1462742
734.10000000	14.14670356	12.1315172
734.20000000	14.13871551	12.11655249
734.30000000	14.13274699	12.10494981
734.40000000	14.12831632	12.09590727
734.50000000	14.12627004	12.09083418
734.60000000	14.12705812	12.09047963
734.70000000	14.12918875	12.0923601
734.80000000	14.13303222	12.09709205
734.90000000	14.13802147	12.10373146
735.00000000	14.14360738	12.11136416
735.10000000	14.14998527	12.12031534
735.20000000	14.1572536	12.13074887
735.30000000	14.16517181	12.14226431
735.40000000	14.17436041	12.15589463
735.50000000	14.18459248	12.1712621
735.60000000	14.1954381	12.18765098
735.70000000	14.20703562	12.2052916
735.80000000	14.2186216	12.22291301
735.90000000	14.23009153	12.24034122
736.00000000	14.240789	12.25648348
736.10000000	14.25031452	12.27067473
736.20000000	14.25879021	12.28311827
736.30000000	14.26382941	12.28984085
736.40000000	14.26584339	12.29152714
736.50000000	14.26514403	12.28869635
736.60000000	14.25744479	12.27421241
736.70000000	14.24662269	12.25452962
736.80000000	14.23240543	12.2291947
736.90000000	14.21529901	12.19905001
737.00000000	14.19889781	12.1700793
737.10000000	14.18365219	12.14303235
737.20000000	14.1747508	12.12654704
737.30000000	14.16991549	12.11683081
737.40000000	14.17059115	12.11628908
737.50000000	14.17780815	12.12663721
737.60000000	14.18735295	12.14086057
737.70000000	14.19941288	12.15927104
737.80000000	14.21142637	12.17760419
737.90000000	14.22262231	12.19457631
738.00000000	14.23194521	12.20843025
738.10000000	14.23849974	12.21767551
738.20000000	14.24340083	12.22416815
738.30000000	14.24577497	12.22645402
738.40000000	14.24639259	12.22581568
738.50000000	14.24608086	12.22363018
738.60000000	14.2447594	12.21976372
738.70000000	14.24333295	12.21572248
738.80000000	14.24194416	12.21174392
738.90000000	14.2410843	12.20864592
739.00000000	14.24073827	12.20640331
739.10000000	14.24075738	12.20476859
739.20000000	14.2412595	12.20393795
739.30000000	14.24184847	12.20325192
739.40000000	14.24250804	12.2026834
739.50000000	14.24327547	12.20229445
739.60000000	14.24429087	12.20231832
739.70000000	14.24553066	12.20271574
739.80000000	14.24756807	12.20444101
739.90000000	14.25003237	12.20687696
740.00000000	14.2529563	12.21007809
740.10000000	14.25656571	12.21442039
740.20000000	14.26035757	12.21906643
740.30000000	14.26434467	12.2240375
740.40000000	14.26834841	12.22903627
740.50000000	14.27227595	12.23390819
740.60000000	14.27607936	12.23857345
740.70000000	14.27956379	12.2427077
740.80000000	14.28286517	12.2465372
740.90000000	14.28591155	12.24994217
741.00000000	14.28889112	12.25323594
741.10000000	14.29199484	12.25673638
741.20000000	14.29544371	12.26081142
741.30000000	14.29956309	12.26600271
741.40000000	14.30400211	12.27172612
741.50000000	14.30880251	12.27805115
741.60000000	14.3128744	12.2831634
741.70000000	14.3160272	12.28674554
741.80000000	14.31653779	12.285929
741.90000000	14.31359759	12.27936768
742.00000000	14.30817953	12.26868126
742.10000000	14.29830703	12.25057918
742.20000000	14.28678339	12.22972832
742.30000000	14.27438681	12.20742415
742.40000000	14.26382629	12.18817661
742.50000000	14.25717581	12.17543842
742.60000000	14.2539455	12.16839405
742.70000000	14.25972266	12.17634519
742.80000000	14.26975598	12.19138192
742.90000000	14.283579	12.21272767
743.00000000	14.30084507	12.23980533
743.10000000	14.31692731	12.26491215
743.20000000	14.33176023	12.28793913
743.30000000	14.33998369	12.2999628
743.40000000	14.34402238	12.30501975
743.50000000	14.34293748	12.30154707
743.60000000	14.33440801	12.28568081
743.70000000	14.32298221	12.26499279
743.80000000	14.30809378	12.23854021
743.90000000	14.29164171	12.20948447
744.00000000	14.27534282	12.18068366
744.10000000	14.26007368	12.15359713
744.20000000	14.24792049	12.13169793
744.30000000	14.23773227	12.11306996
744.40000000	14.2307649	12.09980402
744.50000000	14.22664343	12.09127592
744.60000000	14.22394679	12.08511989
744.70000000	14.22297514	12.08183564
744.80000000	14.22263529	12.07960319
744.90000000	14.22260742	12.07789012
745.00000000	14.22283514	12.07660257
745.10000000	14.22338299	12.07584797
745.20000000	14.22421884	12.07557284
745.30000000	14.22582392	12.07657832
745.40000000	14.22807414	12.07865786
745.50000000	14.23079701	12.08152426
745.60000000	14.23421414	12.08554648
745.70000000	14.23781137	12.08986851
745.80000000	14.24153762	12.09440534
745.90000000	14.2451571	12.09876444
746.00000000	14.24853379	12.10271933
746.10000000	14.25168651	12.10630134
746.20000000	14.25410164	12.10865541
746.30000000	14.25608226	12.1102861
746.40000000	14.25758159	12.11111555
746.50000000	14.25824536	12.11055392
746.60000000	14.25862517	12.10951956
746.70000000	14.2586788	12.10794218
746.80000000	14.25860037	12.10614493
746.90000000	14.25851677	12.10433908
747.00000000	14.25844975	12.10256082
747.10000000	14.25824636	12.10055553
747.20000000	14.25782409	12.09818585
747.30000000	14.25701061	12.09516486
747.40000000	14.25556477	12.0910911
747.50000000	14.25390813	12.0866664
747.60000000	14.25211485	12.08201422
747.70000000	14.25129988	12.07899072
747.80000000	14.25150178	12.07766014
747.90000000	14.25401297	12.08017413
748.00000000	14.2593116	12.08732873
748.10000000	14.26636559	12.09740567
748.20000000	14.27613331	12.1120005
748.30000000	14.2867731	12.12804714
748.40000000	14.29766964	12.14452119
748.50000000	14.30752729	12.15926566
748.60000000	14.31541071	12.17072341
748.70000000	14.32168446	12.17950135
748.80000000	14.32417697	12.18198424
748.90000000	14.3243175	12.18055152
749.00000000	14.3224922	12.17584607
749.10000000	14.31724596	12.16544538
749.20000000	14.31059863	12.15271211
749.30000000	14.30261492	12.137754
749.40000000	14.29313765	12.12030931
749.50000000	14.28363294	12.10281889
749.60000000	14.27412143	12.0853171
749.70000000	14.26646811	12.07090883
749.80000000	14.26045093	12.05922444
749.90000000	14.25658341	12.05111887
750.00000000	14.25692557	12.05002175
750.10000000	14.25941032	12.05249173
750.20000000	14.26468229	12.05960198
750.30000000	14.27255074	12.07103497
750.40000000	14.28124276	12.08383906
750.50000000	14.29070759	12.09792972
750.60000000	14.29978552	12.11137625
750.70000000	14.30837659	12.12401221
750.80000000	14.31598809	12.13501736
750.90000000	14.32248329	12.14416404
751.00000000	14.32832291	12.15221928
751.10000000	14.33319085	12.15865684
751.20000000	14.33727937	12.16379681
751.30000000	14.3408326	12.16804561
751.40000000	14.34344416	12.17072669
751.50000000	14.34525832	12.17208023
751.60000000	14.3465237	12.17252017
751.70000000	14.34691908	12.17151169
751.80000000	14.34704551	12.17005545
751.90000000	14.34702298	12.16835123
752.00000000	14.34726398	12.16708572
752.10000000	14.34798537	12.16662001
752.20000000	14.34912009	12.16684239
752.30000000	14.3512259	12.16868148
752.40000000	14.35367271	12.17108829
752.50000000	14.35644481	12.17403663
752.60000000	14.35921013	12.1769737
752.70000000	14.36166804	12.17939898
752.80000000	14.36377327	12.1812371
752.90000000	14.36498121	12.18158138
753.00000000	14.36583271	12.18133226
753.10000000	14.36626242	12.18038094
753.20000000	14.36661292	12.17929773
753.30000000	14.36718118	12.17857705
753.40000000	14.36813816	12.17850352
753.50000000	14.37002193	12.17997295
753.60000000	14.37243811	12.18232875
753.70000000	14.37561905	12.18595776
753.80000000	14.37936442	12.19052643
753.90000000	14.3832693	12.19536069
754.00000000	14.38722012	12.20027139
754.10000000	14.39077349	12.20452044
754.20000000	14.39401128	12.20824408
754.30000000	14.39661866	12.21091819
754.40000000	14.39869574	12.21270946
754.50000000	14.40043161	12.21393266
754.60000000	14.4016332	12.21426637
754.70000000	14.4022946	12.21370074
754.80000000	14.40249737	12.21237158
754.90000000	14.40154881	12.20912565
755.00000000	14.39952924	12.20409665
755.10000000	14.39666546	12.19766217
755.20000000	14.3922517	12.18864721
755.30000000	14.38739071	12.17888767
755.40000000	14.38219094	12.16856408
755.50000000	14.37776106	12.15952221
755.60000000	14.37457563	12.15255217
755.70000000	14.37260375	12.14760248
755.80000000	14.3742947	12.14875089
755.90000000	14.37792962	12.1531357
756.00000000	14.3837634	12.1611813
756.10000000	14.39275954	12.17449176
756.20000000	14.40262427	12.18924828
756.30000000	14.41342232	12.20555859
756.40000000	14.42353602	12.22072954
756.50000000	14.43239164	12.23380597
756.60000000	14.43924756	12.24355321
756.70000000	14.44210149	12.24663779
756.80000000	14.44262678	12.24584557
756.90000000	14.43975071	12.23939062
757.00000000	14.43408012	12.22828323
757.10000000	14.42743217	12.21554866
757.20000000	14.4201707	12.20179265
757.30000000	14.41444694	12.19059666
757.40000000	14.41010337	12.18169843
757.50000000	14.40881782	12.17789139
757.60000000	14.41022769	12.17857181
757.70000000	14.41317915	12.18181878
757.80000000	14.41788241	12.18798223
757.90000000	14.4223761	12.19379679
758.00000000	14.42650146	12.19899812
758.10000000	14.42885437	12.20124858
758.20000000	14.43039525	12.20214713
758.30000000	14.43158536	12.20246168
758.40000000	14.43502889	12.20652786
758.50000000	14.44299936	12.21813075
758.60000000	14.4549608	12.23637798
758.70000000	14.4794465	12.27547611
758.80000000	14.51041793	12.32537171
758.90000000	14.54735511	12.38519901
759.00000000	14.59120627	12.45653651
759.10000000	14.63329471	12.52493919
759.20000000	14.67346865	12.59015445
759.30000000	14.70204966	12.63606971
759.40000000	14.72215199	12.66786961
759.50000000	14.7315807	12.68189996
759.60000000	14.72483333	12.6690002
759.70000000	14.7112667	12.64474767
759.80000000	14.68919797	12.60634076
759.90000000	14.66304178	12.561129
760.00000000	14.63670934	12.51562376
760.10000000	14.61227074	12.47327132
760.20000000	14.59374267	12.44075875
760.30000000	14.57896878	12.41449612
760.40000000	14.57048206	12.39870049
760.50000000	14.56748832	12.3920497
760.60000000	14.56789915	12.39106692
760.70000000	14.57361821	12.39892144
760.80000000	14.58443277	12.41525909
760.90000000	14.59875969	12.43744417
761.00000000	14.61941464	12.47016426
761.10000000	14.64364996	12.50884496
761.20000000	14.66972837	12.55059402
761.30000000	14.69615192	12.59291761
761.40000000	14.71841864	12.62832086
761.50000000	14.73697362	12.65754475
761.60000000	14.74364282	12.66698103
761.70000000	14.74198666	12.66255715
761.80000000	14.73313526	12.64615454
761.90000000	14.71203861	12.60936587
762.00000000	14.68783163	12.56739904
762.10000000	14.66036609	12.52000723
762.20000000	14.63496643	12.47605462
762.30000000	14.61301994	12.4378508
762.40000000	14.59545745	12.40694546
762.50000000	14.58709292	12.39135313
762.60000000	14.58247254	12.38199419
762.70000000	14.58237632	12.38016724
762.80000000	14.58537829	12.38349826
762.90000000	14.58876117	12.38746344
763.00000000	14.59208118	12.39132397
763.10000000	14.59363364	12.3922418
763.20000000	14.59404784	12.3912646
763.30000000	14.59270506	12.38736232
763.40000000	14.58969248	12.38068007
763.50000000	14.58582955	12.37258212
763.60000000	14.58087811	12.36267194
763.70000000	14.57529786	12.35171487
763.80000000	14.56940516	12.34023758
763.90000000	14.56325228	12.32832712
764.00000000	14.55732145	12.31678631
764.10000000	14.55169595	12.3057538
764.20000000	14.54719717	12.29659711
764.30000000	14.54450818	12.29045347
764.40000000	14.54338379	12.28691466
764.50000000	14.54638835	12.29025002
764.60000000	14.55317562	12.29988309
764.70000000	14.56305216	12.31465938
764.80000000	14.57989264	12.34102962
764.90000000	14.60063958	12.37390346
765.00000000	14.62459067	12.41211162
765.10000000	14.65312953	12.45795752
765.20000000	14.681353	12.50327818
765.30000000	14.70927824	12.5481022
765.40000000	14.73112773	12.58281106
765.50000000	14.74749609	12.60839476
765.60000000	14.75754025	12.62344978
765.70000000	14.7548717	12.61734041
765.80000000	14.74649492	12.60172781
765.90000000	14.73101107	12.57428318
766.00000000	14.71028651	12.5381136
766.10000000	14.68899141	12.50099407
766.20000000	14.66825644	12.46480691
766.30000000	14.65261052	12.43709211
766.40000000	14.6401671	12.4147089
766.50000000	14.63282349	12.40081606
766.60000000	14.62926813	12.39323008
766.70000000	14.62719476	12.38811139
766.80000000	14.62633943	12.38502057
766.90000000	14.62562734	12.38216822
767.00000000	14.62522944	12.37983894
767.10000000	14.62582551	12.37916448
767.20000000	14.62892963	12.38266558
767.30000000	14.634013	12.38946186
767.40000000	14.64339063	12.40340748
767.50000000	14.65542505	12.42177625
767.60000000	14.6690569	12.44280448
767.70000000	14.6837253	12.46555836
767.80000000	14.69694217	12.48589564
767.90000000	14.70882376	12.50400983
768.00000000	14.71607877	12.5144215
768.10000000	14.72029597	12.5197757
768.20000000	14.72187215	12.52073299
768.30000000	14.71912622	12.51449468
768.40000000	14.71531406	12.50648123
768.50000000	14.71039214	12.49662021
768.60000000	14.70561294	12.48699677
768.70000000	14.70150063	12.4784836
768.80000000	14.69822949	12.47137082
768.90000000	14.69636323	12.46659697
769.00000000	14.69485025	12.46241126
769.10000000	14.69369814	12.45882635
769.20000000	14.69229085	12.45481658
769.30000000	14.69067907	12.45046638
769.40000000	14.6887578	12.44560091
769.50000000	14.68702598	12.44105083
769.60000000	14.68582873	12.43739074
769.70000000	14.68579424	12.43566649
769.80000000	14.68884746	12.43908283
769.90000000	14.69453641	12.44688732
770.00000000	14.7053598	12.46323993
770.10000000	14.72273399	12.49049866
770.20000000	14.74411571	12.52442924
770.30000000	14.77189644	12.56901309
770.40000000	14.80182132	12.61716644
770.50000000	14.83179265	12.66539701
770.60000000	14.85790889	12.70720941
770.70000000	14.87611938	12.73586005
770.80000000	14.88804017	12.75403938
770.90000000	14.8853527	12.74789845
771.00000000	14.87377368	12.7269546
771.10000000	14.85516753	12.69431174
771.20000000	14.82812299	12.64762028
771.30000000	14.8008778	12.60059462
771.40000000	14.77347858	12.55331233
771.50000000	14.75373613	12.51877723
771.60000000	14.73898548	12.49255266
771.70000000	14.7296422	12.47533052
771.80000000	14.72869225	12.47208214
771.90000000	14.73008843	12.47273973
772.00000000	14.73407323	12.47770704
772.10000000	14.73936419	12.48484893
772.20000000	14.74493803	12.49246178
772.30000000	14.75076987	12.50050416
772.40000000	14.7573353	12.50976785
772.50000000	14.76441445	12.51988682
772.60000000	14.77226171	12.53128458
772.70000000	14.78072512	12.54370811
772.80000000	14.78918417	12.5561244
772.90000000	14.79734576	12.56804543
773.00000000	14.80402843	12.57750429
773.10000000	14.80955401	12.58503674
773.20000000	14.81290311	12.58894567
773.30000000	14.81419138	12.58942363
773.40000000	14.81431844	12.58796836
773.50000000	14.81294122	12.58400867
773.60000000	14.8111516	12.57936238
773.70000000	14.80920336	12.57445202
773.80000000	14.80748822	12.56992973
773.90000000	14.80594571	12.56569484
774.00000000	14.80445592	12.56154771
774.10000000	14.80255787	12.55672087
774.20000000	14.79995724	12.55072435
774.30000000	14.7967774	12.5437635
774.40000000	14.79253911	12.53504046
774.50000000	14.78835165	12.52640202
774.60000000	14.78422635	12.51786706
774.70000000	14.78216486	12.51276809
774.80000000	14.78190504	12.51066864
774.90000000	14.78356827	12.51177083
775.00000000	14.78917283	12.51943485
775.10000000	14.79621274	12.52948853
775.20000000	14.80488314	12.54225675
775.30000000	14.81422414	12.55614142
775.40000000	14.82302292	12.56912336
775.50000000	14.83089642	12.58056483
775.60000000	14.83620798	12.58774099
775.70000000	14.8399985	12.59238485
775.80000000	14.84162779	12.59343053
775.90000000	14.8411975	12.59104731
776.00000000	14.83998233	12.58735736
776.10000000	14.83799547	12.58238266
776.20000000	14.83623549	12.57778567
776.30000000	14.83480889	12.5737437
776.40000000	14.8342155	12.57108892
776.50000000	14.8345441	12.56996914
776.60000000	14.83546427	12.56983422
776.70000000	14.83734819	12.57130384
776.80000000	14.8402013	12.57438703
776.90000000	14.84384806	12.57879153
777.00000000	14.84934173	12.58627092
777.10000000	14.85659874	12.59668603
777.20000000	14.8651484	12.60925321
777.30000000	14.87591754	12.62551552
777.40000000	14.88711217	12.64248619
777.50000000	14.89850997	12.65979508
777.60000000	14.90827032	12.67437784
777.70000000	14.91603824	12.68564349
777.80000000	14.92202912	12.69395059
777.90000000	14.92390307	12.69540361
778.00000000	14.92432594	12.6944408
778.10000000	14.92317758	12.69086212
778.20000000	14.92063086	12.68495534
778.30000000	14.91774391	12.67848214
778.40000000	14.91449268	12.67140246
778.50000000	14.9103864	12.6628992
778.60000000	14.90548263	12.65306824
778.70000000	14.89944736	12.64135347
778.80000000	14.8916894	12.62677061
778.90000000	14.88341372	12.61132579
779.00000000	14.87470927	12.59516708
779.10000000	14.86775186	12.58191692
779.20000000	14.86266457	12.57178029
779.30000000	14.8612539	12.56776478
779.40000000	14.86503996	12.57240122
779.50000000	14.87187755	12.58211811
779.60000000	14.88327471	12.59942612
779.70000000	14.89699571	12.62060301
779.80000000	14.91152832	12.64313111
779.90000000	14.92583805	12.66528807
780.00000000	14.93799546	12.68386167
780.10000000	14.94841422	12.69954064
780.20000000	14.95489622	12.70866543
780.30000000	14.9586209	12.71319964
780.40000000	14.9603732	12.71445013
780.50000000	14.95937934	12.71112863
780.60000000	14.95771313	12.70668776
780.70000000	14.95555828	12.70143336
780.80000000	14.95376198	12.69677589
780.90000000	14.95252741	12.69305362
781.00000000	14.95180555	12.69018496
781.10000000	14.95207762	12.68897104
781.20000000	14.95263812	12.68823733
781.30000000	14.95351376	12.68802827
781.40000000	14.95472363	12.68837567
781.50000000	14.95611471	12.68902477
781.60000000	14.95772545	12.69003956
781.70000000	14.95984248	12.69189725
781.80000000	14.96223886	12.69422003
781.90000000	14.96500487	12.6971582
782.00000000	14.96807303	12.70059942
782.10000000	14.97115939	12.70407094
782.20000000	14.97418168	12.70743577
782.30000000	14.97683262	12.71018236
782.40000000	14.97925911	12.71255528
782.50000000	14.98133884	12.71435087
782.60000000	14.98329715	12.71594432
782.70000000	14.98526567	12.71755478
782.80000000	14.98739054	12.71942552
782.90000000	14.98972486	12.72164499
783.00000000	14.99215644	12.72402637
783.10000000	14.99465054	12.72651185
783.20000000	14.99699314	12.72874509
783.30000000	14.99921081	12.73077034
783.40000000	15.00113121	12.73230067
783.50000000	15.00293807	12.73364197
783.60000000	15.00468466	12.73488293
783.70000000	15.00654572	12.73631449
783.80000000	15.00861878	12.73809897
783.90000000	15.01086794	12.74017666
784.00000000	15.01348556	12.74286776
784.10000000	15.01618426	12.74569387
784.20000000	15.01895817	12.74864519
784.30000000	15.02142628	12.75108738
784.40000000	15.02359132	12.75302502
784.50000000	15.02541939	12.75440164
784.60000000	15.02724737	12.75577809
784.70000000	15.02981671	12.75838882
784.80000000	15.03338615	12.7626646
784.90000000	15.04032014	12.77254192
785.00000000	15.0493582	12.78592225
785.10000000	15.06123858	12.80403466
785.20000000	15.07568167	12.8264136
785.30000000	15.09021043	12.84893515
785.40000000	15.10410518	12.87040114
785.50000000	15.11378059	12.8848425
785.60000000	15.12024606	12.89393974
785.70000000	15.12113914	12.89375975
785.80000000	15.11650933	12.8843849
785.90000000	15.10914999	12.87046574
786.00000000	15.09869371	12.85139059
786.10000000	15.08854169	12.83282194
786.20000000	15.07916289	12.81554057
786.30000000	15.07281832	12.80331078
786.40000000	15.06939814	12.79594972
786.50000000	15.06791576	12.79181483
786.60000000	15.06913171	12.79217233
786.70000000	15.07093613	12.79350958
786.80000000	15.07304025	12.79534576
786.90000000	15.07438417	12.79591632
787.00000000	15.07462401	12.79464871
787.10000000	15.0738941	12.7917666
787.20000000	15.07044208	12.7843525
787.30000000	15.06515149	12.77387737
787.40000000	15.05811516	12.76049577
787.50000000	15.04749691	12.74115066
787.60000000	15.03561825	12.71970703
787.70000000	15.0223183	12.69589702
787.80000000	15.00880547	12.6717325
787.90000000	14.99638301	12.64938324
788.00000000	14.98556771	12.62970968
788.10000000	14.97982155	12.61847579
788.20000000	14.97728428	12.61258441
788.30000000	14.97919796	12.61410351
788.40000000	14.98668496	12.62490178
788.50000000	14.99657115	12.63969448
788.60000000	15.00937363	12.65934254
788.70000000	15.02333514	12.68092022
788.80000000	15.0372642	12.70244382
788.90000000	15.05047084	12.72276461
789.00000000	15.06228212	12.74076223
789.10000000	15.0734557	12.75769812
789.20000000	15.08408455	12.77372708
789.30000000	15.09581969	12.79159783
789.40000000	15.10861801	12.81123866
789.50000000	15.12422808	12.83556069
789.60000000	15.14199415	12.86347213
789.70000000	15.1608828	12.89325249
789.80000000	15.18027453	12.92387035
789.90000000	15.19744966	12.95079781
790.00000000	15.21260211	12.97435776
790.10000000	15.2213448	12.98724629
790.20000000	15.22541744	12.9923598
790.30000000	15.22559933	12.99099576
790.40000000	15.21921313	12.97869669
790.50000000	15.21109704	12.96351759
790.60000000	15.20130248	12.94554403
790.70000000	15.19188205	12.92819332
790.80000000	15.18361084	12.91275589
790.90000000	15.17669393	12.89957316
791.00000000	15.17223788	12.89048748
791.10000000	15.16839165	12.88241704
791.20000000	15.16519647	12.87543052
791.30000000	15.16149803	12.86760612
791.40000000	15.15723831	12.85884724
791.50000000	15.15213069	12.84867669
791.60000000	15.1461566	12.83706356
791.70000000	15.13998114	12.82511513
791.80000000	15.13375392	12.8130805
791.90000000	15.12851601	12.80269297
792.00000000	15.12424224	12.79391059
792.10000000	15.12190494	12.78835225
792.20000000	15.12255361	12.78776523
792.30000000	15.12532518	12.79071266
792.40000000	15.13194514	12.80006725
792.50000000	15.14222107	12.81550869
792.60000000	15.15481197	12.83480427
792.70000000	15.17104967	12.86017134
792.80000000	15.18911967	12.88858894
792.90000000	15.2081913	12.91867408
793.00000000	15.22797707	12.9499481
793.10000000	15.24710988	12.98013497
793.20000000	15.26561932	13.00928396
793.30000000	15.28230497	13.03539654
793.40000000	15.29772639	13.05940432
793.50000000	15.31209033	13.08165152
793.60000000	15.32470048	13.10097888
793.70000000	15.33662367	13.11916254
793.80000000	15.3478948	13.1362606
793.90000000	15.35820578	13.15176014
794.00000000	15.36793176	13.16628574
794.10000000	15.37700576	13.17972587
794.20000000	15.3842247	13.19007757
794.30000000	15.38995646	13.19795332
794.40000000	15.39376425	13.20262591
794.50000000	15.39348667	13.20049689
794.60000000	15.39082187	13.19439346
794.70000000	15.38487305	13.18282256
794.80000000	15.37525343	13.16514027
794.90000000	15.36415898	13.14500256
795.00000000	15.35144565	13.12216962
795.10000000	15.33879676	13.09944394
795.80000000	15.2784776	12.98735148
795.90000000	15.27187347	12.97468942
796.00000000	15.26483754	12.96130844
796.10000000	15.25747685	12.94738674
796.20000000	15.24960778	12.93261863
796.30000000	15.24172452	12.91782685
796.40000000	15.23391889	12.90316429
796.50000000	15.22735435	12.890568
796.60000000	15.2225994	12.88098446
796.70000000	15.21948103	12.87412568
796.80000000	15.22172969	12.87620248
796.90000000	15.22754869	12.88422358
797.00000000	15.23683989	12.89802555
797.10000000	15.25286589	12.92304029
797.20000000	15.27102594	12.95160793
797.30000000	15.29151991	12.98406122
797.40000000	15.31238663	13.01713504
797.50000000	15.33148669	13.0472675
797.60000000	15.34813761	13.07332238
797.70000000	15.35818997	13.08839143
797.80000000	15.36429988	13.09689676
797.90000000	15.36497148	13.09634797
798.00000000	15.35980893	13.08608601
798.10000000	15.35238905	13.07206586
798.20000000	15.34252648	13.05397888
798.30000000	15.33296089	13.03638632
798.40000000	15.3242444	13.02020737
798.50000000	15.31777082	13.0077626
798.60000000	15.31380261	12.999489
798.70000000	15.3110671	12.99326769
798.80000000	15.30962766	12.9892042
798.90000000	15.30767446	12.98428534
799.00000000	15.30513257	12.97838638
799.10000000	15.30084606	12.9695828
799.20000000	15.29538331	12.95882087
799.30000000	15.28920163	12.94686197
799.40000000	15.28264043	12.93427119
799.50000000	15.27670459	12.92272155
799.60000000	15.27132415	12.91209657
799.70000000	15.26773002	12.90444562
799.80000000	15.26540882	12.89891399
799.90000000	15.26421595	12.89526094
800.00000000	15.26600943	12.8965799
800.10000000	15.26995967	12.90148969
800.20000000	15.27604802	12.90995926
800.30000000	15.28732937	12.92707474
800.40000000	15.30099434	12.94815868
800.50000000	15.31734016	12.97370595
800.60000000	15.3364583	13.00386881
800.70000000	15.35559322	13.03405953
800.80000000	15.3745192	13.06390231
800.90000000	15.39065401	13.08909806
801.00000000	15.404779	13.11094764
801.10000000	15.41606286	13.12806704
801.20000000	15.42413176	13.1398339
801.30000000	15.43085316	13.14935731
801.40000000	15.43601271	13.15628042
801.50000000	15.44048903	13.16206602
801.60000000	15.444641	13.16731163
801.70000000	15.44840582	13.17191268
801.80000000	15.45135393	13.175154
801.90000000	15.45362648	13.17727058
802.00000000	15.45448105	13.17702638
802.10000000	15.45403165	13.17461124
802.20000000	15.45278441	13.17086777
802.30000000	15.45048928	13.16537969
802.40000000	15.4480463	13.15964544
802.50000000	15.44558793	13.15388557
802.60000000	15.44368293	13.149047
802.70000000	15.44227862	13.14504201
802.80000000	15.44123672	13.1416404
802.90000000	15.44044191	13.13865016
803.00000000	15.43914946	13.1348314
803.10000000	15.43739316	13.13024037
803.20000000	15.43359286	13.12224631
803.30000000	15.428535	13.11215851
803.40000000	15.42218663	13.09992215
803.50000000	15.41425711	13.08505331
803.60000000	15.40646104	13.07040662
803.70000000	15.39890058	13.05615218
803.80000000	15.39408098	13.04646099
803.90000000	15.39136458	13.04027142
804.00000000	15.39148705	13.03880829
804.10000000	15.39595641	13.04458236
804.20000000	15.40228765	13.05345627
804.30000000	15.41090252	13.06613223
804.40000000	15.4205165	13.08047157
804.50000000	15.42999535	13.09458594
804.60000000	15.43873228	13.10746508
804.70000000	15.44548324	13.11703776
804.80000000	15.45090811	13.12440263
804.90000000	15.45411918	13.12808174
805.00000000	15.45549765	13.12870977
805.10000000	15.45590936	13.12772822
805.20000000	15.45519191	13.12486674
805.30000000	15.45439219	13.12186828
805.40000000	15.45373022	13.11909917
805.50000000	15.45398834	13.11786191
805.60000000	15.45543563	13.1186045
805.70000000	15.45779195	13.12086055
805.80000000	15.46194261	13.12610398
805.90000000	15.46705056	13.13294121
806.00000000	15.47287772	13.14097587
806.10000000	15.47952892	13.15038245
806.20000000	15.48622526	13.1598642
806.30000000	15.49294975	13.1693928
806.40000000	15.49916699	13.17807688
806.50000000	15.50494785	13.18603442
806.60000000	15.51028447	13.19325237
806.70000000	15.51469768	13.19893291
806.80000000	15.518722	13.20396601
806.90000000	15.52230105	13.20825777
807.00000000	15.52533146	13.21163609
807.10000000	15.52812716	13.21462365
807.20000000	15.53063908	13.21713875
807.30000000	15.53272188	13.21893941
807.40000000	15.53451757	13.22026206
807.50000000	15.53589166	13.22088278
807.60000000	15.53661353	13.22041762
807.70000000	15.53693161	13.2192802
807.80000000	15.53663822	13.21712474
807.90000000	15.535505	13.21357105
808.00000000	15.53373831	13.20896268
808.10000000	15.53082034	13.20243755
808.20000000	15.52640339	13.19341675
808.30000000	15.52095155	13.18267294
808.40000000	15.51369595	13.16892603
808.50000000	15.50523644	13.15317471
808.60000000	15.49608495	13.13627126
808.70000000	15.48643344	13.11853528
808.80000000	15.47723055	13.10154619
808.90000000	15.46845162	13.0852629
809.00000000	15.46118616	13.0714994
809.10000000	15.45508473	13.0596739
809.20000000	15.44993788	13.04943767
809.30000000	15.44675053	13.04246386
809.40000000	15.44483417	13.03760617
809.50000000	15.4440632	13.03465546
809.60000000	15.44644022	13.03694596
809.70000000	15.45080093	13.04253916
809.80000000	15.4572252	13.05156805
809.90000000	15.46747318	13.06696316
810.00000000	15.4788909	13.08430578
810.10000000	15.49160435	13.10380567
810.20000000	15.50406919	13.12289159
810.30000000	15.51537277	13.14004409
810.40000000	15.52496959	13.15435495
810.50000000	15.53107924	13.16285996
810.60000000	15.5354488	13.16846787
810.70000000	15.53751411	13.17023938
810.80000000	15.53803579	13.1694409
810.90000000	15.53820455	13.16805481
811.00000000	15.53833592	13.16660648
811.10000000	15.5393815	13.16668024
811.20000000	15.54106216	13.16781135
811.30000000	15.54384643	13.17077987
811.40000000	15.54723501	13.17475453
811.50000000	15.55079297	13.17901119
811.60000000	15.55411349	13.18287251
811.70000000	15.55658637	13.18532261
811.80000000	15.55843992	13.18674156
811.90000000	15.55909901	13.18617184
812.00000000	15.55948604	13.18514916
812.10000000	15.55985966	13.18410414
812.20000000	15.56149778	13.18516442
812.30000000	15.56504098	13.18939652
812.40000000	15.57019231	13.19630599
812.50000000	15.57928053	13.20977007
812.60000000	15.59025199	13.22636959
812.70000000	15.60285522	13.24568582
812.80000000	15.61711041	13.26775241
812.90000000	15.63105938	13.28930914
813.00000000	15.64469448	13.31034329
813.10000000	15.65627487	13.32795652
813.20000000	15.66652772	13.34335952
813.30000000	15.67521003	13.35614769
813.40000000	15.68130709	13.3646317
813.50000000	15.68604048	13.37084531
813.60000000	15.68902439	13.37414622
813.70000000	15.6893536	13.3730273
813.80000000	15.68820317	13.36944494
813.90000000	15.68498677	13.36242292
814.00000000	15.67967372	13.35191018
814.10000000	15.67350646	13.33997525
814.20000000	15.66644407	13.32654999
814.30000000	15.65968298	13.31362635
814.40000000	15.65339847	13.30149617
814.50000000	15.64836689	13.29145198
814.60000000	15.64480498	13.28385465
814.70000000	15.64211619	13.27771101
814.80000000	15.64069112	13.27367132
814.90000000	15.63969069	13.27033863
815.00000000	15.63886243	13.26729259
815.10000000	15.63784258	13.26392756
815.20000000	15.63643643	13.25991938
815.30000000	15.63475237	13.25544847
815.40000000	15.63267444	13.25032182
815.50000000	15.63067742	13.24532986
815.60000000	15.62878212	13.24050725
815.70000000	15.62768821	13.2370189
815.80000000	15.62732824	13.2347525
815.90000000	15.62763492	13.23359602
816.00000000	15.62959479	13.23519197
816.10000000	15.63229324	13.2380176
816.20000000	15.63578579	13.24216536
816.30000000	15.64023813	13.2479111
816.40000000	15.64476615	13.25378282
816.50000000	15.64933455	13.25972179
816.60000000	15.65277291	13.26377931
816.70000000	15.65507723	13.26594875
816.80000000	15.65575202	13.26540514
816.90000000	15.65336502	13.25976388
817.00000000	15.64936813	13.25144226
817.10000000	15.64317202	13.23945908
817.20000000	15.63572695	13.22539645
817.30000000	15.62834967	13.21144665
817.40000000	15.62191098	13.19905952
817.50000000	15.61868563	13.19202239
817.60000000	15.61785618	13.18897427
817.70000000	15.62145772	13.1933035
817.80000000	15.62905724	13.20428913
817.90000000	15.63891654	13.21903715
818.00000000	15.65168395	13.23862696
818.10000000	15.66505785	13.25922649
818.20000000	15.67849284	13.27992771
818.30000000	15.69070945	13.29860039
818.40000000	15.70111244	13.31425351
818.50000000	15.71008589	13.32752653
818.60000000	15.71602629	13.33574975
818.70000000	15.72014732	13.34094386
818.80000000	15.72278456	13.34366759
818.90000000	15.72284151	13.34209532
819.00000000	15.72175844	13.33862501
819.10000000	15.71963445	13.33342166
819.20000000	15.71600655	13.3257144
819.30000000	15.71206377	13.31748287
819.40000000	15.70777463	13.30867466
819.50000000	15.70383511	13.30044854
819.60000000	15.70046246	13.2931662
819.70000000	15.69783108	13.28711803
819.80000000	15.69692454	13.28394158
819.90000000	15.69693218	13.2822872
820.00000000	15.69813623	13.28262474
820.10000000	15.70073335	13.28528167
820.20000000	15.70404036	13.28912051
820.30000000	15.70830407	13.29455221
820.40000000	15.7140561	13.30246184
820.50000000	15.72098916	13.31233781
820.60000000	15.73000471	13.32568097
820.70000000	15.74204531	13.34406062
820.80000000	15.75591377	13.3654835
820.90000000	15.77267769	13.39172708
821.00000000	15.79066751	13.42001163
821.10000000	15.80872229	13.4484043
821.20000000	15.82523926	13.47423659
821.30000000	15.83793554	13.49370777
821.40000000	15.84758205	13.50810131
821.50000000	15.85032396	13.5109993
821.60000000	15.84815284	13.5057175
821.70000000	15.84239671	13.49446698
821.80000000	15.83161681	13.47485229
821.90000000	15.81977043	13.45346196
822.00000000	15.8071485	13.43078037
822.10000000	15.79619813	13.41088176
822.20000000	15.78723245	13.39428748
822.30000000	15.78012144	13.38078105
822.40000000	15.77730735	13.3744287
822.50000000	15.77611645	13.37077883
822.60000000	15.77673276	13.37013783
822.70000000	15.77936278	13.37284952
822.80000000	15.78252472	13.37644682
822.90000000	15.78625903	13.38099708
823.00000000	15.79016107	13.38582659
823.10000000	15.79388263	13.39035563
823.20000000	15.79727937	13.39434385
823.30000000	15.79948836	13.39635456
823.40000000	15.80066839	13.39665213
823.50000000	15.80016307	13.3941437
823.60000000	15.79678353	13.38684987
823.70000000	15.7915552	13.37647793
823.80000000	15.7833841	13.36120644
823.90000000	15.77261396	13.34160767
824.00000000	15.76063894	13.3200028
824.10000000	15.7476129	13.29664797
824.20000000	15.73583815	13.2753764
824.30000000	15.72544398	13.25640337
824.40000000	15.71906593	13.24411696
824.50000000	15.71707593	13.23913649
824.60000000	15.71821094	13.23935905
824.70000000	15.72474541	13.24857151
824.80000000	15.73374428	13.2618871
824.90000000	15.74437905	13.2779264
825.00000000	15.75610689	13.29578557
825.10000000	15.76734272	13.31282552
825.20000000	15.77813906	13.32913373
825.30000000	15.78764267	13.34328961
825.40000000	15.79679578	13.35686188
825.50000000	15.80562354	13.36989246
825.60000000	15.81474161	13.38340639
825.70000000	15.82409048	13.39730455
825.80000000	15.8336961	13.4116302
825.90000000	15.84285683	13.4252151
826.00000000	15.85102361	13.43714513
826.10000000	15.85788101	13.44689513
826.20000000	15.86132285	13.45095844
826.30000000	15.86281067	13.45176845
826.40000000	15.86166935	13.4482011
826.50000000	15.85800666	13.44043583
826.60000000	15.85372527	13.43164045
826.70000000	15.8491063	13.422283
826.80000000	15.84624039	13.41584431
826.90000000	15.84486706	13.41189065
827.00000000	15.84626961	13.41255867
827.10000000	15.85052293	13.41797305
827.20000000	15.85624061	13.42582551
827.30000000	15.86374133	13.43664663
827.40000000	15.87142918	13.44777928
827.50000000	15.87893364	13.45860661
827.60000000	15.88530141	13.46754142
827.70000000	15.89030728	13.47420873
827.80000000	15.89436887	13.47930388
827.90000000	15.89689386	13.4818407
828.00000000	15.89897654	13.48364111
828.10000000	15.90081165	13.48502931
828.20000000	15.90305145	13.48709131
828.30000000	15.90579793	13.48999689
828.40000000	15.90895522	13.49358644
828.50000000	15.91249356	13.49781042
828.60000000	15.9156397	13.50138141
828.70000000	15.91841301	13.50433166
828.80000000	15.91946902	13.50442271
828.90000000	15.91977907	13.50327179
829.00000000	15.9192536	13.50072979
829.10000000	15.91864504	13.49804943
829.20000000	15.91878658	13.49661795
829.30000000	15.91998717	13.49694971
829.40000000	15.92382503	13.50167237
829.50000000	15.92891468	13.5084792
829.60000000	15.93560156	13.51794529
829.70000000	15.94286447	13.52837043
829.80000000	15.94971148	13.53810314
829.90000000	15.95547267	13.54602801
830.00000000	15.95882091	13.54993547
830.10000000	15.96072201	13.55143355
830.20000000	15.96039871	13.54922815
830.30000000	15.95858613	13.54454318
830.40000000	15.95615847	13.53883415
830.50000000	15.95334818	13.53248805
830.60000000	15.95099283	13.5268994
830.70000000	15.94902817	13.5219612
830.80000000	15.94799787	13.51857867
830.90000000	15.94771054	13.51643313
831.00000000	15.94793066	13.51513247
831.10000000	15.94891875	13.51511043
831.20000000	15.95018873	13.51555772
831.30000000	15.95165196	13.51632676
831.40000000	15.95322059	13.51727128
831.50000000	15.9548272	13.51827903
831.60000000	15.95647193	13.51935025
831.70000000	15.95844191	13.52096301
831.80000000	15.96080659	13.52323291
831.90000000	15.96355161	13.52613606
832.00000000	15.96743045	13.53092695
832.10000000	15.97187205	13.53665481
832.20000000	15.97694907	13.54344058
832.30000000	15.98286515	13.55162336
832.40000000	15.98905674	13.56026485
832.50000000	15.99556483	13.56943328
832.60000000	16.00226099	13.57891484
832.70000000	16.00890162	13.58830394
832.80000000	16.01541198	13.59747613
832.90000000	16.02124069	13.60551342
833.00000000	16.02644227	13.61250658
833.10000000	16.0305726	13.61771619
833.20000000	16.03301246	13.62011125
833.30000000	16.0344591	13.62085267
833.40000000	16.03440676	13.61909838
833.50000000	16.0334421	13.61582515
833.60000000	16.03215	13.61200672
833.70000000	16.03082132	13.60812741
833.80000000	16.0300952	13.60525131
833.90000000	16.02979591	13.60308585
834.00000000	16.03029408	13.60224812
834.10000000	16.03084092	13.60149142
834.20000000	16.03123917	13.60048732
834.30000000	16.03041928	13.59745509
834.40000000	16.02797389	13.5917165
834.50000000	16.02420896	13.58378092
834.60000000	16.01770104	13.57127842
834.70000000	16.01035977	13.55738841
834.80000000	16.00237683	13.54243002
834.90000000	15.99617454	13.53043631
835.00000000	15.99301051	13.52350114
835.10000000	15.99285432	13.5215739
835.20000000	16.00194764	13.53504669
835.30000000	16.01576305	13.5563815
835.40000000	16.03487312	13.58653163
835.50000000	16.06036427	13.62730585
835.60000000	16.0866432	13.66939156
835.70000000	16.11350494	13.71244753
835.80000000	16.1363505	13.74881674
835.90000000	16.15567049	13.7793161
836.00000000	16.1698898	13.80132314
836.10000000	16.17741052	13.8121775
836.20000000	16.18204298	13.81822311
836.30000000	16.18318734	13.81846126
836.40000000	16.18346755	13.81726067
836.50000000	16.18402553	13.81652252
836.60000000	16.18599697	13.81813771
836.70000000	16.18989515	13.82296079
836.80000000	16.19469184	13.82927982
836.90000000	16.20031084	13.83696794
837.00000000	16.20496906	13.84305643
837.10000000	16.20865153	13.84752037
837.20000000	16.20963412	13.84748918
837.30000000	16.2082363	13.84349478
837.40000000	16.20519061	13.83675676
837.50000000	16.19974999	13.82603136
837.60000000	16.19366186	13.8142279
837.70000000	16.18714552	13.80171147
837.80000000	16.18090944	13.78966165
837.90000000	16.17513865	13.7783865
838.00000000	16.16977245	13.76778497
838.10000000	16.16518728	13.7584838
838.20000000	16.16080417	13.74951903
838.30000000	16.15662168	13.74088827
838.40000000	16.15268572	13.73266798
838.50000000	16.14891426	13.72472155
838.60000000	16.14534168	13.71710625
838.70000000	16.14230133	13.71037705
838.80000000	16.13956217	13.70414933
838.90000000	16.13721317	13.6985712
839.00000000	16.1353768	13.69384657
839.10000000	16.13375553	13.68948005
839.20000000	16.13240432	13.68556318
839.30000000	16.13135824	13.68215432
839.40000000	16.13057059	13.67917574
839.50000000	16.13023641	13.67695215
839.60000000	16.1310962	13.67671647
839.70000000	16.13306699	13.67833055
839.80000000	16.13725433	13.68363507
839.90000000	16.14489983	13.69469725
840.00000000	16.15496528	13.70978853
840.10000000	16.16942699	13.73219933
840.20000000	16.187209	13.76013822
840.30000000	16.20675599	13.79101566
840.40000000	16.22805035	13.82480235
840.50000000	16.24815921	13.85661522
840.60000000	16.26694921	13.88623226
840.70000000	16.28112754	13.90817112
840.80000000	16.29117425	13.92323112
840.90000000	16.29798727	13.93290722
841.00000000	16.29906928	13.93304155
841.10000000	16.29821991	13.92996025
841.20000000	16.29573695	13.92415914
841.30000000	16.29269738	13.91743128
841.40000000	16.29025849	13.91170353
841.50000000	16.2884312	13.90699404
841.60000000	16.28785411	13.90436607
841.70000000	16.28744092	13.90201097
841.80000000	16.28718982	13.89992574
841.90000000	16.28632954	13.89682626
842.00000000	16.28504556	13.89302136
842.10000000	16.28319796	13.88827805
842.20000000	16.28064155	13.88235462
842.30000000	16.27761593	13.87564998
842.40000000	16.27391917	13.86782791
842.50000000	16.26878513	13.85761286
842.60000000	16.26260196	13.84565106
842.70000000	16.25471826	13.83085797
842.80000000	16.24498823	13.81299081
842.90000000	16.23440195	13.79369803
843.00000000	16.22293871	13.77294512
843.10000000	16.21216508	13.75334033
843.20000000	16.20227372	13.73520446
843.30000000	16.19492347	13.72129941
843.40000000	16.19077692	13.71272835
843.50000000	16.18894539	13.70801171
843.60000000	16.19147589	13.71055767
843.70000000	16.19711867	13.71828545
843.80000000	16.20497117	13.72969232
843.90000000	16.21632062	13.74692145
844.00000000	16.22913949	13.76659709
844.10000000	16.2429813	13.78797586
844.20000000	16.25727867	13.81011307
844.30000000	16.27037282	13.83024698
844.40000000	16.28237312	13.84855967
844.50000000	16.28957435	13.85888214
844.60000000	16.29340299	13.86358944
844.70000000	16.29377527	13.86254208
844.80000000	16.2871096	13.8497769
844.90000000	16.2775279	13.83215665
845.00000000	16.26453814	13.80886212
845.10000000	16.24852712	13.78053729
845.20000000	16.23231321	13.75187458
845.30000000	16.21627424	13.72350306
845.40000000	16.20432516	13.701941
845.50000000	16.19617495	13.68670389
845.60000000	16.19412502	13.68162356
845.70000000	16.20327352	13.69518831
845.80000000	16.21953321	13.72059292
845.90000000	16.24663204	13.76404426
846.00000000	16.2846041	13.82559891
846.10000000	16.32735179	13.89510454
846.20000000	16.37599403	13.97442409
846.30000000	16.42437927	14.05331566
846.40000000	16.47044994	14.12835364
846.50000000	16.50980801	14.19221563
846.60000000	16.53931459	14.23967553
846.70000000	16.56178123	14.27541433
846.80000000	16.57111774	14.28929206
846.90000000	16.57217492	14.28938503
847.00000000	16.56755053	14.28001842
847.10000000	16.55568087	14.25858874
847.20000000	16.54180525	14.23381925
847.30000000	16.52638372	14.20647594
847.40000000	16.51011095	14.17771539
847.50000000	16.49323145	14.1479447
847.60000000	16.47576415	14.11719538
847.70000000	16.45636244	14.08322538
847.80000000	16.4358236	14.04736213
847.90000000	16.41406786	14.00947277
848.00000000	16.39189265	13.97088502
848.10000000	16.37072491	13.93397459
848.20000000	16.35097616	13.89942665
848.30000000	16.33656782	13.87377019
848.40000000	16.32538353	13.85348161
848.50000000	16.31855635	13.8404474
848.60000000	16.31712798	13.83640198
848.70000000	16.31774353	13.83575962
848.80000000	16.32069415	13.83900504
848.90000000	16.32419202	13.84316163
849.00000000	16.3274643	13.84694261
849.10000000	16.32992571	13.84937353
849.20000000	16.33123576	13.84988747
849.30000000	16.33204318	13.84956456
849.40000000	16.33235181	13.84841118
849.50000000	16.33316398	13.84809617
849.60000000	16.33452941	13.84870232
849.70000000	16.33733205	13.85170137
849.80000000	16.34145604	13.85690041
849.90000000	16.34635735	13.86339366
850.00000000	16.35208181	13.87125744
850.10000000	16.35744566	13.8785208
850.20000000	16.36240693	13.88511388
850.30000000	16.36576952	13.88904522
850.40000000	16.36791141	13.89094415
850.50000000	16.36907933	13.89122146
850.60000000	16.36867921	13.88888803
850.70000000	16.36777247	13.8857111
850.80000000	16.36641469	13.88178321
850.90000000	16.36482863	13.87747523
851.00000000	16.36351205	13.87361593
851.10000000	16.3624824	13.87023435
851.20000000	16.3631157	13.86962152
851.30000000	16.36511814	13.87128825
851.40000000	16.36879822	13.87574821
851.50000000	16.37559869	13.88540351
851.60000000	16.38354147	13.89696071
851.70000000	16.3928122	13.91072888
851.80000000	16.40152619	13.92357009
851.90000000	16.40883713	13.93407529
852.00000000	16.41363482	13.94039601
852.10000000	16.41377678	13.93896513
852.20000000	16.41137626	13.93330112
852.30000000	16.40533914	13.92158229
852.40000000	16.3975568	13.90695772
852.50000000	16.38954589	13.89195257
852.60000000	16.38255226	13.87864115
852.70000000	16.37831648	13.86992144
852.80000000	16.37592989	13.86428056
852.90000000	16.37672734	13.86394102
853.00000000	16.37881261	13.86574567
853.10000000	16.38138506	13.86836145
853.20000000	16.38317084	13.86966745
853.30000000	16.38312448	13.86792299
853.40000000	16.38170592	13.86389384
853.50000000	16.37790729	13.85590194
853.60000000	16.37454649	13.84863901
853.70000000	16.37186295	13.84250369
853.80000000	16.37552953	13.84694118
853.90000000	16.38584186	13.86244368
854.00000000	16.40205922	13.8877779
854.10000000	16.43295839	13.93755681
854.20000000	16.46906256	13.9960017
854.30000000	16.51050414	14.06333302
854.40000000	16.55483638	14.13547703
854.50000000	16.59615948	14.20261092
854.60000000	16.63382839	14.2636608
854.70000000	16.66005741	14.30566382
854.80000000	16.67931523	14.33606012
854.90000000	16.68951972	14.351383
855.00000000	16.68870048	14.34835175
855.10000000	16.68335105	14.33777793
855.20000000	16.67254265	14.31811514
855.30000000	16.65936711	14.29451116
855.40000000	16.64599499	14.27057991
855.50000000	16.63363093	14.24832705
855.60000000	16.6244179	14.23132051
855.70000000	16.61744606	14.21804548
855.80000000	16.61455063	14.21155748
855.90000000	16.61553981	14.21153719
856.00000000	16.61889692	14.21545942
856.10000000	16.62573003	14.22516902
856.20000000	16.63380232	14.23694182
856.30000000	16.6422877	14.24940239
856.40000000	16.64966479	14.26001771
856.50000000	16.65467885	14.26669869
856.60000000	16.65781077	14.27024597
856.70000000	16.65679099	14.26688085
856.80000000	16.65392097	14.26043516
856.90000000	16.64963631	14.25163415
857.00000000	16.6449239	14.24212094
857.10000000	16.64139401	14.23457659
857.20000000	16.63894406	14.22883029
857.30000000	16.64023962	14.2293201
857.40000000	16.6431423	14.23248571
857.50000000	16.64780591	14.23858321
857.60000000	16.65414161	14.24746465
857.70000000	16.66063038	14.25660094
857.80000000	16.66721444	14.26589591
857.90000000	16.67333631	14.27442135
858.00000000	16.67931376	14.28270632
858.10000000	16.68514197	14.29074283
858.20000000	16.69119044	14.29914606
858.30000000	16.69734605	14.30772767
858.40000000	16.70364371	14.3165458
858.50000000	16.70963304	14.32485056
858.60000000	16.71528482	14.33259334
858.70000000	16.7202829	14.3392477
858.80000000	16.72453898	14.34466669
858.90000000	16.72839646	14.34942201
859.00000000	16.73172423	14.35329539
859.10000000	16.73473435	14.35663988
859.20000000	16.73751199	14.35959731
859.30000000	16.73983669	14.36180061
859.40000000	16.7415717	14.3630221
859.50000000	16.7429017	14.36356926
859.60000000	16.74356976	14.36301429
859.70000000	16.74435325	14.36265154
859.80000000	16.74535568	14.36265331
859.90000000	16.74780371	14.36506194
860.00000000	16.75169353	14.36987111
860.10000000	16.75676558	14.37664864
860.20000000	16.76378492	14.38666836
860.30000000	16.7706567	14.39644239
860.40000000	16.77739243	14.40598991
860.50000000	16.78084882	14.41007744
860.60000000	16.78185261	14.41008146
860.70000000	16.7801269	14.40554097
860.80000000	16.77378898	14.39332128
860.90000000	16.76610204	14.37885552
861.00000000	16.75692184	14.36190356
861.10000000	16.74818761	14.34569411
861.20000000	16.74042823	14.33110778
861.30000000	16.73424353	14.31914321
861.40000000	16.73025695	14.31083845
861.50000000	16.72705973	14.30384792
861.60000000	16.72470771	14.29826464
861.70000000	16.7223536	14.29267787
861.80000000	16.71988642	14.28690285
861.90000000	16.71714251	14.28066708
862.00000000	16.71462829	14.27481372
862.10000000	16.71251673	14.26963078
862.20000000	16.71150305	14.26627577
862.30000000	16.71192311	14.26530789
862.40000000	16.71327994	14.26589971
862.50000000	16.71616251	14.26903183
862.60000000	16.71990793	14.27360055
862.70000000	16.72417299	14.27903446
862.80000000	16.72892709	14.28528261
862.90000000	16.73356169	14.2913318
863.00000000	16.73804752	14.29713329
863.10000000	16.74179157	14.30169974
863.20000000	16.74489956	14.30520717
863.30000000	16.74748204	14.30783963
863.40000000	16.7491834	14.30900508
863.50000000	16.75085873	14.31012718
863.60000000	16.75250659	14.31120355
863.70000000	16.75532456	14.3142281
863.80000000	16.75918445	14.31898741
863.90000000	16.76421452	14.32569505
864.00000000	16.77169596	14.33648413
864.10000000	16.78025861	14.34907339
864.20000000	16.79010405	14.36379846
864.30000000	16.8012727	14.38072664
864.40000000	16.81281963	14.39828465
864.50000000	16.82476442	14.41650509
864.60000000	16.83659472	14.43453491
864.70000000	16.8480558	14.45195
864.80000000	16.85883185	14.46822456
864.90000000	16.86808553	14.4819644
865.00000000	16.87625068	14.4938919
865.10000000	16.88258819	14.50277641
865.20000000	16.88695184	14.5083745
865.30000000	16.89017836	14.5120793
865.40000000	16.89175249	14.51303291
865.50000000	16.89235181	14.51236348
865.60000000	16.89245508	14.51086815
865.70000000	16.8921657	14.50871905
865.80000000	16.89210276	14.50694697
865.90000000	16.89223189	14.50549469
866.00000000	16.89283381	14.5048296
866.10000000	16.89327906	14.50390364
866.20000000	16.89345473	14.50252885
866.30000000	16.89182185	14.49814286
866.40000000	16.88789142	14.48993151
866.50000000	16.88193604	14.47834869
866.60000000	16.87062202	14.45784386
866.70000000	16.85647337	14.43261947
866.80000000	16.83955561	14.4027846
866.90000000	16.81893725	14.36678834
867.00000000	16.79768316	14.32973361
867.10000000	16.77576264	14.29156925
867.20000000	16.75567275	14.25645282
867.30000000	16.73716117	14.22396417
867.40000000	16.72084211	14.19512598
867.50000000	16.7084941	14.17289946
867.60000000	16.69819202	14.15407934
867.70000000	16.69066217	14.13987492
867.80000000	16.68679088	14.13176193
867.90000000	16.68498982	14.12709585
868.00000000	16.68616094	14.1273784
868.10000000	16.69069336	14.13325748
868.20000000	16.69697389	14.14204715
868.30000000	16.70562115	14.15477739
868.40000000	16.71533619	14.16928545
868.50000000	16.72525538	14.18413341
868.60000000	16.7347081	14.19820471
868.70000000	16.74255734	14.20960623
868.80000000	16.7491206	14.21886661
868.90000000	16.75290026	14.22349234
869.00000000	16.75433145	14.22420791
869.10000000	16.75414087	14.22222328
869.20000000	16.75142713	14.21603763
869.30000000	16.74780711	14.20834301
869.40000000	16.74361457	14.19969517
869.50000000	16.73975442	14.19160073
869.60000000	16.7370358	14.18540692
869.70000000	16.73532019	14.18088312
869.80000000	16.73632886	14.18089519
869.90000000	16.73846857	14.18279045
870.00000000	16.74170053	14.18650427
870.10000000	16.74546068	14.19109753
870.20000000	16.74854548	14.19456634
870.30000000	16.75083566	14.19671212
870.40000000	16.75057433	14.19460965
870.50000000	16.74910813	14.1905011
870.60000000	16.74616944	14.18394087
870.70000000	16.7424138	14.1760204
870.80000000	16.73901348	14.16869155
870.90000000	16.73642953	14.16272192
871.00000000	16.73642892	14.16105355
871.10000000	16.73807561	14.16212792
871.20000000	16.74221427	14.1673514
871.30000000	16.74865991	14.17641597
871.40000000	16.75601989	14.18700292
871.50000000	16.76423587	14.19901511
871.60000000	16.77166309	14.20971399
871.70000000	16.77811199	14.218784
871.80000000	16.78207972	14.22372288
871.90000000	16.78284964	14.22333743
872.00000000	16.78141741	14.21928542
872.10000000	16.77609312	14.20875317
872.20000000	16.76883689	14.19500425
872.30000000	16.76057569	14.17958202
872.40000000	16.75282264	14.16500583
872.50000000	16.74799811	14.15530562
872.60000000	16.74577873	14.14994297
872.70000000	16.75131179	14.15748813
872.80000000	16.76206364	14.17372257
872.90000000	16.77718347	14.19722967
873.00000000	16.79948722	14.23269791
873.10000000	16.8234756	14.27097096
873.20000000	16.84904569	14.31187747
873.30000000	16.87434781	14.35233775
873.40000000	16.89822046	14.39041793
873.50000000	16.9205023	14.42584944
873.60000000	16.9390004	14.45498108
873.70000000	16.95514916	14.4802011
873.80000000	16.96839099	14.50058115
873.90000000	16.97623523	14.51197433
874.00000000	16.98067176	14.51769374
874.10000000	16.98032705	14.51545248
874.20000000	16.97339571	14.50224462
874.30000000	16.96320868	14.48361609
874.40000000	16.94868566	14.45776823
874.50000000	16.93207201	14.42843949
874.60000000	16.91522851	14.39872802
874.70000000	16.89955929	14.37097169
874.80000000	16.8872362	14.34878657
874.90000000	16.87712453	14.33028343
875.00000000	16.87088109	14.31822083
875.10000000	16.8670951	14.31024983
875.20000000	16.86484962	14.30484376
875.30000000	16.86482903	14.30314211
875.40000000	16.86717296	14.30537738
875.50000000	16.87152759	14.31096043
875.60000000	16.88102282	14.32510254
875.70000000	16.89473846	14.34627157
875.80000000	16.91161871	14.37270962
875.90000000	16.93333206	14.40719468
876.00000000	16.95519787	14.44193358
876.10000000	16.97702337	14.47660532
876.20000000	16.99397962	14.50316985
876.30000000	17.00667876	14.52264636
876.40000000	17.01521034	14.53518395
876.50000000	17.01591457	14.53468914
876.60000000	17.01453249	14.53072067
876.70000000	17.01083942	14.52290443
876.80000000	17.00811408	14.51669945
876.90000000	17.00743582	14.51390282
877.00000000	17.00966829	14.51595251
877.10000000	17.01675578	14.52608572
877.20000000	17.02563225	14.53919756
877.30000000	17.03654551	14.55570063
877.40000000	17.04719367	14.5717623
877.50000000	17.05682306	14.58612774
877.60000000	17.06433741	14.59697168
877.70000000	17.06870338	14.60257362
877.80000000	17.07135776	14.60532577
877.90000000	17.07160117	14.6040637
878.00000000	17.070685	14.60087095
878.10000000	17.06940117	14.59706606
878.20000000	17.06830121	14.5935673
878.30000000	17.06830469	14.59190574
878.40000000	17.06915805	14.59165924
878.50000000	17.07178017	14.59435769
878.60000000	17.07549924	14.59888254
878.70000000	17.07991414	14.60456594
878.80000000	17.08496216	14.61130347
878.90000000	17.0896022	14.61736173
879.00000000	17.09382315	14.62272221
879.10000000	17.09613888	14.62491052
879.20000000	17.09701993	14.62471011
879.30000000	17.09665946	14.62244258
879.40000000	17.09426362	14.6167862
879.50000000	17.09159635	14.61067787
879.60000000	17.08865432	14.60411208
879.70000000	17.08707901	14.59982186
879.80000000	17.08680046	14.59769074
879.90000000	17.08807389	14.59814363
880.00000000	17.09219348	14.60333534
880.10000000	17.09746325	14.61044208
880.20000000	17.10410003	14.61982489
880.30000000	17.11150634	14.63048895
880.40000000	17.11879375	14.64095503
880.50000000	17.125674	14.65074322
880.60000000	17.13131713	14.6584716
880.70000000	17.13629906	14.66509911
880.80000000	17.14036071	14.67019435
880.90000000	17.1441304	14.6748035
881.00000000	17.1479738	14.67953537
881.10000000	17.15226288	14.68500927
881.20000000	17.15710703	14.69140738
881.30000000	17.16218143	14.69818884
881.40000000	17.16737335	14.70516598
881.50000000	17.17222832	14.7115821
881.60000000	17.17681923	14.71755857
881.70000000	17.18083455	14.72257668
881.80000000	17.18465359	14.72726799
881.90000000	17.18838632	14.7318156
882.00000000	17.1923154	14.73669012
882.10000000	17.19625313	14.74157905
882.20000000	17.20011339	14.746339
882.30000000	17.2027536	14.74906757
882.40000000	17.20345812	14.74857323
882.50000000	17.20240802	14.74515746
882.60000000	17.19520102	14.73149048
882.70000000	17.18403071	14.71122465
882.80000000	17.16870415	14.68403869
882.90000000	17.14623102	14.64495377
883.00000000	17.12154091	14.6021776
883.10000000	17.0943517	14.55524044
883.20000000	17.06780066	14.50936575
883.30000000	17.04336621	14.46701509
883.40000000	17.02234879	14.4303537
883.50000000	17.00971358	14.40764863
883.60000000	17.00208854	14.39328549
883.70000000	17.00163221	14.39085827
883.80000000	17.00930825	14.40197151
883.90000000	17.0207233	14.4193102
884.00000000	17.03679188	14.44439702
884.10000000	17.05490413	14.47288651
884.20000000	17.07332933	14.50189704
884.30000000	17.09114796	14.52989761
884.40000000	17.10679754	14.5542867
884.50000000	17.12077524	14.57589209
884.60000000	17.13151112	14.59209989
884.70000000	17.13906635	14.60301191
884.80000000	17.14437992	14.61019159
884.90000000	17.14562674	14.61060015
885.00000000	17.14382477	14.60593249
885.10000000	17.13973196	14.5974506
885.20000000	17.13145517	14.5820024
885.30000000	17.12086077	14.56269538
885.40000000	17.10845993	14.54038062
885.50000000	17.09437987	14.51526995
885.60000000	17.081305	14.49183288
885.70000000	17.0691872	14.46998929
885.80000000	17.06351477	14.45887726
885.90000000	17.06256564	14.45562952
886.00000000	17.06657765	14.46064212
886.10000000	17.0799068	14.48116779
886.20000000	17.09631473	14.50681962
886.30000000	17.11614025	14.53816172
886.40000000	17.13707077	14.5713436
886.50000000	17.15669113	14.60234404
886.60000000	17.17425924	14.62992749
886.70000000	17.18672224	14.64901093
886.80000000	17.19633916	14.66335568
886.90000000	17.20205611	14.67120698
887.00000000	17.20434597	14.67335218
887.10000000	17.20535784	14.67336956
887.20000000	17.20510576	14.67128245
887.30000000	17.20485943	14.66920491
887.40000000	17.20478621	14.66741561
887.50000000	17.2052405	14.6665046
887.60000000	17.20597484	14.66605988
887.70000000	17.20675772	14.66569598
887.80000000	17.20730439	14.6649388
887.90000000	17.20736029	14.66336446
888.00000000	17.20711179	14.66128331
888.10000000	17.20648276	14.65856858
888.20000000	17.2062821	14.65656708
888.30000000	17.20657006	14.65537914
888.40000000	17.20884947	14.65750694
888.50000000	17.2129672	14.66269554
888.60000000	17.21854748	14.67031931
888.70000000	17.22645715	14.68182148
888.80000000	17.23452858	14.693593
888.90000000	17.24271835	14.70556154
889.00000000	17.2487945	14.71401091
889.10000000	17.25315761	14.71960808
889.20000000	17.25570779	14.72218672
889.30000000	17.25549503	14.72016508
889.40000000	17.25489115	14.7174922
889.50000000	17.25392805	14.71422124
889.60000000	17.25453138	14.71355838
889.70000000	17.25634817	14.71491593
889.80000000	17.25983887	14.71906054
889.90000000	17.26496779	14.72593278
890.00000000	17.27031313	14.73316536
890.10000000	17.27558463	14.74027498
890.20000000	17.27932207	14.74483041
890.30000000	17.28204716	14.74770029
890.40000000	17.28315489	14.74787724
890.50000000	17.28324207	14.746355
890.60000000	17.28312147	14.74448678
890.70000000	17.28330899	14.7431316
890.80000000	17.28506299	14.7443846
890.90000000	17.28800846	14.7476214
891.00000000	17.29333397	14.75482096
891.10000000	17.30020385	14.7645919
891.20000000	17.30785823	14.77566903
891.30000000	17.31575406	14.78714818
891.40000000	17.3221045	14.79605425
891.50000000	17.32705207	14.80262454
891.60000000	17.32775538	14.80212814
891.70000000	17.32538333	14.79651128
891.80000000	17.32053572	14.78677258
891.90000000	17.31199543	14.77088559
892.00000000	17.30290724	14.75408632
892.10000000	17.29332356	14.73646207
892.20000000	17.28597454	14.72255851
892.30000000	17.28079246	14.71226292
892.40000000	17.27797489	14.70590422
892.50000000	17.28047255	14.70839542
892.60000000	17.28557688	14.71522672
892.70000000	17.29376957	14.72720013
892.80000000	17.30598443	14.74587049
892.90000000	17.3195836	14.76684572
893.00000000	17.33475863	14.79044475
893.10000000	17.35005554	14.81424672
893.20000000	17.36443077	14.83651409
893.30000000	17.37703266	14.85582887
893.40000000	17.38572698	14.86863751
893.50000000	17.39198199	14.87738471
893.60000000	17.39445888	14.87984132
893.70000000	17.39376416	14.87701718
893.80000000	17.39161107	14.87176487
893.90000000	17.38794454	14.86399266
894.00000000	17.38430963	14.8562731
894.10000000	17.38087763	14.84889138
894.20000000	17.37827776	14.84289517
894.30000000	17.37635513	14.83802656
894.40000000	17.37487292	14.83389125
894.50000000	17.37401688	14.83079851
894.60000000	17.37353495	14.82832866
894.70000000	17.37334504	14.82634504
894.80000000	17.3737721	14.82538866
894.90000000	17.37455557	14.82502571
895.00000000	17.37560574	14.82510683
895.10000000	17.37670372	14.82526755
895.20000000	17.37748661	14.82490363
895.30000000	17.37797875	14.8240556
895.40000000	17.37803559	14.82248281
895.50000000	17.3784908	14.82157332
895.60000000	17.37938526	14.82139516
895.70000000	17.38266875	14.82519474
895.80000000	17.3874997	14.83157087
895.90000000	17.39422701	14.84110445
896.00000000	17.4031563	14.85430433
896.10000000	17.41234369	14.86793395
896.20000000	17.42158624	14.88165542
896.30000000	17.42883674	14.89206011
896.40000000	17.43459064	14.89997295
896.50000000	17.43802637	14.90402604
896.60000000	17.43906355	14.9040855
896.70000000	17.43917017	14.90259559
896.80000000	17.43836105	14.89958098
896.90000000	17.43799058	14.89729671
897.00000000	17.43812431	14.89585193
897.10000000	17.43944985	14.89639152
897.20000000	17.44174459	14.89854483
897.30000000	17.44453328	14.9015206
897.40000000	17.44777129	14.90524446
897.50000000	17.45091528	14.90881178
897.60000000	17.4539731	14.91223564
897.70000000	17.45679647	14.91526913
897.80000000	17.45978876	14.91858388
897.90000000	17.4629864	14.92224053
898.00000000	17.46716454	14.92752972
898.10000000	17.47224906	14.93432806
898.20000000	17.47808474	14.94237707
898.30000000	17.48539968	14.95288907
898.40000000	17.49310278	14.96404735
898.50000000	17.5011597	14.97579476
898.60000000	17.50848946	14.98633144
898.70000000	17.51471552	14.99503045
898.80000000	17.51972157	15.00169813
898.90000000	17.52152029	15.00302558
899.00000000	17.52165008	15.00157423
899.10000000	17.51975186	14.99674622
899.20000000	17.5155115	14.98801853
899.30000000	17.51063356	14.97822927
899.40000000	17.505137	14.96740998
899.50000000	17.50020451	14.95752989
899.60000000	17.49593365	14.94875143
899.70000000	17.4928351	14.94192485
899.80000000	17.49117965	14.93750106
899.90000000	17.49007296	14.93399096
900.00000000	17.48948508	14.93134467
900.10000000	17.48834456	14.92777825
900.20000000	17.48659975	14.92320567
900.30000000	17.48345628	14.9163043
900.40000000	17.47891422	14.90707427
900.50000000	17.47359781	14.89655493
900.60000000	17.46746258	14.88467224
900.70000000	17.46172588	14.87345312
900.80000000	17.45651557	14.86311042
900.90000000	17.45340697	14.8562671
901.00000000	17.45271811	14.85345267
901.10000000	17.45397032	14.85387016
901.20000000	17.45939212	14.86123005
901.30000000	17.46692623	14.87210697
901.40000000	17.47612435	14.88575449
901.50000000	17.48657952	14.90149501
901.60000000	17.49607685	14.91564071
901.70000000	17.50468978	14.92831388
901.80000000	17.50898044	14.93379042
901.90000000	17.51089852	14.93531658
902.00000000	17.51016387	14.93242591
902.10000000	17.50639457	14.92448252
902.20000000	17.50250642	14.91634124
902.30000000	17.49870175	14.90833894
902.40000000	17.49806866	14.90561737
902.50000000	17.49970655	14.906677
902.60000000	17.50454733	14.9130695
902.70000000	17.51289275	14.92529727
902.80000000	17.52234743	14.93937197
902.90000000	17.53282318	14.95514675
903.00000000	17.5425364	14.96965193
903.10000000	17.55154192	14.98297876
903.20000000	17.55922474	14.99410331
903.30000000	17.56616815	15.00399671
903.40000000	17.57296287	15.01364254
903.50000000	17.58007884	15.02382327
903.60000000	17.58779605	15.03500506
903.70000000	17.5956457	15.04640739
903.80000000	17.60298638	15.05696225
903.90000000	17.60794987	15.06355907
904.00000000	17.61078906	15.0666189
904.10000000	17.60784815	15.06005477
904.20000000	17.59995933	15.04525228
904.30000000	17.58824808	15.0240854
904.40000000	17.57015964	14.9923004
904.50000000	17.55005314	14.9571553
904.60000000	17.52829115	14.91925376
904.70000000	17.50721266	14.88249023
904.80000000	17.48790722	14.84867883
904.90000000	17.47033068	14.81774601
905.00000000	17.45750927	14.79473056
905.10000000	17.44666597	14.77500868
905.20000000	17.43810063	14.75907963
905.30000000	17.43280027	14.74858686
905.40000000	17.42900973	14.74060796
905.50000000	17.42706349	14.73569988
905.60000000	17.42792194	14.73546171
905.70000000	17.43013945	14.73748639
905.80000000	17.43410632	14.74242384
905.90000000	17.43946324	14.74967574
906.00000000	17.44502833	14.75727426
906.10000000	17.45050217	14.76472084
906.20000000	17.45452992	14.76975964
906.30000000	17.45750186	14.77304048
906.40000000	17.45864672	14.77327919
906.50000000	17.45831305	14.77105609
906.60000000	17.45735271	14.76778956
906.70000000	17.45594292	14.76377468
906.80000000	17.45543669	14.76126426
906.90000000	17.45596488	14.76047617
907.00000000	17.45950841	14.76470873
907.10000000	17.46728341	14.77598682
907.20000000	17.47845523	14.79292073
907.30000000	17.4974639	14.82290319
907.40000000	17.52239945	14.86275401
907.50000000	17.55159876	14.90970403
907.60000000	17.58742623	14.96769001
907.70000000	17.62367097	15.02637069
907.80000000	17.65991297	15.08504681
907.90000000	17.68994371	15.13338108
908.00000000	17.71325465	15.17052681
908.10000000	17.73028384	15.1972133
908.20000000	17.73209372	15.1985593
908.30000000	17.72740913	15.18909185
908.40000000	17.71533064	15.1673134
908.50000000	17.69543814	15.13252448
908.60000000	17.67392981	15.09504518
908.70000000	17.65091758	15.05506187
908.80000000	17.62940989	15.01758364
908.90000000	17.60912279	14.9821377
909.00000000	17.59082777	14.95000857
909.10000000	17.57572298	14.92319123
909.20000000	17.56291696	14.90020137
909.30000000	17.5539133	14.8835425
909.40000000	17.55201825	14.87871966
909.50000000	17.55519861	14.88234753
909.60000000	17.56707938	14.90046182
909.70000000	17.58764882	14.93304294
909.80000000	17.61266316	14.9730249
909.90000000	17.64320605	15.02221199
910.00000000	17.67377245	15.07143818
910.10000000	17.70302346	15.11847424
910.20000000	17.72674625	15.15630569
910.30000000	17.74311309	15.18188936
910.40000000	17.75398677	15.1983268
910.50000000	17.75392378	15.19655441
910.60000000	17.74719637	15.18368561
910.70000000	17.73536491	15.16231845
910.80000000	17.7160711	15.12852632
910.90000000	17.69433254	15.09066364
911.00000000	17.67049623	15.04930814
911.10000000	17.64644979	15.00760274
911.20000000	17.62398389	14.96852893
911.30000000	17.60312147	14.9321249
911.40000000	17.58849183	14.90609859
911.50000000	17.57771869	14.88649343
911.60000000	17.57149041	14.87445558
911.70000000	17.57467517	14.87809077
911.80000000	17.58317162	14.8905701
911.90000000	17.59829844	14.91408919
912.00000000	17.62319035	14.95386743
912.10000000	17.65206032	15.00026919
912.20000000	17.68576422	15.05471951
912.30000000	17.72051871	15.11091905
912.40000000	17.75309843	15.16349754
912.50000000	17.78102074	15.20832137
912.60000000	17.79870611	15.23610044
912.70000000	17.80975574	15.25283085
912.80000000	17.81001219	15.25159035
912.90000000	17.80171257	15.23610374
913.00000000	17.78930901	15.21378396
913.10000000	17.77301866	15.1849926
913.20000000	17.75809522	15.15847719
913.30000000	17.74475246	15.13459366
913.40000000	17.73643624	15.11907942
913.50000000	17.73206447	15.11013279
913.60000000	17.73030317	15.10553267
913.70000000	17.73164138	15.10609329
913.80000000	17.73294901	15.10660301
913.90000000	17.73403684	15.10674675
914.00000000	17.7325789	15.10265172
914.10000000	17.72902733	15.09507073
914.20000000	17.72365763	15.08446251
914.30000000	17.71513821	15.06860992
914.40000000	17.70616815	15.05200699
914.50000000	17.69674125	15.0346434
914.60000000	17.69030614	15.02226121
914.70000000	17.6870848	15.01523004
914.80000000	17.68768907	15.01456862
914.90000000	17.69648432	15.02754544
915.00000000	17.7088728	15.04650507
915.10000000	17.72557197	15.07264214
915.20000000	17.74476111	15.10292506
915.30000000	17.76322491	15.13200026
915.40000000	17.77990309	15.15810235
915.50000000	17.79102052	15.17494564
915.60000000	17.79864899	15.18597971
915.70000000	17.8009874	15.18820571
915.80000000	17.79840364	15.18223614
915.90000000	17.79343232	15.17229124
916.00000000	17.78552509	15.15745794
916.10000000	17.77576975	15.13954749
916.20000000	17.7647754	15.11957405
916.30000000	17.75176001	15.09623551
916.40000000	17.7366342	15.06938304
916.50000000	17.72014524	15.04026085
916.60000000	17.70194427	15.00828806
916.70000000	17.68492791	14.97828763
916.80000000	17.66954089	14.95100008
916.90000000	17.66182657	14.93648783
917.00000000	17.66319959	14.9371064
917.10000000	17.67206733	14.95020397
917.20000000	17.69757286	14.99100412
917.30000000	17.73056622	15.04427167
917.40000000	17.76954286	15.1075015
917.50000000	17.81291857	15.1780558
917.60000000	17.85278084	15.24276011
917.70000000	17.88929137	15.3018837
917.80000000	17.91228472	15.33850083
917.90000000	17.927417	15.36202903
918.00000000	17.93353796	15.37055309
918.10000000	17.92682688	15.35771139
918.20000000	17.9157169	15.33754536
918.30000000	17.89953162	15.30892881
918.40000000	17.88091378	15.27626198
918.50000000	17.86214164	15.24333826
918.60000000	17.84385666	15.21122567
918.70000000	17.82760446	15.18249772
918.80000000	17.81272272	15.15605161
918.90000000	17.80017021	15.13348372
919.00000000	17.79132946	15.11709603
919.10000000	17.78523861	15.105287
919.20000000	17.78413932	15.10178907
919.30000000	17.78880251	15.10788588
919.40000000	17.79703897	15.11993231
919.50000000	17.81084193	15.14124714
919.60000000	17.82766655	15.16759312
919.70000000	17.84598802	15.1964314
919.80000000	17.86519221	15.22673944
919.90000000	17.88327494	15.2551802
920.00000000	17.90033024	15.28191027
920.10000000	17.91455312	15.30392428
920.20000000	17.92662484	15.32235653
920.30000000	17.9369783	15.33792783
920.40000000	17.94408057	15.34808581
920.50000000	17.94942027	15.35530904
920.60000000	17.9532218	15.35997118
920.70000000	17.95419649	15.35992652
920.80000000	17.95406051	15.35803255
920.90000000	17.95278036	15.35423349
921.00000000	17.95016405	15.3482097
921.10000000	17.94727831	15.34173729
921.20000000	17.94411015	15.33479465
921.30000000	17.94101592	15.32797509
921.40000000	17.93797716	15.3212479
921.50000000	17.93502152	15.3146591
921.60000000	17.93190644	15.30780484
921.70000000	17.92858575	15.30060821
921.80000000	17.92493207	15.29285716
921.90000000	17.92065155	15.28406238
922.00000000	17.91588541	15.27445903
922.10000000	17.9103188	15.26352289
922.20000000	17.9034678	15.25044817
922.30000000	17.89569916	15.23584555
922.40000000	17.88635603	15.21862135
922.50000000	17.87577461	15.19933534
922.60000000	17.8647669	15.17933952
922.70000000	17.8540446	15.15981891
922.80000000	17.84598124	15.14472553
922.90000000	17.84035141	15.13368405
923.00000000	17.84112039	15.13329685
923.10000000	17.84771177	15.14260418
923.20000000	17.85849288	15.15888756
923.30000000	17.87605741	15.18646561
923.40000000	17.89562242	15.2173745
923.50000000	17.91645736	15.25039786
923.60000000	17.93606042	15.28137009
923.70000000	17.95311521	15.30809935
923.80000000	17.96793273	15.33110347
923.90000000	17.97714791	15.34477953
924.00000000	17.98388263	15.3543255
924.10000000	17.98804564	15.35958949
924.20000000	17.9886832	15.35898348
924.30000000	17.9881459	15.3564213
924.40000000	17.98627568	15.35163974
924.50000000	17.98315461	15.34477548
924.60000000	17.97973577	15.33741541
924.70000000	17.97603698	15.32958921
924.80000000	17.97277324	15.3224874
924.90000000	17.97007565	15.31632824
925.00000000	17.96833865	15.31176849
925.10000000	17.96846474	15.31031086
925.20000000	17.96989593	15.31102626
925.30000000	17.97345649	15.31528715
925.40000000	17.97990949	15.32436405
925.50000000	17.9881688	15.33644854
925.60000000	17.99932241	15.35335215
925.70000000	18.01258072	15.37376015
925.80000000	18.02673687	15.3956631
925.90000000	18.0414168	15.41843818
926.00000000	18.05450507	15.43856308
926.10000000	18.06609773	15.45619775
926.20000000	18.07368093	15.4671565
926.30000000	18.07782994	15.4723972
926.40000000	18.07951658	15.47353795
926.50000000	18.07743046	15.46839689
926.60000000	18.07422791	15.46139694
926.70000000	18.07021776	15.4530523
926.80000000	18.06627954	15.44482742
926.90000000	18.0627186	15.43723074
927.00000000	18.05948815	15.43018433
927.10000000	18.0562328	15.42309645
927.20000000	18.05242249	15.41508455
927.30000000	18.04802079	15.40608797
927.40000000	18.04228159	15.39486438
927.50000000	18.03640217	15.38340733
927.60000000	18.03042076	15.37178045
927.70000000	18.02647915	15.36354993
927.80000000	18.02448256	15.35855794
927.90000000	18.02524883	15.35816622
928.00000000	18.03068925	15.36555715
928.10000000	18.03832889	15.37660987
928.20000000	18.04879542	15.39236947
928.30000000	18.0607094	15.41053913
928.40000000	18.07265334	15.42875869
928.50000000	18.08394866	15.44589828
928.60000000	18.09329173	15.45978728
928.70000000	18.10139147	15.4716061
928.80000000	18.10748742	15.48008852
928.90000000	18.11230955	15.48644999
929.00000000	18.11645335	15.491682
929.10000000	18.11983281	15.49564135
929.20000000	18.12231928	15.49811384
929.30000000	18.12394973	15.49916102
929.40000000	18.1231608	15.49617982
929.50000000	18.1196608	15.48868459
929.60000000	18.11407606	15.47771816
929.70000000	18.10453205	15.46015938
929.80000000	18.09369782	15.44045234
929.90000000	18.08196058	15.41924173
930.00000000	18.07160847	15.40033744
930.10000000	18.06353859	15.38523314
930.20000000	18.05755239	15.37359826
930.30000000	18.05627573	15.36980497
930.40000000	18.05616776	15.36795759
930.50000000	18.0573271	15.36822034
930.60000000	18.05801263	15.36769417
930.70000000	18.05796478	15.36594689
930.80000000	18.05698348	15.36264538
930.90000000	18.05600384	15.35934663
931.00000000	18.05617483	15.35796372
931.10000000	18.05818742	15.35964716
931.20000000	18.06415048	15.36790831
931.30000000	18.07181468	15.37900193
931.40000000	18.08157055	15.39357828
931.50000000	18.09068021	15.40707865
931.60000000	18.0981758	15.41789152
931.70000000	18.10210196	15.42276115
931.80000000	18.1004876	15.41840556
931.90000000	18.09554889	15.40851478
932.00000000	18.08548367	15.39008813
932.10000000	18.07241166	15.36665503
932.20000000	18.0579333	15.34088027
932.30000000	18.04279659	15.3140093
932.40000000	18.0296312	15.29042066
932.50000000	18.01849711	15.27021421
932.60000000	18.01374345	15.26063148
932.70000000	18.01628606	15.26319742
932.80000000	18.02465022	15.27545655
932.90000000	18.04563877	15.30873591
933.00000000	18.07340879	15.35330671
933.10000000	18.10621712	15.4062665
933.20000000	18.14363323	15.4668984
933.30000000	18.17844087	15.52318711
933.40000000	18.21093653	15.57562628
933.50000000	18.23149198	15.6081845
933.60000000	18.24488587	15.62881838
933.70000000	18.25056328	15.63660394
933.80000000	18.24469805	15.62517042
933.90000000	18.2358208	15.60872173
934.00000000	18.22365724	15.58680119
934.10000000	18.2125311	15.56660802
934.20000000	18.20335433	15.54966065
934.30000000	18.19724094	15.53781395
934.40000000	18.19500178	15.53241802
934.50000000	18.19389988	15.5289157
934.60000000	18.19378861	15.52706281
934.70000000	18.19256991	15.523366
934.80000000	18.1905302	15.51830216
934.90000000	18.187093	15.51091144
935.00000000	18.18372769	15.50364042
935.10000000	18.18118326	15.4977362
935.20000000	18.1812338	15.49615272
935.30000000	18.18537313	15.50137729
935.40000000	18.19215829	15.51100729
935.50000000	18.20322525	15.52776667
935.60000000	18.21548393	15.54651034
935.70000000	18.22783702	15.56541121
935.80000000	18.23727097	15.57945157
935.90000000	18.24178369	15.58529786
936.00000000	18.24235613	15.58458336
936.10000000	18.2341639	15.56927527
936.20000000	18.22154164	15.54659097
936.30000000	18.20532804	15.51792691
936.40000000	18.18597795	15.48404045
936.50000000	18.16742404	15.45147963
936.60000000	18.1496067	15.42014523
936.70000000	18.13674568	15.39706332
936.80000000	18.12620797	15.37784984
936.90000000	18.11830223	15.36301872
937.00000000	18.11294991	15.35243916
937.10000000	18.10772384	15.34206979
937.20000000	18.10249079	15.33168881
937.30000000	18.09611488	15.3194049
937.40000000	18.08939699	15.30655155
937.50000000	18.08234171	15.29313641
937.60000000	18.07647531	15.28170083
937.70000000	18.07181762	15.27227779
937.80000000	18.06924059	15.2663192
937.90000000	18.07001358	15.2659386
938.00000000	18.07303863	15.26930782
938.10000000	18.07973758	15.27879432
938.20000000	18.09144722	15.29662394
938.30000000	18.10665506	15.32027826
938.40000000	18.12811225	15.35433807
938.50000000	18.1553388	15.39800417
938.60000000	18.185657	15.44681795
938.70000000	18.21991061	15.50218436
938.80000000	18.25328294	15.55608335
938.90000000	18.28499631	15.6072201
939.00000000	18.31009032	15.64733529
939.10000000	18.32762944	15.67487122
939.20000000	18.33932251	15.69267318
939.30000000	18.33927136	15.69092036
939.40000000	18.33360301	15.67981463
939.50000000	18.32336394	15.66109838
939.60000000	18.30852327	15.63472023
939.70000000	18.29385985	15.60863724
939.80000000	18.2793576	15.58282259
939.90000000	18.26909063	15.5640599
940.00000000	18.26161413	15.54994348
940.10000000	18.25731161	15.54111192
940.20000000	18.25871601	15.54178267
940.30000000	18.26261071	15.5465999
940.40000000	18.26946337	15.55634229
940.50000000	18.27970076	15.57172043
940.60000000	18.29115196	15.58911964
940.70000000	18.30399678	15.6088393
940.80000000	18.31737944	15.62945449
940.90000000	18.33051756	15.64966251
941.00000000	18.34300116	15.66878074
941.10000000	18.35348963	15.68457696
941.20000000	18.3623882	15.69772592
941.30000000	18.36846859	15.70618247
941.40000000	18.37094543	15.70863889
941.50000000	18.37122453	15.70743596
941.60000000	18.3680637	15.70050535
941.70000000	18.36302713	15.69045152
941.80000000	18.35721156	15.67910064
941.90000000	18.35148388	15.66789607
942.00000000	18.34760952	15.6597774
942.10000000	18.3452876	15.65424362
942.20000000	18.34678179	15.65506388
942.30000000	18.35080752	15.66009928
942.40000000	18.35665101	15.66816136
942.50000000	18.36460928	15.67974467
942.60000000	18.37234176	15.69095202
942.70000000	18.37978096	15.70167106
942.80000000	18.38420905	15.70737642
942.90000000	18.38601706	15.7087192
943.00000000	18.3853407	15.70592537
943.10000000	18.37900867	15.69371453
943.20000000	18.37029051	15.67753064
943.30000000	18.35886628	15.656841
943.40000000	18.34436019	15.63101989
943.50000000	18.32913858	15.60400739
943.60000000	18.31321908	15.57583287
943.70000000	18.29823626	15.54921794
943.80000000	18.28428569	15.52432178
943.90000000	18.27200912	15.50221288
944.00000000	18.26285328	15.48530016
944.10000000	18.25555293	15.47147695
944.20000000	18.25102556	15.4622709
944.30000000	18.24942151	15.45793237
944.40000000	18.24923825	15.45595955
944.50000000	18.25085529	15.45698433
944.60000000	18.25316854	15.45916834
944.70000000	18.25562096	15.46158408
944.80000000	18.25775716	15.46347331
944.90000000	18.25928795	15.46435448
945.00000000	18.26051995	15.46473815
945.10000000	18.26154971	15.46478507
945.20000000	18.26301865	15.46556324
945.30000000	18.26483924	15.46692695
945.40000000	18.26745165	15.46960908
945.50000000	18.27015961	15.47245032
945.60000000	18.27284012	15.47524585
945.70000000	18.2745473	15.47642072
945.80000000	18.2753135	15.47602878
945.90000000	18.27528997	15.47432191
946.00000000	18.27414524	15.47074816
946.10000000	18.27307517	15.46729872
946.20000000	18.27207573	15.46396687
946.30000000	18.27235254	15.46276008
946.40000000	18.2733588	15.46276786
946.50000000	18.27519393	15.46415578
946.60000000	18.27780356	15.46683327
946.70000000	18.28031208	15.46934243
946.80000000	18.28260642	15.47149496
946.90000000	18.28371917	15.47168006
947.00000000	18.28417403	15.47076971
947.10000000	18.28373869	15.46837713
947.20000000	18.28304601	15.46555607
947.30000000	18.28290126	15.46364733
947.40000000	18.28404282	15.46388039
947.50000000	18.28891194	15.4703201
947.60000000	18.29663074	15.48150473
947.70000000	18.30942189	15.50113515
947.80000000	18.32773519	15.52996031
947.90000000	18.34904832	15.56378035
948.00000000	18.37450384	15.6044977
948.10000000	18.40085795	15.64671123
948.20000000	18.4269335	15.68846091
948.30000000	18.45039907	15.72586482
948.40000000	18.46950639	15.75601198
948.50000000	18.48526231	15.78057886
948.60000000	18.49402458	15.79350091
948.70000000	18.49845729	15.79921396
948.80000000	18.49968532	15.79959101
948.90000000	18.49681897	15.79315069
949.00000000	18.49359338	15.78611219
949.10000000	18.49015171	15.77871391
949.20000000	18.48942748	15.77584034
949.30000000	18.49104767	15.77687038
949.40000000	18.49496551	15.78172612
949.50000000	18.50289215	15.79325679
949.60000000	18.51154162	15.80599102
949.70000000	18.52095393	15.81999541
949.80000000	18.52867178	15.83117843
949.90000000	18.53458826	15.83936206
950.00000000	18.53808843	15.84352236
950.10000000	18.53750182	15.84087794
950.20000000	18.53511897	15.83524266
950.30000000	18.5304884	15.82586477
950.40000000	18.52449841	15.81422336
950.50000000	18.51823516	15.80212696
950.60000000	18.51197884	15.79004211
950.70000000	18.50668333	15.77955705
950.80000000	18.50224574	15.77050049
950.90000000	18.49949946	15.76426006
951.00000000	18.49909619	15.7619209
951.10000000	18.50025584	15.7621841
951.20000000	18.50410185	15.76692024
951.30000000	18.50982094	15.7747752
951.40000000	18.51651244	15.78424928
951.50000000	18.52392557	15.7949249
951.60000000	18.5304617	15.80414029
951.70000000	18.53614327	15.81193276
951.80000000	18.53913922	15.81525351
951.90000000	18.53978329	15.81465823
952.00000000	18.53853886	15.81091847
952.10000000	18.5335154	15.80088639
952.20000000	18.52664109	15.78777253
952.30000000	18.518187	15.77202821
952.40000000	18.50837155	15.75401716
952.50000000	18.4993473	15.73732349
952.60000000	18.49112181	15.72195981
952.70000000	18.48778314	15.71473299
952.80000000	18.48776353	15.71303263
952.90000000	18.4916257	15.71779569
953.00000000	18.50147597	15.73252932
953.10000000	18.51314943	15.75029869
953.20000000	18.52681841	15.77139072
953.30000000	18.54015672	15.79193217
953.40000000	18.55235434	15.8105743
953.50000000	18.56262807	15.82601303
953.60000000	18.57005936	15.83671891
953.70000000	18.57621461	15.8453001
953.80000000	18.58079731	15.85126288
953.90000000	18.58474045	15.85616077
954.00000000	18.58857085	15.86087092
954.10000000	18.59256887	15.86586018
954.20000000	18.59712283	15.87177512
954.30000000	18.60205751	15.87832398
954.40000000	18.60767713	15.88601332
954.50000000	18.61362105	15.89424264
954.60000000	18.61961268	15.90255139
954.70000000	18.62511855	15.91005133
954.80000000	18.62918284	15.91515094
954.90000000	18.63200008	15.91817413
955.00000000	18.63149204	15.91566049
955.10000000	18.62853349	15.9090666
955.20000000	18.62367072	15.89930203
955.30000000	18.61596063	15.8847965
955.40000000	18.60757254	15.86916205
955.50000000	18.59860454	15.852562
955.60000000	18.58980119	15.83623612
955.70000000	18.58100937	15.81992943
955.80000000	18.57223194	15.80364669
955.90000000	18.56224915	15.78535695
956.00000000	18.55122077	15.76532621
956.10000000	18.5389433	15.74321564
956.20000000	18.52557225	15.71928418
956.30000000	18.51283105	15.69640143
956.40000000	18.50122751	15.67541294
956.50000000	18.49465237	15.6627971
956.60000000	18.49157737	15.65600925
956.70000000	18.49366129	15.65781139
956.80000000	18.50176022	15.66962897
956.90000000	18.51227406	15.68546755
957.00000000	18.52546746	15.70576779
957.10000000	18.53835161	15.7255531
957.20000000	18.55016229	15.74355099
957.30000000	18.55920223	15.7569354
957.40000000	18.56451128	15.76410761
957.50000000	18.56762259	15.76762043
957.60000000	18.56754264	15.76581956
957.70000000	18.56658107	15.76255075
957.80000000	18.56549056	15.75906723
957.90000000	18.56586495	15.75802287
958.00000000	18.56872853	15.76112321
958.10000000	18.57353243	15.76745431
958.20000000	18.58243064	15.78060273
958.30000000	18.59363451	15.79759023
958.40000000	18.60656208	15.81744782
958.50000000	18.6215372	15.84071472
958.60000000	18.63642743	15.86384026
958.70000000	18.65119372	15.88675944
958.80000000	18.66353502	15.90564084
958.90000000	18.67368314	15.92087045
959.00000000	18.68160187	15.93238797
959.10000000	18.68438079	15.93534733
959.20000000	18.68479337	15.93436657
959.30000000	18.68244889	15.92879511
959.40000000	18.67674001	15.91762169
959.50000000	18.66992651	15.90460899
959.60000000	18.66187373	15.88953281
959.70000000	18.65313987	15.87332257
959.80000000	18.64418327	15.85674145
959.90000000	18.63503759	15.83984548
960.00000000	18.62579432	15.82278702
960.10000000	18.61663432	15.80586722
960.20000000	18.60777049	15.78944053
960.30000000	18.60030904	15.7753489
960.40000000	18.59411751	15.76337178
960.50000000	18.59054923	15.75576256
960.60000000	18.59035467	15.75377085
960.70000000	18.5923518	15.75542846
960.80000000	18.59795186	15.76308524
960.90000000	18.60573176	15.77437161
961.00000000	18.61471842	15.78766732
961.10000000	18.62477367	15.80274231
961.20000000	18.63434343	15.81700894
961.30000000	18.64331654	15.83028208
961.40000000	18.64976313	15.83934839
961.50000000	18.65341544	15.84376199
961.60000000	18.65472185	15.84426951
961.70000000	18.65035104	15.83532404
961.80000000	18.64282196	15.82111979
961.90000000	18.6324827	15.80223638
962.00000000	18.61887643	15.77791311
962.10000000	18.60605289	15.75489314
962.20000000	18.59406933	15.73327177
962.30000000	18.58951173	15.72401522
962.40000000	18.59044057	15.72389404
962.50000000	18.59798887	15.73479479
962.60000000	18.61637493	15.76374131
962.70000000	18.63849266	15.79890131
962.80000000	18.66482409	15.84107742
962.90000000	18.69119932	15.88332642
963.00000000	18.7153078	15.92180109
963.10000000	18.73536515	15.95353032
963.20000000	18.74791034	15.97275125
963.30000000	18.75635777	15.9851491
963.40000000	18.75900515	15.98788943
963.50000000	18.75798867	15.98452916
963.60000000	18.75570211	15.97905412
963.70000000	18.75284473	15.9726286
963.80000000	18.7512472	15.96830085
963.90000000	18.75055618	15.96548249
964.00000000	18.7515737	15.96550899
964.10000000	18.75336494	15.96682377
964.20000000	18.75555352	15.96880016
964.30000000	18.75791486	15.97106421
964.40000000	18.76059266	15.97385521
964.50000000	18.76368256	15.97733236
964.60000000	18.7687096	15.984035
964.70000000	18.77616702	15.99478442
964.80000000	18.7856423	16.00889372
964.90000000	18.79972126	16.03066851
965.00000000	18.81544443	16.05518103
965.10000000	18.8325622	16.08201569
965.20000000	18.84862925	16.10710082
965.30000000	18.86161221	16.12705071
965.40000000	18.87137628	16.14164092
965.50000000	18.87128749	16.13982531
965.60000000	18.86582734	16.12906597
965.70000000	18.85390051	16.10753908
965.80000000	18.83369026	16.07221967
965.90000000	18.81106597	16.03288071
966.00000000	18.78594297	15.98938121
966.10000000	18.76301093	15.94952981
966.20000000	18.74301668	15.91457005
966.30000000	18.72831924	15.88842987
966.40000000	18.72256699	15.87718413
966.50000000	18.72201353	15.87459478
966.60000000	18.72914314	15.88479838
966.70000000	18.74267036	15.90565451
966.80000000	18.75916282	15.931448
966.90000000	18.77897187	15.96276386
967.00000000	18.79903923	15.99450981
967.10000000	18.81859231	16.02539946
967.20000000	18.83591093	16.05256854
967.30000000	18.85037137	16.07497854
967.40000000	18.86290401	16.0941786
967.50000000	18.87236826	16.10826957
967.60000000	18.88070996	16.1204914
967.70000000	18.88834423	16.1315353
967.80000000	18.89567635	16.14207609
967.90000000	18.90261342	16.1519591
968.00000000	18.90910514	16.16110058
968.10000000	18.91281611	16.16561187
968.20000000	18.91344044	16.16498366
968.30000000	18.91127225	16.15970567
968.40000000	18.9018036	16.14227183
968.50000000	18.88938261	16.1199221
968.60000000	18.87371928	16.09217362
968.70000000	18.85599527	16.06099396
968.80000000	18.83931464	16.0315516
968.90000000	18.82420546	16.00472583
969.00000000	18.81505975	15.98782971
969.10000000	18.80926208	15.97650833
969.20000000	18.8079085	15.97258672
969.30000000	18.81064818	15.97548072
969.40000000	18.81439451	15.98005089
969.50000000	18.81881982	15.98575159
969.60000000	18.82212308	15.989584
969.70000000	18.82483142	15.99242582
969.80000000	18.82670983	15.99388575
969.90000000	18.82940621	15.99670764
970.00000000	18.83323753	16.00141932
970.10000000	18.83984525	16.01075392
970.20000000	18.84994903	16.02590975
970.30000000	18.8621864	16.04461819
970.40000000	18.87764457	16.0686895
970.50000000	18.89420253	16.09459208
970.60000000	18.91109562	16.12105266
970.70000000	18.92700859	16.14588128
970.80000000	18.94074116	16.16707936
970.90000000	18.95271538	16.18534964
971.00000000	18.9606681	16.1969238
971.10000000	18.96656609	16.20507666
971.20000000	18.97088377	16.21059818
971.30000000	18.97411444	16.21430972
971.40000000	18.9780566	16.21920597
971.50000000	18.98264535	16.22517884
971.60000000	18.98961284	16.23511252
971.70000000	18.99685136	16.24549748
971.80000000	19.00438941	16.2563812
971.90000000	19.00814831	16.2609723
972.00000000	19.00781367	16.25874731
972.10000000	19.00225808	16.24782897
972.20000000	18.98573357	16.21864646
972.30000000	18.96400711	16.18080229
972.40000000	18.93562731	16.13187976
972.50000000	18.9043024	16.07805337
972.60000000	18.87439835	16.02659283
972.70000000	18.84884161	15.98237086
972.80000000	18.83546238	15.95842546
972.90000000	18.83005095	15.94774714
973.00000000	18.83742738	15.95836173
973.10000000	18.85546381	15.98672616
973.20000000	18.878171	16.02286778
973.30000000	18.90538925	16.06652068
973.40000000	18.93081907	16.10719567
973.50000000	18.95382972	16.14384253
973.60000000	18.96995889	16.16903117
973.70000000	18.97859556	16.18174415
973.80000000	18.98203166	16.18579776
973.90000000	18.97657154	16.17503839
974.00000000	18.96712833	16.15764685
974.10000000	18.9550803	16.13591805
974.20000000	18.94224947	16.11288584
974.30000000	18.93198662	16.09412952
974.40000000	18.92404527	16.07923867
974.50000000	18.92372266	16.07703369
974.60000000	18.92771924	16.08202054
974.70000000	18.93567146	16.09359385
974.80000000	18.94970756	16.11529736
974.90000000	18.96519736	16.1394214
975.00000000	18.98226614	16.16617457
975.10000000	19.00051184	16.19488741
975.20000000	19.01923814	16.2244005
975.30000000	19.0385479	16.25488514
975.40000000	19.05917855	16.28756918
975.50000000	19.08004367	16.32064365
975.60000000	19.10113431	16.35409368
975.70000000	19.11970679	16.38335078
975.80000000	19.13525194	16.40756712
975.90000000	19.14563386	16.42318619
976.00000000	19.14671896	16.42332518
976.10000000	19.14212889	16.41401444
976.20000000	19.12871142	16.39000526
976.30000000	19.10858974	16.35483299
976.40000000	19.08568532	16.31502722
976.50000000	19.06111483	16.27244736
976.60000000	19.04062594	16.23666375
976.70000000	19.02395974	16.20724526
976.80000000	19.01703315	16.19404408
976.90000000	19.0191335	16.19587352
977.00000000	19.02732908	16.20785207
977.10000000	19.044652	16.23502844
977.20000000	19.06441229	16.26626323
977.30000000	19.08534764	16.29945465
977.40000000	19.10333663	16.32774012
977.50000000	19.1165975	16.34815286
977.60000000	19.12587283	16.36192931
977.70000000	19.12605201	16.36055986
977.80000000	19.12267263	16.35326506
977.90000000	19.11594434	16.34039402
978.00000000	19.10716299	16.32410446
978.10000000	19.09932241	16.30938136
978.20000000	19.09258454	16.29649438
978.30000000	19.08911469	16.28904896
978.40000000	19.08677664	16.28348808
978.50000000	19.08574493	16.28010237
978.60000000	19.08520012	16.2775274
978.70000000	19.08495136	16.27544537
978.80000000	19.08510978	16.27404133
978.90000000	19.0881268	16.27739712
979.00000000	19.09395099	16.2854271
979.10000000	19.1045195	16.30135679
979.20000000	19.12206966	16.32891159
979.30000000	19.1430256	16.36213732
979.40000000	19.16843839	16.40278416
979.50000000	19.19402107	16.44371395
979.60000000	19.21803215	16.48202693
979.70000000	19.2369495	16.51185842
979.80000000	19.24774984	16.52817426
979.90000000	19.2529061	16.53509214
980.00000000	19.24777028	16.52487262
980.10000000	19.23603926	16.50367142
980.20000000	19.22008354	16.4754357
980.30000000	19.19950643	16.43950496
980.40000000	19.17880646	16.4033697
980.50000000	19.15831237	16.36757729
980.60000000	19.14167114	16.33820029
980.70000000	19.1286411	16.31483624
980.80000000	19.11872637	16.29665948
980.90000000	19.11526535	16.28922874
981.00000000	19.11434205	16.28602353
981.10000000	19.11583891	16.28684811
981.20000000	19.11946017	16.29121001
981.30000000	19.12267273	16.29489137
981.40000000	19.12539158	16.29775068
981.50000000	19.12497664	16.29539194
981.60000000	19.12254256	16.28967113
981.70000000	19.11755139	16.27969254
981.80000000	19.10910571	16.26396188
981.90000000	19.09946862	16.2462474
982.00000000	19.08851659	16.22634343
982.10000000	19.07795391	16.20708774
982.20000000	19.06822273	16.18921659
982.30000000	19.0601691	16.17413869
982.40000000	19.05464327	16.16326982
982.50000000	19.05046452	16.15464396
982.60000000	19.04818806	16.14918559
982.70000000	19.04697074	16.14549077
982.80000000	19.04618101	16.14250794
982.90000000	19.04564778	16.13995221
983.00000000	19.04498702	16.13718412
983.10000000	19.04423793	16.13426896
983.20000000	19.04333312	16.13109451
983.30000000	19.04240596	16.12788283
983.40000000	19.04147521	16.12466518
983.50000000	19.04062414	16.12158021
983.60000000	19.03995718	16.11880178
983.70000000	19.03947659	16.11633369
983.80000000	19.03972728	16.11508325
983.90000000	19.04083161	16.1152542
984.00000000	19.04269172	16.1166836
984.10000000	19.04671396	16.12171316
984.20000000	19.05183246	16.1285681
984.30000000	19.05800442	16.13717716
984.40000000	19.06496064	16.1470921
984.50000000	19.07126168	16.15591609
984.60000000	19.0767904	16.16345408
984.70000000	19.07921006	16.16581518
984.80000000	19.08004247	16.16553337
984.90000000	19.07891321	16.16198516
985.00000000	19.07709323	16.15728686
985.10000000	19.07644241	16.15453531
985.20000000	19.07798487	16.15543579
985.30000000	19.08549048	16.16626551
985.40000000	19.09660263	16.18310046
985.50000000	19.11302483	16.20877717
985.60000000	19.13325967	16.24080227
985.70000000	19.15421629	16.2740292
985.80000000	19.17464287	16.30637354
985.90000000	19.19049791	16.33110584
986.00000000	19.20274696	16.34983382
986.10000000	19.20786996	16.35669625
986.20000000	19.20677702	16.35320855
986.30000000	19.2020048	16.34359448
986.40000000	19.1925739	16.32622329
986.50000000	19.18286216	16.30838445
986.60000000	19.17357547	16.29125336
986.70000000	19.16850749	16.28114681
986.80000000	19.16809572	16.27879331
986.90000000	19.17132488	16.28250232
987.00000000	19.18096195	16.29688111
987.10000000	19.19192502	16.31346782
987.20000000	19.2038313	16.33162507
987.30000000	19.21210702	16.34373706
987.40000000	19.21616543	16.34882685
987.50000000	19.21610596	16.34705998
987.60000000	19.20727104	16.33068111
987.70000000	19.19585627	16.31000654
987.80000000	19.18153701	16.28449571
987.90000000	19.16793334	16.26017639
988.00000000	19.15663092	16.23968887
988.10000000	19.14866701	16.22476028
988.20000000	19.14658247	16.21962142
988.30000000	19.14652925	16.21786493
988.40000000	19.14872527	16.21985364
988.50000000	19.14996304	16.22024677
988.60000000	19.14965381	16.21806399
988.70000000	19.14635034	16.2108955
988.80000000	19.13948503	16.19779616
988.90000000	19.13126012	16.18243293
989.00000000	19.12195173	16.1652656
989.10000000	19.11555759	16.15295077
989.20000000	19.11227469	16.1458165
989.30000000	19.11656191	16.15128727
989.40000000	19.12997205	16.1719487
989.50000000	19.14948551	16.20277277
989.60000000	19.17933749	16.2508115
989.70000000	19.21394492	16.30676849
989.80000000	19.25090248	16.36663862
989.90000000	19.28779767	16.42640487
990.00000000	19.32027293	16.47881154
990.10000000	19.34895188	16.524897
990.20000000	19.36723389	16.55367053
990.30000000	19.37876235	16.57119873
990.40000000	19.384542	16.57915457
990.50000000	19.37997767	16.56988662
990.60000000	19.37147983	16.55406897
990.70000000	19.35901177	16.53164049
990.80000000	19.34128212	16.50045097
990.90000000	19.32170336	16.4661825
991.00000000	19.3000198	16.42840933
991.10000000	19.27660411	16.387752
991.20000000	19.25299326	16.34676967
991.30000000	19.2294005	16.30581744
991.40000000	19.20789247	16.26833647
991.50000000	19.18794519	16.23345425
991.60000000	19.17049596	16.20273151
991.70000000	19.15671327	16.1781139
991.80000000	19.14488942	16.15675796
991.90000000	19.13590994	16.14013819
992.00000000	19.12994708	16.1285414
992.10000000	19.12586638	16.12007864
992.20000000	19.12480122	16.11663709
992.30000000	19.12686484	16.11840532
992.40000000	19.1308345	16.12334734
992.50000000	19.13771105	16.13312968
992.60000000	19.14609277	16.14541828
992.70000000	19.1551099	16.15876492
992.80000000	19.16396455	16.171841
992.90000000	19.17107538	16.18201342
993.00000000	19.17671123	16.18972982
993.10000000	19.17855412	16.19113051
993.20000000	19.17787856	16.1883377
993.30000000	19.17529331	16.18236504
993.40000000	19.1703254	16.17242498
993.50000000	19.16542899	16.16260397
993.60000000	19.16065719	16.15299043
993.70000000	19.15899301	16.14855144
993.80000000	19.16015168	16.14881282
993.90000000	19.16417525	16.1538446
994.00000000	19.17482747	16.16991387
994.10000000	19.18842354	16.19088496
994.20000000	19.20536069	16.21741933
994.30000000	19.22616066	16.25038568
994.40000000	19.24781486	16.28477438
994.50000000	19.27032338	16.32058557
994.60000000	19.29203331	16.35506701
994.70000000	19.31261511	16.38766996
994.80000000	19.33146893	16.41739562
994.90000000	19.34718318	16.44189358
995.00000000	19.3608511	16.46298419
995.10000000	19.3714061	16.47889146
995.20000000	19.37855234	16.48912279
995.30000000	19.38394137	16.49642818
995.40000000	19.38701651	16.49988071
995.50000000	19.38945473	16.5022727
995.60000000	19.39202906	16.50489133
995.70000000	19.39598887	16.50981692
995.80000000	19.40222591	16.51853436
995.90000000	19.40994019	16.52971154
996.00000000	19.41991214	16.54464798
996.10000000	19.42998753	16.55975665
996.20000000	19.43980733	16.57443975
996.30000000	19.44724069	16.58514918
996.40000000	19.45221768	16.59176849
996.50000000	19.45527143	16.59518541
996.60000000	19.45522654	16.59344277
996.70000000	19.45480851	16.5910788
996.80000000	19.4541023	16.58823499
996.90000000	19.455159	16.5883266
997.00000000	19.45745168	16.59047626
997.10000000	19.46101223	16.59473706
997.20000000	19.465918	16.60123778
997.30000000	19.47064605	16.60744258
997.40000000	19.4751017	16.61319381
997.50000000	19.47804684	16.61642987
997.60000000	19.48033545	16.61857275
997.70000000	19.48182606	16.61938687
997.80000000	19.48306452	16.61978114
997.90000000	19.4844027	16.62034144
998.00000000	19.48599568	16.62132602
998.10000000	19.48766914	16.6224446
998.20000000	19.48899254	16.6229803
998.30000000	19.48946387	16.6220972
998.40000000	19.48771526	16.61751768
998.50000000	19.4844162	16.61035648
998.60000000	19.47842442	16.59871163
998.70000000	19.47055718	16.58394392
998.80000000	19.46198734	16.56800632
998.90000000	19.45349358	16.55219539
999.00000000	19.44736472	16.54032228
999.10000000	19.4432958	16.53187919
999.20000000	19.44434818	16.53196359
999.30000000	19.44953811	16.53893746
999.40000000	19.45766883	16.55080807
999.50000000	19.47029213	16.57015931
999.60000000	19.48440776	16.59199542
999.70000000	19.49953529	16.61551647
999.80000000	19.51447449	16.63872394
999.90000000	19.52801989	16.65961059
1000.0000000	19.5403241	16.67843052
1000.1000000	19.54858014	16.69050982
1000.2000000	19.55432674	16.69841062
1000.3000000	19.55746698	16.70197154
1000.4000000	19.55530493	16.69670358
1000.5000000	19.55065057	16.68728565
1000.6000000	19.54305752	16.67297446
1000.7000000	19.53162912	16.65227703
1000.8000000	19.51894965	16.62949641
1000.9000000	19.50489723	16.60442969
1001.0000000	19.4914225	16.58032489
1001.1000000	19.47925037	16.55838905
1001.2000000	19.46948277	16.54045701
1001.3000000	19.46457843	16.53062283
1001.4000000	19.46273439	16.52588437
1001.5000000	19.46563218	16.52904158
1001.6000000	19.47297096	16.53959352
1001.7000000	19.48241035	16.55364322
1001.8000000	19.49426409	16.57171306
1001.9000000	19.50618926	16.58990184
1002.0000000	19.51760512	16.60724257
1002.1000000	19.526971	16.62116986
1002.2000000	19.53368638	16.63068377
1002.3000000	19.53856503	16.63713933
1002.4000000	19.54025971	16.63829323
1002.5000000	19.54023865	16.63659025
1002.6000000	19.53902611	16.6329033
1002.7000000	19.53630067	16.62669723
1002.8000000	19.53277677	16.61916161
1002.9000000	19.52856857	16.61048658
1003.0000000	19.52269061	16.59903119
1003.1000000	19.51561109	16.58557509
1003.2000000	19.50744492	16.57030958
1003.3000000	19.49729039	16.55173322
1003.4000000	19.48673523	16.53248978
1003.5000000	19.47575271	16.5125347
1003.6000000	19.46608417	16.49476755
1003.7000000	19.45806111	16.4797403
1003.8000000	19.45212994	16.46819628
1003.9000000	19.45148811	16.46545961
1004.0000000	19.45420223	16.46831097
1004.1000000	19.46138609	16.47860498
1004.2000000	19.47544082	16.50033976
1004.3000000	19.49301025	16.52792691
1004.4000000	19.51528135	16.56334285
1004.5000000	19.54155839	16.60542913
1004.6000000	19.56886922	16.64923676
1004.7000000	19.59677857	16.694041
1004.8000000	19.62186466	16.73414422
1004.9000000	19.64427536	16.76979263
1005.0000000	19.66133304	16.79652768
1005.1000000	19.67246112	16.81338929
1005.2000000	19.68004894	16.82435594
1005.3000000	19.68251991	16.82680246
1005.4000000	19.68321491	16.82629178
1005.5000000	19.68317591	16.8245589
1005.6000000	19.68388597	16.8240733
1005.7000000	19.68600363	16.82593149
1005.8000000	19.68906252	16.82935697
1005.9000000	19.69298051	16.83421293
1006.0000000	19.69575141	16.83715887
1006.1000000	19.69743166	16.83828874
1006.2000000	19.69465036	16.8319896
1006.3000000	19.68890798	16.82075993
1006.4000000	19.68047696	16.80505336
1006.5000000	19.66777427	16.78223398
1006.6000000	19.6542984	16.75812717
1006.7000000	19.6399829	16.7326223
1006.8000000	19.62732548	16.70987831
1006.9000000	19.6165097	16.69020087
1007.0000000	19.60806515	16.67447179
1007.1000000	19.60438104	16.66666938
1007.2000000	19.60307478	16.66282636
1007.3000000	19.60481258	16.66405205
1007.4000000	19.60977941	16.67065444
1007.5000000	19.61600398	16.67935111
1007.6000000	19.62367558	16.69045725
1007.7000000	19.63202587	16.70269348
1007.8000000	19.64051875	16.71516714
1007.9000000	19.64899442	16.72761215
1008.0000000	19.65735779	16.73987016
1008.1000000	19.66576883	16.75220756
1008.2000000	19.67446154	16.76501397
1008.3000000	19.68388625	16.77903925
1008.4000000	19.69379028	16.79386265
1008.5000000	19.70453337	16.81008319
1008.6000000	19.71517481	16.82613447
1008.7000000	19.72539678	16.84148729
1008.8000000	19.73351791	16.85334198
1008.9000000	19.73853414	16.86002664
1009.0000000	19.74103858	16.86252887
1009.1000000	19.737756	16.85539504
1009.2000000	19.73118109	16.84277908
1009.3000000	19.72197514	16.82578214
1009.4000000	19.70988665	16.80398545
1009.5000000	19.69808526	16.7826668
1009.6000000	19.68654513	16.76178321
1009.7000000	19.67846263	16.74665695
1009.8000000	19.67227872	16.73469207
1009.9000000	19.66820127	16.72623468
1010.0000000	19.66659511	16.72189228
1010.1000000	19.66532588	16.71811091
1010.2000000	19.66434393	16.71480788
1010.3000000	19.66278241	16.71053981
1010.4000000	19.66116448	16.7061778
1010.5000000	19.65955844	16.7018356
1010.6000000	19.65962117	16.70027208
1010.7000000	19.661189	16.70121474
1010.8000000	19.66521139	16.70624452
1010.9000000	19.6724174	16.7165754
1011.0000000	19.68107619	16.72932533
1011.1000000	19.69150577	16.74502384
1011.2000000	19.70190261	16.76066783
1011.3000000	19.71166573	16.77525659
1011.4000000	19.71946659	16.78657797
1011.5000000	19.72447508	16.79324974
1011.6000000	19.72767985	16.79691809
1011.7000000	19.72795456	16.79570754
1011.8000000	19.72685182	16.79220339
1011.9000000	19.7250509	16.78753669
1012.0000000	19.72325186	16.78287311
1012.1000000	19.72231665	16.77964789
1012.2000000	19.72203647	16.77751341
1012.3000000	19.72289795	16.7772799
1012.4000000	19.72351057	16.77663201
1012.5000000	19.72380572	16.7754555
1012.6000000	19.7213411	16.76968365
1012.7000000	19.71632618	16.75966524
1012.8000000	19.70894512	16.74570694
1012.9000000	19.69628802	16.72296338
1013.0000000	19.68183071	16.69722227
1013.1000000	19.66535387	16.66811837
1013.2000000	19.64817656	16.63784809
1013.3000000	19.63189138	16.60906327
1013.4000000	19.61694718	16.58251133
1013.5000000	19.60621994	16.56298112
1013.6000000	19.59794571	16.54753548
1013.7000000	19.59301958	16.53766483
1013.8000000	19.5919698	16.5342488
1013.9000000	19.59251417	16.53348723
1014.0000000	19.59494149	16.53586104
1014.1000000	19.5980873	16.5394312
1014.2000000	19.60127752	16.54307532
1014.3000000	19.60413314	16.54616229
1014.4000000	19.60637195	16.54822219
1014.5000000	19.60835886	16.54986263
1014.6000000	19.61016581	16.55120343
1014.7000000	19.61246474	16.55336344
1014.8000000	19.61517157	16.55620265
1014.9000000	19.61878294	16.56054803
1015.0000000	19.62267244	16.56535654
1015.1000000	19.62655736	16.57015742
1015.2000000	19.62953351	16.57344509
1015.3000000	19.63111451	16.57440965
1015.4000000	19.63160518	16.57355866
1015.5000000	19.62997424	16.56917492
1015.6000000	19.6278377	16.56394929
1015.7000000	19.62536279	16.55816022
1015.8000000	19.62413342	16.55444513
1015.9000000	19.62436145	16.55315682
1016.0000000	19.62595447	16.55414138
1016.1000000	19.63028975	16.55969217
1016.2000000	19.63517996	16.56616699
1016.3000000	19.64067279	16.57364526
1016.4000000	19.64502978	16.57923221
1016.5000000	19.64798272	16.58248122
1016.6000000	19.64910458	16.58268124
1016.7000000	19.64655227	16.57676329
1016.8000000	19.64211661	16.56770931
1016.9000000	19.63521516	16.55454943
1017.0000000	19.62607697	16.53766508
1017.1000000	19.61640114	16.51988546
1017.2000000	19.60648438	16.50170463
1017.3000000	19.59854704	16.48681979
1017.4000000	19.5924443	16.4749898
1017.5000000	19.58989589	16.46907828
1017.6000000	19.59189094	16.47073228
1017.7000000	19.59658936	16.47688776
1017.8000000	19.60535259	16.48981175
1017.9000000	19.61640595	16.50654912
1018.0000000	19.62862522	16.52522787
1018.1000000	19.64189362	16.54565357
1018.2000000	19.6553938	16.56646517
1018.3000000	19.66906123	16.58755526
1018.4000000	19.6831469	16.60934176
1018.5000000	19.69761788	16.63176983
1018.6000000	19.71230576	16.65455904
1018.7000000	19.72690643	16.67720304
1018.8000000	19.74041447	16.69802764
1018.9000000	19.75293095	16.71720116
1019.0000000	19.76186184	16.73040421
1019.1000000	19.76855018	16.73987313
1019.2000000	19.77312304	16.74581951
1019.3000000	19.77426869	16.74605916
1019.4000000	19.77453315	16.74483151
1019.5000000	19.77382352	16.74198187
1019.6000000	19.7726908	16.73842773
1019.7000000	19.77154263	16.73484787
1019.8000000	19.77041398	16.73130049
1019.9000000	19.7691605	16.72754527
1020.0000000	19.76775595	16.7235385
1020.1000000	19.76611678	16.71914104
1020.2000000	19.764213	16.71430298
1020.3000000	19.76225359	16.7093723
1020.4000000	19.76028897	16.70443292
1020.5000000	19.75862782	16.69999886
1020.6000000	19.75726467	16.69606102
1020.7000000	19.75649005	16.69310313
1020.8000000	19.75668998	16.69176801
1020.9000000	19.75761361	16.69163795
1021.0000000	19.7599114	16.69379604
1021.1000000	19.76351325	16.69812557
1021.2000000	19.76786659	16.70370642
1021.3000000	19.7731294	16.71080166
1021.4000000	19.77809685	16.71740508
1021.5000000	19.78263857	16.72329961
1021.6000000	19.78536915	16.72617836
1021.7000000	19.78639692	16.72622171
1021.8000000	19.78612811	16.72410606
1021.9000000	19.78379752	16.7185573
1022.0000000	19.78095855	16.712162
1022.1000000	19.77771551	16.70509386
1022.2000000	19.77468023	16.69837168
1022.3000000	19.77190777	16.69208712
1022.4000000	19.76939145	16.68622907
1022.5000000	19.76702377	16.68061851
1022.6000000	19.76452583	16.67479106
1022.7000000	19.76187245	16.66870476
1022.8000000	19.75910982	16.66243656
1022.9000000	19.75658704	16.65656773
1023.0000000	19.75442677	16.65130252
1023.1000000	19.7535416	16.64816053
1023.2000000	19.75346258	16.6463609
1023.3000000	19.75451252	16.64644114
1023.4000000	19.75663905	16.64831405
1023.5000000	19.75900673	16.65058852
1023.6000000	19.76145365	16.65299491
1023.7000000	19.76322826	16.65428184
1023.8000000	19.76464376	16.65497078
1023.9000000	19.76555506	16.65482016
1024.0000000	19.76725691	16.65598593
1024.1000000	19.77011293	16.65907354
1024.2000000	19.77607006	16.66732493
1024.3000000	19.78653348	16.68307994
1024.4000000	19.80005864	16.70393315
1024.5000000	19.81894165	16.73370789
1024.6000000	19.83990165	16.76694108
1024.7000000	19.86159755	16.8013996
1024.8000000	19.88116539	16.8323146
1024.9000000	19.89581015	16.855032
1025.0000000	19.90636985	16.87094724
1025.1000000	19.90669544	16.86982136
1025.2000000	19.90148348	16.85947473
1025.3000000	19.89159404	16.84133948
1025.4000000	19.87651085	16.81455594
1025.5000000	19.86168097	16.78819416
1025.6000000	19.84710184	16.76224989
1025.7000000	19.83749581	16.74458647
1025.8000000	19.83079451	16.73175982
1025.9000000	19.82747745	16.7245684
1026.0000000	19.82821205	16.72412355
1026.1000000	19.82973848	16.7249972
1026.2000000	19.83198761	16.72707426
1026.3000000	19.83316541	16.72736739
1026.4000000	19.83347158	16.72620915
1026.5000000	19.83247739	16.72288562
1026.6000000	19.830282	16.71756191
1026.7000000	19.82776151	16.71169687
1026.8000000	19.82505328	16.70551921
1026.9000000	19.82302056	16.70046636
1027.0000000	19.82159838	16.69643014
1027.1000000	19.82137242	16.69438582
1027.2000000	19.82267272	16.69488293
1027.3000000	19.82504795	16.69716994
1027.4000000	19.82938413	16.70272224
1027.5000000	19.83566674	16.71151562
1027.6000000	19.84319904	16.7223899
1027.7000000	19.85266387	16.73648212
1027.8000000	19.86264521	16.7514344
1027.9000000	19.87271229	16.76652944
1028.0000000	19.88141608	16.7793544
1028.1000000	19.88784663	16.78839409
1028.2000000	19.89241689	16.79433614
1028.3000000	19.89275075	16.79322401
1028.4000000	19.89136316	16.7892454
1028.5000000	19.88855283	16.78289774
1028.6000000	19.88567777	16.7764423
1028.7000000	19.88424521	16.77238881
1028.8000000	19.88425712	16.77074056
1028.9000000	19.88857339	16.7762597
1029.0000000	19.89489556	16.78511893
1029.1000000	19.90350575	16.79778804
1029.2000000	19.91502022	16.81529317
1029.3000000	19.92779998	16.83490518
1029.4000000	19.94211239	16.85706925
1029.5000000	19.95901902	16.88355303
1029.6000000	19.97730134	16.91232751
1029.7000000	19.99746271	16.94423084
1029.8000000	20.01918747	16.97873741
1029.9000000	20.04096719	17.01333548
1030.0000000	20.06232315	17.04722792
1030.1000000	20.08078475	17.07630088
1030.2000000	20.09676329	17.10123922
1030.3000000	20.10808616	17.11842525
1030.4000000	20.11372404	17.12614502
1030.5000000	20.11567568	17.12772671
1030.6000000	20.11147089	17.11905714
1030.7000000	20.10240478	17.10229282
1030.8000000	20.09020427	17.08030929
1030.9000000	20.07344193	17.05072973
1031.0000000	20.05474498	17.01792878
1031.1000000	20.03489979	16.98321582
1031.2000000	20.01522899	16.94879323
1031.3000000	19.99752926	16.91765271
1031.4000000	19.9815641	16.88940044
1031.5000000	19.97088089	16.86994334
1031.6000000	19.96336032	16.85575245
1031.7000000	19.95860133	16.84615998
1031.8000000	19.95808427	16.84363092
1031.9000000	19.95862658	16.84286586
1032.0000000	19.96023956	16.84388362
1032.1000000	19.96221363	16.84550264
1032.2000000	19.96400175	16.84681204
1032.3000000	19.96554941	16.84772103
1032.4000000	19.96665069	16.84788673
1032.5000000	19.96760024	16.84779978
1032.6000000	19.96837833	16.84742732
1032.7000000	19.96898834	16.84677499
1032.8000000	19.96949116	16.84594417
1032.9000000	19.9698412	16.84485895
1033.0000000	19.96991565	16.84331483
1033.1000000	19.96986961	16.84157007
1033.2000000	19.96968124	16.83958832
1033.3000000	19.96975227	16.8380385
1033.4000000	19.97020547	16.83712505
1033.5000000	19.97154582	16.83768882
1033.6000000	19.97433081	16.84065815
1033.7000000	19.97808863	16.84524737
1033.8000000	19.98353533	16.85264882
1033.9000000	19.99002968	16.86179478
1034.0000000	19.99704982	16.87181623
1034.1000000	20.00435121	16.88230601
1034.2000000	20.01100618	16.89171939
1034.3000000	20.01706767	16.90014456
1034.4000000	20.02135332	16.90561269
1034.5000000	20.02428246	16.90882204
1034.6000000	20.02615358	16.91026963
1034.7000000	20.02638676	16.90898981
1034.8000000	20.02631651	16.90720476
1034.9000000	20.02600169	16.90501243
1035.0000000	20.02641958	16.90404019
1035.1000000	20.02758108	16.90430616
1035.2000000	20.02950829	16.90584715
1035.3000000	20.03266913	16.90944231
1035.4000000	20.03590869	16.91316855
1035.5000000	20.03919515	16.91697288
1035.6000000	20.04118801	16.91862319
1035.7000000	20.04211657	16.91850127
1035.8000000	20.04159923	16.91597174
1035.9000000	20.03900076	16.90997681
1036.0000000	20.03564212	16.90271608
1036.1000000	20.0314355	16.89404333
1036.2000000	20.02752576	16.88586495
1036.3000000	20.02420755	16.87867152
1036.4000000	20.02212915	16.87354256
1036.5000000	20.02192019	16.8715265
1036.6000000	20.02277886	16.87128821
1036.7000000	20.02520118	16.87365362
1036.8000000	20.02841243	16.87733271
1036.9000000	20.03188777	16.88145157
1037.0000000	20.0352518	16.88538507
1037.1000000	20.03781349	16.88798256
1037.2000000	20.03971221	16.8894761
1037.3000000	20.04008229	16.88842422
1037.4000000	20.03927982	16.88541987
1037.5000000	20.0376762	16.88108149
1037.6000000	20.03513614	16.87518378
1037.7000000	20.03298514	16.86993392
1037.8000000	20.03129261	16.86544747
1037.9000000	20.03241263	16.86564436
1038.0000000	20.03633717	16.87051119
1038.1000000	20.04275542	16.87953044
1038.2000000	20.05541208	16.89893758
1038.3000000	20.07077873	16.92285725
1038.4000000	20.08892826	16.95141081
1038.5000000	20.1101309	16.98504819
1038.6000000	20.13134451	17.01870382
1038.7000000	20.15246847	17.05221013
1038.8000000	20.17093662	17.08129413
1038.9000000	20.18729132	17.10685891
1039.0000000	20.20083293	17.1277395
1039.1000000	20.2099868	17.14131389
1039.2000000	20.21691635	17.15118446
1039.3000000	20.22090026	17.15615015
1039.4000000	20.22178704	17.15595868
1039.5000000	20.22100026	17.15298049
1039.6000000	20.21784203	17.1460535
1039.7000000	20.21215953	17.13492324
1039.8000000	20.20496241	17.12127093
1039.9000000	20.1954684	17.10379397
1040.0000000	20.18451545	17.08388766
1040.1000000	20.17299569	17.06303749
1040.2000000	20.16158926	17.04237604
1040.3000000	20.15217112	17.02502536
1040.4000000	20.14453607	17.01064377
1040.5000000	20.14157016	17.00403698
1040.6000000	20.14280028	17.00441719
1040.7000000	20.14712855	17.00995629
1040.8000000	20.1567296	17.02427535
1040.9000000	20.16828768	17.04185312
1041.0000000	20.18123783	17.0617489
1041.1000000	20.19430825	17.08184493
1041.2000000	20.20593346	17.09953448
1041.3000000	20.21626067	17.11506266
1041.4000000	20.22226208	17.12338777
1041.5000000	20.22587101	17.12772905
1041.6000000	20.22694555	17.12785021
1041.7000000	20.22355016	17.12052828
1041.8000000	20.21827661	17.11007896
1041.9000000	20.21080344	17.09596695
1042.0000000	20.20086408	17.07774835
1042.1000000	20.19015237	17.05824367
1042.2000000	20.17861751	17.03736831
1042.3000000	20.16717746	17.01665078
1042.4000000	20.15612752	16.99658283
1042.5000000	20.14587135	16.97783661
1042.6000000	20.13725115	16.96181451
1042.7000000	20.12978903	16.94772077
1042.8000000	20.12428734	16.93689145
1042.9000000	20.12154634	16.93065911
1043.0000000	20.12072537	16.92762392
1043.1000000	20.12326854	16.93019054
1043.2000000	20.12960561	16.93907463
1043.3000000	20.13849515	16.95220897
1043.4000000	20.15182029	16.97272927
1043.5000000	20.16844581	16.99874521
1043.6000000	20.18709234	17.0281264
1043.7000000	20.20844017	17.06200562
1043.8000000	20.23004612	17.09631462
1043.9000000	20.25148416	17.13034399
1044.0000000	20.27054387	17.16041307
1044.1000000	20.28648076	17.1852822
1044.2000000	20.29980419	17.20579952
1044.3000000	20.30692506	17.21598868
1044.4000000	20.31088939	17.22092175
1044.5000000	20.31203458	17.22116054
1044.6000000	20.30957594	17.21539844
1044.7000000	20.30692575	17.20931737
1044.8000000	20.30406912	17.20289256
1044.9000000	20.30349113	17.20026201
1045.0000000	20.30463003	17.20049032
1045.1000000	20.30788347	17.20423967
1045.2000000	20.31427791	17.21321921
1045.3000000	20.32176678	17.22402115
1045.4000000	20.33049768	17.23689125
1045.5000000	20.33950316	17.25021857
1045.6000000	20.34819208	17.26301875
1045.7000000	20.35619518	17.27467696
1045.8000000	20.36274098	17.28390855
1045.9000000	20.36834186	17.29156672
1046.0000000	20.37245597	17.29674918
1046.1000000	20.37479056	17.2989685
1046.2000000	20.37593021	17.29919807
1046.3000000	20.37502471	17.29602216
1046.4000000	20.37193124	17.28920297
1046.5000000	20.36738485	17.27996445
1046.6000000	20.36040766	17.2666783
1046.7000000	20.35201107	17.25102863
1046.8000000	20.34283034	17.23407325
1046.9000000	20.33331572	17.21656189
1047.0000000	20.32474685	17.20062534
1047.1000000	20.31701556	17.18608347
1047.2000000	20.31176159	17.17566668
1047.3000000	20.30787387	17.16752492
1047.4000000	20.30503999	17.16113794
1047.5000000	20.3028011	17.15574172
1047.6000000	20.29967751	17.14887233
1047.7000000	20.29574768	17.14066042
1047.8000000	20.2887628	17.12736139
1047.9000000	20.28055014	17.11201791
1048.0000000	20.27097853	17.09441154
1048.1000000	20.26095287	17.0760491
1048.2000000	20.25163926	17.05887231
1048.3000000	20.24332792	17.04336442
1048.4000000	20.23775797	17.0324214
1048.5000000	20.23360675	17.02384077
1048.6000000	20.23131533	17.01835702
1048.7000000	20.23124304	17.01656846
1048.8000000	20.23253252	17.01704749
1048.9000000	20.23581009	17.020837
1049.0000000	20.24275444	17.03073231
1049.1000000	20.25223617	17.04485275
1049.2000000	20.26590804	17.06595046
1049.3000000	20.28350971	17.09359189
1049.4000000	20.30264991	17.12379517
1049.5000000	20.32295605	17.15593988
1049.6000000	20.34029068	17.18313656
1049.7000000	20.35461879	17.2053269
1049.8000000	20.36131327	17.21480609
1049.9000000	20.36021325	17.21130624
1050.0000000	20.35379397	17.198949
1050.1000000	20.33891012	17.17249697
1050.2000000	20.32121595	17.14136526
1050.3000000	20.30187986	17.10749946
1050.4000000	20.28445363	17.07681382
1050.5000000	20.27109462	17.0529007
1050.6000000	20.26127978	17.03488919
1050.7000000	20.26039442	17.03174673
1050.8000000	20.26377289	17.03570426
1050.9000000	20.27106146	17.04617275
1051.0000000	20.28356126	17.06531882
1051.1000000	20.29739674	17.08668897
1051.2000000	20.31268863	17.11048426
1051.3000000	20.33056625	17.1385852
1051.4000000	20.35057728	17.17023855
1051.5000000	20.37325817	17.20633761
1051.6000000	20.40245653	17.25328921
1051.7000000	20.43496271	17.30574877
1051.8000000	20.47179042	17.36540428
1051.9000000	20.51146535	17.42980081
1052.0000000	20.55022115	17.49266684
1052.1000000	20.58661772	17.55160446
1052.2000000	20.61483613	17.59692426
1052.3000000	20.63702726	17.63220777
1052.4000000	20.64913138	17.65069486
1052.5000000	20.65067831	17.6516026
1052.6000000	20.64653719	17.64303885
1052.7000000	20.63476894	17.62177475
1052.8000000	20.62016507	17.59578893
1052.9000000	20.60462851	17.56825006
1053.0000000	20.59038499	17.5428643
1053.1000000	20.57961946	17.52326992
1053.2000000	20.57152792	17.50812817
1053.3000000	20.56902878	17.50229858
1053.4000000	20.56994173	17.50215063
1053.5000000	20.57332351	17.50611366
1053.6000000	20.57986275	17.51533435
1053.7000000	20.58674968	17.52513398
1053.8000000	20.59380829	17.53521949
1053.9000000	20.59868155	17.54166605
1054.0000000	20.60128853	17.54433892
1054.1000000	20.60178095	17.54349073
1054.2000000	20.59726	17.53429453
1054.3000000	20.59081832	17.52190001
1054.4000000	20.58222509	17.50592284
1054.5000000	20.57197384	17.48718483
1054.6000000	20.56185566	17.46866839
1054.7000000	20.55207698	17.45071726
1054.8000000	20.54408276	17.43573752
1054.9000000	20.5368625	17.42204655
1055.0000000	20.53062754	17.40999624
1055.1000000	20.52398871	17.39727343
1055.2000000	20.51626604	17.38274585
1055.3000000	20.50645351	17.36473833
1055.4000000	20.49311845	17.34086525
1055.5000000	20.47795434	17.31394649
1055.6000000	20.46041069	17.2830654
1055.7000000	20.4430726	17.25252656
1055.8000000	20.42684303	17.22383355
1055.9000000	20.41436341	17.20138477
1056.0000000	20.40751494	17.18831277
1056.1000000	20.4044858	17.18160054
1056.2000000	20.40801952	17.18581658
1056.3000000	20.41481453	17.19546321
1056.4000000	20.42339006	17.20807467
1056.5000000	20.43254337	17.22164824
1056.6000000	20.44008804	17.23254315
1056.7000000	20.44629941	17.2412179
1056.8000000	20.4492408	17.24444761
1056.9000000	20.4509558	17.24563517
1057.0000000	20.45172034	17.24524006
1057.1000000	20.45276272	17.24530761
1057.2000000	20.45495632	17.24729212
1057.3000000	20.45824654	17.25110268
1057.4000000	20.46423798	17.25941121
1057.5000000	20.47100901	17.26901789
1057.6000000	20.47863652	17.28005073
1057.7000000	20.48602198	17.29068051
1057.8000000	20.49265499	17.30005736
1057.9000000	20.49827018	17.30773936
1058.0000000	20.50189194	17.31210199
1058.1000000	20.50463752	17.31500563
1058.2000000	20.5062895	17.31608826
1058.3000000	20.50714758	17.31584891
1058.4000000	20.50764648	17.31501148
1058.5000000	20.50768781	17.31341211
1058.6000000	20.50680052	17.31026645
1058.7000000	20.5051725	17.30588734
1058.8000000	20.50220541	17.29927846
1058.9000000	20.4979456	17.29051699
1059.0000000	20.49319394	17.28093652
1059.1000000	20.4882769	17.27108065
1059.2000000	20.48508588	17.26409887
1059.3000000	20.48354715	17.25986843
1059.4000000	20.48626085	17.26271898
1059.5000000	20.49325192	17.27269207
1059.6000000	20.5032761	17.28771578
1059.7000000	20.51849403	17.31138791
1059.8000000	20.53593359	17.33875941
1059.9000000	20.55482084	17.36854152
1060.0000000	20.57434038	17.39937647
1060.1000000	20.59269542	17.42827233
1060.2000000	20.61000004	17.45541906
1060.3000000	20.62365214	17.47648375
1060.4000000	20.63500571	17.49372104
1060.5000000	20.64416959	17.50731215
1060.6000000	20.64928771	17.51416644
1060.7000000	20.65288088	17.51848145
1060.8000000	20.65476473	17.51995018
1060.9000000	20.65462834	17.51805489
1061.0000000	20.65376798	17.51495408
1061.1000000	20.6520696	17.51045783
1061.2000000	20.6494434	17.50441662
1061.3000000	20.64640004	17.49768077
1061.4000000	20.64283517	17.49007652
1061.5000000	20.63896575	17.48196515
1061.6000000	20.63516768	17.47397258
1061.7000000	20.63166179	17.46646654
1061.8000000	20.6290867	17.46051041
1061.9000000	20.62710518	17.45554269
1062.0000000	20.62608023	17.45216779
1062.1000000	20.62543935	17.44943244
1062.2000000	20.62473595	17.44659297
1062.3000000	20.62335212	17.44262049
1062.4000000	20.62078479	17.43667727
1062.5000000	20.61756137	17.42964157
1062.6000000	20.61367856	17.42150787
1062.7000000	20.61106828	17.41549313
1062.8000000	20.60982145	17.41174876
1062.9000000	20.61327646	17.41583371
1063.0000000	20.62118026	17.42732661
1063.1000000	20.63250761	17.44452027
1063.2000000	20.64969526	17.47147227
1063.3000000	20.66814658	17.50052847
1063.4000000	20.68750228	17.53109058
1063.5000000	20.70426014	17.55732688
1063.6000000	20.71777069	17.57815588
1063.7000000	20.72814105	17.59375598
1063.8000000	20.7316229	17.59788563
1063.9000000	20.73280356	17.59818342
1064.0000000	20.73140315	17.59418333
1064.1000000	20.72899781	17.58850987
1064.2000000	20.7273358	17.58407418
1064.3000000	20.72685896	17.58161196
1064.4000000	20.72938321	17.58414706
1064.5000000	20.7333866	17.58914514
1064.6000000	20.73931635	17.59735092
1064.7000000	20.74639583	17.60747119
1064.8000000	20.75334507	17.61737458
1064.9000000	20.75952543	17.62599767
1065.0000000	20.76233953	17.62901539
1065.1000000	20.76230311	17.62728657
1065.2000000	20.75684557	17.61653071
1065.3000000	20.74480509	17.59481319
1065.4000000	20.72881698	17.56652225
1065.5000000	20.70704253	17.52859611
1065.6000000	20.68357451	17.48784987
1065.7000000	20.65999752	17.4469221
1065.8000000	20.64023725	17.41234977
1065.9000000	20.62736701	17.38925044
1066.0000000	20.61997327	17.37527038
1066.1000000	20.62452715	17.38118515
1066.2000000	20.63638149	17.39925638
1066.3000000	20.65369404	17.42641646
1066.4000000	20.67850344	17.46606001
1066.5000000	20.70520649	17.50885675
1066.6000000	20.73338464	17.55410973
1066.7000000	20.76187771	17.59988705
1066.8000000	20.78946829	17.64416158
1066.9000000	20.81619017	17.68698959
1067.0000000	20.84024676	17.72537947
1067.1000000	20.86215343	17.76018938
1067.2000000	20.88162431	17.79094334
1067.3000000	20.89515786	17.8118107
1067.4000000	20.90505334	17.82662008
1067.5000000	20.91031421	17.83371209
1067.6000000	20.90869206	17.82934274
1067.7000000	20.90398878	17.81984281
1067.8000000	20.89539249	17.8038604
1067.9000000	20.88447658	17.78401544
1068.0000000	20.87337713	17.76386485
1068.1000000	20.8629884	17.74489775
1068.2000000	20.85600903	17.73160777
1068.3000000	20.85142071	17.72229928
1068.4000000	20.85098811	17.71991073
1068.5000000	20.8533587	17.72218994
1068.6000000	20.85659731	17.72591453
1068.7000000	20.85934367	17.72881947
1068.8000000	20.85821265	17.72526793
1068.9000000	20.8539155	17.71644427
1069.0000000	20.84246784	17.69571387
1069.1000000	20.82604734	17.66670288
1069.2000000	20.80635437	17.63224269
1069.3000000	20.78373376	17.59290747
1069.4000000	20.7627955	17.55637363
1069.5000000	20.74354643	17.5226525
1069.6000000	20.7318425	17.50149527
1069.7000000	20.72520163	17.48876888
1069.8000000	20.72296753	17.48338049
1069.9000000	20.72711705	17.4886219
1070.0000000	20.73215721	17.49534639
1070.1000000	20.73809218	17.50356088
1070.2000000	20.74230836	17.50891329
1070.3000000	20.74529318	17.5122153
1070.4000000	20.74682292	17.51309434
1070.5000000	20.7471395	17.51195326
1070.6000000	20.74748194	17.51085525
1070.7000000	20.74801557	17.51007559
1070.8000000	20.74929332	17.51053502
1070.9000000	20.75080037	17.51137628
1071.0000000	20.75253878	17.5126028
1071.1000000	20.75372385	17.5129079
1071.2000000	20.75435462	17.51229
1071.3000000	20.75397686	17.50999272
1071.4000000	20.752469	17.50581363
1071.5000000	20.75042437	17.50074073
1071.6000000	20.74775618	17.49462949
1071.7000000	20.74518297	17.48867641
1071.8000000	20.74287646	17.48316741
1071.9000000	20.74146638	17.47915115
1072.0000000	20.7414422	17.47744263
1072.1000000	20.74254165	17.47760515
1072.2000000	20.74618818	17.48200901
1072.3000000	20.75262846	17.49106494
1072.4000000	20.76131258	17.50385724
1072.5000000	20.77518958	17.52529659
1072.6000000	20.79295275	17.55320706
1072.7000000	20.81373565	17.58614586
1072.8000000	20.83996595	17.62815547
1072.9000000	20.86788453	17.67297631
1073.0000000	20.8971437	17.72002942
1073.1000000	20.92602351	17.76645082
1073.2000000	20.95284654	17.80944735
1073.3000000	20.97762755	17.84904358
1073.4000000	20.99676859	17.87924835
1073.5000000	21.01301333	17.90463032
1073.6000000	21.02594443	17.92449454
1073.7000000	21.03449959	17.93707209
1073.8000000	21.04146914	17.94700933
1073.9000000	21.04661384	17.9539079
1074.0000000	21.05026834	17.95832503
1074.1000000	21.05334215	17.96177521
1074.2000000	21.05573405	17.96408989
1074.3000000	21.05771425	17.96571904
1074.4000000	21.05969941	17.96735643
1074.5000000	21.06189131	17.96933808
1074.6000000	21.06490365	17.97268592
1074.7000000	21.06844429	17.97691344
1074.8000000	21.07285175	17.98258438
1074.9000000	21.07726933	17.98827217
1075.0000000	21.08122978	17.99319877
1075.1000000	21.08340399	17.99515096
1075.2000000	21.08252215	17.99201431
1075.3000000	21.07932122	17.985016
1075.4000000	21.07138375	17.97013053
1075.5000000	21.06001541	17.9495321
1075.6000000	21.04615695	17.92478719
1075.7000000	21.02859418	17.89387402
1075.8000000	21.00958254	17.86054824
1075.9000000	20.98943538	17.82533164
1076.0000000	20.96867106	17.78908735
1076.1000000	20.94842995	17.75371429
1076.2000000	20.92867057	17.71914338
1076.3000000	20.91226624	17.69015915
1076.4000000	20.8985462	17.66564473
1076.5000000	20.88769363	17.64590508
1076.6000000	20.88364347	17.63749263
1076.7000000	20.88272273	17.63429117
1076.8000000	20.88546822	17.63719464
1076.9000000	20.8916669	17.64584824
1077.0000000	20.89802578	17.65476862
1077.1000000	20.90415269	17.66330271
1077.2000000	20.90691059	17.66622684
1077.3000000	20.9073263	17.6652508
1077.4000000	20.90424815	17.6584569
1077.5000000	20.89750803	17.64556518
1077.6000000	20.88938058	17.6303633
1077.7000000	20.87988923	17.61289028
1077.8000000	20.87116974	17.59670254
1077.9000000	20.86343414	17.58215312
1078.0000000	20.85805172	17.57152216
1078.1000000	20.85554688	17.56568289
1078.2000000	20.85485586	17.56286394
1078.3000000	20.85702506	17.56480777
1078.4000000	20.86074335	17.5693311
1078.5000000	20.86530973	17.57526666
1078.6000000	20.87050689	17.58225258
1078.7000000	20.87539555	17.5887248
1078.8000000	20.8799692	17.59467245
1078.9000000	20.88340413	17.59872395
1079.0000000	20.885843	17.60111682
1079.1000000	20.88744214	17.6021114
1079.2000000	20.88704553	17.59978269
1079.3000000	20.88514969	17.5949575
1079.4000000	20.88190282	17.5878826
1079.5000000	20.87514446	17.57496042
1079.6000000	20.86660955	17.55907996
1079.7000000	20.85616454	17.54001882
1079.8000000	20.84315682	17.51669025
1079.9000000	20.82970425	17.49262089
1080.0000000	20.81583254	17.46785355
1080.1000000	20.80358066	17.44578348
1080.2000000	20.79286256	17.42626741
1080.3000000	20.78437215	17.41046087
1080.4000000	20.77963802	17.40090927
1080.5000000	20.77678697	17.39449336
1080.6000000	20.77645471	17.39227174
1080.7000000	20.77842981	17.39389233
1080.8000000	20.78154319	17.39740841
1080.9000000	20.78615651	17.40342217
1081.0000000	20.79226872	17.4119319
1081.1000000	20.79933087	17.42202345
1081.2000000	20.80793372	17.43468059
1081.3000000	20.81810766	17.44995388
1081.4000000	20.82932586	17.46696604
1081.5000000	20.84238344	17.48704114
1081.6000000	20.85727862	17.51017616
1081.7000000	20.87360141	17.53568839
1081.8000000	20.89317127	17.56660757
1081.9000000	20.91597962	17.60291938
1082.0000000	20.94122213	17.64328447
1082.1000000	20.97166573	17.69231021
1082.2000000	21.00457608	17.74544347
1082.3000000	21.03918745	17.80140913
1082.4000000	21.07463271	17.85876331
1082.5000000	21.1076205	17.91202536
1082.6000000	21.13841168	17.96162969
1082.7000000	21.16014881	17.99615746
1082.8000000	21.17594857	18.02079851
1082.9000000	21.18545396	18.03495835
1083.0000000	21.18288716	18.02901593
1083.1000000	21.17526446	18.01465457
1083.2000000	21.16166897	17.99034747
1083.3000000	21.14250177	17.95676254
1083.4000000	21.12237141	17.92157378
1083.5000000	21.10167676	17.88544535
1083.6000000	21.08456119	17.85527672
1083.7000000	21.07043631	17.83008808
1083.8000000	21.06120402	17.81304643
1083.9000000	21.05837776	17.80667194
1084.0000000	21.05874047	17.80560764
1084.1000000	21.06331584	17.81155815
1084.2000000	21.07018381	17.82132623
1084.3000000	21.0778903	17.8324906
1084.4000000	21.08605142	17.84441202
1084.5000000	21.09375201	17.85556656
1084.6000000	21.10108029	17.86610113
1084.7000000	21.1076141	17.87531279
1084.8000000	21.11324957	17.88302855
1084.9000000	21.11810597	17.88944701
1085.0000000	21.12098614	17.89257471
1085.1000000	21.12152241	17.89179942
1085.2000000	21.12014795	17.88784244
1085.3000000	21.11431166	17.87645572
1085.4000000	21.10562559	17.86032362
1085.5000000	21.09462631	17.84033961
1085.6000000	21.08057729	17.81527723
1085.7000000	21.06672979	17.7905504
1085.8000000	21.05306562	17.76612883
1085.9000000	21.044795	17.75068845
1086.0000000	21.0412552	17.74312575
1086.1000000	21.04293606	17.74425639
1086.2000000	21.05613169	17.7645612
1086.3000000	21.07421932	17.79301203
1086.4000000	21.0979701	17.83089302
1086.5000000	21.12564949	17.87531578
1086.6000000	21.15242546	17.91823418
1086.7000000	21.17725254	17.95790731
1086.8000000	21.19428244	17.98459677
1086.9000000	21.20619642	18.00276735
1087.0000000	21.21054335	18.00833746
1087.1000000	21.20726796	18.00121508
1087.2000000	21.20089416	17.98893331
1087.3000000	21.19126461	17.97123015
1087.4000000	21.1823262	17.95467785
1087.5000000	21.17468255	17.94028156
1087.6000000	21.1705911	17.93180029
1087.7000000	21.17041395	17.92983702
1087.8000000	21.17253764	17.93170504
1087.9000000	21.17776421	17.93873991
1088.0000000	21.18361038	17.94680653
1088.1000000	21.18950184	17.95494856
1088.2000000	21.19377375	17.96039374
1088.3000000	21.19581757	17.96212876
1088.4000000	21.19612818	17.9609777
1088.5000000	21.19300081	17.9541018
1088.6000000	21.18829838	17.94460312
1088.7000000	21.18233978	17.93301272
1088.8000000	21.17530723	17.91963399
1088.9000000	21.16858608	17.90677378
1089.0000000	21.16215216	17.89439187
1089.1000000	21.15793147	17.88569537
1089.2000000	21.15541543	17.8798374
1089.3000000	21.15480342	17.87714999
1089.4000000	21.15882874	17.88218457
1089.5000000	21.16551825	17.89165551
1089.6000000	21.17545721	17.90653734
1089.7000000	21.1903034	17.92959059
1089.8000000	21.20723175	17.95611099
1089.9000000	21.22671573	17.98688697
1090.0000000	21.24818226	18.02096423
1090.1000000	21.27005899	18.05572454
1090.2000000	21.29218936	18.09090722
1090.3000000	21.31340379	18.1245647
1090.4000000	21.33363799	18.15658993
1090.5000000	21.35208511	18.18563937
1090.6000000	21.36758627	18.20978328
1090.7000000	21.38088089	18.23025291
1090.8000000	21.39009285	18.24392419
1090.9000000	21.39466619	18.24987133
1091.0000000	21.39605043	18.25050804
1091.1000000	21.39175042	18.24167945
1091.2000000	21.38322244	18.22581054
1091.3000000	21.37183622	18.20518214
1091.4000000	21.35632276	18.17768116
1091.5000000	21.33933786	18.14772999
1091.6000000	21.3213836	18.11616466
1091.7000000	21.3036331	18.08493864
1091.8000000	21.28715244	18.05582713
1091.9000000	21.27178937	18.02857658
1092.0000000	21.25986767	18.00705653
1092.1000000	21.2496986	17.9884549
1092.2000000	21.24118708	17.97261339
1092.3000000	21.2348428	17.96038071
1092.4000000	21.2286534	17.94840595
1092.5000000	21.22262644	17.93670165
1092.6000000	21.21554079	17.92323444
1092.7000000	21.2077601	17.90860987
1092.8000000	21.19911191	17.89254072
1092.9000000	21.1900318	17.87575234
1093.0000000	21.18136283	17.85964859
1093.1000000	21.17349621	17.84488086
1093.2000000	21.16798268	17.83403147
1093.3000000	21.16393457	17.82562228
1093.4000000	21.16209131	17.82088456
1093.5000000	21.16241482	17.81975493
1093.6000000	21.16367453	17.82018424
1093.7000000	21.16596838	17.8223356
1093.8000000	21.16867053	17.82516685
1093.9000000	21.17181526	17.82873507
1094.0000000	21.17599635	17.83402904
1094.1000000	21.18312368	17.84422905
1094.2000000	21.1928856	17.85881614
1094.3000000	21.20899398	17.88397128
1094.4000000	21.23136935	17.91956209
1094.5000000	21.25782025	17.96193935
1094.6000000	21.29027845	18.01431983
1094.7000000	21.32260466	18.06648048
1094.8000000	21.35400052	18.11709191
1094.9000000	21.37746221	18.15449153
1095.0000000	21.3922525	18.17745169
1095.1000000	21.39972577	18.18822773
1095.2000000	21.39089748	18.17185872
1095.3000000	21.37546295	18.14448915
1095.4000000	21.35361957	18.10644767
1095.5000000	21.32709931	18.06061835
1095.6000000	21.30218109	18.01745669
1095.7000000	21.27927348	17.977643
1095.8000000	21.26558556	17.95318176
1095.9000000	21.25711719	17.93741202
1096.0000000	21.25522682	17.93259587
1096.1000000	21.26129193	17.94102707
1096.2000000	21.27004344	17.95393161
1096.3000000	21.28175234	17.97176076
1096.4000000	21.29382397	17.99019392
1096.5000000	21.30501255	18.00715664
1096.6000000	21.31424071	18.02085488
1096.7000000	21.32008014	18.02891027
1096.8000000	21.32428244	18.03423953
1096.9000000	21.32641598	18.03612394
1097.0000000	21.3297422	18.03999438
1097.1000000	21.33523522	18.04747294
1097.2000000	21.3467817	18.0650316
1097.3000000	21.36714828	18.09727734
1097.4000000	21.3933502	18.13923997
1097.5000000	21.429579	18.19789915
1097.6000000	21.46946915	18.26265517
1097.7000000	21.51041819	18.32917448
1097.8000000	21.54724154	18.38882386
1097.9000000	21.57499455	18.43336949
1098.0000000	21.59533956	18.46557947
1098.1000000	21.59769212	18.46782861
1098.2000000	21.59020769	18.45369728
1098.3000000	21.57447808	18.42583616
1098.4000000	21.54878731	18.38138789
1098.5000000	21.52238395	18.3357531
1098.6000000	21.49525804	18.28891515
1098.7000000	21.47357681	18.25114361
1098.8000000	21.45507464	18.21866582
1098.9000000	21.44031344	18.1924174
1099.0000000	21.42954158	18.17281197
1099.1000000	21.41914695	18.15383468
1099.2000000	21.40892682	18.13514797
1099.3000000	21.39691275	18.113474
1099.4000000	21.38395554	18.09022953
1099.5000000	21.3697847	18.06496413
1099.6000000	21.35559248	18.03966311
1099.7000000	21.34198834	18.01534133
1099.8000000	21.32975674	17.99330506
1099.9000000	21.32025897	17.97582113
1100.0000000	21.31260236	17.96140305
1100.1000000	21.30807085	17.95218885
1100.2000000	21.30694374	17.94864365
1100.3000000	21.30792945	17.94861669
1100.4000000	21.31223719	17.95412154
1100.5000000	21.31879249	17.96336901
1100.6000000	21.32657692	17.97466321
1100.7000000	21.33559917	17.98801862
1100.8000000	21.34433426	18.00089584
1100.9000000	21.35266434	18.01309866
1101.0000000	21.35926969	18.02242945
1101.1000000	21.36426257	18.02907519
1101.2000000	21.36800575	18.03363993
1101.3000000	21.36955697	18.03455465
1101.4000000	21.37039266	18.03427788
1101.5000000	21.37065443	18.03304542
1101.6000000	21.37105172	18.03203863
1101.7000000	21.37217583	18.03224211
1101.8000000	21.37401095	18.03362959
1101.9000000	21.37782881	18.03831868
1102.0000000	21.38246262	18.0443665
1102.1000000	21.38801656	18.05194651
1102.2000000	21.39438212	18.060878
1102.3000000	21.40082784	18.06994299
1102.4000000	21.40730612	18.0790622
1102.5000000	21.41351632	18.08773499
1102.6000000	21.41963352	18.09625291
1102.7000000	21.42565428	18.10461026
1102.8000000	21.43165978	18.11294219
1102.9000000	21.43750752	18.12101141
1103.0000000	21.44301665	18.12851679
1103.1000000	21.4472148	18.13383914
1103.2000000	21.45023264	18.13719605
1103.3000000	21.45094758	18.1367182
1103.4000000	21.44850505	18.13098258
1103.5000000	21.44405493	18.12190394
1103.6000000	21.43635217	18.10740904
1103.7000000	21.42741261	18.09085461
1103.8000000	21.41846869	18.07429292
1103.9000000	21.41232422	18.06239285
1104.0000000	21.41308502	18.06199135
1104.1000000	21.41979543	18.07149709
1104.2000000	21.44193373	18.10669322
1104.3000000	21.4757331	18.16130719
1104.4000000	21.51804429	18.23009486
1104.5000000	21.57311663	18.3201322
1104.6000000	21.62885883	18.411285
1104.7000000	21.68467797	18.50256606
1104.8000000	21.73038157	18.57700303
1104.9000000	21.76661827	18.63567593
1105.0000000	21.79379279	18.67925862
1105.1000000	21.80253826	18.69215324
1105.2000000	21.80429118	18.69340384
1105.3000000	21.79811657	18.68145348
1105.4000000	21.78346688	18.65539041
1105.5000000	21.7654844	18.62377762
1105.6000000	21.74353233	18.58555474
1105.7000000	21.71539758	18.53703657
1105.8000000	21.68354106	18.48232102
1105.9000000	21.64657667	18.41909996
1106.0000000	21.60611334	18.35005259
1106.1000000	21.56620685	18.28193247
1106.2000000	21.52987335	18.21976203
1106.3000000	21.50827093	18.18212156
1106.4000000	21.49859178	18.16433556
1106.5000000	21.51127809	18.18379231
1106.6000000	21.5472787	18.24207176
1106.7000000	21.59555905	18.32079922
1106.8000000	21.6595346	18.42566215
1106.9000000	21.72407141	18.53145985
1107.0000000	21.78525754	18.63167831
1107.1000000	21.83140325	18.70685183
1107.2000000	21.85735034	18.74839069
1107.3000000	21.86827094	18.7649074
1107.4000000	21.84932203	18.73168513
1107.5000000	21.81490696	18.67270865
1107.6000000	21.76861656	18.59395761
1107.7000000	21.71232955	18.49856051
1107.8000000	21.65908052	18.40822244
1107.9000000	21.60875222	18.32274799
1108.0000000	21.57685767	18.26796918
1108.1000000	21.55513742	18.23013249
1108.2000000	21.54401896	18.20994976
1108.3000000	21.54759042	18.21422855
1108.4000000	21.55447753	18.22402853
1108.5000000	21.56491505	18.23974061
1108.6000000	21.57510229	18.25503592
1108.7000000	21.58380846	18.26786497
1108.8000000	21.59035038	18.27709014
1108.9000000	21.59280608	18.27951098
1109.0000000	21.59292427	18.27803941
1109.1000000	21.58979607	18.271162
1109.2000000	21.58244441	18.2572517
1109.3000000	21.57274275	18.23942821
1109.4000000	21.55968395	18.21601443
1109.5000000	21.54349147	18.18738244
1109.6000000	21.5256955	18.15608031
1109.7000000	21.50598039	18.12158239
1109.8000000	21.48619189	18.08696221
1109.9000000	21.46706059	18.05343635
1110.0000000	21.45084516	18.02476594
1110.1000000	21.44049952	18.0058699
1110.2000000	21.43499161	17.99502967
1110.3000000	21.44055734	18.00262935
1110.4000000	21.45554188	18.02591327
1110.5000000	21.47713991	18.06020999
1110.6000000	21.50918116	18.11189671
1110.7000000	21.54412681	18.16841972
1110.8000000	21.58074549	18.22772857
1110.9000000	21.61498823	18.28308092
1111.0000000	21.64464512	18.33079694
1111.1000000	21.67033695	18.37191034
1111.2000000	21.68649746	18.39715229
1111.3000000	21.69880745	18.41598239
1111.4000000	21.70720387	18.42829565
1111.5000000	21.71191197	18.43446716
1111.6000000	21.7165162	18.4404657
1111.7000000	21.72113818	18.4464938
1111.8000000	21.72779635	18.45591255
1111.9000000	21.73560093	18.46724028
1112.0000000	21.74487835	18.48102058
1112.1000000	21.75558031	18.49717302
1112.2000000	21.76668073	18.51398897
1112.3000000	21.77815966	18.53143521
1112.4000000	21.78936709	18.54842935
1112.5000000	21.80012721	18.56467866
1112.6000000	21.81001643	18.57947773
1112.7000000	21.81832356	18.59164234
1112.8000000	21.82560713	18.60210251
1112.9000000	21.83121894	18.60977888
1113.0000000	21.83588917	18.61588736
1113.1000000	21.84038373	18.62170329
1113.2000000	21.84554247	18.62862521
1113.3000000	21.8526949	18.63886702
1113.4000000	21.8613288	18.65157578
1113.5000000	21.87292098	18.66921066
1113.6000000	21.88584295	18.68905992
1113.7000000	21.89945865	18.71006439
1113.8000000	21.91262401	18.73031895
1113.9000000	21.92410121	18.74776241
1114.0000000	21.9341601	18.76284411
1114.1000000	21.94079569	18.77222533
1114.2000000	21.94592759	18.77910259
1114.3000000	21.94974413	18.78378951
1114.4000000	21.95196868	18.78582543
1114.5000000	21.95360125	18.7868756
1114.6000000	21.95461437	18.78689424
1114.7000000	21.95393181	18.78408925
1114.8000000	21.95204982	18.77928694
1114.9000000	21.94872117	18.77207566
1115.0000000	21.94313387	18.76110326
1115.1000000	21.93679761	18.74888372
1115.2000000	21.92962443	18.73527051
1115.3000000	21.92196861	18.72085364
1115.4000000	21.91384068	18.70565062
1115.5000000	21.90497784	18.68922384
1115.6000000	21.89391712	18.66913715
1115.7000000	21.88129766	18.64645487
1115.8000000	21.86616482	18.61958733
1115.9000000	21.84934747	18.58991478
1116.0000000	21.83225602	18.5597858
1116.1000000	21.81603158	18.53110057
1116.2000000	21.80303502	18.50779039
1116.3000000	21.79233927	18.4883115
1116.4000000	21.7860151	18.47611213
1116.5000000	21.78204477	18.46783237
1116.6000000	21.77917665	18.46138799
1116.7000000	21.77619526	18.454755
1116.8000000	21.77117613	18.44472878
1116.9000000	21.76448519	18.43191866
1117.0000000	21.75391656	18.41265144
1117.1000000	21.7413644	18.39008123
1117.2000000	21.72726188	18.36492936
1117.3000000	21.71192707	18.33772547
1117.4000000	21.69689912	18.31103254
1117.5000000	21.68215006	18.284804
1117.6000000	21.66946279	18.26200872
1117.7000000	21.65843456	18.24197606
1117.8000000	21.64920322	18.22493558
1117.9000000	21.64573829	18.21749731
1118.0000000	21.64674441	18.21750428
1118.1000000	21.65320971	18.22660189
1118.2000000	21.67140375	18.25523024
1118.3000000	21.69544612	18.29359721
1118.4000000	21.72680921	18.3441546
1118.5000000	21.76347846	18.40354774
1118.6000000	21.79933765	18.4615919
1118.7000000	21.83246362	18.5150847
1118.8000000	21.85421931	18.54964377
1118.9000000	21.86798703	18.5709013
1119.0000000	21.86872063	18.57045447
1119.1000000	21.85751323	18.55012357
1119.2000000	21.8410303	18.52100786
1119.3000000	21.81946711	18.48343252
1119.4000000	21.8004295	18.45006275
1119.5000000	21.78422851	18.4214165
1119.6000000	21.7758663	18.40582336
1119.7000000	21.77363656	18.40044198
1119.8000000	21.77498853	18.40102485
1119.9000000	21.77970021	18.40720232
1120.0000000	21.78338371	18.41166765
1120.1000000	21.78596219	18.41429292
1120.2000000	21.78419987	18.40968987
1120.3000000	21.77958251	18.40033263
1120.4000000	21.77269376	18.38719307
1120.5000000	21.7629702	18.36933296
1120.6000000	21.75317643	18.35135595
1120.7000000	21.74333304	18.33329628
1120.8000000	21.73693893	18.32098036
1120.9000000	21.73402612	18.31446149
1121.0000000	21.73489403	18.31423831
1121.1000000	21.74489477	18.32922313
1121.2000000	21.75876541	18.35065212
1121.3000000	21.77711222	18.37953483
1121.4000000	21.79766034	18.41208313
1121.5000000	21.81648412	18.44176005
1121.6000000	21.83231208	18.46644833
1121.7000000	21.83939215	18.47656963
1121.8000000	21.84146559	18.47835389
1121.9000000	21.83644328	18.46832233
1122.0000000	21.82592385	18.44913696
1122.1000000	21.81378038	18.42724723
1122.2000000	21.8008322	18.40401746
1122.3000000	21.79036378	18.384917
1122.4000000	21.78178406	18.36896158
1122.5000000	21.77681841	18.35902433
1122.6000000	21.77448555	18.35347121
1122.7000000	21.77352496	18.35020319
1122.8000000	21.77394816	18.34923944
1122.9000000	21.77479872	18.34898737
1123.0000000	21.77597657	18.34928028
1123.1000000	21.77781608	18.35067499
1123.2000000	21.78044232	18.35337976
1123.3000000	21.78367727	18.35709817
1123.4000000	21.78810411	18.36280133
1123.5000000	21.79289405	18.36910911
1123.6000000	21.79794138	18.3758455
1123.7000000	21.80278293	18.38223923
1123.8000000	21.80742327	18.38829789
1123.9000000	21.81188261	18.39405516
1124.0000000	21.81636353	18.39984836
1124.1000000	21.82091128	18.40575284
1124.2000000	21.82553119	18.4117775
1124.3000000	21.82972245	18.41708834
1124.4000000	21.8332572	18.42130597
1124.5000000	21.83594491	18.42411312
1124.6000000	21.83651253	18.42338987
1124.7000000	21.83596243	18.4208054
1124.8000000	21.83396111	18.41580434
1124.9000000	21.83087248	18.4089927
1125.0000000	21.82769897	18.4020397
1125.1000000	21.82472626	18.39542107
1125.2000000	21.82309398	18.39103453
1125.3000000	21.82244626	18.3882875
1125.4000000	21.82348067	18.38834155
1125.5000000	21.82630693	18.3913794
1125.6000000	21.830201	18.39619537
1125.7000000	21.8357323	18.40373767
1125.8000000	21.84268316	18.41364383
1125.9000000	21.85048577	18.42496832
1126.0000000	21.85949199	18.43829708
1126.1000000	21.86865184	18.45188165
1126.2000000	21.87765752	18.46520949
1126.3000000	21.88529454	18.47625824
1126.4000000	21.89091013	18.48394088
1126.5000000	21.89492139	18.488952
1126.6000000	21.89548919	18.48822905
1126.7000000	21.89451668	18.48494118
1126.8000000	21.89235514	18.47967331
1126.9000000	21.88974705	18.47366187
1127.0000000	21.8880482	18.46916447
1127.1000000	21.8871887	18.46606478
1127.2000000	21.88900348	18.4674183
1127.3000000	21.89163859	18.47013785
1127.4000000	21.89517585	18.47435965
1127.5000000	21.89793633	18.47728797
1127.6000000	21.89907676	18.47751856
1127.7000000	21.89807823	18.47418734
1127.8000000	21.89211081	18.46258189
1127.9000000	21.88367277	18.44686236
1128.0000000	21.87203768	18.42581904
1128.1000000	21.85866933	18.40188947
1128.2000000	21.84584504	18.37886586
1128.3000000	21.83483552	18.35886418
1128.4000000	21.82973628	18.34870438
1128.5000000	21.82885915	18.34557528
1128.6000000	21.83512657	18.35434339
1128.7000000	21.84857327	18.37506654
1128.8000000	21.86585812	18.402181
1128.9000000	21.8882802	18.43785001
1129.0000000	21.91289726	18.47717408
1129.1000000	21.93820788	18.51765303
1129.2000000	21.96304028	18.55733559
1129.3000000	21.98513355	18.59245693
1129.4000000	22.00483427	18.62359417
1129.5000000	22.0184917	18.64466812
1129.6000000	22.02687547	18.65696033
1129.7000000	22.03127941	18.66262533
1129.8000000	22.02881281	18.65684948
1129.9000000	22.02421584	18.64752615
1130.0000000	22.0180119	18.63552689
1130.1000000	22.01303078	18.62556384
1130.2000000	22.01063391	18.61990412
1130.3000000	22.01066305	18.61828419
1130.4000000	22.01595322	18.62542493
1130.5000000	22.02217376	18.63411494
1130.6000000	22.02940041	18.64448033
1130.7000000	22.03403431	18.65052825
1130.8000000	22.03632557	18.65267521
1130.9000000	22.03560619	18.64980884
1131.0000000	22.03163484	18.64152728
1131.1000000	22.02765723	18.63323529
1131.2000000	22.02431166	18.62599577
1131.3000000	22.0257446	18.62671345
1131.4000000	22.03027424	18.63258776
1131.5000000	22.03945265	18.64620323
1131.6000000	22.0516783	18.66489296
1131.7000000	22.06416384	18.68401548
1131.8000000	22.07542501	18.70109916
1131.9000000	22.08175721	18.7099751
1132.0000000	22.08451561	18.71289993
1132.1000000	22.08066648	18.70482189
1132.2000000	22.07178021	18.68835598
1132.3000000	22.0601609	18.66733899
1132.4000000	22.04585872	18.64185447
1132.5000000	22.03230984	18.61762432
1132.6000000	22.01968578	18.5949342
1132.7000000	22.01072844	18.57834989
1132.8000000	22.00472363	18.56668216
1132.9000000	22.00092864	18.55869424
1133.0000000	22.00039595	18.55613871
1133.1000000	22.00071236	18.55499712
1133.2000000	22.00169553	18.55496582
1133.3000000	22.00273947	18.55503572
1133.4000000	22.0036995	18.5549659
1133.5000000	22.00457928	18.55476242
1133.6000000	22.00601483	18.55548444
1133.7000000	22.00815548	18.55738059
1133.8000000	22.01109913	18.5606139
1133.9000000	22.01590461	18.56694754
1134.0000000	22.02153215	18.5746501
1134.1000000	22.02813656	18.58397934
1134.2000000	22.03544832	18.59448647
1134.3000000	22.04276724	18.60500551
1134.4000000	22.04996997	18.61533108
1134.5000000	22.05639733	18.6243655
1134.6000000	22.06214566	18.63226919
1134.7000000	22.0667634	18.63829019
1134.8000000	22.06931993	18.64087888
1134.9000000	22.07039784	18.64100534
1135.0000000	22.06893965	18.63690867
1135.1000000	22.06454404	18.62792057
1135.2000000	22.05844266	18.61609202
1135.3000000	22.0498804	18.60016558
1135.4000000	22.04078338	18.58334862
1135.5000000	22.03190255	18.56689167
1135.6000000	22.02519904	18.55406041
1135.7000000	22.02207107	18.54718319
1135.8000000	22.02172621	18.54494042
1135.9000000	22.02725595	18.55248012
1136.0000000	22.03656598	18.5663148
1136.1000000	22.04868193	18.58482195
1136.2000000	22.06493587	18.6102197
1136.3000000	22.0824871	18.6377777
1136.4000000	22.10103902	18.66700204
1136.5000000	22.11963795	18.69630465
1136.6000000	22.13674717	18.72312658
1136.7000000	22.15244121	18.74759193
1136.8000000	22.16206047	18.76194151
1136.9000000	22.16738411	18.76913799
1137.0000000	22.16781122	18.76818073
1137.1000000	22.15864624	18.75125065
1137.2000000	22.14537139	18.7274768
1137.3000000	22.12711826	18.69541305
1137.4000000	22.10618123	18.65888001
1137.5000000	22.08635437	18.62419561
1137.6000000	22.06921304	18.59398313
1137.7000000	22.06088711	18.57845018
1137.8000000	22.0582397	18.57237317
1137.9000000	22.06424539	18.58070543
1138.0000000	22.07800161	18.60194398
1138.1000000	22.09469197	18.62806848
1138.2000000	22.1139531	18.65847386
1138.3000000	22.13127494	18.68564988
1138.4000000	22.14658293	18.70947241
1138.5000000	22.15725206	18.72557024
1138.6000000	22.16371992	18.7346721
1138.7000000	22.16771363	18.73965396
1138.8000000	22.16857068	18.73941264
1138.9000000	22.16872734	18.73800503
1139.0000000	22.16860074	18.73612572
1139.1000000	22.16915286	18.73537663
1139.2000000	22.17052052	18.73598556
1139.3000000	22.17251458	18.73763759
1139.4000000	22.17549963	18.74093984
1139.5000000	22.17869195	18.74458722
1139.6000000	22.18202877	18.74847523
1139.7000000	22.18457701	18.75105009
1139.8000000	22.18581826	18.75144854
1139.9000000	22.18577833	18.74971356
1140.0000000	22.18137374	18.74071048
1140.1000000	22.17442264	18.72746694
1140.2000000	22.16452579	18.70931809
1140.3000000	22.15069618	18.68462034
1140.4000000	22.13623126	18.65886465
1140.5000000	22.12128804	18.63231247
1140.6000000	22.10984439	18.61158778
1140.7000000	22.10171173	18.59637662
1140.8000000	22.09871095	18.58971114
1140.9000000	22.10416025	18.59711689
1141.0000000	22.11445446	18.61259048
1141.1000000	22.13171755	18.63966876
1141.2000000	22.15626657	18.67887964
1141.3000000	22.18463023	18.72444269
1141.4000000	22.21839039	18.77899202
1141.5000000	22.25519167	18.83860539
1141.6000000	22.29251191	18.89908291
1141.7000000	22.32865292	18.95759676
1141.8000000	22.35854851	19.00571072
1141.9000000	22.38294746	19.04467162
1142.0000000	22.39416408	19.06168118
1142.1000000	22.39264346	19.05748052
1142.2000000	22.3819409	19.03799
1142.3000000	22.35542233	18.99216249
1142.4000000	22.32260525	18.93584665
1142.5000000	22.28528855	18.87203802
1142.6000000	22.24847944	18.80907458
1142.7000000	22.21743491	18.75571034
1142.8000000	22.19166411	18.71112793
1142.9000000	22.18215833	18.69363023
1143.0000000	22.1805277	18.68924636
1143.1000000	22.18677014	18.69797285
1143.2000000	22.20305533	18.72342269
1143.3000000	22.22098969	18.75161873
1143.4000000	22.24061729	18.78263435
1143.5000000	22.25749887	18.80907728
1143.6000000	22.27129663	18.83038497
1143.7000000	22.28094391	18.84478122
1143.8000000	22.28278414	18.84617708
1143.9000000	22.28040457	18.84054607
1144.0000000	22.27230213	18.82538529
1144.1000000	22.25813381	18.8001235
1144.2000000	22.24128099	18.77039144
1144.3000000	22.22121176	18.73530333
1144.4000000	22.19998995	18.69829587
1144.5000000	22.17878442	18.66131548
1144.6000000	22.15879509	18.62636026
1144.7000000	22.14213842	18.59695463
1144.8000000	22.12800635	18.57175296
1144.9000000	22.1189828	18.55505813
1145.0000000	22.11464394	18.54616439
1145.1000000	22.11338469	18.54239887
1145.2000000	22.11695926	18.5466828
1145.3000000	22.12312233	18.55527717
1145.4000000	22.13102325	18.56676545
1145.5000000	22.14114812	18.58195712
1145.6000000	22.1524859	18.59916855
1145.7000000	22.16481418	18.61802939
1145.8000000	22.17948695	18.64079429
1145.9000000	22.19569393	18.666114
1146.0000000	22.21318507	18.69357209
1146.1000000	22.23248842	18.72404789
1146.2000000	22.2513115	18.75372389
1146.3000000	22.26965776	18.78260587
1146.4000000	22.28353104	18.80403936
1146.5000000	22.2937139	18.81932749
1146.6000000	22.29956667	18.82740508
1146.7000000	22.29704947	18.82154488
1146.8000000	22.29063799	18.80919985
1146.9000000	22.27938698	18.78879595
1147.0000000	22.2631978	18.76016891
1147.1000000	22.2453365	18.72875738
1147.2000000	22.22574487	18.69446442
1147.3000000	22.20666092	18.66101681
1147.4000000	22.1887983	18.62960293
1147.5000000	22.1736698	18.60274195
1147.6000000	22.16428891	18.58545203
1147.7000000	22.15908289	18.57511422
1147.8000000	22.16131197	18.57715758
1147.9000000	22.17120811	18.59196839
1148.0000000	22.18559932	18.6142645
1148.1000000	22.20648855	18.64738131
1148.2000000	22.23013225	18.68508487
1148.3000000	22.25479745	18.7244894
1148.4000000	22.278704	18.76263056
1148.5000000	22.29948957	18.79557457
1148.6000000	22.31775976	18.82432989
1148.7000000	22.33034888	18.84362498
1148.8000000	22.33953227	18.85724878
1148.9000000	22.34613062	18.86656792
1149.0000000	22.34945135	18.87042913
1149.1000000	22.35232685	18.87354892
1149.2000000	22.35484523	18.87607404
1149.3000000	22.35855003	18.88057479
1149.4000000	22.36316859	18.88659717
1149.5000000	22.36872799	18.89418623
1149.6000000	22.37528832	18.90344207
1149.7000000	22.38145679	18.91204537
1149.8000000	22.38710651	18.91978483
1149.9000000	22.38968878	18.92241634
1150.0000000	22.39002517	18.92130797
1150.1000000	22.38734193	18.91517125
1150.2000000	22.38022264	18.90164757
1150.3000000	22.37130256	18.88512515
1150.4000000	22.36023309	18.86502353
1150.5000000	22.34916213	18.84491941
1150.6000000	22.33907421	18.82645224
1150.7000000	22.33134258	18.81190882
1150.8000000	22.32775963	18.80427387
1150.9000000	22.32663617	18.80073451
1151.0000000	22.32925764	18.80343127
1151.1000000	22.33390915	18.80950852
1151.2000000	22.33933757	18.8168795
1151.3000000	22.34485815	18.82440393
1151.4000000	22.34934226	18.83020241
1151.5000000	22.35312098	18.83482626
1151.6000000	22.35571028	18.83746946
1151.7000000	22.35821385	18.83996992
1151.8000000	22.360789	18.84258955
1151.9000000	22.36434838	18.84684815
1152.0000000	22.3687339	18.85248247
1152.1000000	22.37374815	18.85916375
1152.2000000	22.37942344	18.8669458
1152.3000000	22.38487115	18.87434889
1152.4000000	22.39010438	18.88139482
1152.5000000	22.39411554	18.88640573
1152.6000000	22.39743768	18.89026928
1152.7000000	22.40004528	18.89294295
1152.8000000	22.40156834	18.89381062
1152.9000000	22.40269218	18.89401351
1153.0000000	22.40335779	18.89345335
1153.1000000	22.4034241	18.89189521
1153.2000000	22.40316969	18.889803
1153.3000000	22.40250409	18.88702607
1153.4000000	22.40126509	18.88329431
1153.5000000	22.39987037	18.87930324
1153.6000000	22.39834352	18.87509213
1153.7000000	22.39737501	18.87181077
1153.8000000	22.39700406	18.8695245
1153.9000000	22.39776297	18.8691197
1154.0000000	22.4001148	18.87136745
1154.1000000	22.40330613	18.87501316
1154.2000000	22.40762006	18.88052826
1154.3000000	22.411945	18.88606168
1154.4000000	22.4159679	18.89109215
1154.5000000	22.41878323	18.89411173
1154.6000000	22.4201915	18.89478825
1154.7000000	22.42073505	18.89402483
1154.8000000	22.42021144	18.89148433
1154.9000000	22.42014336	18.88970239
1155.0000000	22.42064737	18.88887312
1155.1000000	22.42373515	18.89234639
1155.2000000	22.42905272	18.89953277
1155.3000000	22.43613827	18.90966322
1155.4000000	22.44594286	18.92432149
1155.5000000	22.45590758	18.9392464
1155.6000000	22.4659823	18.95435447
1155.7000000	22.47329955	18.96487075
1155.8000000	22.47821494	18.97138741
1155.9000000	22.48059072	18.97367505
1156.0000000	22.47790933	18.96754137
1156.1000000	22.47331325	18.95821931
1156.2000000	22.46650153	18.94520771
1156.3000000	22.45816291	18.92965348
1156.4000000	22.44987914	18.91419059
1156.5000000	22.44193102	18.89928661
1156.6000000	22.43584141	18.88747746
1156.7000000	22.43104017	18.87781372
1156.8000000	22.42819549	18.8714081
1156.9000000	22.42808338	18.86955283
1157.0000000	22.42961943	18.87044212
1157.1000000	22.43365593	18.87549523
1157.2000000	22.44031009	18.88490734
1157.3000000	22.44837103	18.89666205
1157.4000000	22.4583639	18.91163385
1157.5000000	22.46891295	18.92753183
1157.6000000	22.47935251	18.94324748
1157.7000000	22.4885243	18.95685199
1157.8000000	22.49541267	18.96665409
1157.9000000	22.50066214	18.97372706
1158.0000000	22.50288653	18.97576259
1158.1000000	22.50394842	18.97586231
1158.2000000	22.50439559	18.97493836
1158.3000000	22.50554997	18.9751921
1158.4000000	22.50825017	18.97801995
1158.5000000	22.5122076	18.98294139
1158.6000000	22.51845483	18.99167584
1158.7000000	22.52476721	19.0005188
1158.8000000	22.53111967	19.00942848
1158.9000000	22.5348489	19.01396991
1159.0000000	22.53665784	19.01531362
1159.1000000	22.53639884	19.01321376
1159.2000000	22.53353246	19.00677202
1159.3000000	22.53091864	19.00075085
1159.4000000	22.52879171	18.99554045
1159.5000000	22.53141277	18.99823652
1159.6000000	22.53774192	19.0071074
1159.7000000	22.54921082	19.02453711
1159.8000000	22.56817941	19.05445547
1159.9000000	22.59022822	19.08950306
1160.0000000	22.61599275	19.13073816
1160.1000000	22.64190162	19.17221358
1160.2000000	22.66598751	19.21065333
1160.3000000	22.6857744	19.2419343
1160.4000000	22.69729315	19.259447
1160.5000000	22.70332743	19.26782685
1160.6000000	22.70006268	19.26072174
1160.7000000	22.68977915	19.24192882
1160.8000000	22.67585001	19.21706517
1160.9000000	22.65844466	19.18641284
1161.0000000	22.64234278	19.15793108
1161.1000000	22.62777673	19.13200679
1161.2000000	22.61868982	19.11520649
1161.3000000	22.61406848	19.10584234
1161.4000000	22.61267793	19.1018582
1161.5000000	22.6158303	19.10543901
1161.6000000	22.62008273	19.11085167
1161.7000000	22.62514733	19.1176168
1161.8000000	22.63009262	19.12418322
1161.9000000	22.63474444	19.13026096
1162.0000000	22.63913387	19.13590175
1162.1000000	22.64329331	19.14115957
1162.2000000	22.64732141	19.14619868
1162.3000000	22.65120455	19.1509964
1162.4000000	22.65407151	19.15410194
1162.5000000	22.65596092	19.15557964
1162.6000000	22.65662065	19.15500966
1162.7000000	22.65470968	19.15015889
1162.8000000	22.65147071	19.1430967
1162.9000000	22.64651067	19.13316854
1163.0000000	22.63979439	19.12031584
1163.1000000	22.63246771	19.10644668
1163.2000000	22.62452972	19.09155956
1163.3000000	22.61702055	19.0773865
1163.4000000	22.61018314	19.06433207
1163.5000000	22.60482169	19.05373544
1163.6000000	22.60204958	19.04745066
1163.7000000	22.60102169	19.04407038
1163.8000000	22.60300118	19.04569808
1163.9000000	22.60719476	19.05101275
1164.0000000	22.61247965	19.0581447
1164.1000000	22.61862593	19.06671106
1164.2000000	22.62381234	19.07367902
1164.3000000	22.62806698	19.07909537
1164.4000000	22.62958391	19.0799528
1164.5000000	22.62907668	19.07743955
1164.6000000	22.62712824	19.07252635
1164.7000000	22.62339014	19.06463295
1164.8000000	22.6194551	19.05641161
1164.9000000	22.61540278	19.04799497
1165.0000000	22.61204209	19.04073005
1165.1000000	22.60915661	19.03425644
1165.2000000	22.60670964	19.02851306
1165.3000000	22.60509925	19.02416279
1165.4000000	22.60411998	19.02086345
1165.5000000	22.60384555	19.01873785
1165.6000000	22.60592356	19.02052961
1165.7000000	22.60972377	19.02518922
1165.8000000	22.61567192	19.03342566
1165.9000000	22.62586322	19.04872792
1166.0000000	22.63834187	19.06783914
1166.1000000	22.65381586	19.09193828
1166.2000000	22.6724497	19.12129928
1166.3000000	22.69198205	19.15215649
1166.4000000	22.71231565	19.18434794
1166.5000000	22.73061479	19.21315154
1166.6000000	22.74637277	19.23772353
1166.7000000	22.75701615	19.25377855
1166.8000000	22.75934266	19.25598413
1166.9000000	22.75613686	19.24897716
1167.0000000	22.74345841	19.22619608
1167.1000000	22.72363914	19.19152391
1167.2000000	22.69998509	19.15046593
1167.3000000	22.672879	19.10365947
1167.4000000	22.64794533	19.06047053
1167.5000000	22.62537165	19.02121144
1167.6000000	22.61112688	18.99582191
1167.7000000	22.60422278	18.98265632
1167.8000000	22.60292493	18.97882645
1167.9000000	22.61115392	18.99086105
1168.0000000	22.62306536	19.0090278
1168.1000000	22.63787426	19.03201948
1168.2000000	22.65512373	19.05907526
1168.3000000	22.67231893	19.08604067
1168.4000000	22.68945452	19.11290678
1168.5000000	22.70535359	19.13771378
1168.6000000	22.72041725	19.16112962
1168.7000000	22.73456596	19.18302185
1168.8000000	22.74680774	19.2017386
1168.9000000	22.75775938	19.21830698
1169.0000000	22.76710944	19.23220835
1169.1000000	22.77308395	19.24048866
1169.2000000	22.77701237	19.24536177
1169.3000000	22.77816096	19.24560581
1169.4000000	22.77578336	19.23997796
1169.5000000	22.77196691	19.23195409
1169.6000000	22.76646453	19.22112276
1169.7000000	22.76104877	19.21043566
1169.8000000	22.75629116	19.20084454
1169.9000000	22.75322437	19.19406902
1170.0000000	22.75244202	19.19109762
1170.1000000	22.7528129	19.19004659
1170.2000000	22.75454762	19.19126668
1170.3000000	22.75578101	19.19165195
1170.4000000	22.75631639	19.19087485
1170.5000000	22.75464737	19.18642692
1170.6000000	22.75107061	19.17880218
1170.7000000	22.74632694	19.16923425
1170.8000000	22.74049833	19.15785964
1170.9000000	22.73535439	19.14762514
1171.0000000	22.73087406	19.13849572
1171.1000000	22.72883643	19.13343397
1171.2000000	22.72812675	19.13058355
1171.3000000	22.7284725	19.12949068
1171.4000000	22.72922539	19.12907578
1171.5000000	22.72906259	19.12713605
1171.6000000	22.72803019	19.12374821
1171.7000000	22.72438577	19.11601076
1171.8000000	22.72002286	19.10707685
1171.9000000	22.71486353	19.0968167
1172.0000000	22.71098965	19.08869712
1172.1000000	22.70905226	19.08380227
1172.2000000	22.70971985	19.08324532
1172.3000000	22.71580249	19.09170572
1172.4000000	22.72444456	19.10442818
1172.5000000	22.736335	19.12255994
1172.6000000	22.75010205	19.14381669
1172.7000000	22.76372408	19.16483193
1172.8000000	22.77637193	19.18422494
1172.9000000	22.78564809	19.19800328
1173.0000000	22.79265555	19.2080037
1173.1000000	22.79592273	19.21177568
1173.2000000	22.79605026	19.21031942
1173.3000000	22.79463375	19.20629196
1173.4000000	22.79152606	19.1994483
1173.5000000	22.78841718	19.19260266
1173.6000000	22.78561406	19.18626616
1173.7000000	22.78426539	19.18235167
1173.8000000	22.78480902	19.18158829
1173.9000000	22.78680891	19.18324995
1174.0000000	22.79184366	19.18996535
1174.1000000	22.7989313	19.2000993
1174.2000000	22.80752241	19.21273687
1174.3000000	22.81808538	19.22865805
1174.4000000	22.82847788	19.24429535
1174.5000000	22.83862464	19.25952343
1174.6000000	22.84567508	19.26959542
1174.7000000	22.84990684	19.27497365
1174.8000000	22.85142817	19.27583839
1174.9000000	22.84688553	19.26660519
1175.0000000	22.84010579	19.25364672
1175.1000000	22.83079929	19.23648057
1175.2000000	22.81999276	19.21681652
1175.3000000	22.80977712	19.19813642
1175.4000000	22.80057735	19.18114797
1175.5000000	22.79522886	19.1705728
1175.6000000	22.79237195	19.16414671
1175.7000000	22.79303222	19.16357757
1175.8000000	22.79823426	19.17057156
1175.9000000	22.80567925	19.18130059
1176.0000000	22.81610256	19.19698922
1176.1000000	22.82882008	19.21649826
1176.2000000	22.84240725	19.23745547
1176.3000000	22.85678775	19.25973374
1176.4000000	22.87067522	19.28119099
1176.5000000	22.88394579	19.30162096
1176.6000000	22.89569819	19.31952279
1176.7000000	22.90565647	19.33443702
1176.8000000	22.91441654	19.34735593
1176.9000000	22.92118726	19.35696212
1177.0000000	22.92667176	19.36442644
1177.1000000	22.93123724	19.37036038
1177.2000000	22.93423527	19.37368415
1177.3000000	22.93608483	19.37509547
1177.4000000	22.93702491	19.37499229
1177.5000000	22.93614384	19.37185645
1177.6000000	22.93450702	19.36746213
1177.7000000	22.93225291	19.36203988
1177.8000000	22.93000537	19.35662855
1177.9000000	22.92853035	19.35250365
1178.0000000	22.92781645	19.3496462
1178.1000000	22.9295297	19.35083051
1178.2000000	22.93237976	19.35390789
1178.3000000	22.93652288	19.3591385
1178.4000000	22.94200221	19.36659423
1178.5000000	22.94767508	19.37437223
1178.6000000	22.95349598	19.38239674
1178.7000000	22.95881077	19.38957847
1178.8000000	22.96366837	19.39599886
1178.9000000	22.96783428	19.40126742
1179.0000000	22.97063313	19.40425951
1179.1000000	22.97238377	19.40550609
1179.2000000	22.97241027	19.40388157
1179.3000000	22.9695458	19.39744291
1179.4000000	22.96475483	19.38779618
1179.5000000	22.95676878	19.37282889
1179.6000000	22.94617778	19.35352374
1179.7000000	22.93443725	19.33230433
1179.8000000	22.92194746	19.30983721
1179.9000000	22.91111322	19.29012697
1180.0000000	22.9018482	19.27302984
1180.1000000	22.89676446	19.26289552
1180.2000000	22.89519624	19.25861539
1180.3000000	22.8959933	19.25827401
1180.4000000	22.89984985	19.26302744
1180.5000000	22.90398064	19.26823752
1180.6000000	22.90816136	19.27353075
1180.7000000	22.91068426	19.27606332
1180.8000000	22.91214306	19.27682391
1180.9000000	22.9127289	19.2761308
1181.0000000	22.91327923	19.27537857
1181.1000000	22.91504873	19.27665653
1181.2000000	22.91802737	19.27994802
1181.3000000	22.92463509	19.2892828
1181.4000000	22.93264218	19.30094784
1181.5000000	22.94222976	19.31524479
1181.6000000	22.95236526	19.33045416
1181.7000000	22.96179148	19.3444824
1181.8000000	22.97012905	19.35669777
1181.9000000	22.97560914	19.36415476
1182.0000000	22.97955111	19.36905041
1182.1000000	22.98141789	19.37049038
1182.2000000	22.98145669	19.36888633
1182.3000000	22.98080761	19.36613678
1182.4000000	22.97945152	19.36220991
1182.5000000	22.97779041	19.35777509
1182.6000000	22.97591172	19.35297795
1182.7000000	22.97367043	19.34757699
1182.8000000	22.97073996	19.34102839
1182.9000000	22.96733288	19.3336861
1183.0000000	22.9630965	19.32496284
1183.1000000	22.95863361	19.31586237
1183.2000000	22.95425336	19.30689953
1183.3000000	22.95083105	19.29953187
1183.4000000	22.94911826	19.29501097
1183.5000000	22.94878699	19.29279064
1183.6000000	22.95163216	19.29585985
1183.7000000	22.9564727	19.30225185
1183.8000000	22.96282156	19.31115557
1183.9000000	22.97108478	19.32324715
1184.0000000	22.97965666	19.33585273
1184.1000000	22.98847749	19.34887286
1184.2000000	22.99705173	19.36148235
1184.3000000	23.00554682	19.37396005
1184.4000000	23.01396125	19.38630342
1184.5000000	23.02281917	19.39938529
1184.6000000	23.03197193	19.41295816
1184.7000000	23.04146956	19.42710531
1184.8000000	23.05072306	19.44084592
1184.9000000	23.05910971	19.45314301
1185.0000000	23.0662459	19.4633578
1185.1000000	23.06996578	19.46788361
1185.2000000	23.07155129	19.46885519
1185.3000000	23.07010077	19.46477105
1185.4000000	23.06545049	19.45535855
1185.5000000	23.05961199	19.44396738
1185.6000000	23.05259518	19.43061404
1185.7000000	23.04609835	19.41812659
1185.8000000	23.0402524	19.40672299
1185.9000000	23.03589335	19.39779544
1186.0000000	23.03281746	19.39100465
1186.1000000	23.03031752	19.38517297
1186.2000000	23.02822577	19.38002101
1186.3000000	23.02577703	19.37427458
1186.4000000	23.02310054	19.36814888
1186.5000000	23.0200894	19.3614659
1186.6000000	23.01770529	19.35582709
1186.7000000	23.01600149	19.35132114
1186.8000000	23.01682522	19.35102416
1186.9000000	23.02008984	19.35479186
1187.0000000	23.02533127	19.36185142
1187.1000000	23.03452234	19.37548811
1187.2000000	23.04546192	19.39203649
1187.3000000	23.05788892	19.41106176
1187.4000000	23.07188322	19.43269697
1187.5000000	23.08557433	19.45382729
1187.6000000	23.09896417	19.47445591
1187.7000000	23.10949547	19.49032437
1187.8000000	23.11771094	19.50233641
1187.9000000	23.12317683	19.50976974
1188.0000000	23.12318933	19.50812187
1188.1000000	23.12070131	19.50231005
1188.2000000	23.11511169	19.49133331
1188.3000000	23.10725647	19.47658379
1188.4000000	23.09917188	19.4614523
1188.5000000	23.09130938	19.44669065
1188.6000000	23.0853544	19.43510546
1188.7000000	23.08058177	19.42548917
1188.8000000	23.07763303	19.41891011
1188.9000000	23.07586981	19.41430522
1189.0000000	23.07455069	19.41043986
1189.1000000	23.07354775	19.40710102
1189.2000000	23.07299617	19.4045138
1189.3000000	23.07305975	19.40295097
1189.4000000	23.07485818	19.4042771
1189.5000000	23.07915697	19.40976693
1189.6000000	23.08518699	19.4181397
1189.7000000	23.09423145	19.43153224
1189.8000000	23.10422966	19.446513
1189.9000000	23.11458533	19.46208901
1190.0000000	23.12347017	19.47521573
1190.1000000	23.13013149	19.48463975
1190.2000000	23.13500791	19.49109148
1190.3000000	23.13656768	19.49202018
1190.4000000	23.13746969	19.49185356
1190.5000000	23.13783005	19.49078495
1190.6000000	23.13993846	19.49262725
1190.7000000	23.14374834	19.49730294
1190.8000000	23.14933553	19.50493826
1190.9000000	23.15771131	19.51721727
1191.0000000	23.16640728	19.53002948
1191.1000000	23.17538082	19.54330389
1191.2000000	23.18246312	19.55342894
1191.3000000	23.18805586	19.56107349
1191.4000000	23.19162218	19.56534359
1191.5000000	23.1924648	19.56507806
1191.6000000	23.19213583	19.56286154
1191.7000000	23.19035778	19.55823197
1191.8000000	23.18730299	19.55147631
1191.9000000	23.18356136	19.54357688
1192.0000000	23.17885835	19.53407653
1192.1000000	23.17339034	19.52330226
1192.2000000	23.16774082	19.51222572
1192.3000000	23.16224903	19.50141184
1192.4000000	23.15842299	19.49337184
1192.5000000	23.1560881	19.48781497
1192.6000000	23.15718496	19.4879728
1192.7000000	23.16168636	19.49380002
1192.8000000	23.16846859	19.50342539
1192.9000000	23.17888631	19.51910474
1193.0000000	23.19090877	19.53745637
1193.1000000	23.20391909	19.55745302
1193.2000000	23.21744781	19.57831292
1193.3000000	23.2302813	19.59801509
1193.4000000	23.24245328	19.61661569
1193.5000000	23.25202934	19.63089343
1193.6000000	23.25936344	19.64143777
1193.7000000	23.2647022	19.6486594
1193.8000000	23.26526655	19.64793048
1193.9000000	23.26389845	19.64398357
1194.0000000	23.26047034	19.63660623
1194.1000000	23.25559073	19.62681179
1194.2000000	23.25146222	19.61826812
1194.3000000	23.24839255	19.61148767
1194.4000000	23.24944176	19.61156616
1194.5000000	23.25274591	19.61539966
1194.6000000	23.25896874	19.62409348
1194.7000000	23.26725583	19.63622479
1194.8000000	23.27526911	19.64790014
1194.9000000	23.28215564	19.65769916
1195.0000000	23.28437756	19.65973049
1195.1000000	23.28332497	19.65630897
1195.2000000	23.27687564	19.64390056
1195.3000000	23.26541491	19.62314695
1195.4000000	23.25172764	19.5986856
1195.5000000	23.23594155	19.57072917
1195.6000000	23.22192476	19.54571905
1195.7000000	23.20995863	19.52412375
1195.8000000	23.20370938	19.51204846
1195.9000000	23.2034937	19.51002058
1196.0000000	23.20730965	19.51470635
1196.1000000	23.21734122	19.52974269
1196.2000000	23.2292881	19.54796849
1196.3000000	23.24219389	19.56779109
1196.4000000	23.25362903	19.5851647
1196.5000000	23.26241302	19.5981235
1196.6000000	23.26901642	19.60745106
1196.7000000	23.27112611	19.6092955
1196.8000000	23.27161934	19.60844812
1196.9000000	23.27067033	19.60519906
1197.0000000	23.26872865	19.60029696
1197.1000000	23.26682954	19.59546576
1197.2000000	23.26497502	19.5907088
1197.3000000	23.2630581	19.58584793
1197.4000000	23.26087288	19.58054027
1197.5000000	23.25834038	19.5746543
1197.6000000	23.25528499	19.56789759
1197.7000000	23.25234658	19.56133567
1197.8000000	23.2496828	19.55523108
1197.9000000	23.24869015	19.55190934
1198.0000000	23.24894548	19.55066578
1198.1000000	23.25112597	19.55262812
1198.2000000	23.25554797	19.55832312
1198.3000000	23.26093907	19.56563192
1198.4000000	23.26744795	19.57480209
1198.5000000	23.27400005	19.58404424
1198.6000000	23.2803002	19.59286682
1198.7000000	23.28578284	19.60032804
1198.8000000	23.29027836	19.60614547
1198.9000000	23.29420398	19.61101389
1199.0000000	23.29737514	19.61462592
1199.1000000	23.30039253	19.61798188
1199.2000000	23.30340776	19.62133426
1199.3000000	23.30685638	19.62540833
1199.4000000	23.31095786	19.63056959
1199.5000000	23.31557922	19.63659657
1199.6000000	23.32132598	19.64449761
1199.7000000	23.32773393	19.6534997
1199.8000000	23.33466713	19.66337647
1199.9000000	23.34227245	19.67437248
1200.0000000	23.34976648	19.68518316
1200.1000000	23.35715655	19.69582072
1200.2000000	23.36326889	19.70433055
1200.3000000	23.36843003	19.71125637
1200.4000000	23.37255833	19.71646228
1200.5000000	23.37474669	19.71843772
1200.6000000	23.37621287	19.71921054
1200.7000000	23.37684133	19.71858834
1200.8000000	23.37697934	19.71714944
1200.9000000	23.37712194	19.71571817
1201.0000000	23.377361	19.71444753
1201.1000000	23.37786289	19.71361457
1201.2000000	23.37842968	19.71288969
1201.3000000	23.37903592	19.71223049
1201.4000000	23.37936964	19.71111748
1201.5000000	23.37943886	19.70956402
1201.6000000	23.3790139	19.70718762
1201.7000000	23.37792147	19.70369971
1201.8000000	23.37638026	19.69946449
1201.9000000	23.37407867	19.69396303
1202.0000000	23.37092402	19.687041
1202.1000000	23.36719427	19.67916131
1202.2000000	23.36250616	19.66968569
1202.3000000	23.35749507	19.65967222
1202.4000000	23.35246311	19.649624
1202.5000000	23.34834543	19.64109828
1202.6000000	23.34616179	19.63579322
1202.7000000	23.3456005	19.63318978
1202.8000000	23.3491638	19.63745481
1202.9000000	23.35517813	19.64580145
1203.0000000	23.36315082	19.65740923
1203.1000000	23.37343673	19.67286911
1203.2000000	23.38349835	19.68795548
1203.3000000	23.39335088	19.70269366
1203.4000000	23.40022701	19.71247539
1203.5000000	23.40496413	19.71869514
1203.6000000	23.40733935	19.72098172
1203.7000000	23.40506103	19.715519
1203.8000000	23.40067977	19.70655436
1203.9000000	23.39378164	19.6933985
1204.0000000	23.3842853	19.67591595
1204.1000000	23.37424599	19.6575292
1204.2000000	23.36380552	19.63847442
1204.3000000	23.35528325	19.6226139
1204.4000000	23.34875267	19.61007006
1204.5000000	23.34564819	19.60323152
1204.6000000	23.34788423	19.60528634
1204.7000000	23.35306578	19.61224619
1204.8000000	23.36245984	19.62622093
1204.9000000	23.37425832	19.64419966
1205.0000000	23.38679166	19.6634021
1205.1000000	23.39927547	19.68252206
1205.2000000	23.41020178	19.69904837
1205.3000000	23.42006949	19.71381184
1205.4000000	23.42811237	19.72553651
1205.5000000	23.43552025	19.73620374
1205.6000000	23.44262601	19.74636785
1205.7000000	23.44987834	19.75677604
1205.8000000	23.45734567	19.76754227
1205.9000000	23.46491691	19.77848152
1206.0000000	23.47221968	19.7889737
1206.1000000	23.47889339	19.79841835
1206.2000000	23.48503119	19.80697057
1206.3000000	23.48991265	19.81343067
1206.4000000	23.49425295	19.81898959
1206.5000000	23.49808984	19.82371023
1206.6000000	23.50111471	19.82707864
1206.7000000	23.50375078	19.8297996
1206.8000000	23.50595765	19.83180584
1206.9000000	23.50716725	19.83215136
1207.0000000	23.50778244	19.83150705
1207.1000000	23.50765634	19.82962831
1207.2000000	23.50646365	19.82597343
1207.3000000	23.50482675	19.82157884
1207.4000000	23.50264216	19.8162722
1207.5000000	23.49994652	19.81011452
1207.6000000	23.49703631	19.80359953
1207.7000000	23.49386705	19.79665316
1207.8000000	23.49075134	19.78979596
1207.9000000	23.48788512	19.78335422
1208.0000000	23.48564583	19.77795647
1208.1000000	23.4849557	19.77513846
1208.2000000	23.48550846	19.77439018
1208.3000000	23.48852858	19.77775069
1208.4000000	23.49398813	19.78517346
1208.5000000	23.50092059	19.79504899
1208.6000000	23.50993137	19.80838543
1208.7000000	23.51949086	19.82263563
1208.8000000	23.52917245	19.83708916
1208.9000000	23.53783881	19.84985207
1209.0000000	23.54484976	19.85985828
1209.1000000	23.55052693	19.86764344
1209.2000000	23.55325909	19.87052441
1209.3000000	23.55439326	19.87074433
1209.4000000	23.55420434	19.86876097
1209.5000000	23.55208261	19.86355899
1209.6000000	23.54941975	19.85745591
1209.7000000	23.54624317	19.85049732
1209.8000000	23.54272444	19.84296899
1209.9000000	23.53914524	19.83533996
1210.0000000	23.53550502	19.82760931
1210.1000000	23.53195794	19.82003375
1210.2000000	23.5286226	19.81281078
1210.3000000	23.52558088	19.80607679
1210.4000000	23.52337577	19.80073593
1210.5000000	23.52179417	19.79643339
1210.6000000	23.52110898	19.7936236
1210.7000000	23.52185025	19.79318922
1210.8000000	23.52328941	19.79391703
1210.9000000	23.52565325	19.79618464
1211.0000000	23.52858817	19.79940326
1211.1000000	23.5316898	19.80289948
1211.2000000	23.53485717	19.80650519
1211.3000000	23.53777169	19.80968983
1211.4000000	23.54052173	19.81260057
1211.5000000	23.54299109	19.8150439
1211.6000000	23.54553258	19.81760736
1211.7000000	23.54823438	19.82043776
1211.8000000	23.55154332	19.82427922
1211.9000000	23.55564071	19.82943363
1212.0000000	23.56034542	19.8355994
1212.1000000	23.56629398	19.84383648
1212.2000000	23.57295752	19.8532642
1212.3000000	23.5801213	19.86352494
1212.4000000	23.58773032	19.8745271
1212.5000000	23.59518334	19.88526949
1212.6000000	23.60248144	19.89575391
1212.7000000	23.6088945	19.90476451
1212.8000000	23.61463651	19.91265763
1212.9000000	23.61973574	19.91948036
1213.0000000	23.62345516	19.92400535
1213.1000000	23.62651221	19.92742735
1213.2000000	23.62882149	19.9296041
1213.3000000	23.62985064	19.92964913
1213.4000000	23.63024938	19.92864435
1213.5000000	23.62986707	19.92633894
1213.6000000	23.62834067	19.92212832
1213.7000000	23.62621285	19.91691617
1213.8000000	23.62328996	19.91038003
1213.9000000	23.61928643	19.90204436
1214.0000000	23.61465258	19.89265904
1214.1000000	23.60910582	19.88175349
1214.2000000	23.6026641	19.86935758
1214.3000000	23.59586291	19.85636306
1214.4000000	23.58875789	19.84286259
1214.5000000	23.58224453	19.83034737
1214.6000000	23.57636464	19.81888703
1214.7000000	23.57204348	19.81002238
1214.8000000	23.56949668	19.80411251
1214.9000000	23.56805577	19.8000442
1215.0000000	23.56823223	19.79866925
1215.1000000	23.56881274	19.79796716
1215.2000000	23.56956939	19.79755837
1215.3000000	23.57003789	19.79666974
1215.4000000	23.57053213	19.79582398
1215.5000000	23.57119143	19.79525308
1215.6000000	23.57364841	19.7976758
1215.7000000	23.57850922	19.80410151
1215.8000000	23.58547279	19.81402888
1215.9000000	23.59784975	19.83297093
1216.0000000	23.61256609	19.85580866
1216.1000000	23.62953979	19.88240547
1216.2000000	23.64846728	19.91225581
1216.3000000	23.66692136	19.9413178
1216.4000000	23.6847956	19.96941418
1216.5000000	23.69983015	19.99278175
1216.6000000	23.71311488	20.01323542
1216.7000000	23.72420406	20.03003293
1216.8000000	23.7321849	20.04165426
1216.9000000	23.73858492	20.05064313
1217.0000000	23.74291022	20.05617707
1217.1000000	23.74462972	20.05737168
1217.2000000	23.74493771	20.05621578
1217.3000000	23.7432605	20.05175401
1217.4000000	23.73987819	20.04445283
1217.5000000	23.73578372	20.03596572
1217.6000000	23.73099319	20.02631947
1217.7000000	23.72636541	20.01694425
1217.8000000	23.72194891	20.00792086
1217.9000000	23.71812565	19.99988535
1218.0000000	23.71476435	19.99261914
1218.1000000	23.71169609	19.9858409
1218.2000000	23.7090734	19.97980466
1218.3000000	23.70698838	19.97466377
1218.4000000	23.70539759	19.9703459
1218.5000000	23.70526367	19.96845409
1218.6000000	23.70665406	19.96910063
1218.7000000	23.70928545	19.97181379
1218.8000000	23.71456578	19.97893809
1218.9000000	23.72108085	19.98811855
1219.0000000	23.72862366	19.99901047
1219.1000000	23.73706854	20.01140456
1219.2000000	23.74515173	20.02319635
1219.3000000	23.75288203	20.03440048
1219.4000000	23.75855385	20.04217672
1219.5000000	23.76284774	20.04765833
1219.6000000	23.76554215	20.05047642
1219.7000000	23.76529087	20.04838918
1219.8000000	23.76369094	20.04405609
1219.9000000	23.76044517	20.03698225
1220.0000000	23.75569803	20.02740825
1220.1000000	23.7506262	20.01729353
1220.2000000	23.7453455	20.00683101
1220.3000000	23.74088258	19.99773028
1220.4000000	23.73707826	19.98972631
1220.5000000	23.73438958	19.98358014
1220.6000000	23.73272342	19.97913675
1220.7000000	23.73146084	19.97536541
1220.8000000	23.73055209	19.9721833
1220.9000000	23.72962392	19.96896884
1221.0000000	23.72877196	19.9658813
1221.1000000	23.72822967	19.96330942
1221.2000000	23.72874752	19.96250297
1221.3000000	23.73020122	19.96325494
1221.4000000	23.73394616	19.96782242
1221.5000000	23.73985843	19.97599908
1221.6000000	23.74734868	19.98680348
1221.7000000	23.7575963	20.00219961
1221.8000000	23.76905136	20.01960645
1221.9000000	23.78134578	20.03841103
1222.0000000	23.79407687	20.05794278
1222.1000000	23.80611662	20.07632325
1222.2000000	23.81752651	20.09365485
1222.3000000	23.8262837	20.10656901
1222.4000000	23.8333426	20.11665509
1222.5000000	23.83869952	20.12390693
1222.6000000	23.84139387	20.12672491
1222.7000000	23.8436414	20.12879882
1222.8000000	23.84542926	20.13010725
1222.9000000	23.84869975	20.13388466
1223.0000000	23.85338436	20.14001692
1223.1000000	23.85999827	20.14936197
1223.2000000	23.86887564	20.16247626
1223.3000000	23.8779213	20.17587079
1223.4000000	23.88670027	20.18882122
1223.5000000	23.8920472	20.19605643
1223.6000000	23.89461577	20.19866495
1223.7000000	23.89247532	20.19343174
1223.8000000	23.88479177	20.17896786
1223.9000000	23.87426194	20.15976417
1224.0000000	23.86002552	20.13438806
1224.1000000	23.8446654	20.10714068
1224.2000000	23.82920988	20.07973441
1224.3000000	23.81514176	20.05463851
1224.4000000	23.8036941	20.03390634
1224.5000000	23.79412004	20.01629419
1224.6000000	23.78808102	20.00456881
1224.7000000	23.78391554	19.99596336
1224.8000000	23.78094281	19.98934415
1224.9000000	23.77893322	19.98432882
1225.0000000	23.77679241	19.97909497
1225.1000000	23.77454019	19.97367558
1225.2000000	23.77206699	19.96788821
1225.3000000	23.77014584	19.96302014
1225.4000000	23.76874049	19.95901102
1225.5000000	23.77002755	19.95948548
1225.6000000	23.7731691	19.96304816
1225.7000000	23.77821577	19.96978336
1225.8000000	23.78653191	19.98196312
1225.9000000	23.795722	19.99559822
1226.0000000	23.80587155	20.01083108
1226.1000000	23.81582243	20.02573309
1226.2000000	23.82505905	20.03944567
1226.3000000	23.83325199	20.05142023
1226.4000000	23.83921475	20.05968097
1226.5000000	23.84381953	20.06568029
1226.6000000	23.84650342	20.06848084
1226.7000000	23.8467169	20.06716752
1226.8000000	23.84572492	20.06384677
1226.9000000	23.84314294	20.05787826
1227.0000000	23.84008567	20.05111826
1227.1000000	23.83730263	20.04481493
1227.2000000	23.83573884	20.04054197
1227.3000000	23.83666695	20.04041867
1227.4000000	23.83929431	20.04312508
1227.5000000	23.84490875	20.05080578
1227.6000000	23.85226954	20.06139459
1227.7000000	23.86051176	20.07345124
1227.8000000	23.86914038	20.08615132
1227.9000000	23.87667092	20.09702281
1228.0000000	23.88321446	20.10625069
1228.1000000	23.88686153	20.11065519
1228.2000000	23.88835282	20.11146975
1228.3000000	23.88813444	20.10943724
1228.4000000	23.88510576	20.10272486
1228.5000000	23.8812615	20.09465431
1228.6000000	23.87671249	20.08541016
1228.7000000	23.87245604	20.0766532
1228.8000000	23.86912275	20.06943354
1228.9000000	23.86675936	20.06382903
1229.0000000	23.86740848	20.06324113
1229.1000000	23.86993818	20.06578491
1229.2000000	23.87471541	20.07207141
1229.3000000	23.88353916	20.08509646
1229.4000000	23.89423822	20.10124439
1229.5000000	23.90725976	20.12125985
1229.6000000	23.92214168	20.14437334
1229.7000000	23.93707961	20.16758007
1229.8000000	23.95164337	20.19016371
1229.9000000	23.96351638	20.20826655
1230.0000000	23.97341716	20.22308509
1230.1000000	23.98006853	20.23249254
1230.2000000	23.98370514	20.23687961
1230.3000000	23.986116	20.23922547
1230.4000000	23.98749794	20.23985793
1230.5000000	23.9901099	20.24253869
1230.6000000	23.9939143	20.24720517
1230.7000000	24.00058358	20.25664243
1230.8000000	24.00953016	20.26987199
1230.9000000	24.01977054	20.28525604
1231.0000000	24.0312285	20.3026677
1231.1000000	24.04200127	20.31893832
1231.2000000	24.05202615	20.33396353
1231.3000000	24.05918744	20.34422011
1231.4000000	24.06379599	20.35022571
1231.5000000	24.06631035	20.35274393
1231.6000000	24.06450435	20.34806764
1231.7000000	24.06052526	20.33977258
1231.8000000	24.05460417	20.32824359
1231.9000000	24.0458139	20.31193666
1232.0000000	24.03635187	20.29451108
1232.1000000	24.02617041	20.27588744
1232.2000000	24.01606515	20.25739068
1232.3000000	24.00646976	20.23974299
1232.4000000	23.99754565	20.22321315
1232.5000000	23.99047258	20.20976579
1232.6000000	23.98452371	20.19819048
1232.7000000	23.98008487	20.18912979
1232.8000000	23.97799782	20.18398544
1232.9000000	23.97718563	20.18096409
1233.0000000	23.97813462	20.18087554
1233.1000000	23.98084076	20.18371313
1233.2000000	23.98431323	20.18782686
1233.3000000	23.98868067	20.19343095
1233.4000000	23.99342468	20.19966213
1233.5000000	23.99828479	20.20608664
1233.6000000	24.00316493	20.21254453
1233.7000000	24.00795108	20.21884587
1233.8000000	24.01269482	20.2250766
1233.9000000	24.01739626	20.2312369
1234.0000000	24.02199564	20.23722722
1234.1000000	24.02648845	20.24304009
1234.2000000	24.0306464	20.24829532
1234.3000000	24.03449474	20.25303497
1234.4000000	24.03811576	20.25739606
1234.5000000	24.04134583	20.26110613
1234.6000000	24.04443827	20.26458701
1234.7000000	24.04742194	20.26788675
1234.8000000	24.05033006	20.27106068
1234.9000000	24.05309624	20.27399826
1235.0000000	24.05572954	20.27671454
1235.1000000	24.05738567	20.27780357
1235.2000000	24.05807747	20.27728674
1235.3000000	24.05772753	20.27503514
1235.4000000	24.05466569	20.26826751
1235.5000000	24.05024033	20.25922925
1235.6000000	24.04418173	20.24747121
1235.7000000	24.03667889	20.23330812
1235.8000000	24.02929804	20.21934817
1235.9000000	24.02236791	20.20613878
1236.0000000	24.01821683	20.19755725
1236.1000000	24.01616197	20.19246647
1236.2000000	24.01735561	20.19278534
1236.3000000	24.02244856	20.19959759
1236.4000000	24.02918511	20.20914689
1236.5000000	24.03775835	20.22175476
1236.6000000	24.04563843	20.23320835
1236.7000000	24.05226242	20.2425702
1236.8000000	24.05561712	20.2464878
1236.9000000	24.05454424	20.2430323
1237.0000000	24.0506712	20.23491377
1237.1000000	24.04240595	20.21948104
1237.2000000	24.03260995	20.20149917
1237.3000000	24.02228498	20.18263642
1237.4000000	24.01347637	20.16629882
1237.5000000	24.00768548	20.15498653
1237.6000000	24.00430524	20.14768861
1237.7000000	24.00615718	20.1491037
1237.8000000	24.01050762	20.15467949
1237.9000000	24.01681391	20.16351231
1238.0000000	24.02505542	20.17556779
1238.1000000	24.03357493	20.1880862
1238.2000000	24.04234515	20.20102212
1238.3000000	24.05156294	20.21470336
1238.4000000	24.06132951	20.22929846
1238.5000000	24.07169459	20.24489025
1238.6000000	24.08349403	20.26287061
1238.7000000	24.0955324	20.28124885
1238.8000000	24.10780487	20.30001693
1238.9000000	24.11844111	20.31606024
1239.0000000	24.12742729	20.32935577
1239.1000000	24.13402701	20.33867719
1239.2000000	24.13679713	20.3416213
1239.3000000	24.13785588	20.34171554
1239.4000000	24.13676795	20.33823498
1239.5000000	24.13515731	20.33388395
1239.6000000	24.13391262	20.33014233
1239.7000000	24.13390204	20.32845583
1239.8000000	24.1357947	20.32993875
1239.9000000	24.13863248	20.33299553
1240.0000000	24.14259412	20.33792385
1240.1000000	24.14623695	20.34232126
1240.2000000	24.14940294	20.34592461
1240.3000000	24.15107261	20.34703618
1240.4000000	24.15161845	20.34627627
1240.5000000	24.15157867	20.34454114
1240.6000000	24.15143801	20.34263803
1240.7000000	24.1522805	20.34237212
1240.8000000	24.1539348	20.3434581
1240.9000000	24.15752542	20.34776856
1241.0000000	24.16170501	20.35305982
1241.1000000	24.16629105	20.35902793
1241.2000000	24.17001577	20.3635617
1241.3000000	24.17259178	20.36618257
1241.4000000	24.17411116	20.36704386
1241.5000000	24.17359374	20.36451334
1241.6000000	24.17264957	20.36127216
1241.7000000	24.17123186	20.35724241
1241.8000000	24.16976634	20.35313304
1241.9000000	24.16814914	20.34877108
1242.0000000	24.16633001	20.34407285
1242.1000000	24.1631706	20.33714269
1242.2000000	24.15899173	20.32851485
1242.3000000	24.15336749	20.31748008
1242.4000000	24.14638776	20.30418804
1242.5000000	24.13939435	20.29087321
1242.6000000	24.13287393	20.27834603
1242.7000000	24.12905375	20.27031548
1242.8000000	24.12726553	20.26566872
1242.9000000	24.12900895	20.26690308
1243.0000000	24.13415942	20.27381112
1243.1000000	24.14091957	20.28339973
1243.2000000	24.14939125	20.2958385
1243.3000000	24.15737484	20.30746446
1243.4000000	24.1646447	20.31790186
1243.5000000	24.16965984	20.32458454
1243.6000000	24.17252068	20.32767971
1243.7000000	24.17400718	20.32848625
1243.8000000	24.17378007	20.32643915
1243.9000000	24.17393263	20.3250243
1244.0000000	24.17461663	20.32449445
1244.1000000	24.17825222	20.3288798
1244.2000000	24.18439861	20.33744632
1244.3000000	24.19261885	20.34946635
1244.4000000	24.20435074	20.36733425
1244.5000000	24.21678048	20.38636424
1244.6000000	24.22984866	20.4064574
1244.7000000	24.24174043	20.42459152
1244.8000000	24.25239409	20.44066384
1244.9000000	24.26166954	20.45444106
1245.0000000	24.26841141	20.46399921
1245.1000000	24.27394832	20.47155076
1245.2000000	24.2780399	20.47669545
1245.3000000	24.27960266	20.47762897
1245.4000000	24.27952178	20.4758254
1245.5000000	24.27716359	20.47022949
1245.6000000	24.27131228	20.45881658
1245.7000000	24.26381306	20.44465946
1245.8000000	24.25419011	20.42696575
1245.9000000	24.24420634	20.40867117
1246.0000000	24.23491106	20.39152308
1246.1000000	24.2277139	20.37786894
1246.2000000	24.22455353	20.37093717
1246.3000000	24.22404841	20.3684271
1246.4000000	24.22801595	20.37336523
1246.5000000	24.23489639	20.38315413
1246.6000000	24.24324955	20.39539551
1246.7000000	24.25278145	20.40959982
1246.8000000	24.26168367	20.42275555
1246.9000000	24.2699451	20.43484417
1247.0000000	24.27621576	20.44361762
1247.1000000	24.28099714	20.44991101
1247.2000000	24.28470453	20.45441512
1247.3000000	24.28696869	20.4565115
1247.4000000	24.28900397	20.45821952
1247.5000000	24.29082769	20.45956795
1247.6000000	24.2930922	20.46164575
1247.7000000	24.29576541	20.46440302
1247.8000000	24.29882428	20.46780472
1247.9000000	24.30228719	20.47188236
1248.0000000	24.30538942	20.47536127
1248.1000000	24.30810419	20.47819398
1248.2000000	24.30883009	20.4777119
1248.3000000	24.3082466	20.47504717
1248.4000000	24.30594638	20.46952502
1248.5000000	24.3014732	20.46038947
1248.6000000	24.29638407	20.4502351
1248.7000000	24.29078345	20.43923496
1248.8000000	24.28614548	20.42984133
1248.9000000	24.28252207	20.42213823
1249.0000000	24.28061667	20.41729553
1249.1000000	24.2808858	20.41607305
1249.2000000	24.2821909	20.41657511
1249.3000000	24.28479027	20.41923239
1249.4000000	24.28774947	20.42248906
1249.5000000	24.2908518	20.42598409
1249.6000000	24.29399511	20.4295473
1249.7000000	24.29780973	20.43422825
1249.8000000	24.30232727	20.44007955
1249.9000000	24.30878321	20.44915875
1250.0000000	24.3170255	20.46121288
1250.1000000	24.32633484	20.47504413
1250.2000000	24.33649088	20.49028502
1250.3000000	24.3451819	20.50308427
1250.4000000	24.35249679	20.51358771
1250.5000000	24.35480391	20.51574626
1250.6000000	24.35381453	20.51240965
1250.7000000	24.3500798	20.50449656
1250.8000000	24.3433522	20.49159503
1250.9000000	24.3374414	20.48004826
1251.0000000	24.33235264	20.46986319
1251.1000000	24.33255333	20.46847887
1251.2000000	24.33556709	20.47177306
1251.3000000	24.34171829	20.48028939
1251.4000000	24.35092662	20.49389701
1251.5000000	24.35993932	20.5071812
1251.6000000	24.36840102	20.51955217
1251.7000000	24.37302727	20.52554308
1251.8000000	24.37512773	20.52733749
1251.9000000	24.37372463	20.52330819
1252.0000000	24.36851169	20.51294327
1252.1000000	24.36186379	20.50019386
1252.2000000	24.35363573	20.48481382
1252.3000000	24.34543455	20.46947611
1252.4000000	24.33777996	20.45504531
1252.5000000	24.33160287	20.44307203
1252.6000000	24.3281597	20.43564913
1252.7000000	24.32669122	20.43151189
1252.8000000	24.32884583	20.433404
1252.9000000	24.33413767	20.44051503
1253.0000000	24.34131104	20.45075443
1253.1000000	24.35111787	20.46537712
1253.2000000	24.36185978	20.48155894
1253.3000000	24.37307699	20.49853707
1253.4000000	24.38418557	20.51533937
1253.5000000	24.39439304	20.53064379
1253.6000000	24.40385969	20.54471353
1253.7000000	24.41108716	20.55505064
1253.8000000	24.41678186	20.56283055
1253.9000000	24.42111196	20.56833508
1254.0000000	24.42297534	20.56973188
1254.1000000	24.42387368	20.5695247
1254.2000000	24.42383699	20.56776596
1254.3000000	24.42286474	20.56445538
1254.4000000	24.42184993	20.5610793
1254.5000000	24.42085103	20.55773296
1254.6000000	24.42070594	20.55580926
1254.7000000	24.42137316	20.55523717
1254.8000000	24.4230924	20.55641501
1254.9000000	24.42687692	20.56103002
1255.0000000	24.43169326	20.56736082
1255.1000000	24.43786459	20.57594471
1255.2000000	24.44464871	20.58554509
1255.3000000	24.451109	20.59460293
1255.4000000	24.45660642	20.60205608
1255.5000000	24.4594905	20.6051588
1255.6000000	24.46056821	20.60525629
1255.7000000	24.45858349	20.60025726
1255.8000000	24.45403138	20.59098593
1255.9000000	24.44823329	20.57964287
1256.0000000	24.44125237	20.56633349
1256.1000000	24.43484587	20.55398364
1256.2000000	24.42917703	20.54286349
1256.3000000	24.425813	20.53557995
1256.4000000	24.42486904	20.53232116
1256.5000000	24.4257323	20.53206335
1256.6000000	24.42977621	20.53709225
1256.7000000	24.43571536	20.5452683
1256.8000000	24.44303856	20.55574375
1256.9000000	24.45282944	20.57032774
1257.0000000	24.46360925	20.58656244
1257.1000000	24.47523198	20.60420818
1257.2000000	24.48759219	20.62309008
1257.3000000	24.49952449	20.64126602
1257.4000000	24.51106321	20.65878994
1257.5000000	24.51996551	20.67192434
1257.6000000	24.52693955	20.68184709
1257.7000000	24.5316443	20.68799014
1257.8000000	24.53207205	20.68701072
1257.9000000	24.53052104	20.68273653
1258.0000000	24.52652352	20.67438965
1258.1000000	24.52003788	20.6619021
1258.2000000	24.51273413	20.64805568
1258.3000000	24.50462054	20.63286356
1258.4000000	24.49654947	20.61774273
1258.5000000	24.48875725	20.60308393
1258.6000000	24.48152842	20.58935875
1258.7000000	24.47527548	20.57725306
1258.8000000	24.4697545	20.56636072
1258.9000000	24.46557675	20.55770018
1259.0000000	24.46331125	20.55221998
1259.1000000	24.462362	20.54892889
1259.2000000	24.46379746	20.54960824
1259.3000000	24.46700026	20.5532332
1259.4000000	24.47117398	20.5584804
1259.5000000	24.47642008	20.56552065
1259.6000000	24.48147013	20.57224146
1259.7000000	24.48632539	20.57864265
1259.8000000	24.49006703	20.58319118
1259.9000000	24.49313928	20.58662449
1260.0000000	24.49570444	20.58921198
1260.1000000	24.49800136	20.59135187
1260.2000000	24.5006347	20.59405227
1260.3000000	24.50355079	20.5972253
1260.4000000	24.50731084	20.60180643
1260.5000000	24.51121468	20.60663012
1260.6000000	24.51528619	20.61173587
1260.7000000	24.51894797	20.61616114
1260.8000000	24.52231169	20.62009053
1260.9000000	24.52532588	20.62343655
1261.0000000	24.52799848	20.62621068
1261.1000000	24.53067412	20.62898492
1261.2000000	24.53337221	20.6317896
1261.3000000	24.53611943	20.63466812
1261.4000000	24.53875605	20.63735551
1261.5000000	24.54112811	20.63959882
1261.6000000	24.54289529	20.64083572
1261.7000000	24.54434528	20.64154787
1261.8000000	24.54546935	20.64172095
1261.9000000	24.54661686	20.64193533
1262.0000000	24.54784924	20.64229249
1262.1000000	24.54925832	20.64294569
1262.2000000	24.55068299	20.6436277
1262.3000000	24.552029	20.64418153
1262.4000000	24.55303649	20.64417318
1262.5000000	24.55347328	20.64321369
1262.6000000	24.553562	20.64167156
1262.7000000	24.55305695	20.63913625
1262.8000000	24.55268078	20.63681117
1262.9000000	24.55246761	20.63475484
1263.0000000	24.55330185	20.63444238
1263.1000000	24.55508533	20.63571201
1263.2000000	24.55764462	20.63827538
1263.3000000	24.56146916	20.64294684
1263.4000000	24.56548339	20.64793429
1263.5000000	24.56964578	20.65316763
1263.6000000	24.5730557	20.65714681
1263.7000000	24.57584576	20.66009318
1263.8000000	24.57795358	20.6619047
1263.9000000	24.57899283	20.66194011
1264.0000000	24.57978952	20.66157643
1264.1000000	24.58038812	20.6608875
1264.2000000	24.5816128	20.66124386
1264.3000000	24.58359572	20.66286361
1264.4000000	24.5866084	20.66619747
1264.5000000	24.59159869	20.67282362
1264.6000000	24.59754439	20.68104029
1264.7000000	24.60474456	20.69134614
1264.8000000	24.61242589	20.7024535
1264.9000000	24.61975777	20.71297908
1265.0000000	24.6260509	20.72177487
1265.1000000	24.62983476	20.72639106
1265.2000000	24.63200404	20.72831573
1265.3000000	24.63147394	20.72573991
1265.4000000	24.62916817	20.72019942
1265.5000000	24.62611657	20.71340886
1265.6000000	24.62274004	20.70607087
1265.7000000	24.6203694	20.70040541
1265.8000000	24.6188323	20.69612849
1265.9000000	24.61940566	20.69536772
1266.0000000	24.62130027	20.69680815
1266.1000000	24.62405833	20.69968624
1266.2000000	24.62738199	20.70350593
1266.3000000	24.63021191	20.70650472
1266.4000000	24.63255959	20.70870398
1266.5000000	24.63339849	20.70839586
1266.6000000	24.63333386	20.70658878
1266.7000000	24.63251269	20.70352652
1266.8000000	24.6306447	20.69872337
1266.9000000	24.62874331	20.69386391
1267.0000000	24.62681779	20.68896019
1267.1000000	24.62561391	20.68525312
1267.2000000	24.62500637	20.68253557
1267.3000000	24.62504238	20.68089039
1267.4000000	24.6262074	20.68113003
1267.5000000	24.6275733	20.68171046
1267.6000000	24.62921803	20.68275956
1267.7000000	24.62976247	20.68197663
1267.8000000	24.62913696	20.67924236
1267.9000000	24.62648898	20.67313536
1268.0000000	24.62040208	20.66129697
1268.1000000	24.61229937	20.64609795
1268.2000000	24.60122726	20.62595142
1268.3000000	24.5877117	20.60173467
1268.4000000	24.57308349	20.57566506
1268.5000000	24.55749115	20.54799018
1268.6000000	24.54268334	20.52161968
1268.7000000	24.52891269	20.49697048
1268.8000000	24.51779131	20.47672383
1268.9000000	24.50996524	20.46195443
1269.0000000	24.5044454	20.45101716
1269.1000000	24.50364185	20.44792853
1269.2000000	24.50650293	20.45093965
1269.3000000	24.51216245	20.45860907
1269.4000000	24.52294158	20.47480313
1269.5000000	24.53665261	20.49588087
1269.6000000	24.55263529	20.52074582
1269.7000000	24.57287797	20.5527113
1269.8000000	24.59493289	20.5877023
1269.9000000	24.61858772	20.62536534
1270.0000000	24.64398617	20.66593907
1270.1000000	24.66893971	20.70577755
1270.2000000	24.69344095	20.74486645
1270.3000000	24.71443965	20.77812523
1270.4000000	24.7326681	20.80677338
1270.5000000	24.7475584	20.82986666
1270.6000000	24.75619774	20.84255564
1270.7000000	24.76174298	20.85009781
1270.8000000	24.76338763	20.85114968
1270.9000000	24.76073159	20.84504428
1271.0000000	24.75633483	20.83604375
1271.1000000	24.74986942	20.82360086
1271.2000000	24.74232472	20.80936164
1271.3000000	24.7346068	20.79483309
1271.4000000	24.72705295	20.78057477
1271.5000000	24.72063402	20.76820132
1271.6000000	24.71510943	20.75731153
1271.7000000	24.71126616	20.74921674
1271.8000000	24.70913204	20.7439656
1271.9000000	24.70800657	20.74039384
1272.0000000	24.70844456	20.73942709
1272.1000000	24.70948115	20.73945856
1272.2000000	24.7108217	20.73999563
1272.3000000	24.71191717	20.74012093
1272.4000000	24.7124442	20.73929216
1272.5000000	24.7125569	20.7377632
1272.6000000	24.71189614	20.7349353
1272.7000000	24.7113366	20.73226716
1272.8000000	24.71080788	20.72964683
1272.9000000	24.71182279	20.72959999
1273.0000000	24.71411339	20.73168667
1273.1000000	24.71761471	20.73580272
1273.2000000	24.72356767	20.74401416
1273.3000000	24.72999983	20.75303262
1273.4000000	24.73701479	20.76302444
1273.5000000	24.74276576	20.77090962
1273.6000000	24.74725798	20.7766949
1273.7000000	24.7500981	20.77972521
1273.8000000	24.75040882	20.77854007
1273.9000000	24.75002903	20.77620183
1274.0000000	24.74892913	20.77266175
1274.1000000	24.74856318	20.77034335
1274.2000000	24.74895265	20.76928575
1274.3000000	24.75070092	20.77049702
1274.4000000	24.75403054	20.77434836
1274.5000000	24.75790337	20.77910787
1274.6000000	24.7621154	20.7844301
1274.7000000	24.76508107	20.7876684
1274.8000000	24.76698309	20.78912511
1274.9000000	24.76667573	20.78689486
1275.0000000	24.76486365	20.78215734
1275.1000000	24.76252118	20.77653947
1275.2000000	24.76070354	20.77179948
1275.3000000	24.76121056	20.77093269
1275.4000000	24.76358935	20.77318303
1275.5000000	24.7700537	20.78223682
1275.6000000	24.77901652	20.79545266
1275.7000000	24.78965253	20.81145761
1275.8000000	24.80188648	20.83012651
1275.9000000	24.81359828	20.84792786
1276.0000000	24.8247703	20.86483142
1276.1000000	24.83313639	20.8770639
1276.2000000	24.83957927	20.88609652
1276.3000000	24.8442876	20.8922446
1276.4000000	24.84606488	20.89351545
1276.5000000	24.84695524	20.8933116
1276.6000000	24.84690912	20.89154789
1276.7000000	24.8458156	20.8880368
1276.8000000	24.84443071	20.88403497
1276.9000000	24.84266935	20.8793995
1277.0000000	24.840516	20.87410522
1277.1000000	24.83833356	20.86875833
1277.2000000	24.83616418	20.86343189
1277.3000000	24.83502127	20.85981631
1277.4000000	24.83482513	20.85778095
1277.5000000	24.83625799	20.85846309
1277.6000000	24.83998146	20.86296418
1277.7000000	24.84485664	20.8693858
1277.8000000	24.85120446	20.8782595
1277.9000000	24.85808893	20.88802362
1278.0000000	24.86512025	20.89802778
1278.1000000	24.87208028	20.90790887
1278.2000000	24.87955608	20.91864531
1278.3000000	24.88772098	20.93052604
1278.4000000	24.89796726	20.94586936
1278.5000000	24.91053451	20.96507397
1278.6000000	24.9245299	20.98665323
1278.7000000	24.94033081	21.01123564
1278.8000000	24.95529739	21.03442466
1278.9000000	24.9692313	21.05588987
1279.0000000	24.97829343	21.06924011
1279.1000000	24.98280243	21.07501078
1279.2000000	24.98347978	21.07440962
1279.3000000	24.97683263	21.06162371
1279.4000000	24.96755873	21.04447616
1279.5000000	24.95591362	21.02338852
1279.6000000	24.94290524	21.0000345
1279.7000000	24.93059458	20.97784199
1279.8000000	24.91904286	20.95691056
1279.9000000	24.9103168	20.94068241
1280.0000000	24.90323724	20.92719626
1280.1000000	24.89819998	20.91711434
1280.2000000	24.89674817	20.91300861
1280.3000000	24.89718116	20.91204745
1280.4000000	24.90013787	20.91529364
1280.5000000	24.90571197	20.92290065
1280.6000000	24.91211072	20.93188049
1280.7000000	24.91918846	20.94198838
1280.8000000	24.92506873	20.95009922
1280.9000000	24.92961809	20.95599285
1281.0000000	24.93155397	20.95753759
1281.1000000	24.93001487	20.95330353
1281.2000000	24.92642235	20.94565881
1281.3000000	24.91980301	20.93297883
1281.4000000	24.91158691	20.91763754
1281.5000000	24.90269578	20.9011642
1281.6000000	24.89342752	20.88405333
1281.7000000	24.88502456	20.86837693
1281.8000000	24.87737172	20.85394765
1281.9000000	24.8723295	20.84386647
1282.0000000	24.8697917	20.83795698
1282.1000000	24.86927691	20.83541646
1282.2000000	24.87275867	20.83953053
1282.3000000	24.8785301	20.84745689
1282.4000000	24.88614811	20.8584586
1282.5000000	24.89680599	20.87452309
1282.6000000	24.90839892	20.89214415
1282.7000000	24.92091116	20.91129301
1282.8000000	24.9336286	20.93077832
1282.9000000	24.94578069	20.94931562
1283.0000000	24.95726373	20.966732
1283.1000000	24.96675088	20.98081902
1283.2000000	24.97509331	20.99299674
1283.3000000	24.98201765	21.00281412
1283.4000000	24.98702272	21.0094403
1283.5000000	24.99105481	21.01445308
1283.6000000	24.99388413	21.01747014
1283.7000000	24.99525662	21.01806771
1283.8000000	24.99612171	21.01782589
1283.9000000	24.99647966	21.01674327
1284.0000000	24.99785888	21.01736202
1284.1000000	25.00053173	21.02013273
1284.2000000	25.0057947	21.02721272
1284.3000000	25.0144566	21.03994935
1284.4000000	25.02476812	21.05543073
1284.5000000	25.03700411	21.07411465
1284.6000000	25.04753607	21.08995664
1284.7000000	25.05593589	21.1022419
1284.8000000	25.05787423	21.1037605
1284.9000000	25.05281412	21.0936198
1285.0000000	25.0429075	21.07540574
1285.1000000	25.02548064	21.04466795
1285.2000000	25.00648655	21.01132204
1285.3000000	24.98678997	20.97681002
1285.4000000	24.97143051	20.94952561
1285.5000000	24.96104672	20.93053322
1285.6000000	24.95491026	20.91862048
1285.7000000	24.95662752	20.9197925
1285.8000000	24.96003896	20.92378985
1285.9000000	24.96511727	20.93056357
1286.0000000	24.96791725	20.93354096
1286.1000000	24.96832653	20.93253349
1286.2000000	24.96595353	20.9268891
1286.3000000	24.96000852	20.91529358
1286.4000000	24.95410501	20.90376549
1286.5000000	24.94857762	20.89286326
1286.6000000	24.94816913	20.89048637
1286.7000000	24.9516544	20.89459571
1286.8000000	24.96077857	20.90809832
1286.9000000	24.97731852	20.93395389
1287.0000000	24.99688205	20.96484836
1287.1000000	25.0200087	21.00167999
1287.2000000	25.04321612	21.03864841
1287.3000000	25.06517264	21.07353439
1287.4000000	25.08386754	21.102988
1287.5000000	25.09812317	21.12504706
1287.6000000	25.1101497	21.14339193
1287.7000000	25.11966899	21.15755944
1287.8000000	25.13039258	21.17373046
1287.9000000	25.14258335	21.192343
1288.0000000	25.15925185	21.21841075
1288.1000000	25.17913829	21.24983585
1288.2000000	25.20068034	21.28401572
1288.3000000	25.22224562	21.31823037
1288.4000000	25.24021893	21.34645838
1288.5000000	25.2551466	21.36961072
1288.6000000	25.26218868	21.37962979
1288.7000000	25.26568127	21.38373766
1288.8000000	25.26636553	21.38316698
1288.9000000	25.26679533	21.38216781
1289.0000000	25.27014995	21.38603268
1289.1000000	25.27629904	21.39454555
1289.2000000	25.28964443	21.41503902
1289.3000000	25.30452055	21.43807963
1289.4000000	25.32104793	21.46386698
1289.5000000	25.33347028	21.48281438
1289.6000000	25.34107785	21.49374124
1289.7000000	25.34228732	21.49401544
1289.8000000	25.33196991	21.47510101
1289.9000000	25.31678789	21.44809516
1290.0000000	25.29561106	21.41111658
1290.1000000	25.2729861	21.37173604
1290.2000000	25.25193605	21.33498654
1290.3000000	25.23517908	21.30539255
1290.4000000	25.22734048	21.29065331
1290.5000000	25.22471808	21.28460075
1290.6000000	25.2298747	21.29150058
1290.7000000	25.23883747	21.30473642
1290.8000000	25.24862137	21.31933889
1290.9000000	25.25682433	21.3313105
1291.0000000	25.25989733	21.33474424
1291.1000000	25.25926145	21.33200718
1291.2000000	25.25151166	21.31742674
1291.3000000	25.23995828	21.29651051
1291.4000000	25.22619242	21.27190287
1291.5000000	25.21124739	21.24532095
1291.6000000	25.19793978	21.22145416
1291.7000000	25.1860632	21.1999606
1291.8000000	25.17892157	21.18634549
1291.9000000	25.17477369	21.17771293
1292.0000000	25.17316807	21.17331425
1292.1000000	25.17575626	21.17590179
1292.2000000	25.17957763	21.1805469
1292.3000000	25.1845865	21.18717578
1292.4000000	25.19063942	21.19555186
1292.5000000	25.19735252	21.20503734
1292.6000000	25.20489234	21.21590867
1292.7000000	25.21547577	21.23185444
1292.8000000	25.22807222	21.25115451
1292.9000000	25.24318869	21.2746497
1293.0000000	25.26070912	21.30214527
1293.1000000	25.27786718	21.3290344
1293.2000000	25.29390101	21.35404834
1293.3000000	25.30412065	21.36937572
1293.4000000	25.31013154	21.37768808
1293.5000000	25.30939351	21.37475314
1293.6000000	25.30188707	21.36053818
1293.7000000	25.29153907	21.34158533
1293.8000000	25.27834619	21.31789412
1293.9000000	25.2665655	21.29655949
1294.0000000	25.2565418	21.2781579
1294.1000000	25.25125897	21.26765824
1294.2000000	25.25050698	21.26470869
1294.3000000	25.25251926	21.26636555
1294.4000000	25.25814109	21.274035
1294.5000000	25.26494158	21.28366819
1294.6000000	25.27240473	21.29440558
1294.7000000	25.28002001	21.30539678
1294.8000000	25.28734704	21.31590799
1294.9000000	25.29442659	21.3260062
1295.0000000	25.3006716	21.33471288
1295.1000000	25.30610667	21.34206834
1295.2000000	25.31082565	21.34822894
1295.3000000	25.31402521	21.35185779
1295.4000000	25.31693557	21.35500473
1295.5000000	25.3195621	21.35767981
1295.6000000	25.32330018	21.36220728
1295.7000000	25.32808609	21.36848167
1295.8000000	25.33408428	21.37677863
1295.9000000	25.34187756	21.38807035
1296.0000000	25.34992356	21.39978912
1296.1000000	25.35817352	21.41185291
1296.2000000	25.36493523	21.4214415
1296.3000000	25.37039207	21.4288571
1296.4000000	25.37385949	21.43295558
1296.5000000	25.37442579	21.43221464
1296.6000000	25.37352781	21.42902507
1296.7000000	25.37060438	21.42245347
1296.8000000	25.36622706	21.41345596
1296.9000000	25.3612676	21.40348893
1297.0000000	25.3558876	21.39282487
1297.1000000	25.35110832	21.38316581
1297.2000000	25.34697602	21.37458877
1297.3000000	25.3444518	21.36869425
1297.4000000	25.34387934	21.36605538
1297.5000000	25.34468165	21.3657125
1297.6000000	25.34805951	21.36966587
1297.7000000	25.35311057	21.37641193
1297.8000000	25.35930968	21.38507334
1297.9000000	25.36687444	21.39600794
1298.0000000	25.37460408	21.40721057
1298.1000000	25.38235431	21.41843711
1298.2000000	25.38902215	21.42785109
1298.3000000	25.39434541	21.4350202
1298.4000000	25.39844016	21.44014376
1298.5000000	25.39906818	21.43949771
1298.6000000	25.39760794	21.43537742
1298.7000000	25.39406629	21.42779166
1298.8000000	25.38690715	21.41418056
1298.9000000	25.37890276	21.39916032
1299.0000000	25.36995074	21.38256156
1299.1000000	25.36251296	21.36848533
1299.2000000	25.357003	21.35762087
1299.3000000	25.35423892	21.3513299
1299.4000000	25.35623674	21.35296804
1299.5000000	25.36018734	21.35785572
1299.6000000	25.36644569	21.36658336
1299.7000000	25.37281028	21.37548656
1299.8000000	25.37829037	21.38291888
1299.9000000	25.38179497	21.38706732
1300.0000000	25.38230903	21.38624346
1300.1000000	25.38131094	21.3829079
1300.2000000	25.3783139	21.37624699
1300.3000000	25.37480611	21.36873544
1300.4000000	25.37128582	21.36120132
1300.5000000	25.36839523	21.35471374
1300.6000000	25.36641027	21.34973247
1300.7000000	25.36500916	21.34572152
1300.8000000	25.3644628	21.34313136
1300.9000000	25.36438727	21.34132175
1301.0000000	25.36466823	21.34010251
1301.1000000	25.36573878	21.34019634
1301.2000000	25.36759943	21.3416061
1301.3000000	25.37010615	21.34409364
1301.4000000	25.37418686	21.34920504
1301.5000000	25.3789668	21.35548424
1301.6000000	25.38431339	21.36271222
1301.7000000	25.39000573	21.3705228
1301.8000000	25.39542954	21.37789392
1301.9000000	25.40063177	21.38490244
1302.0000000	25.40512183	21.39072878
1302.1000000	25.40950693	21.39638111
1302.2000000	25.41377233	21.40183213
1302.3000000	25.41859828	21.40821277
1302.4000000	25.42403012	21.41559715
1302.5000000	25.43029638	21.42436481
1302.6000000	25.43774882	21.43510179
1302.7000000	25.44546627	21.44627624
1302.8000000	25.45336339	21.45774992
1302.9000000	25.46036004	21.46772828
1303.0000000	25.46643688	21.47618039
1303.1000000	25.4708922	21.48193505
1303.2000000	25.47286121	21.48354461
1303.3000000	25.47330558	21.4826031
1303.4000000	25.47116555	21.4773412
1303.5000000	25.46674121	21.46826105
1303.6000000	25.46095679	21.45690926
1303.7000000	25.45351945	21.44280622
1303.8000000	25.44603603	21.42863199
1303.9000000	25.43894984	21.41512325
1304.0000000	25.43384295	21.40491091
1304.1000000	25.43119034	21.39878321
1304.2000000	25.43033838	21.39565233
1304.3000000	25.43295857	21.39830453
1304.4000000	25.43715406	21.40358398
1304.5000000	25.44256342	21.41089005
1304.6000000	25.44902975	21.41996055
1304.7000000	25.45539535	21.42886583
1304.8000000	25.46166521	21.43761272
1304.9000000	25.4672746	21.4452601
1305.0000000	25.47268065	21.4525687
1305.1000000	25.47789318	21.45955354
1305.2000000	25.48285668	21.46612089
1305.3000000	25.48741934	21.47201761
1305.4000000	25.49142917	21.47699277
1305.5000000	25.49337224	21.47852902
1305.6000000	25.49380511	21.47755701
1305.7000000	25.49226428	21.47330697
1305.8000000	25.48801345	21.46455189
1305.9000000	25.48277176	21.45415152
1306.0000000	25.47641713	21.44189846
1306.1000000	25.47045136	21.43028953
1306.2000000	25.46535992	21.42013072
1306.3000000	25.46205558	21.41294162
1306.4000000	25.46180532	21.41083422
1306.5000000	25.46346974	21.41191434
1306.6000000	25.46833435	21.41832574
1306.7000000	25.47555182	21.4286592
1306.8000000	25.48388154	21.44084823
1306.9000000	25.49301889	21.45438321
1307.0000000	25.5008766	21.46578412
1307.1000000	25.50750709	21.47513386
1307.2000000	25.51048484	21.47839064
1307.3000000	25.51025125	21.47629033
1307.4000000	25.50765042	21.47024317
1307.5000000	25.50172596	21.45866185
1307.6000000	25.49556691	21.44669416
1307.7000000	25.48948547	21.43486067
1307.8000000	25.4869282	21.42889954
1307.9000000	25.48792248	21.42885442
1308.0000000	25.49208602	21.43408738
1308.1000000	25.50324006	21.45096156
1308.2000000	25.51676154	21.47177774
1308.3000000	25.53277615	21.49674427
1308.4000000	25.54966222	21.52315949
1308.5000000	25.56513072	21.54721124
1308.6000000	25.57873504	21.56815769
1308.7000000	25.58696541	21.58015732
1308.8000000	25.59222056	21.58720755
1308.9000000	25.59365406	21.58789972
1309.0000000	25.59118381	21.58209597
1309.1000000	25.58756798	21.57438763
1309.2000000	25.58290364	21.56493482
1309.3000000	25.57916206	21.55701893
1309.4000000	25.57642	21.55076647
1309.5000000	25.57558117	21.54768094
1309.6000000	25.57692861	21.54823317
1309.7000000	25.57943327	21.55071081
1309.8000000	25.58351251	21.55581134
1309.9000000	25.58853861	21.56249197
1310.0000000	25.5941272	21.57011323
1310.1000000	25.60051014	21.5790603
1310.2000000	25.6073741	21.5888097
1310.3000000	25.61448001	21.59896256
1310.4000000	25.62167323	21.60926211
1310.5000000	25.62840235	21.61879215
1310.6000000	25.63468116	21.62757777
1310.7000000	25.63952708	21.63398316
1310.8000000	25.643024	21.63814645
1310.9000000	25.64541489	21.6404692
1311.0000000	25.64523207	21.63850424
1311.1000000	25.64366039	21.63422266
1311.2000000	25.64081797	21.62782056
1311.3000000	25.63587247	21.61791287
1311.4000000	25.63054295	21.6073639
1311.5000000	25.62478976	21.59610942
1311.6000000	25.62011862	21.58665718
1311.7000000	25.61663	21.57917366
1311.8000000	25.61465041	21.57420075
1311.9000000	25.615296	21.57359584
1312.0000000	25.61680537	21.57442551
1312.1000000	25.61924551	21.57680276
1312.2000000	25.62116748	21.57831675
1312.3000000	25.62231443	21.57854146
1312.4000000	25.62214058	21.57656844
1312.5000000	25.62057953	21.57228643
1312.6000000	25.61874427	21.56754796
1312.7000000	25.61697861	21.56292578
1312.8000000	25.61712825	21.5614951
1312.9000000	25.61881638	21.56263008
1313.0000000	25.6235773	21.56888631
1313.1000000	25.63086575	21.57935454
1313.2000000	25.63940164	21.59190062
1313.3000000	25.64885982	21.60598065
1313.4000000	25.65718412	21.61816861
1313.5000000	25.66441897	21.62853805
1313.6000000	25.66863039	21.63386889
1313.7000000	25.67083057	21.63584796
1313.8000000	25.67170772	21.63562217
1313.9000000	25.67168422	21.63389509
1314.0000000	25.67246249	21.63350145
1314.1000000	25.67396057	21.63430486
1314.2000000	25.6778544	21.63909687
1314.3000000	25.68284336	21.64571254
1314.4000000	25.68882145	21.65397613
1314.5000000	25.69527635	21.66303508
1314.6000000	25.70117215	21.67116522
1314.7000000	25.70644706	21.67826518
1314.8000000	25.7102951	21.68299385
1314.9000000	25.71375503	21.68708074
1315.0000000	25.71682479	21.69052003
1315.1000000	25.72007018	21.69425015
1315.2000000	25.72352084	21.69831677
1315.3000000	25.72722679	21.70280055
1315.4000000	25.73042596	21.70643203
1315.5000000	25.73278008	21.70864944
1315.6000000	25.73361104	21.70832663
1315.7000000	25.73175678	21.70353212
1315.8000000	25.72835667	21.69616645
1315.9000000	25.72272499	21.68508969
1316.0000000	25.71558563	21.67150673
1316.1000000	25.7078677	21.65696203
1316.2000000	25.69976995	21.64178352
1316.3000000	25.69221765	21.62751032
1316.4000000	25.68511399	21.61398245
1316.5000000	25.67915386	21.60235968
1316.6000000	25.6744055	21.59275811
1316.7000000	25.67057737	21.58469322
1316.8000000	25.66863796	21.57977784
1316.9000000	25.6679566	21.57696107
1317.0000000	25.66820831	21.57570088
1317.1000000	25.66982524	21.57671619
1317.2000000	25.67213649	21.57888889
1317.3000000	25.67505308	21.58206966
1317.4000000	25.67944748	21.58771031
1317.5000000	25.68522529	21.59565264
1317.6000000	25.69224897	21.60566751
1317.7000000	25.70323884	21.62228542
1317.8000000	25.71634235	21.64242122
1317.9000000	25.73179709	21.66646856
1318.0000000	25.75003828	21.69514934
1318.1000000	25.76813894	21.72358691
1318.2000000	25.78583774	21.75134543
1318.3000000	25.79926636	21.77198424
1318.4000000	25.80937892	21.7870941
1318.5000000	25.81485081	21.79447155
1318.6000000	25.81399041	21.7913024
1318.7000000	25.81048609	21.78373191
1318.8000000	25.80382575	21.77091034
1318.9000000	25.79656537	21.75709646
1319.0000000	25.78973726	21.7440106
1319.1000000	25.78447598	21.73354272
1319.2000000	25.78122995	21.72643932
1319.3000000	25.77884752	21.72078122
1319.4000000	25.77716428	21.71629225
1319.5000000	25.7744783	21.71013457
1319.6000000	25.77094357	21.70256149
1319.7000000	25.76540659	21.69164985
1319.8000000	25.758943	21.6791895
1319.9000000	25.75215089	21.66617599
1320.0000000	25.7463354	21.6547831
1320.1000000	25.74283174	21.64723602
1320.2000000	25.74118898	21.64278702
1320.3000000	25.74414863	21.64600514
1320.4000000	25.7495907	21.65336233
1320.5000000	25.75709782	21.6641633
1320.6000000	25.7669256	21.67883134
1320.7000000	25.77670689	21.69342183
1320.8000000	25.78641533	21.70788945
1320.9000000	25.79412084	21.71902041
1321.0000000	25.80058106	21.72807764
1321.1000000	25.80563588	21.73479674
1321.2000000	25.80867641	21.73816592
1321.3000000	25.81109793	21.7405097
1321.4000000	25.81288059	21.7417938
1321.5000000	25.81449848	21.74280467
1321.6000000	25.81621652	21.74398086
1321.7000000	25.8180664	21.74537435
1321.8000000	25.8200416	21.74697561
1321.9000000	25.82202681	21.74859372
1322.0000000	25.82402422	21.75023228
1322.1000000	25.82597893	21.7517987
1322.2000000	25.8279483	21.75338774
1322.3000000	25.8299494	21.75502786
1322.4000000	25.83211178	21.7569351
1322.5000000	25.83432339	21.7589227
1322.6000000	25.83649349	21.76083912
1322.7000000	25.83809972	21.76181357
1322.8000000	25.83918638	21.76191922
1322.9000000	25.83897353	21.75985706
1323.0000000	25.83741233	21.75554608
1323.1000000	25.83491802	21.74967796
1323.2000000	25.83093934	21.74133406
1323.3000000	25.82661095	21.73240323
1323.4000000	25.8220942	21.72315531
1323.5000000	25.81833526	21.71516936
1323.6000000	25.81587097	21.70934402
1323.7000000	25.81459012	21.70549688
1323.8000000	25.81710018	21.70796917
1323.9000000	25.82207451	21.71454805
1324.0000000	25.8294109	21.72505841
1324.1000000	25.84122106	21.7430142
1324.2000000	25.85475133	21.76382976
1324.3000000	25.87012605	21.78771513
1324.4000000	25.88756455	21.81503936
1324.5000000	25.90524049	21.84276418
1324.6000000	25.92315896	21.87089885
1324.7000000	25.93992978	21.89712705
1324.8000000	25.9556227	21.92156278
1324.9000000	25.96973105	21.94336014
1325.0000000	25.98125808	21.96085842
1325.1000000	25.991371	21.97600192
1325.2000000	25.99951789	21.98787303
1325.3000000	26.00575423	21.99656545
1325.4000000	26.01092725	22.00349024
1325.5000000	26.01457734	22.00788119
1325.6000000	26.01666443	22.00967007
1325.7000000	26.01776555	22.00981699
1325.8000000	26.01728005	22.00732138
1325.9000000	26.01550751	22.00268189
1326.0000000	26.01292769	21.99669728
1326.1000000	26.00915245	21.98872127
1326.2000000	26.00480902	21.97979926
1326.3000000	26.00012161	21.97030562
1326.4000000	25.9952652	21.96053203
1326.5000000	25.99062714	21.95112293
1326.6000000	25.98620155	21.94206773
1326.7000000	25.98252588	21.93426144
1326.8000000	25.97942521	21.92741344
1326.9000000	25.9768181	21.92138865
1327.0000000	25.97513043	21.91689582
1327.1000000	25.97380507	21.91300592
1327.2000000	25.97283945	21.90971314
1327.3000000	25.97227758	21.90708994
1327.4000000	25.97169353	21.90442702
1327.5000000	25.97105463	21.90167082
1327.6000000	25.96984175	21.89795805
1327.7000000	25.96817757	21.89349377
1327.8000000	25.965937	21.88806982
1327.9000000	25.96272247	21.88102353
1328.0000000	25.9591562	21.87338997
1328.1000000	25.95519512	21.86509597
1328.2000000	25.95154854	21.85732203
1328.3000000	25.94836163	21.85031089
1328.4000000	25.94601631	21.8447017
1328.5000000	25.94500274	21.84131481
1328.6000000	25.94471021	21.83913545
1328.7000000	25.94551694	21.83879305
1328.8000000	25.94666849	21.83902854
1328.9000000	25.94779588	21.8392248
1329.0000000	25.94831935	21.83841445
1329.1000000	25.94795103	21.83611631
1329.2000000	25.94706547	21.83295275
1329.3000000	25.94549501	21.82864352
1329.4000000	25.94415073	21.82470561
1329.5000000	25.94310965	21.82126796
1329.6000000	25.94346202	21.82014707
1329.7000000	25.94523322	21.82138613
1329.8000000	25.94811651	21.82447562
1329.9000000	25.95326022	21.83132991
1330.0000000	25.95960111	21.84018106
1330.1000000	25.96697214	21.85075273
1330.2000000	25.97617659	21.86438236
1330.3000000	25.98604929	21.87912777
1330.4000000	25.99660178	21.89500492
1330.5000000	26.00757144	21.91157399
1330.6000000	26.01817245	21.92752463
1330.7000000	26.02830713	21.94269347
1330.8000000	26.03630839	21.95430505
1330.9000000	26.04270906	21.96324852
1331.0000000	26.0470156	21.96870523
1331.1000000	26.0477625	21.96823777
1331.2000000	26.04684378	21.96500203
1331.3000000	26.04382775	21.95827941
1331.4000000	26.0398279	21.94992291
1331.5000000	26.0361571	21.94211788
1331.6000000	26.03363275	21.93622505
1331.7000000	26.03444475	21.93589079
1331.8000000	26.03756221	21.93939761
1331.9000000	26.04457932	21.9493993
1332.0000000	26.05474467	21.96464397
1332.1000000	26.06629859	21.98220146
1332.2000000	26.07896908	22.00161896
1332.3000000	26.0903295	22.01885452
1332.4000000	26.10033664	22.03383494
1332.5000000	26.10654608	22.04248879
1332.6000000	26.10892251	22.04475713
1332.7000000	26.1084788	22.04232674
1332.8000000	26.10284781	22.03125542
1332.9000000	26.09426317	22.01526236
1333.0000000	26.08340839	21.99548489
1333.1000000	26.0692173	21.97014654
1333.2000000	26.05387329	21.94288228
1333.3000000	26.0375391	21.91396278
1333.4000000	26.02072156	21.88423273
1333.5000000	26.00433891	21.85522261
1333.6000000	25.98838269	21.82691972
1333.7000000	25.97486404	21.80267368
1333.8000000	25.96322862	21.78156142
1333.9000000	25.95382389	21.76416201
1334.0000000	25.94967086	21.75550744
1334.1000000	25.94863508	21.75204442
1334.2000000	25.9516329	21.75529961
1334.3000000	25.96073579	21.76872246
1334.4000000	25.97255872	21.78667597
1334.5000000	25.98775764	21.81025359
1334.6000000	26.00478315	21.83687733
1334.7000000	26.02177305	21.86344774
1334.8000000	26.03799132	21.88873941
1334.9000000	26.05153476	21.9095814
1335.0000000	26.06333594	21.92752487
1335.1000000	26.07223602	21.94063887
1335.2000000	26.07919366	21.9505202
1335.3000000	26.08529755	21.95898294
1335.4000000	26.09087689	21.96657597
1335.5000000	26.09668343	21.97455067
1335.6000000	26.10257027	21.98266139
1335.7000000	26.10826773	21.99045829
1335.8000000	26.11295594	21.99657586
1335.9000000	26.11678708	22.00126723
1336.0000000	26.1184046	22.00227256
1336.1000000	26.11873483	22.00113346
1336.2000000	26.11810372	21.99839266
1336.3000000	26.11665401	21.99428877
1336.4000000	26.11550385	21.99068441
1336.5000000	26.11466722	21.9876018
1336.6000000	26.11508978	21.98661388
1336.7000000	26.11606376	21.98654084
1336.8000000	26.11753285	21.98729049
1336.9000000	26.11946523	21.98881271
1337.0000000	26.12143988	21.99040847
1337.1000000	26.12351138	21.9921684
1337.2000000	26.12574044	21.99419172
1337.3000000	26.1280762	21.99639141
1337.4000000	26.1305275	21.99878026
1337.5000000	26.13277407	22.00082383
1337.6000000	26.13471417	22.00235243
1337.7000000	26.13611777	22.00298382
1337.8000000	26.13679963	22.00241189
1337.9000000	26.13731388	22.00156217
1338.0000000	26.13784417	22.00074297
1338.1000000	26.13948402	22.00177722
1338.2000000	26.14206483	22.00438469
1338.3000000	26.14646643	22.01003024
1338.4000000	26.15252535	22.01844008
1338.5000000	26.15936441	22.0281517
1338.6000000	26.16683999	22.03892435
1338.7000000	26.17371315	22.0486934
1338.8000000	26.17999213	22.0574717
1338.9000000	26.18462864	22.06351298
1339.0000000	26.18777332	22.06706822
1339.1000000	26.18980942	22.06877599
1339.2000000	26.18986948	22.06719165
1339.3000000	26.1887744	22.06368134
1339.4000000	26.18677849	22.05866744
1339.5000000	26.18321355	22.05103679
1339.6000000	26.17919561	22.04264849
1339.7000000	26.17478826	22.03360941
1339.8000000	26.17128144	22.02606809
1339.9000000	26.16927918	22.02102968
1340.0000000	26.16883412	22.01858093
1340.1000000	26.17266327	22.02324678
1340.2000000	26.17845178	22.03117427
1340.3000000	26.18649505	22.04285841
1340.4000000	26.19665485	22.0580712
1340.5000000	26.20695961	22.07352975
1340.6000000	26.21725038	22.08896796
1340.7000000	26.22618048	22.10214107
1340.8000000	26.23435138	22.11404902
1340.9000000	26.24148386	22.12422483
1341.0000000	26.2481153	22.13356119
1341.1000000	26.25479006	22.14296278
1341.2000000	26.26176694	22.15286013
1341.3000000	26.26923522	22.16357136
1341.4000000	26.27675275	22.17436546
1341.5000000	26.28414312	22.18495427
1341.6000000	26.29050124	22.19383418
1341.7000000	26.29597788	22.20125607
1341.8000000	26.29947607	22.20539121
1341.9000000	26.30087673	22.2060387
1342.0000000	26.3008179	22.20425943
1342.1000000	26.29818302	22.19819308
1342.2000000	26.29404082	22.18961827
1342.3000000	26.2888817	22.17935021
1342.4000000	26.28257097	22.16716326
1342.5000000	26.27626284	22.15497897
1342.6000000	26.27002961	22.1429178
1342.7000000	26.26509135	22.13301137
1342.8000000	26.26151585	22.12537155
1342.9000000	26.25919069	22.11980916
1343.0000000	26.26002633	22.11950492
1343.1000000	26.26245	22.1218411
1343.2000000	26.2664863	22.1268623
1343.3000000	26.27322759	22.13639025
1343.4000000	26.28090239	22.14747556
1343.5000000	26.28965968	22.16036519
1343.6000000	26.29883857	22.17395743
1343.7000000	26.30745802	22.18661818
1343.8000000	26.31516952	22.19776642
1343.9000000	26.31982018	22.20381569
1344.0000000	26.32227252	22.20620102
1344.1000000	26.32140466	22.20305402
1344.2000000	26.31602264	22.19238824
1344.3000000	26.30831496	22.17785066
1344.4000000	26.29746869	22.15808968
1344.5000000	26.28493363	22.13552063
1344.6000000	26.27196801	22.11223817
1344.7000000	26.25929972	22.08945299
1344.8000000	26.24837002	22.06956351
1344.9000000	26.23879294	22.0519264
1345.0000000	26.23204087	22.03899376
1345.1000000	26.22807294	22.03069799
1345.2000000	26.22614664	22.02580266
1345.3000000	26.22814727	22.02744711
1345.4000000	26.23335987	22.03443994
1345.5000000	26.24101561	22.04549925
1345.6000000	26.25314854	22.06401042
1345.7000000	26.26742619	22.08608794
1345.8000000	26.28323471	22.11071048
1345.9000000	26.30014261	22.13716248
1346.0000000	26.31603023	22.16191795
1346.1000000	26.33100945	22.18516658
1346.2000000	26.34205841	22.2018767
1346.3000000	26.35090455	22.2149235
1346.4000000	26.35745349	22.22414607
1346.5000000	26.3605654	22.22764283
1346.6000000	26.36272201	22.2295445
1346.7000000	26.36378057	22.22961371
1346.8000000	26.36444795	22.22902976
1346.9000000	26.36522709	22.22863233
1347.0000000	26.3662783	22.22868908
1347.1000000	26.36799047	22.22984581
1347.2000000	26.37013208	22.2317143
1347.3000000	26.37286102	22.23455529
1347.4000000	26.37636148	22.23867541
1347.5000000	26.3802438	22.24342716
1347.6000000	26.38466029	22.24906608
1347.7000000	26.38917065	22.25486084
1347.8000000	26.39343529	22.26024763
1347.9000000	26.39687872	22.26427044
1348.0000000	26.39841279	22.26511968
1348.1000000	26.39847751	22.26352884
1348.2000000	26.39557575	22.25700323
1348.3000000	26.39021718	22.24638821
1348.4000000	26.38332191	22.23321296
1348.5000000	26.37440907	22.21667464
1348.6000000	26.36551576	22.20016462
1348.7000000	26.35690132	22.18411514
1348.8000000	26.35085928	22.17234728
1348.9000000	26.34778716	22.16552574
1349.0000000	26.34722267	22.16288336
1349.1000000	26.35268718	22.17028532
1349.2000000	26.36126904	22.1828818
1349.3000000	26.37267355	22.20017896
1349.4000000	26.3877104	22.2235223
1349.5000000	26.40292176	22.24715149
1349.6000000	26.41827802	22.2710171
1349.7000000	26.43101537	22.29051829
1349.8000000	26.44156412	22.30637467
1349.9000000	26.4494507	22.31780065
1350.0000000	26.45262066	22.32137646
1350.1000000	26.45359565	22.32130145
1350.2000000	26.45181346	22.31663871
1350.3000000	26.44736132	22.30753298
1350.4000000	26.44193022	22.29679993
1350.5000000	26.4354289	22.28428699
1350.6000000	26.42881035	22.27157962
1350.7000000	26.42250931	22.25939944
1350.8000000	26.41704475	22.24860815
1350.9000000	26.41316264	22.24044606
1351.0000000	26.41032371	22.23401511
1351.1000000	26.40924343	22.2305083
1351.2000000	26.40960167	22.22939599
1351.3000000	26.41076337	22.22962406
1351.4000000	26.41305642	22.23174115
1351.5000000	26.41587563	22.23474061
1351.6000000	26.41906909	22.23836921
1351.7000000	26.42286904	22.2430129
1351.8000000	26.42742092	22.24891352
1351.9000000	26.43259166	22.25584969
1352.0000000	26.43938769	22.26549776
1352.1000000	26.44727277	22.27696407
1352.2000000	26.45605236	22.28992234
1352.3000000	26.46586606	22.30460236
1352.4000000	26.47537407	22.31877097
1352.5000000	26.48457307	22.33242224
1352.6000000	26.4914447	22.34219595
1352.7000000	26.49678741	22.34942314
1352.8000000	26.50046337	22.35387556
1352.9000000	26.50136969	22.35371737
1353.0000000	26.5013199	22.35196898
1353.1000000	26.50020312	22.34844481
1353.2000000	26.49847875	22.34390767
1353.3000000	26.49680751	22.33945529
1353.4000000	26.49530142	22.33527265
1353.5000000	26.49437807	22.3320558
1353.6000000	26.49386467	22.32951848
1353.7000000	26.49401858	22.32809
1353.8000000	26.49535818	22.32863209
1353.9000000	26.49749141	22.33048893
1354.0000000	26.50083137	22.33434554
1354.1000000	26.50503484	22.33962983
1354.2000000	26.50939216	22.34516352
1354.3000000	26.51347138	22.35023362
1354.4000000	26.51601547	22.35275449
1354.5000000	26.51736655	22.35329957
1354.6000000	26.51630643	22.34984014
1354.7000000	26.51388748	22.34412581
1354.8000000	26.5109006	22.33747025
1354.9000000	26.50851429	22.3318163
1355.0000000	26.50850776	22.330123
1355.1000000	26.51050084	22.3317528
1355.2000000	26.51717926	22.3411746
1355.3000000	26.5259104	22.35400254
1355.4000000	26.53611504	22.36927338
1355.5000000	26.54606978	22.38412012
1355.6000000	26.55387405	22.39538133
1355.7000000	26.55971506	22.40337222
1355.8000000	26.55977751	22.40174228
1355.9000000	26.55747685	22.39618292
1356.0000000	26.55253957	22.38624285
1356.1000000	26.54555015	22.37289719
1356.2000000	26.5386954	22.35978668
1356.3000000	26.5322452	22.34735719
1356.4000000	26.52780083	22.33827187
1356.5000000	26.52451443	22.33111653
1356.6000000	26.52277577	22.32653864
1356.7000000	26.52296529	22.32516961
1356.8000000	26.52428891	22.32568404
1356.9000000	26.52717808	22.32879754
1357.0000000	26.53202146	22.33515691
1357.1000000	26.53785662	22.34316231
1357.2000000	26.5450908	22.35349655
1357.3000000	26.55285405	22.36471547
1357.4000000	26.56053632	22.37580491
1357.5000000	26.56741061	22.38555391
1357.6000000	26.57237728	22.39212938
1357.7000000	26.5759468	22.39637951
1357.8000000	26.57675977	22.39603886
1357.9000000	26.57574916	22.39266039
1358.0000000	26.57361363	22.38740808
1358.1000000	26.57037233	22.38031512
1358.2000000	26.5672999	22.37350514
1358.3000000	26.56447669	22.36711144
1358.4000000	26.56292215	22.36283026
1358.5000000	26.56234421	22.36017391
1358.6000000	26.56254231	22.3588089
1358.7000000	26.56415689	22.35980348
1358.8000000	26.56643832	22.36191101
1358.9000000	26.56935995	22.36508771
1359.0000000	26.57367504	22.37058717
1359.1000000	26.57865738	22.3771988
1359.2000000	26.58436678	22.38502133
1359.3000000	26.59082645	22.39409273
1359.4000000	26.59715254	22.40294012
1359.5000000	26.60324372	22.41139281
1359.6000000	26.60763296	22.41700604
1359.7000000	26.6107705	22.42052939
1359.8000000	26.61209138	22.42102402
1359.9000000	26.61119708	22.41782988
1360.0000000	26.60954808	22.41338216
1360.1000000	26.60722794	22.40782128
1360.2000000	26.60566517	22.40352524
1360.3000000	26.60485891	22.40049101
1360.4000000	26.6054995	22.39986702
1360.5000000	26.6074418	22.40141098
1360.6000000	26.60997765	22.40394372
1360.7000000	26.61309362	22.40744293
1360.8000000	26.61653972	22.41149229
1360.9000000	26.62038826	22.41621236
1361.0000000	26.62544772	22.42294937
1361.1000000	26.63251097	22.43302273
1361.2000000	26.64110218	22.44563834
1361.3000000	26.65274948	22.46333949
1361.4000000	26.66545664	22.48280135
1361.5000000	26.67864428	22.50306028
1361.6000000	26.69012611	22.52047724
1361.7000000	26.6984741	22.53267597
1361.8000000	26.70411092	22.54036161
1361.9000000	26.70256844	22.53609381
1362.0000000	26.69749762	22.52595285
1362.1000000	26.68905407	22.51019799
1362.2000000	26.67637875	22.48739853
1362.3000000	26.66321801	22.46379303
1362.4000000	26.64954706	22.43934044
1362.5000000	26.63760398	22.41776835
1362.6000000	26.62700294	22.39843416
1362.7000000	26.61820249	22.38210008
1362.8000000	26.61220529	22.37043324
1362.9000000	26.60743884	22.36081266
1363.0000000	26.60415806	22.35366171
1363.1000000	26.60201724	22.34840528
1363.2000000	26.60033575	22.34391153
1363.3000000	26.59923555	22.34038499
1363.4000000	26.598975	22.33825747
1363.5000000	26.59948339	22.33741228
1363.6000000	26.60149648	22.33907537
1363.7000000	26.6063042	22.34539435
1363.8000000	26.61320308	22.3551958
1363.9000000	26.62398251	22.37145661
1364.0000000	26.63805195	22.39318929
1364.1000000	26.65390477	22.41788227
1364.2000000	26.67162555	22.44567642
1364.3000000	26.68853002	22.47210557
1364.4000000	26.70435676	22.4967402
1364.5000000	26.71638845	22.51505972
1364.6000000	26.72466754	22.5271368
1364.7000000	26.73005869	22.53440961
1364.8000000	26.72982197	22.53231168
1364.9000000	26.72699984	22.52590565
1365.0000000	26.7220088	22.51588325
1365.1000000	26.71448567	22.50164159
1365.2000000	26.70664484	22.48687313
1365.3000000	26.69843021	22.47149068
1365.4000000	26.69139876	22.45808949
1365.5000000	26.6854002	22.44641773
1365.6000000	26.68069492	22.43690412
1365.7000000	26.67834069	22.43130549
1365.8000000	26.67700577	22.42740074
1365.9000000	26.6768307	22.42542212
1366.0000000	26.67755596	22.4249373
1366.1000000	26.67848333	22.42478447
1366.2000000	26.67955804	22.42487436
1366.3000000	26.68083703	22.42530456
1366.4000000	26.68253675	22.42643766
1366.5000000	26.68511792	22.42904227
1366.6000000	26.68977856	22.43511441
1366.7000000	26.69573584	22.44335123
1366.8000000	26.70378106	22.45507099
1366.9000000	26.71276145	22.4683533
1367.0000000	26.72168398	22.4815423
1367.1000000	26.72921277	22.49240988
1367.2000000	26.73348097	22.49784265
1367.3000000	26.73539288	22.49934344
1367.4000000	26.73271629	22.49319337
1367.5000000	26.72778169	22.48327375
1367.6000000	26.72165524	22.4713618
1367.7000000	26.71598803	22.46020939
1367.8000000	26.71293275	22.45340426
1367.9000000	26.71203239	22.4501887
1368.0000000	26.71655675	22.4560112
1368.1000000	26.72328699	22.46551391
1368.2000000	26.73183764	22.47805562
1368.3000000	26.7403164	22.4904838
1368.4000000	26.74665676	22.49935498
1368.5000000	26.75091446	22.5047595
1368.6000000	26.74874516	22.49946128
1368.7000000	26.7436638	22.48931316
1368.8000000	26.73523075	22.47358296
1368.9000000	26.72343779	22.45225671
1369.0000000	26.71113629	22.43008242
1369.1000000	26.69846267	22.40728702
1369.2000000	26.68721061	22.38685786
1369.3000000	26.67696335	22.36810182
1369.4000000	26.6682264	22.35186152
1369.5000000	26.6611019	22.33830734
1369.6000000	26.65466742	22.32590236
1369.7000000	26.6490792	22.31490516
1369.8000000	26.64441663	22.3054462
1369.9000000	26.64059729	22.29738781
1370.0000000	26.63839769	22.29202441
1370.1000000	26.63919868	22.29165859
1370.2000000	26.64223732	22.29502237
1370.3000000	26.64972056	22.30579198
1370.4000000	26.6611469	22.32313128
1370.5000000	26.67498116	22.34448151
1370.6000000	26.69191375	22.3709902
1370.7000000	26.70936301	22.3983565
1370.8000000	26.72679839	22.4256968
1370.9000000	26.74248431	22.45012201
1371.0000000	26.7558653	22.47070953
1371.1000000	26.76736722	22.48817127
1371.2000000	26.77495818	22.49912521
1371.3000000	26.78044664	22.50658362
1371.4000000	26.78418051	22.51112489
1371.5000000	26.78499845	22.51081316
1371.6000000	26.78476475	22.50875118
1371.7000000	26.78350042	22.50497162
1371.8000000	26.7809502	22.4990476
1371.9000000	26.77814034	22.49268649
1372.0000000	26.7750132	22.4857919
1372.1000000	26.77190171	22.47891946
1372.2000000	26.76893241	22.47228201
1372.3000000	26.76621863	22.46606993
1372.4000000	26.76400741	22.46069514
1372.5000000	26.76202438	22.45570044
1372.6000000	26.76030265	22.45114107
1372.7000000	26.75898106	22.4472492
1372.8000000	26.75797067	22.44387788
1372.9000000	26.75752333	22.44144733
1373.0000000	26.7580339	22.44061532
1373.1000000	26.7592652	22.44098636
1373.2000000	26.76175442	22.44345417
1373.3000000	26.7658055	22.44852344
1373.4000000	26.77097131	22.45544838
1373.5000000	26.77813576	22.4657
1373.6000000	26.78746323	22.47955125
1373.7000000	26.79830224	22.49591672
1373.8000000	26.81186573	22.51681647
1373.9000000	26.82699737	22.54032549
1374.0000000	26.84305461	22.56537471
1374.1000000	26.85981121	22.59158807
1374.2000000	26.8758052	22.61653109
1374.3000000	26.89104229	22.6402133
1374.4000000	26.90321609	22.65879397
1374.5000000	26.9126644	22.67283626
1374.6000000	26.91972273	22.68289964
1374.7000000	26.92119894	22.68366829
1374.8000000	26.9200128	22.68000424
1374.9000000	26.91613429	22.67185671
1375.0000000	26.90851798	22.65748404
1375.1000000	26.90016969	22.64189125
1375.2000000	26.89103785	22.62499231
1375.3000000	26.88281238	22.60960205
1375.4000000	26.8755369	22.5957941
1375.5000000	26.86960852	22.58423027
1375.6000000	26.86556531	22.57580622
1375.7000000	26.86215439	22.56843466
1375.8000000	26.85938962	22.56213858
1375.9000000	26.85655515	22.55572714
1376.0000000	26.85373408	22.54934059
1376.1000000	26.85106509	22.54321088
1376.2000000	26.84997113	22.53970643
1376.3000000	26.85033117	22.53862331
1376.4000000	26.85351052	22.54223302
1376.5000000	26.85964409	22.55075954
1376.6000000	26.8672829	22.5617912
1376.7000000	26.87671196	22.5758047
1376.8000000	26.88570845	22.58910049
1376.9000000	26.89401721	22.6012543
1377.0000000	26.89975085	22.6091224
1377.1000000	26.90282	22.61255425
1377.2000000	26.90394537	22.61274825
1377.3000000	26.9015612	22.60709569
1377.4000000	26.89747953	22.59861381
1377.5000000	26.89208862	22.58794944
1377.6000000	26.88512026	22.57465656
1377.7000000	26.87789696	22.56093817
1377.8000000	26.8704668	22.54687497
1377.9000000	26.86430418	22.53492289
1378.0000000	26.85991472	22.52592425
1378.1000000	26.85736756	22.51999432
1378.2000000	26.86066341	22.52379565
1378.3000000	26.86738205	22.53329781
1378.4000000	26.87815882	22.54955796
1378.5000000	26.8947234	22.57545479
1378.6000000	26.91299548	22.60419087
1378.7000000	26.93304087	22.63587423
1378.8000000	26.95202165	22.6657798
1378.9000000	26.96912429	22.69255591
1379.0000000	26.98318164	22.71426221
1379.1000000	26.99218284	22.72755163
1379.2000000	26.99852552	22.73641684
1379.3000000	27.00115811	22.73910613
1379.4000000	27.00145519	22.73790858
1379.5000000	27.00094262	22.73536596
1379.6000000	27.00004714	22.73218934
1379.7000000	27.00006663	22.73053987
1379.8000000	27.00078904	22.73006386
1379.9000000	27.00290091	22.73190421
1380.0000000	27.00588232	22.7351946
1380.1000000	27.0094188	22.73941073
1380.2000000	27.01371647	22.74489473
1380.3000000	27.01863653	22.75141368
1380.4000000	27.02408172	22.75880359
1380.5000000	27.0307213	22.76817753
1380.6000000	27.03841422	22.77930005
1380.7000000	27.0469377	22.79180045
1380.8000000	27.05696476	22.80680006
1380.9000000	27.06713957	22.82204152
1381.0000000	27.07740431	22.83742907
1381.1000000	27.08583127	22.84975324
1381.2000000	27.09223511	22.85870622
1381.3000000	27.09653835	22.86415967
1381.4000000	27.09568016	22.86101694
1381.5000000	27.09252385	22.85404712
1381.6000000	27.08666206	22.8425736
1381.7000000	27.07846842	22.82722089
1381.8000000	27.07014728	22.81166225
1381.9000000	27.06200983	22.79641721
1382.0000000	27.0559544	22.78464564
1382.1000000	27.0511408	22.77494429
1382.2000000	27.04809737	22.76818734
1382.3000000	27.04600407	22.76300537
1382.4000000	27.04389873	22.75779661
1382.5000000	27.04125057	22.75168074
1382.6000000	27.03753508	22.74378867
1382.7000000	27.03335911	22.73513253
1382.8000000	27.02879445	22.72583134
1382.9000000	27.02485053	22.71756409
1383.0000000	27.02150289	22.71028821
1383.1000000	27.01951476	22.70527326
1383.2000000	27.01867917	22.70217361
1383.3000000	27.01857705	22.70029149
1383.4000000	27.01957197	22.70023338
1383.5000000	27.02131297	22.70141649
1383.6000000	27.02366321	22.70361443
1383.7000000	27.02755621	22.70838319
1383.8000000	27.03284135	22.71547418
1383.9000000	27.0392327	22.72441418
1384.0000000	27.04789711	22.7371482
1384.1000000	27.05714808	22.75086734
1384.2000000	27.06697923	22.76555753
1384.3000000	27.07568932	22.77838145
1384.4000000	27.08275472	22.78846357
1384.5000000	27.08802885	22.7955583
1384.6000000	27.08863941	22.7948833
1384.7000000	27.08699845	22.7904576
1384.8000000	27.08269244	22.78159534
1384.9000000	27.0752524	22.76751684
1385.0000000	27.06673328	22.75164363
1385.1000000	27.05706156	22.73385048
1385.2000000	27.04702679	22.7154486
1385.3000000	27.03724568	22.697463
1385.4000000	27.02797365	22.68031965
1385.5000000	27.02016779	22.66561614
1385.6000000	27.01341855	22.65267506
1385.7000000	27.00864272	22.64302679
1385.8000000	27.00664475	22.63801239
1385.9000000	27.00652346	22.6361297
1386.0000000	27.00952537	22.63945157
1386.1000000	27.01604245	22.64862688
1386.2000000	27.0251907	22.66218123
1386.3000000	27.03945531	22.68425281
1386.4000000	27.0593586	22.71571289
1386.5000000	27.08327337	22.75385319
1386.6000000	27.11490367	22.80484307
1386.7000000	27.15053406	22.86249533
1386.8000000	27.18838776	22.9238509
1386.9000000	27.22616784	22.98508471
1387.0000000	27.25888895	23.03789409
1387.1000000	27.28714944	23.08327378
1387.2000000	27.30125896	23.10508395
1387.3000000	27.30649929	23.11211835
1387.4000000	27.30381461	23.10594891
1387.5000000	27.28816466	23.07818311
1387.6000000	27.26972799	23.04577346
1387.7000000	27.24821463	23.00823955
1387.8000000	27.22829626	22.97336278
1387.9000000	27.21101849	22.94288527
1388.0000000	27.19721733	22.91819918
1388.1000000	27.18975577	22.90407146
1388.2000000	27.18498525	22.89442508
1388.3000000	27.18350663	22.89026018
1388.4000000	27.1846394	22.89044402
1388.5000000	27.18652344	22.89187982
1388.6000000	27.18905948	22.89440361
1388.7000000	27.19098334	22.89591157
1388.8000000	27.19208379	22.8960532
1388.9000000	27.19153053	22.89344669
1389.0000000	27.18871567	22.88707988
1389.1000000	27.18471996	22.8787516
1389.2000000	27.17918063	22.86785579
1389.3000000	27.17364352	22.85696417
1389.4000000	27.1685802	22.84686012
1389.5000000	27.16544288	22.83996091
1389.6000000	27.16518957	22.8378611
1389.7000000	27.16712523	22.83940311
1389.8000000	27.17356317	22.84843995
1389.9000000	27.18330013	22.86296945
1390.0000000	27.19543851	22.88149874
1390.1000000	27.21146621	22.90650622
1390.2000000	27.22850992	22.93320487
1390.3000000	27.24620502	22.96098352
1390.4000000	27.26168675	22.98506869
1390.5000000	27.27364802	23.0032835
1390.6000000	27.28239546	23.01614214
1390.7000000	27.28197165	23.01372791
1390.8000000	27.2776083	23.00475581
1390.9000000	27.26894469	22.988625
1391.0000000	27.25700311	22.96703538
1391.1000000	27.245985	22.94698067
1391.2000000	27.23643164	22.92935957
1391.3000000	27.2326077	22.92127297
1391.4000000	27.23173514	22.91809426
1391.5000000	27.23466023	22.92123291
1391.6000000	27.23993694	22.92828184
1391.7000000	27.24527991	22.93543784
1391.8000000	27.2499583	22.94148939
1391.9000000	27.2529179	22.94468844
1392.0000000	27.25527866	22.94690543
1392.1000000	27.25731687	22.94860235
1392.2000000	27.26069171	22.95254
1392.3000000	27.26506902	22.95815774
1392.4000000	27.27118678	22.96668024
1392.5000000	27.27748565	22.97550619
1392.6000000	27.28321923	22.98338915
1392.7000000	27.28616699	22.98662857
1392.8000000	27.28483135	22.98272883
1392.9000000	27.2803331	22.97355608
1393.0000000	27.2697307	22.95421219
1393.1000000	27.25605534	22.9297459
1393.2000000	27.24035286	22.90189954
1393.3000000	27.22392956	22.87284924
1393.4000000	27.20970849	22.84746334
1393.5000000	27.19751412	22.82544946
1393.6000000	27.19248564	22.81536573
1393.7000000	27.19190799	22.81269106
1393.8000000	27.19536726	22.81673814
1393.9000000	27.20584541	22.83247589
1394.0000000	27.21809525	22.85116874
1394.1000000	27.23233309	22.87317837
1394.2000000	27.24684415	22.89564847
1394.3000000	27.26044142	22.91660058
1394.4000000	27.27280055	22.93549235
1394.5000000	27.28250821	22.9499688
1394.6000000	27.29110727	22.9625987
1394.7000000	27.29835926	22.97298466
1394.8000000	27.3050983	22.98251532
1394.9000000	27.31198108	22.99228423
1395.0000000	27.31932693	23.00282387
1395.1000000	27.32753248	23.01479658
1395.2000000	27.33607123	23.02732735
1395.3000000	27.3449832	23.04048392
1395.4000000	27.35344629	23.05289754
1395.5000000	27.36132025	23.06433485
1395.6000000	27.36774022	23.07335577
1395.7000000	27.37209812	23.07894735
1395.8000000	27.37502456	23.08215836
1395.9000000	27.37532821	23.0810025
1396.0000000	27.37374159	23.07669639
1396.1000000	27.37091778	23.07032468
1396.2000000	27.36630562	23.06096795
1396.3000000	27.36112932	23.05066553
1396.4000000	27.35558467	23.03974636
1396.5000000	27.35040318	23.02943226
1396.6000000	27.34617825	23.02071451
1396.7000000	27.34281571	23.01343748
1396.8000000	27.34192436	23.01027953
1396.9000000	27.3421946	23.00905789
1397.0000000	27.34358759	23.00970471
1397.1000000	27.34573995	23.01161212
1397.2000000	27.34747113	23.01281199
1397.3000000	27.34868194	23.01313845
1397.4000000	27.34821962	23.01067273
1397.5000000	27.34722506	23.00731607
1397.6000000	27.34565522	23.00299744
1397.7000000	27.34470588	22.99970823
1397.8000000	27.34450135	22.99765619
1397.9000000	27.34538854	22.99742178
1398.0000000	27.34725392	22.99882038
1398.1000000	27.34892255	22.99989838
1398.2000000	27.34992945	22.99988181
1398.3000000	27.34820974	22.99532933
1398.4000000	27.34464996	22.98771421
1398.5000000	27.33796264	22.9748902
1398.6000000	27.32928613	22.95875302
1398.7000000	27.32014505	22.94184286
1398.8000000	27.31179553	22.92625256
1398.9000000	27.30673984	22.91614896
1399.0000000	27.30418637	22.91021272
1399.1000000	27.30661292	22.91256927
1399.2000000	27.31197064	22.91980635
1399.3000000	27.31897419	22.92978342
1399.4000000	27.32679322	22.94111715
1399.5000000	27.33306256	22.94986761
1399.6000000	27.33796022	22.95633044
1399.7000000	27.33877379	22.95598903
1399.8000000	27.33726973	22.95178704
1399.9000000	27.33381886	22.94434519
1400.0000000	27.32854365	22.93386984
1400.1000000	27.32373969	22.92418528
1400.2000000	27.31943328	22.91533505
1400.3000000	27.31835288	22.9118618
1400.4000000	27.31911963	22.91146782
1400.5000000	27.32198139	22.91456418
1400.6000000	27.32753768	22.92214774
1400.7000000	27.33376617	22.93084856
1400.8000000	27.34071271	22.94073986
1400.9000000	27.34723667	22.94991903
1401.0000000	27.35320225	22.95815848
1401.1000000	27.35821042	22.96479508
1401.2000000	27.3617329	22.96895386
1401.3000000	27.36435312	22.97161231
1401.4000000	27.36581692	22.97235192
1401.5000000	27.36608329	22.97110601
1401.6000000	27.36575464	22.96887573
1401.7000000	27.36456025	22.9652066
1401.8000000	27.36268047	22.96039538
1401.9000000	27.36041694	22.95494328
1402.0000000	27.35762274	22.94860616
1402.1000000	27.35470961	22.9420705
1402.2000000	27.35183211	22.93559343
1402.3000000	27.34931106	22.92970807
1402.4000000	27.34737979	22.92480203
1402.5000000	27.34597518	22.92077048
1402.6000000	27.34614331	22.91935656
1402.7000000	27.34837932	22.92138574
1402.8000000	27.35241528	22.92641124
1402.9000000	27.36106234	22.93911349
1403.0000000	27.37270789	22.95680653
1403.1000000	27.38676075	22.97850743
1403.2000000	27.40428342	23.00598784
1403.3000000	27.42168932	23.03327622
1403.4000000	27.43905151	23.06049354
1403.5000000	27.45232798	23.08090665
1403.6000000	27.46264086	23.09638256
1403.7000000	27.46954233	23.10617548
1403.8000000	27.4714322	23.10762168
1403.9000000	27.47220155	23.10720248
1404.0000000	27.47188591	23.10497799
1404.1000000	27.47346522	23.10591132
1404.2000000	27.47676803	23.1097173
1404.3000000	27.48264107	23.11780674
1404.4000000	27.49107536	23.13016516
1404.5000000	27.50003542	23.14340264
1404.6000000	27.50911678	23.15684438
1404.7000000	27.51609306	23.16678047
1404.8000000	27.52149819	23.17409756
1404.9000000	27.52408396	23.17671454
1405.0000000	27.52427721	23.17534062
1405.1000000	27.52327167	23.17196422
1405.2000000	27.5209303	23.16635929
1405.3000000	27.51836401	23.16037882
1405.4000000	27.51586638	23.15451343
1405.5000000	27.51419513	23.15002525
1405.6000000	27.51435883	23.14859329
1405.7000000	27.51621074	23.14997253
1405.8000000	27.52284105	23.15930893
1405.9000000	27.53418197	23.17648917
1406.0000000	27.54923698	23.1998527
1406.1000000	27.57150548	23.235226
1406.2000000	27.59594233	23.27420654
1406.3000000	27.62195868	23.31581396
1406.4000000	27.64498551	23.35243993
1406.5000000	27.66251984	23.37991662
1406.6000000	27.67475053	23.39855877
1406.7000000	27.67167772	23.39171423
1406.8000000	27.66125625	23.37263135
1406.9000000	27.64235716	23.33943169
1407.0000000	27.61396944	23.29043281
1407.1000000	27.58390589	23.23864593
1407.2000000	27.55249811	23.18462338
1407.3000000	27.52576815	23.13839355
1407.4000000	27.5027402	23.09833126
1407.5000000	27.4854114	23.06776248
1407.6000000	27.47520575	23.04905878
1407.7000000	27.46820067	23.03568795
1407.8000000	27.46522055	23.02902292
1407.9000000	27.46490711	23.02680141
1408.0000000	27.46599823	23.02692073
1408.1000000	27.46898021	23.03018944
1408.2000000	27.47427781	23.037313
1408.3000000	27.48119363	23.04712886
1408.4000000	27.49098564	23.06173159
1408.5000000	27.50302204	23.08006951
1408.6000000	27.51626261	23.10041152
1408.7000000	27.53073291	23.1228017
1408.8000000	27.54466315	23.14429451
1408.9000000	27.5580098	23.16481858
1409.0000000	27.56932177	23.18195785
1409.1000000	27.57906623	23.19649008
1409.2000000	27.58760882	23.20902386
1409.3000000	27.59427676	23.21843844
1409.4000000	27.600307	23.22679337
1409.5000000	27.60581158	23.2342747
1409.6000000	27.6108823	23.24103473
1409.7000000	27.61588942	23.24768959
1409.8000000	27.62083324	23.25423933
1409.9000000	27.6254622	23.26026468
1410.0000000	27.62976415	23.26574496
1410.1000000	27.63368377	23.2705875
1410.2000000	27.63666176	23.27386046
1410.3000000	27.63911319	23.27625451
1410.4000000	27.64090085	23.27754029
1410.5000000	27.64183542	23.2774017
1410.6000000	27.64238391	23.27661627
1410.7000000	27.64241917	23.27497286
1410.8000000	27.64167643	23.27203228
1410.9000000	27.6403912	23.26818856
1411.0000000	27.63829549	23.26299645
1411.1000000	27.63515074	23.25605871
1411.2000000	27.63135532	23.2480381
1411.3000000	27.62651976	23.23828547
1411.4000000	27.62091128	23.22724534
1411.5000000	27.61503162	23.21575283
1411.6000000	27.60919036	23.20432325
1411.7000000	27.60451976	23.19484222
1411.8000000	27.60089679	23.18710514
1411.9000000	27.59995227	23.1838279
1412.0000000	27.60138108	23.18450214
1412.1000000	27.60441927	23.18785583
1412.2000000	27.60963259	23.19483235
1412.3000000	27.61470021	23.20156895
1412.4000000	27.61944624	23.20777492
1412.5000000	27.62144011	23.20940343
1412.6000000	27.62089945	23.20681645
1412.7000000	27.61816952	23.20058731
1412.8000000	27.61086875	23.18674843
1412.9000000	27.60213026	23.17051637
1413.0000000	27.59188714	23.15177993
1413.1000000	27.58155687	23.1329006
1413.2000000	27.57246458	23.11608584
1413.3000000	27.56496773	23.10193058
1413.4000000	27.56235652	23.09591264
1413.5000000	27.56281259	23.09500174
1413.6000000	27.56723786	23.10069772
1413.7000000	27.57740075	23.11594431
1413.8000000	27.59010938	23.1354261
1413.9000000	27.60598396	23.16017727
1414.0000000	27.62363625	23.18788754
1414.1000000	27.64131456	23.21563971
1414.2000000	27.65831358	23.24225695
1414.3000000	27.67256074	23.2642836
1414.4000000	27.68489599	23.28311586
1414.5000000	27.69390471	23.2963986
1414.6000000	27.70037275	23.30544553
1414.7000000	27.70559339	23.31241604
1414.8000000	27.70981808	23.31773282
1414.9000000	27.71448056	23.32378556
1415.0000000	27.71958488	23.33058116
1415.1000000	27.72584662	23.339311
1415.2000000	27.73264206	23.34893547
1415.3000000	27.73971765	23.35903071
1415.4000000	27.74646392	23.36857966
1415.5000000	27.7522887	23.37659408
1415.6000000	27.75730544	23.38326206
1415.7000000	27.7601507	23.38631382
1415.8000000	27.76178412	23.38734952
1415.9000000	27.76236046	23.38662916
1416.0000000	27.76196455	23.38429437
1416.1000000	27.76215097	23.38293251
1416.2000000	27.76296519	23.3826163
1416.3000000	27.76706588	23.38777062
1416.4000000	27.77330023	23.39647401
1416.5000000	27.78200844	23.40929313
1416.6000000	27.79390832	23.4274254
1416.7000000	27.80619187	23.44619745
1416.8000000	27.81868829	23.46532719
1416.9000000	27.82824863	23.47957124
1417.0000000	27.83530648	23.48965107
1417.1000000	27.83850506	23.49330632
1417.2000000	27.83671039	23.48864792
1417.3000000	27.8327238	23.48034052
1417.4000000	27.82611152	23.46766089
1417.5000000	27.81915253	23.45440329
1417.6000000	27.81261333	23.4418441
1417.7000000	27.80763768	23.43188814
1417.8000000	27.80475895	23.42542337
1417.9000000	27.80312198	23.42102431
1418.0000000	27.80321645	23.41950448
1418.1000000	27.80398326	23.41909845
1418.2000000	27.8050834	23.41924209
1418.3000000	27.80635607	23.41966972
1418.4000000	27.80781034	23.42039923
1418.5000000	27.80944044	23.42142333
1418.6000000	27.81177315	23.42362077
1418.7000000	27.81468837	23.42679229
1418.8000000	27.8180841	23.43076757
1418.9000000	27.8222103	23.43596107
1419.0000000	27.82646864	23.44137323
1419.1000000	27.83084832	23.44698223
1419.2000000	27.83474247	23.45177505
1419.3000000	27.83813209	23.45571956
1419.4000000	27.84094592	23.45869934
1419.5000000	27.84249129	23.45956457
1419.6000000	27.84343838	23.45943536
1419.7000000	27.84372542	23.45821158
1419.8000000	27.84347174	23.45609197
1419.9000000	27.8432697	23.4540609
1420.0000000	27.84322176	23.45228606
1420.1000000	27.84393952	23.45178412
1420.2000000	27.84506837	23.45196437
1420.3000000	27.84674911	23.45306201
1420.4000000	27.84836077	23.4540431
1420.5000000	27.84949394	23.45422506
1420.6000000	27.84949654	23.4525214
1420.7000000	27.84712882	23.44686844
1420.8000000	27.84320295	23.43862039
1420.9000000	27.83674791	23.42616122
1421.0000000	27.82904066	23.41161641
1421.1000000	27.82110105	23.39668225
1421.2000000	27.81404822	23.38322122
1421.3000000	27.80951631	23.37395602
1421.4000000	27.80687531	23.36784085
1421.5000000	27.8083982	23.3686645
1421.6000000	27.81252906	23.37383847
1421.7000000	27.81845186	23.38200438
1421.8000000	27.82634553	23.39345895
1421.9000000	27.83439505	23.40517743
1422.0000000	27.8425342	23.41704705
1422.1000000	27.85008355	23.42793447
1422.2000000	27.8574107	23.43845055
1422.3000000	27.86453411	23.44862514
1422.4000000	27.87170205	23.45887125
1422.5000000	27.8789288	23.46921248
1422.6000000	27.88621332	23.47964697
1422.7000000	27.892894	23.4890728
1422.8000000	27.89878282	23.4971769
1422.9000000	27.90366684	23.50360553
1423.0000000	27.90614729	23.50603066
1423.1000000	27.9072813	23.50621374
1423.2000000	27.90667584	23.50350084
1423.3000000	27.90422954	23.4977234
1423.4000000	27.90133658	23.49120346
1423.5000000	27.89813913	23.48417825
1423.6000000	27.89640925	23.4795989
1423.7000000	27.89614633	23.47746331
1423.8000000	27.89861093	23.47986881
1423.9000000	27.90462342	23.48817931
1424.0000000	27.91252544	23.49963189
1424.1000000	27.92294015	23.51526444
1424.2000000	27.93368312	23.5314406
1424.3000000	27.94395527	23.54683173
1424.4000000	27.95190889	23.55836321
1424.5000000	27.95629246	23.56395324
1424.6000000	27.9581328	23.5653129
1424.7000000	27.95536272	23.55899929
1424.8000000	27.95062557	23.54941294
1424.9000000	27.94474508	23.5379238
1425.0000000	27.93915894	23.52692474
1425.1000000	27.93542012	23.51900051
1425.2000000	27.93326151	23.51370499
1425.3000000	27.93491691	23.51475774
1425.4000000	27.93794637	23.5180962
1425.5000000	27.94216608	23.52341636
1425.6000000	27.94649482	23.52891938
1425.7000000	27.94995492	23.53297775
1425.8000000	27.95250064	23.53551483
1425.9000000	27.95269828	23.53414251
1426.0000000	27.95189889	23.53111076
1426.1000000	27.94991381	23.52610623
1426.2000000	27.94702669	23.51960195
1426.3000000	27.94404707	23.51294628
1426.4000000	27.94108066	23.5063149
1426.5000000	27.93869015	23.50064464
1426.6000000	27.93682031	23.49584324
1426.7000000	27.93580321	23.49246309
1426.8000000	27.93640473	23.49177829
1426.9000000	27.93813711	23.49297467
1427.0000000	27.94168557	23.49719151
1427.1000000	27.94722297	23.50471634
1427.2000000	27.95380485	23.51397844
1427.3000000	27.96184959	23.52567804
1427.4000000	27.97047268	23.53834527
1427.5000000	27.97928725	23.55133607
1427.6000000	27.98789702	23.56398832
1427.7000000	27.99577069	23.57541447
1427.8000000	28.00304208	23.58583643
1427.9000000	28.00898879	23.59405178
1428.0000000	28.01430229	23.60121323
1428.1000000	28.0192702	23.60780019
1428.2000000	28.02460032	23.61499054
1428.3000000	28.0308889	23.62377528
1428.4000000	28.03797858	23.63388967
1428.5000000	28.04658502	23.64652342
1428.6000000	28.0549433	23.65873629
1428.7000000	28.06304174	23.67050982
1428.8000000	28.06714324	23.67562318
1428.9000000	28.06789895	23.6751639
1429.0000000	28.06498953	23.66860329
1429.1000000	28.05501616	23.65028307
1429.2000000	28.04270339	23.62807203
1429.3000000	28.02772861	23.60143347
1429.4000000	28.01337005	23.57582678
1429.5000000	28.0013229	23.55407438
1429.6000000	27.99303076	23.53857859
1429.7000000	27.9922617	23.5356121
1429.8000000	27.99532886	23.53903286
1429.9000000	28.00347866	23.55091566
1430.0000000	28.01461242	23.56776668
1430.1000000	28.02611718	23.58523687
1430.2000000	28.03690397	23.60151533
1430.3000000	28.04455103	23.61257044
1430.4000000	28.05026646	23.62041395
1430.5000000	28.05291484	23.62315421
1430.6000000	28.05489417	23.6247835
1430.7000000	28.05725652	23.62705277
1430.8000000	28.06238983	23.63393727
1430.9000000	28.07180008	23.64794333
1431.0000000	28.0841075	23.66677251
1431.1000000	28.10107378	23.69335848
1431.2000000	28.11822395	23.72024897
1431.3000000	28.13491034	23.74636529
1431.4000000	28.14614097	23.7633938
1431.5000000	28.15165695	23.7709036
1431.6000000	28.15242909	23.77051276
1431.7000000	28.14425249	23.75522064
1431.8000000	28.13378373	23.73611423
1431.9000000	28.12120107	23.71349014
1432.0000000	28.11079603	23.69449275
1432.1000000	28.10340043	23.68050398
1432.2000000	28.09937362	23.67211945
1432.3000000	28.10120334	23.67348194
1432.4000000	28.10446834	23.67723026
1432.5000000	28.10924444	23.6834929
1432.6000000	28.1126319	23.68744186
1432.7000000	28.11436314	23.68863167
1432.8000000	28.11361085	23.68568484
1432.9000000	28.10953575	23.67720485
1433.0000000	28.10419933	23.66662614
1433.1000000	28.09750009	23.65378046
1433.2000000	28.09122607	23.64164458
1433.3000000	28.08581564	23.63094652
1433.4000000	28.08232536	23.62344345
1433.5000000	28.08152557	23.62041604
1433.6000000	28.08227647	23.61996548
1433.7000000	28.08526448	23.62323523
1433.8000000	28.08899728	23.62774174
1433.9000000	28.09285062	23.63244698
1434.0000000	28.09596036	23.6359131
1434.1000000	28.09828012	23.63806408
1434.2000000	28.10032934	23.6397665
1434.3000000	28.1033253	23.64304889
1434.4000000	28.10934924	23.65137719
1434.5000000	28.118024	23.66412111
1434.6000000	28.1338375	23.68875146
1434.7000000	28.15354595	23.71986377
1434.8000000	28.17620883	23.75589134
1434.9000000	28.20037827	23.79442422
1435.0000000	28.22162496	23.82808818
1435.1000000	28.24019059	23.85728765
1435.2000000	28.24818481	23.86888393
1435.3000000	28.25080397	23.87153184
1435.4000000	28.24741917	23.86418556
1435.5000000	28.23720305	23.84546849
1435.6000000	28.22619067	23.82543165
1435.7000000	28.21465172	23.80452416
1435.8000000	28.20691971	23.78996235
1435.9000000	28.2017945	23.77974719
1436.0000000	28.20034983	23.77566642
1436.1000000	28.20260827	23.77775653
1436.2000000	28.2060763	23.78186343
1436.3000000	28.21066231	23.78783301
1436.4000000	28.21534337	23.79396084
1436.5000000	28.22020048	23.80038211
1436.6000000	28.22547222	23.80749509
1436.7000000	28.23227421	23.81715858
1436.8000000	28.24026127	23.82879816
1436.9000000	28.25056968	23.84430607
1437.0000000	28.2624358	23.86241024
1437.1000000	28.27489144	23.88149776
1437.2000000	28.28711048	23.90019181
1437.3000000	28.2972655	23.91544728
1437.4000000	28.30569164	23.92782027
1437.5000000	28.30986234	23.93310198
1437.6000000	28.31113374	23.93355175
1437.7000000	28.31028342	23.93046751
1437.8000000	28.30669462	23.92282506
1437.9000000	28.30269152	23.91449661
1438.0000000	28.29840283	23.90569569
1438.1000000	28.29493039	23.89825557
1438.2000000	28.29200268	23.89172278
1438.3000000	28.28959498	23.88605575
1438.4000000	28.28748927	23.88089155
1438.5000000	28.2849552	23.87501385
1438.6000000	28.28193261	23.86832158
1438.7000000	28.27692392	23.8583196
1438.8000000	28.27051162	23.84597678
1438.9000000	28.26229373	23.83062316
1439.0000000	28.25054839	23.80939123
1439.1000000	28.23689966	23.78498569
1439.2000000	28.22072532	23.75637014
1439.3000000	28.20310518	23.72534261
1439.4000000	28.18627071	23.69561992
1439.5000000	28.17173144	23.66971815
1439.6000000	28.16516446	23.65709487
1439.7000000	28.16458813	23.65445212
1439.8000000	28.17464828	23.66952679
1439.9000000	28.19487308	23.70153104
1440.0000000	28.2198498	23.7414487
1440.1000000	28.24958168	23.78928438
1440.2000000	28.27686889	23.83304876
1440.3000000	28.30128832	23.87203858
1440.4000000	28.31756511	23.89746997
1440.5000000	28.32692349	23.91138096
1440.6000000	28.33184197	23.91789758
1440.7000000	28.33144334	23.91555776
1440.8000000	28.33090589	23.91298416
1440.9000000	28.33049332	23.91061555
1441.0000000	28.33256945	23.91238826
1441.1000000	28.3353041	23.91525482
1441.2000000	28.33846834	23.91883491
1441.3000000	28.33902401	23.91807018
1441.4000000	28.33684502	23.91275155
1441.5000000	28.33203431	23.90305057
1441.6000000	28.32265602	23.88574265
1441.7000000	28.31270557	23.86748076
1441.8000000	28.30216031	23.84822721
1441.9000000	28.2942481	23.83335838
1442.0000000	28.28848142	23.8220637
1442.1000000	28.28554635	23.81548662
1442.2000000	28.28682293	23.81592519
1442.3000000	28.28983706	23.81925845
1442.4000000	28.29493673	23.82606559
1442.5000000	28.30102231	23.83451569
1442.6000000	28.30688524	23.84259629
1442.7000000	28.31189498	23.8492568
1442.8000000	28.31401601	23.85110594
1442.9000000	28.3139915	23.84937998
1443.0000000	28.31014654	23.84128887
1443.1000000	28.30259868	23.82702839
1443.2000000	28.29315933	23.80961581
1443.3000000	28.28159386	23.78866155
1443.4000000	28.2704936	23.76848289
1443.5000000	28.26020719	23.74966208
1443.6000000	28.25306169	23.73607582
1443.7000000	28.24925195	23.72804991
1443.8000000	28.24779016	23.72394096
1443.9000000	28.25030454	23.72646174
1444.0000000	28.25462023	23.73198944
1444.1000000	28.26033955	23.73985749
1444.2000000	28.26741867	23.74998602
1444.3000000	28.27468429	23.76041341
1444.4000000	28.28204468	23.77098119
1444.5000000	28.28825977	23.77962354
1444.6000000	28.29303691	23.785856
1444.7000000	28.29635146	23.78964314
1444.8000000	28.29552833	23.78653503
1444.9000000	28.29247684	23.779716
1445.0000000	28.28684533	23.76860574
1445.1000000	28.27835246	23.7527394
1445.2000000	28.26967328	23.73657251
1445.3000000	28.26118184	23.72072446
1445.4000000	28.25587807	23.71018549
1445.5000000	28.25295128	23.70360101
1445.6000000	28.25334069	23.70253365
1445.7000000	28.25732167	23.70744465
1445.8000000	28.2624965	23.71434494
1445.9000000	28.26889805	23.72329254
1446.0000000	28.27494228	23.7316509
1446.1000000	28.2805866	23.73934874
1446.2000000	28.28536408	23.74560718
1446.3000000	28.2899375	23.75152763
1446.4000000	28.29472363	23.75780168
1446.5000000	28.30044471	23.76562961
1446.6000000	28.3074929	23.77566276
1446.7000000	28.31529435	23.78694571
1446.8000000	28.324058	23.79982802
1446.9000000	28.33242302	23.81204615
1447.0000000	28.34027874	23.823418
1447.1000000	28.34613635	23.83146551
1447.2000000	28.35001834	23.83622641
1447.3000000	28.35235268	23.83841263
1447.4000000	28.35168225	23.83559637
1447.5000000	28.34989165	23.8309148
1447.6000000	28.34716272	23.82467007
1447.7000000	28.3441491	23.81795093
1447.8000000	28.34181214	23.81235913
1447.9000000	28.34014616	23.80788609
1448.0000000	28.34068002	23.80707785
1448.1000000	28.34214911	23.80782772
1448.2000000	28.34469759	23.81037464
1448.3000000	28.34782859	23.81389041
1448.4000000	28.35067496	23.81693056
1448.5000000	28.35304677	23.81917842
1448.6000000	28.35441442	23.8197513
1448.7000000	28.3556133	23.82003961
1448.8000000	28.35673123	23.82018899
1448.9000000	28.35896583	23.82219404
1449.0000000	28.36203989	23.82559388
1449.1000000	28.3665098	23.83131608
1449.2000000	28.37177707	23.83836491
1449.3000000	28.3769227	23.8452106
1449.4000000	28.38111903	23.85047588
1449.5000000	28.38287987	23.85168744
1449.6000000	28.38303052	23.85022095
1449.7000000	28.38050763	23.84430571
1449.8000000	28.37694823	23.83666585
1449.9000000	28.37315455	23.82863398
1450.0000000	28.37030162	23.82216396
1450.1000000	28.36945461	23.81902902
1450.2000000	28.37006619	23.81832009
1450.3000000	28.37371124	23.8226632
1450.4000000	28.37877872	23.82937762
1450.5000000	28.38494621	23.8379262
1450.6000000	28.39214169	23.8481878
1450.7000000	28.39932937	23.85843732
1450.8000000	28.40644417	23.86856817
1450.9000000	28.41291655	23.87763385
1451.0000000	28.41908489	23.88619903
1451.1000000	28.42500279	23.89435201
1451.2000000	28.4315833	23.90361086
1451.3000000	28.43968359	23.91540004
1451.4000000	28.44959549	23.9302026
1451.5000000	28.46569237	23.95530017
1451.6000000	28.48586534	23.9871808
1451.7000000	28.51129441	24.02781185
1451.8000000	28.54307331	24.07901868
1451.9000000	28.57577347	24.13176476
1452.0000000	28.60875	24.18497849
1452.1000000	28.63396336	24.22526981
1452.2000000	28.6519596	24.25354287
1452.3000000	28.65728148	24.2607025
1452.4000000	28.64547691	24.23932922
1452.5000000	28.62423384	24.2022258
1452.6000000	28.58946951	24.14259599
1452.7000000	28.5489411	24.07336295
1452.8000000	28.50701354	24.00179813
1452.9000000	28.46888467	23.93655813
1453.0000000	28.44056318	23.88764921
1453.1000000	28.41954264	23.85089823
1453.2000000	28.41318891	23.83857391
1453.3000000	28.41574527	23.84109229
1453.4000000	28.42425256	23.85352727
1453.5000000	28.43955669	23.87728765
1453.6000000	28.45587846	23.90274788
1453.7000000	28.47279898	23.92920804
1453.8000000	28.487999	23.95280356
1453.9000000	28.50142779	23.97344796
1454.0000000	28.51330048	23.99149794
1454.1000000	28.52164011	24.00366069
1454.2000000	28.5281744	24.0128138
1454.3000000	28.53283011	24.01883722
1454.4000000	28.53367572	24.01851687
1454.5000000	28.53256729	24.01494598
1454.6000000	28.52920067	24.00761907
1454.7000000	28.52310223	23.99574591
1454.8000000	28.51665619	23.98329394
1454.9000000	28.51004242	23.97055912
1455.0000000	28.505847	23.9618456
1455.1000000	28.50363563	23.95642964
1455.2000000	28.5044177	23.95599354
1455.3000000	28.50856304	23.96115649
1455.4000000	28.51370313	23.96797753
1455.5000000	28.51958753	23.97604229
1455.6000000	28.52345008	23.98074539
1455.7000000	28.52555389	23.98252484
1455.8000000	28.5241538	23.97847414
1455.9000000	28.51966499	23.96928475
1456.0000000	28.51366529	23.95758425
1456.1000000	28.50631624	23.94364108
1456.2000000	28.49969234	23.93090916
1456.3000000	28.49374331	23.91930441
1456.4000000	28.489658	23.91080645
1456.5000000	28.48650123	23.90385686
1456.6000000	28.48395627	23.89792544
1456.7000000	28.48151289	23.89215867
1456.8000000	28.47885158	23.88602084
1456.9000000	28.47603014	23.87960656
1457.0000000	28.47351386	23.87369205
1457.1000000	28.47204247	23.86951249
1457.2000000	28.47146101	23.86681395
1457.3000000	28.47396785	23.86926036
1457.4000000	28.47771552	23.87377727
1457.5000000	28.4827763	23.88048686
1457.6000000	28.48857587	23.88843341
1457.7000000	28.49385912	23.89552602
1457.8000000	28.49850467	23.90156005
1457.9000000	28.50119268	23.90433468
1458.0000000	28.50297343	23.90559733
1458.1000000	28.50354164	23.90483992
1458.2000000	28.50299438	23.9022258
1458.3000000	28.50207348	23.89899175
1458.4000000	28.50083026	23.89522317
1458.5000000	28.49965763	23.8915724
1458.6000000	28.49879583	23.88843744
1458.7000000	28.49854684	23.88632006
1458.8000000	28.50093306	23.88858902
1458.9000000	28.5062129	23.89567634
1459.0000000	28.51796222	23.91353852
1459.1000000	28.54027076	23.94898757
1459.2000000	28.56992318	23.9966697
1459.3000000	28.61306272	24.06681587
1459.4000000	28.66441119	24.15063508
1459.5000000	28.71929637	24.24034314
1459.6000000	28.77407693	24.32987169
1459.7000000	28.81914256	24.40321272
1459.8000000	28.85579646	24.46253637
1459.9000000	28.86976062	24.48406791
1460.0000000	28.86790889	24.47925924
1460.1000000	28.85350056	24.45354302
1460.2000000	28.82013357	24.39626125
1460.3000000	28.78270169	24.33221958
1460.4000000	28.7415316	24.2619629
1460.5000000	28.7055957	24.20043185
1460.6000000	28.67532304	24.14833779
1460.7000000	28.65133602	24.10671305
1460.8000000	28.63902189	24.08452679
1460.9000000	28.63058412	24.06879437
1461.0000000	28.62653052	24.0603625
1461.1000000	28.62586849	24.05757981
1461.2000000	28.62643674	24.0568475
1461.3000000	28.62849685	24.05859941
1461.4000000	28.63328999	24.06489934
1461.5000000	28.639826	24.07409638
1461.6000000	28.64878747	24.08732863
1461.7000000	28.66005496	24.1044021
1461.8000000	28.67198522	24.12258455
1461.9000000	28.68442797	24.14162728
1462.0000000	28.69541125	24.15824447
1462.1000000	28.70495986	24.17247521
1462.2000000	28.71139863	24.18152856
1462.3000000	28.71423342	24.18458233
1462.4000000	28.71481885	24.18389354
1462.5000000	28.71194177	24.1774426
1462.6000000	28.70736109	24.16815866
1462.7000000	28.70190135	24.15741434
1462.8000000	28.69616207	24.14620717
1462.9000000	28.69142742	24.13667465
1463.0000000	28.68761106	24.12867124
1463.1000000	28.68646312	24.12510967
1463.2000000	28.68735318	24.12493829
1463.3000000	28.6898792	24.12748709
1463.4000000	28.69526895	24.13480184
1463.5000000	28.70160746	24.14369592
1463.6000000	28.70877275	24.15396937
1463.7000000	28.71638691	24.16499518
1463.8000000	28.72368953	24.17550856
1463.9000000	28.73068751	24.18552156
1464.0000000	28.73668094	24.19386694
1464.1000000	28.7421941	24.2014141
1464.2000000	28.74715044	24.20802964
1464.3000000	28.75103141	24.21284516
1464.4000000	28.75412489	24.21633839
1464.5000000	28.75605398	24.21788389
1464.6000000	28.75559094	24.21544199
1464.7000000	28.75352626	24.210334
1464.8000000	28.74915712	24.20139273
1464.9000000	28.74195695	24.18774185
1465.0000000	28.73336732	24.17178008
1465.1000000	28.72296957	24.15280651
1465.2000000	28.71173769	24.13243889
1465.3000000	28.70036678	24.1118325
1465.4000000	28.6893182	24.09175538
1465.5000000	28.67995606	24.07448123
1465.6000000	28.67222524	24.05992098
1465.7000000	28.66873412	24.05242107
1465.8000000	28.67138684	24.05515458
1465.9000000	28.67899773	24.06614744
1466.0000000	28.69778954	24.09576193
1466.1000000	28.72563003	24.14044503
1466.2000000	28.75996882	24.19594681
1466.3000000	28.80471928	24.26878275
1466.4000000	28.85200776	24.34583978
1466.5000000	28.90080375	24.42540175
1466.6000000	28.94647663	24.49975698
1466.7000000	28.98675072	24.56511549
1466.8000000	29.02225541	24.62252582
1466.9000000	29.04544564	24.65942447
1467.0000000	29.06339425	24.68759256
1467.1000000	29.07569794	24.70636102
1467.2000000	29.08152169	24.71434015
1467.3000000	29.08598024	24.72004757
1467.4000000	29.08904034	24.72342732
1467.5000000	29.09243089	24.72735836
1467.6000000	29.09613571	24.73181416
1467.7000000	29.10029841	24.7370348
1467.8000000	29.10391036	24.74134131
1467.9000000	29.10670291	24.74428583
1468.0000000	29.10803332	24.7447965
1468.1000000	29.10707949	24.7415021
1468.2000000	29.10489855	24.736162
1468.3000000	29.10100947	24.72797456
1468.4000000	29.09603893	24.71798346
1468.5000000	29.09046748	24.70698877
1468.6000000	29.08406265	24.69460316
1468.7000000	29.0761638	24.67972673
1468.8000000	29.06691261	24.66259648
1468.9000000	29.05446132	24.64013697
1469.0000000	29.03833281	24.61155542
1469.1000000	29.01952167	24.5785084
1469.2000000	28.99603622	24.53767792
1469.3000000	28.97070812	24.49377754
1469.4000000	28.94426556	24.44801861
1469.5000000	28.91877644	24.40384548
1469.6000000	28.89577605	24.3638171
1469.7000000	28.87490564	24.32733885
1469.8000000	28.85994819	24.30071203
1469.9000000	28.84795067	24.27901893
1470.0000000	28.83873148	24.26195605
1470.1000000	28.83384982	24.25211915
1470.2000000	28.83045942	24.24476793
1470.3000000	28.82872105	24.24017022
1470.4000000	28.82989082	24.24041805
1470.5000000	28.83278479	24.24353972
1470.6000000	28.83781119	24.25021469
1470.7000000	28.84663825	24.26322019
1470.8000000	28.85732927	24.27932994
1470.9000000	28.87039575	24.29939516
1471.0000000	28.88528255	24.32249178
1471.1000000	28.90031306	24.34582856
1471.2000000	28.91506462	24.36870152
1471.3000000	28.92732578	24.38742606
1471.4000000	28.93760168	24.40284146
1471.5000000	28.94434077	24.41236266
1471.6000000	28.94737228	24.41570585
1471.7000000	28.94862386	24.41608301
1471.8000000	28.94794349	24.41324303
1471.9000000	28.94859049	24.41261533
1472.0000000	28.95102909	24.41497327
1472.1000000	28.9589557	24.42647175
1472.2000000	28.97341801	24.44885331
1472.3000000	28.99253143	24.47897712
1472.4000000	29.02002024	24.52304399
1472.5000000	29.05135211	24.57350575
1472.6000000	29.08507978	24.62795351
1472.7000000	29.11986996	24.6841694
1472.8000000	29.15244543	24.73669893
1472.9000000	29.18305291	24.78595596
1473.0000000	29.2070011	24.82412955
1473.1000000	29.22647501	24.85485948
1473.2000000	29.2418232	24.87872702
1473.3000000	29.24828926	24.88781076
1473.4000000	29.25066283	24.89008558
1473.5000000	29.24843165	24.88469484
1473.6000000	29.23905504	24.86740365
1473.7000000	29.22693716	24.84554313
1473.8000000	29.21165279	24.81840251
1473.9000000	29.194414	24.7879993
1474.0000000	29.1774048	24.7579714
1474.1000000	29.16119603	24.72927169
1474.2000000	29.14831222	24.70610725
1474.3000000	29.13760761	24.68657191
1474.4000000	29.13024746	24.67260704
1474.5000000	29.12664116	24.664894
1474.6000000	29.12512419	24.66065988
1474.7000000	29.12662838	24.66145596
1474.8000000	29.13139414	24.66768281
1474.9000000	29.13836048	24.67757446
1475.0000000	29.14914101	24.69381902
1475.1000000	29.16345621	24.71595114
1475.2000000	29.17987721	24.74159026
1475.3000000	29.19924705	24.77213902
1475.4000000	29.21905474	24.80341463
1475.5000000	29.23868246	24.83438837
1475.6000000	29.2558683	24.8612944
1475.7000000	29.26936151	24.88205097
1475.8000000	29.27978149	24.89769046
1475.9000000	29.2824946	24.90049608
1476.0000000	29.27969278	24.89411683
1476.1000000	29.27217358	24.87987875
1476.2000000	29.25494669	24.84946969
1476.3000000	29.23317306	24.81148425
1476.4000000	29.20701017	24.76618643
1476.5000000	29.17528176	24.71161917
1476.6000000	29.14296822	24.65607772
1476.7000000	29.11007195	24.59956656
1476.8000000	29.08148196	24.55022739
1476.9000000	29.05658757	24.50704305
1477.0000000	29.03665529	24.47212275
1477.1000000	29.02542456	24.45169412
1477.2000000	29.01826258	24.43804222
1477.3000000	29.01633228	24.43310353
1477.4000000	29.01934659	24.43639943
1477.5000000	29.02454299	24.44332821
1477.6000000	29.03241154	24.45470426
1477.7000000	29.04268276	24.47007761
1477.8000000	29.05430544	24.48769815
1477.9000000	29.06791894	24.50863297
1478.0000000	29.08331415	24.53253709
1478.1000000	29.09960827	24.55794144
1478.2000000	29.11700211	24.58517928
1478.3000000	29.13431593	24.61228297
1478.4000000	29.15125261	24.63875554
1478.5000000	29.16670429	24.66275155
1478.6000000	29.1802254	24.68353025
1478.7000000	29.19235191	24.70198655
1478.8000000	29.20202595	24.71636069
1478.9000000	29.21071499	24.72909686
1479.0000000	29.21875824	24.74075788
1479.1000000	29.22679379	24.75240332
1479.2000000	29.23556545	24.76526912
1479.3000000	29.24498332	24.77920529
1479.4000000	29.25631227	24.79632042
1479.5000000	29.26864228	24.81510264
1479.6000000	29.28193937	24.83549918
1479.7000000	29.29670826	24.85835193
1479.8000000	29.31180649	24.88175802
1479.9000000	29.32727687	24.90578876
1480.0000000	29.3423723	24.92920154
1480.1000000	29.35652822	24.95105878
1480.2000000	29.36941998	24.97082373
1480.3000000	29.37822781	24.98380382
1480.4000000	29.38401926	24.9917774
1480.5000000	29.38536656	24.99236262
1480.6000000	29.38017334	24.98206021
1480.7000000	29.37181305	24.96648061
1480.8000000	29.35945433	24.94423515
1480.9000000	29.34582298	24.91986433
1481.0000000	29.33266055	24.89627174
1481.1000000	29.32167698	24.87630743
1481.2000000	29.31508441	24.86365573
1481.3000000	29.31137433	24.85580328
1481.4000000	29.31255671	24.856096
1481.5000000	29.31690563	24.86166039
1481.6000000	29.32295655	24.87006144
1481.7000000	29.33050028	24.88095763
1481.8000000	29.33772187	24.8913343
1481.9000000	29.34455102	24.90107743
1482.0000000	29.34985744	24.90830028
1482.1000000	29.35398248	24.91355962
1482.2000000	29.35715418	24.91721994
1482.3000000	29.35900762	24.91866223
1482.4000000	29.36027177	24.91909506
1482.5000000	29.36110123	24.91877848
1482.6000000	29.36082798	24.9166074
1482.7000000	29.35991411	24.91335997
1482.8000000	29.35835542	24.90903784
1482.9000000	29.35590536	24.90323448
1483.0000000	29.35372559	24.89788468
1483.1000000	29.35186168	24.89306082
1483.2000000	29.35258384	24.89254105
1483.3000000	29.35529082	24.89532525
1483.4000000	29.36061215	24.90246702
1483.5000000	29.36983031	24.91610792
1483.6000000	29.3804234	24.93205076
1483.7000000	29.39251654	24.95050322
1483.8000000	29.40393148	24.96783526
1483.9000000	29.41420471	24.98327467
1484.0000000	29.42231654	24.99512706
1484.1000000	29.42795661	25.00288193
1484.2000000	29.43273908	25.00922954
1484.3000000	29.43690476	25.01456623
1484.4000000	29.44277389	25.02274331
1484.5000000	29.45006584	25.03328512
1484.6000000	29.46051094	25.04907033
1484.7000000	29.47254477	25.06749335
1484.8000000	29.48496956	25.08656284
1484.9000000	29.49582055	25.10301486
1485.0000000	29.5027703	25.11298329
1485.1000000	29.50659546	25.11776629
1485.2000000	29.50328209	25.11067685
1485.3000000	29.49601846	25.09701338
1485.4000000	29.48580339	25.07842213
1485.5000000	29.47385479	25.05691883
1485.6000000	29.46348776	25.03801989
1485.7000000	29.45468351	25.021699
1485.8000000	29.4508162	25.0135867
1485.9000000	29.4488224	25.0085944
1486.0000000	29.44861038	25.00657768
1486.1000000	29.44811356	25.0040985
1486.2000000	29.44591299	24.99880156
1486.3000000	29.44141401	24.98968145
1486.4000000	29.43185696	24.97211874
1486.5000000	29.42026755	24.95113932
1486.6000000	29.40645216	24.92643255
1486.7000000	29.39146425	24.89976087
1486.8000000	29.37671973	24.87348409
1486.9000000	29.36271751	24.84843614
1487.0000000	29.35118603	24.82750047
1487.1000000	29.34130436	24.80931215
1487.2000000	29.33405686	24.79551022
1487.3000000	29.32994081	24.78692101
1487.4000000	29.32762806	24.78133178
1487.5000000	29.32796834	24.78015844
1487.6000000	29.33026907	24.78225005
1487.7000000	29.33357755	24.78602171
1487.8000000	29.33803194	24.7917039
1487.9000000	29.34244268	24.79731498
1488.0000000	29.34656674	24.80244939
1488.1000000	29.34933944	24.80533307
1488.2000000	29.35042314	24.80540297
1488.3000000	29.35018801	24.80327567
1488.4000000	29.34716354	24.79650335
1488.5000000	29.34236063	24.7867707
1488.6000000	29.33621263	24.77479956
1488.7000000	29.32849876	24.76022148
1488.8000000	29.32114991	24.74625102
1488.9000000	29.31418251	24.73291542
1489.0000000	29.31099497	24.72587481
1489.1000000	29.31113305	24.72437366
1489.2000000	29.31464948	24.72850018
1489.3000000	29.32564765	24.74508785
1489.4000000	29.33962318	24.76663595
1489.5000000	29.3569547	24.79377724
1489.6000000	29.37708303	24.82558279
1489.7000000	29.39737414	24.85766709
1489.8000000	29.41760809	24.88966302
1489.9000000	29.43615161	24.91884959
1490.0000000	29.45360303	24.94622338
1490.1000000	29.46954148	24.97108456
1490.2000000	29.48368261	24.99295981
1490.3000000	29.49651881	25.01266695
1490.4000000	29.50724612	25.02886215
1490.5000000	29.51385332	25.0381897
1490.6000000	29.51723656	25.04213857
1490.7000000	29.51469325	25.03620794
1490.8000000	29.50495307	25.01828564
1490.9000000	29.49063376	24.99273506
1491.0000000	29.46887834	24.95480162
1491.1000000	29.44280585	24.90968053
1491.2000000	29.4143812	24.86064282
1491.3000000	29.38468185	24.80948076
1491.4000000	29.35705312	24.76176428
1491.5000000	29.33136667	24.71727961
1491.6000000	29.31207693	24.68344562
1491.7000000	29.29821503	24.65864985
1491.8000000	29.28877892	24.64122484
1491.9000000	29.28826567	24.63866134
1492.0000000	29.29199147	24.64316057
1492.1000000	29.29941429	24.65382008
1492.2000000	29.31130132	24.67191592
1492.3000000	29.32312162	24.68990005
1492.4000000	29.33485923	24.70774395
1492.5000000	29.34151756	24.71712694
1492.6000000	29.34411797	24.71975189
1492.7000000	29.34186764	24.71430048
1492.8000000	29.33128948	24.69498192
1492.9000000	29.31764415	24.67055515
1493.0000000	29.30042096	24.64016729
1493.1000000	29.28295464	24.60937064
1493.2000000	29.26726709	24.58153226
1493.3000000	29.25506015	24.5594859
1493.4000000	29.24990817	24.54918245
1493.5000000	29.2487633	24.54554481
1493.6000000	29.2533384	24.5514262
1493.7000000	29.26200476	24.56411846
1493.8000000	29.2722377	24.57942213
1493.9000000	29.28386281	24.5970507
1494.0000000	29.29502737	24.61392052
1494.1000000	29.30569193	24.62996589
1494.2000000	29.31503444	24.64381756
1494.3000000	29.32322197	24.65575344
1494.4000000	29.33067238	24.66646806
1494.5000000	29.33698858	24.67529767
1494.6000000	29.3426969	24.68311541
1494.7000000	29.3479789	24.69022112
1494.8000000	29.3525793	24.69618924
1494.9000000	29.35694851	24.70177109
1495.0000000	29.36115201	24.70707753
1495.1000000	29.36553343	24.7126816
1495.2000000	29.37025075	24.71884644
1495.3000000	29.37527476	24.72552316
1495.4000000	29.38097878	24.73333387
1495.5000000	29.38683979	24.74140841
1495.6000000	29.39287164	24.74977025
1495.7000000	29.39866332	24.75773438
1495.8000000	29.40399408	24.76493227
1495.9000000	29.40874713	24.77116852
1496.0000000	29.41159255	24.77422796
1496.1000000	29.41303936	24.77495821
1496.2000000	29.41258963	24.77253019
1496.3000000	29.40905089	24.764958
1496.4000000	29.40407645	24.75499466
1496.5000000	29.3972811	24.74199769
1496.6000000	29.38997301	24.72814373
1496.7000000	29.38323944	24.71524172
1496.8000000	29.37811884	24.70502007
1496.9000000	29.37655572	24.70071805
1497.0000000	29.37728799	24.70023602
1497.1000000	29.38184549	24.70612448
1497.2000000	29.38896277	24.7162786
1497.3000000	29.39718883	24.72828284
1497.4000000	29.4059602	24.74119878
1497.5000000	29.41333862	24.75179781
1497.6000000	29.41953638	24.76043333
1497.7000000	29.42291436	24.76437617
1497.8000000	29.42449326	24.76532703
1497.9000000	29.42487079	24.7642813
1498.0000000	29.42400513	24.76116802
1498.1000000	29.42316069	24.75809068
1498.2000000	29.42237294	24.75510653
1498.3000000	29.42218744	24.7531236
1498.4000000	29.42226095	24.75157051
1498.5000000	29.42255949	24.75039079
1498.6000000	29.42266141	24.74888183
1498.7000000	29.42218139	24.74640123
1498.8000000	29.42108103	24.7428845
1498.9000000	29.41758609	24.73537689
1499.0000000	29.41238581	24.7250264
1499.1000000	29.40510729	24.71121223
1499.2000000	29.39434002	24.69158532
1499.3000000	29.38245638	24.67009613
1499.4000000	29.36934447	24.64655763
1499.5000000	29.35788517	24.62576702
1499.6000000	29.3490118	24.60927836
1499.7000000	29.34468898	24.60036304
1499.8000000	29.34905427	24.60591089
1499.9000000	29.35854881	24.61999451
1500.0000000	29.37563706	24.64671787
1500.1000000	29.39821838	24.68258321
1500.2000000	29.42274104	24.72167665
1500.3000000	29.44843184	24.76271162
1500.4000000	29.4716534	24.79963168
1500.5000000	29.49269982	24.83292729
1500.6000000	29.50898069	24.85828544
1500.7000000	29.52140756	24.8772254
1500.8000000	29.53139194	24.89209938
1500.9000000	29.53816374	24.90162623
1501.0000000	29.54376304	24.909204
1501.1000000	29.54858528	24.91549062
1501.2000000	29.55263586	24.92049408
1501.3000000	29.5559771	24.92431717
1501.4000000	29.55865931	24.92704264
1501.5000000	29.55882998	24.92558435
1501.6000000	29.55680402	24.92046558
1501.7000000	29.55278389	24.9120231
1501.8000000	29.54378432	24.89528665
1501.9000000	29.53259333	24.87490208
1502.0000000	29.51897647	24.85048293
1502.1000000	29.50352093	24.82300984
1502.2000000	29.48913088	24.79731964
1502.3000000	29.4763604	24.77433337
1502.4000000	29.47092161	24.76356139
1502.5000000	29.47045208	24.76106791
1502.6000000	29.47672082	24.76979834
1502.7000000	29.49140064	24.79253796
1502.8000000	29.50890324	24.8199794
1502.9000000	29.52929502	24.85223197
1503.0000000	29.54740502	24.88068279
1503.1000000	29.56251796	24.90413994
1503.2000000	29.57162691	24.91759623
1503.3000000	29.57253294	24.9173919
1503.4000000	29.56859695	24.90912708
1503.5000000	29.55738685	24.88875339
1503.6000000	29.54186984	24.86121128
1503.7000000	29.52433236	24.83030546
1503.8000000	29.50552881	24.79728873
1503.9000000	29.48822353	24.76676201
1504.0000000	29.4723605	24.73863111
1504.1000000	29.46077933	24.71762507
1504.2000000	29.45332958	24.70349404
1504.3000000	29.44905011	24.69463837
1504.4000000	29.45088493	24.69596241
1504.5000000	29.4556389	24.70214774
1504.6000000	29.46265125	24.71209688
1504.7000000	29.47184582	24.72568466
1504.8000000	29.48051767	24.73840654
1504.9000000	29.48878413	24.7504558
1505.0000000	29.4939253	24.75730024
1505.1000000	29.49745904	24.76146551
1505.2000000	29.49918059	24.76261007
1505.3000000	29.49844914	24.75966786
1505.4000000	29.49692905	24.7554126
1505.5000000	29.49453284	24.74970067
1505.6000000	29.49142353	24.74280449
1505.7000000	29.48809607	24.73554767
1505.8000000	29.48457851	24.72797474
1505.9000000	29.48127792	24.72076107
1506.0000000	29.47840203	24.71425135
1506.1000000	29.47624728	24.70893946
1506.2000000	29.47550431	24.70597696
1506.3000000	29.47556177	24.70434692
1506.4000000	29.4768526	24.70477076
1506.5000000	29.47887144	24.70640692
1506.6000000	29.48107529	24.70835166
1506.7000000	29.48319642	24.71015992
1506.8000000	29.48482811	24.71115524
1506.9000000	29.48617893	24.71168457
1507.0000000	29.4871139	24.71152157
1507.1000000	29.48790468	24.71111639
1507.2000000	29.4885403	24.7104496
1507.3000000	29.48870412	24.70899387
1507.4000000	29.48792072	24.70595813
1507.5000000	29.48634238	24.70159636
1507.6000000	29.482713	24.69381622
1507.7000000	29.47850112	24.68506134
1507.8000000	29.47406008	24.67591685
1507.9000000	29.47254275	24.67163078
1508.0000000	29.47600845	24.67563194
1508.1000000	29.48389248	24.68698296
1508.2000000	29.5076053	24.72469136
1508.3000000	29.54005845	24.77695884
1508.4000000	29.58204301	24.84510965
1508.5000000	29.6385224	24.93741408
1508.6000000	29.6979071	25.03457413
1508.7000000	29.76033838	25.13682501
1508.8000000	29.81708017	25.22961656
1508.9000000	29.86652319	25.31026641
1509.0000000	29.90545933	25.3734285
1509.1000000	29.92557596	25.40525372
1509.2000000	29.93559448	25.42025899
1509.3000000	29.93170794	25.41209632
1509.4000000	29.91633567	25.38478947
1509.5000000	29.89663652	25.3502608
1509.6000000	29.87294957	25.3090787
1509.7000000	29.85079346	25.27043938
1509.8000000	29.83045377	25.23482193
1509.9000000	29.81468349	25.20681288
1510.0000000	29.80306633	25.18571973
1510.1000000	29.79368713	25.16835326
1510.2000000	29.78669217	25.15495718
1510.3000000	29.77911164	25.14058623
1510.4000000	29.77075703	25.12492741
1510.5000000	29.75949235	25.10442419
1510.6000000	29.74604183	25.08028237
1510.7000000	29.73103408	25.05354717
1510.8000000	29.71439375	25.02409104
1510.9000000	29.69809377	24.9951984
1511.0000000	29.68213818	24.96687665
1511.1000000	29.6690614	24.94334826
1511.2000000	29.65857871	24.92414071
1511.3000000	29.65055907	24.90903643
1511.4000000	29.64959612	24.90568511
1511.5000000	29.65279866	24.90927155
1511.6000000	29.66063628	24.92057814
1511.7000000	29.67723612	24.9464798
1511.8000000	29.69752829	24.97853705
1511.9000000	29.72217687	25.01786103
1512.0000000	29.75038201	25.06312287
1512.1000000	29.77859433	25.10841036
1512.2000000	29.80621276	25.1527171
1512.3000000	29.82951414	25.18983619
1512.4000000	29.84978179	25.22190141
1512.5000000	29.86543319	25.24627695
1512.6000000	29.87640152	25.26285348
1512.7000000	29.88525177	25.27590376
1512.8000000	29.89162108	25.28482294
1512.9000000	29.89688818	25.29190444
1513.0000000	29.90162903	25.29810472
1513.1000000	29.90581788	25.30337865
1513.2000000	29.90929525	25.30746006
1513.3000000	29.91218083	25.31055011
1513.4000000	29.91372081	25.31139664
1513.5000000	29.91391906	25.31000965
1513.6000000	29.91313562	25.30699015
1513.7000000	29.91052419	25.3009279
1513.8000000	29.90677062	25.29296296
1513.9000000	29.90216293	25.28357352
1514.0000000	29.89629752	25.27208855
1514.1000000	29.89013946	25.26011803
1514.2000000	29.88376198	25.24778694
1514.3000000	29.87798109	25.2364554
1514.4000000	29.87303348	25.22651686
1514.5000000	29.86889864	25.21793479
1514.6000000	29.86722697	25.21345531
1514.7000000	29.86691887	25.21124529
1514.8000000	29.86815419	25.2116027
1514.9000000	29.87204958	25.21638649
1515.0000000	29.87717168	25.22321015
1515.1000000	29.8837622	25.23247817
1515.2000000	29.89193557	25.24438374
1515.3000000	29.90036496	25.25671964
1515.4000000	29.90893536	25.2692956
1515.5000000	29.91571517	25.27889465
1515.6000000	29.92068654	25.28548628
1515.7000000	29.92252902	25.28687052
1515.8000000	29.91961611	25.28033757
1515.9000000	29.9141226	25.26950779
1516.0000000	29.90497251	25.25258736
1516.1000000	29.8944706	25.2334127
1516.2000000	29.88395594	25.21421357
1516.3000000	29.87502184	25.19764448
1516.4000000	29.86919992	25.18625821
1516.5000000	29.86545637	25.1783348
1516.6000000	29.86527051	25.1763383
1516.7000000	29.86641855	25.17656416
1516.8000000	29.86821972	25.17787663
1516.9000000	29.86956998	25.17843491
1517.0000000	29.86994752	25.17736827
1517.1000000	29.86960465	25.17509627
1517.2000000	29.86830052	25.17121882
1517.3000000	29.86716021	25.16761214
1517.4000000	29.86616386	25.16424681
1517.5000000	29.8663216	25.16280764
1517.6000000	29.86694149	25.162143
1517.7000000	29.86805536	25.16230352
1517.8000000	29.86919766	25.16251068
1517.9000000	29.87008396	25.16228862
1518.0000000	29.87062381	25.16148708
1518.1000000	29.87084299	25.16015152
1518.2000000	29.87130139	25.15921674
1518.3000000	29.87216145	25.158954
1518.4000000	29.87447925	25.16112146
1518.5000000	29.87763114	25.1646797
1518.6000000	29.88189426	25.17009011
1518.7000000	29.88715562	25.1771646
1518.8000000	29.89285931	25.18497691
1518.9000000	29.89910723	25.19369555
1519.0000000	29.90586405	25.20326019
1519.1000000	29.91274385	25.21302744
1519.2000000	29.919597	25.2227485
1519.3000000	29.92494825	25.2299678
1519.4000000	29.92855288	25.23427846
1519.5000000	29.92782109	25.23136731
1519.6000000	29.92054119	25.2175489
1519.7000000	29.90847557	25.19575534
1519.8000000	29.88706982	25.15839925
1519.9000000	29.85926215	25.11037188
1520.0000000	29.82720511	25.0552577
1520.1000000	29.79044911	24.9923094
1520.2000000	29.754053	24.92995442
1520.3000000	29.71822452	24.86854159
1520.4000000	29.68830506	24.81696781
1520.5000000	29.66337182	24.77369648
1520.6000000	29.64285585	24.73777909
1520.7000000	29.63123324	24.71666915
1520.8000000	29.62319923	24.70153227
1520.9000000	29.61864516	24.69218857
1521.0000000	29.6188034	24.69069139
1521.1000000	29.62051904	24.69178726
1521.2000000	29.6239748	24.69578103
1521.3000000	29.62952599	24.70326545
1521.4000000	29.6356072	24.7116354
1521.5000000	29.64226947	24.72097803
1521.6000000	29.64866114	24.72987571
1521.7000000	29.65453054	24.73790771
1521.8000000	29.65954331	24.74451366
1521.9000000	29.66300688	24.74853651
1522.0000000	29.6660775	24.75189941
1522.1000000	29.66883413	24.75473297
1522.2000000	29.67428338	24.76204515
1522.3000000	29.68268396	24.77426925
1522.4000000	29.69739392	24.7970012
1522.5000000	29.72156417	24.83549381
1522.6000000	29.75175505	24.88402399
1522.7000000	29.79222945	24.94969466
1522.8000000	29.83869425	25.02535683
1522.9000000	29.88781951	25.10546255
1523.0000000	29.93785927	25.18709964
1523.1000000	29.98406863	25.26236088
1523.2000000	30.0269403	25.33206327
1523.3000000	30.06189536	25.3885799
1523.4000000	30.09176236	25.4366214
1523.5000000	30.11783123	25.47833606
1523.6000000	30.13901412	25.51191231
1523.7000000	30.1587341	25.54305164
1523.8000000	30.17722437	25.57214435
1523.9000000	30.19402967	25.59843478
1524.0000000	30.20971751	25.62287117
1524.1000000	30.22432758	25.64552451
1524.2000000	30.23618707	25.6636129
1524.3000000	30.24678242	25.67961391
1524.4000000	30.25589186	25.69315677
1524.5000000	30.26341206	25.70406562
1524.6000000	30.27043607	25.71415675
1524.7000000	30.27692343	25.72335891
1524.8000000	30.28251315	25.73106582
1524.9000000	30.28729289	25.73741587
1525.0000000	30.29087265	25.7417493
1525.1000000	30.29286426	25.74341088
1525.2000000	30.29420066	25.74395202
1525.3000000	30.29485665	25.74333477
1525.4000000	30.29558235	25.74281792
1525.5000000	30.29657721	25.74274191
1525.6000000	30.29811572	25.74357033
1525.7000000	30.29988114	25.7447796
1525.8000000	30.30155791	25.74584482
1525.9000000	30.30266324	25.74596103
1526.0000000	30.30304513	25.74487397
1526.1000000	30.30302112	25.74311231
1526.2000000	30.302559	25.74062287
1526.3000000	30.30231582	25.73850043
1526.4000000	30.30230281	25.73676401
1526.5000000	30.30309378	25.73636922
1526.6000000	30.30439229	25.7368225
1526.7000000	30.30608867	25.7379413
1526.8000000	30.30841926	25.74011912
1526.9000000	30.31132957	25.74326485
1527.0000000	30.31476217	25.74728258
1527.1000000	30.31984632	25.75405333
1527.2000000	30.32550866	25.76179061
1527.3000000	30.33177249	25.77053593
1527.4000000	30.3368537	25.77732099
1527.5000000	30.33972951	25.7804445
1527.6000000	30.33987855	25.77903673
1527.7000000	30.33278364	25.7655697
1527.8000000	30.32201718	25.74598582
1527.9000000	30.30669728	25.71880914
1528.0000000	30.28820966	25.68634372
1528.1000000	30.26989913	25.65415976
1528.2000000	30.25277191	25.62393469
1528.3000000	30.2403697	25.60156862
1528.4000000	30.23071935	25.58377691
1528.5000000	30.22513014	25.57274123
1528.6000000	30.22153934	25.56502709
1528.7000000	30.21816006	25.55765865
1528.8000000	30.21375469	25.5485743
1528.9000000	30.20690027	25.5354039
1529.0000000	30.1985684	25.51976649
1529.1000000	30.18802194	25.50043726
1529.2000000	30.17687916	25.48011618
1529.3000000	30.16551564	25.4594328
1529.4000000	30.15468155	25.43963812
1529.5000000	30.14414794	25.42034929
1529.6000000	30.13369933	25.40120373
1529.7000000	30.12246112	25.38074151
1529.8000000	30.11001073	25.35825667
1529.9000000	30.09658721	25.33414685
1530.0000000	30.08181743	25.30779107
1530.1000000	30.06792075	25.28288609
1530.2000000	30.05486508	25.25937946
1530.3000000	30.04853805	25.24707707
1530.4000000	30.04821987	25.24478112
1530.5000000	30.05409422	25.25279812
1530.6000000	30.07474255	25.28541948
1530.7000000	30.10219257	25.3293699
1530.8000000	30.13739047	25.3862284
1530.9000000	30.18164444	25.45817847
1531.0000000	30.22781478	25.53333522
1531.1000000	30.27592892	25.61174835
1531.2000000	30.32164628	25.68619009
1531.3000000	30.36438294	25.75568491
1531.4000000	30.40243098	25.81738163
1531.5000000	30.43313432	25.86684862
1531.6000000	30.45972146	25.90945662
1531.7000000	30.4806606	25.94265167
1531.8000000	30.4973404	25.96874779
1531.9000000	30.51213663	25.99170468
1532.0000000	30.52489332	26.01126487
1532.1000000	30.53641813	26.02877262
1532.2000000	30.54682959	26.04442277
1532.3000000	30.55491421	26.05619349
1532.4000000	30.55901775	26.06133505
1532.5000000	30.5599996	26.0612889
1532.6000000	30.5533254	26.04851326
1532.7000000	30.54000183	26.02468822
1532.8000000	30.5215412	25.99232334
1532.9000000	30.49532166	25.94703652
1533.0000000	30.46708882	25.89838216
1533.1000000	30.43773281	25.84783641
1533.2000000	30.41160386	25.80264509
1533.3000000	30.38962175	25.76434495
1533.4000000	30.37134113	25.73220212
1533.5000000	30.3615255	25.7141543
1533.6000000	30.35493814	25.70148281
1533.7000000	30.35173414	25.69444636
1533.8000000	30.3521351	25.69341412
1533.9000000	30.3533065	25.69366658
1534.0000000	30.35528805	25.69527257
1534.1000000	30.35755422	25.69735955
1534.2000000	30.3597755	25.69937963
1534.3000000	30.3618826	25.70121523
1534.4000000	30.3634447	25.70214482
1534.5000000	30.36456869	25.70234386
1534.6000000	30.36502119	25.70142412
1534.7000000	30.36455403	25.69897455
1534.8000000	30.36363211	25.69577106
1534.9000000	30.36211294	25.69157617
1535.0000000	30.36015399	25.68665078
1535.1000000	30.35778434	25.6810422
1535.2000000	30.35457163	25.67402962
1535.3000000	30.34928733	25.66356628
1535.4000000	30.3422126	25.65011985
1535.5000000	30.33114648	25.63002479
1535.6000000	30.31617125	25.60341813
1535.7000000	30.29871345	25.57267518
1535.8000000	30.27809503	25.53666515
1535.9000000	30.25817561	25.50181226
1536.0000000	30.23940647	25.46886437
1536.1000000	30.22680619	25.44617739
1536.2000000	30.22031284	25.43364946
1536.3000000	30.2187704	25.42935922
1536.4000000	30.22686756	25.44111862
1536.5000000	30.23829639	25.45842495
1536.6000000	30.25264688	25.48059609
1536.7000000	30.26770527	25.50394567
1536.8000000	30.280931	25.52424346
1536.9000000	30.29223732	25.54134571
1537.0000000	30.29852095	25.55008397
1537.1000000	30.30277736	25.55544582
1537.2000000	30.30468723	25.55689855
1537.3000000	30.30482963	25.5554061
1537.4000000	30.30481024	25.55364279
1537.5000000	30.30479888	25.55189209
1537.6000000	30.30561876	25.55152505
1537.7000000	30.30703145	25.55214422
1537.8000000	30.30932415	25.5542278
1537.9000000	30.3130414	25.55868359
1538.0000000	30.31769477	25.56469953
1538.1000000	30.32387303	25.57325676
1538.2000000	30.33155383	25.58431715
1538.3000000	30.33975733	25.59624765
1538.4000000	30.34819021	25.60855937
1538.5000000	30.35453925	25.61740089
1538.6000000	30.35876874	25.62271369
1538.7000000	30.35763771	25.61910109
1538.8000000	30.35022186	25.6050251
1538.9000000	30.33833037	25.58350004
1539.0000000	30.31853471	25.54881693
1539.1000000	30.29494208	25.50781463
1539.2000000	30.26893888	25.46279919
1539.3000000	30.24237532	25.41684962
1539.4000000	30.21822837	25.37492285
1539.5000000	30.19616417	25.33646338
1539.6000000	30.18021591	25.30818762
1539.7000000	30.16698866	25.28443966
1539.8000000	30.15628803	25.26489227
1539.9000000	30.14733774	25.24825043
1540.0000000	30.13774485	25.23052852
1540.1000000	30.12738661	25.21152326
1540.2000000	30.11503733	25.18919487
1540.3000000	30.10252175	25.1665833
1540.4000000	30.08990615	25.14380015
1540.5000000	30.0801569	25.12578702
1540.6000000	30.07289531	25.11191517
1540.7000000	30.06918766	25.10396284
1540.8000000	30.07122922	25.10558861
1540.9000000	30.07597698	25.11172714
1541.0000000	30.08430802	25.12384093
1541.1000000	30.09509587	25.14005484
1541.2000000	30.10670877	25.15765089
1541.3000000	30.11896103	25.17631846
1541.4000000	30.13106797	25.19474898
1541.5000000	30.14312186	25.21309469
1541.6000000	30.15510854	25.23133115
1541.7000000	30.16758717	25.25038886
1541.8000000	30.18045891	25.27010294
1541.9000000	30.19422184	25.29130307
1542.0000000	30.20847198	25.31331712
1542.1000000	30.22289697	25.33562571
1542.2000000	30.23709582	25.3575617
1542.3000000	30.25036594	25.37795523
1542.4000000	30.26287603	25.39708679
1542.5000000	30.27345218	25.4130008
1542.6000000	30.28290148	25.42704104
1542.7000000	30.29144828	25.43958081
1542.8000000	30.29877634	25.45009257
1542.9000000	30.30553099	25.45964901
1543.0000000	30.31179572	25.46838625
1543.1000000	30.31583632	25.47341454
1543.2000000	30.31802942	25.47536123
1543.3000000	30.31815803	25.47386693
1543.4000000	30.31441834	25.46592959
1543.5000000	30.31005729	25.45695764
1543.6000000	30.30516271	25.44709701
1543.7000000	30.30500943	25.44513066
1543.8000000	30.30987032	25.45151111
1543.9000000	30.32200695	25.47000295
1544.0000000	30.34677159	25.50951859
1544.1000000	30.37743132	25.55884506
1544.2000000	30.41569261	25.62082463
1544.3000000	30.45657414	25.6871631
1544.4000000	30.49597364	25.75103076
1544.5000000	30.53066371	25.80705476
1544.6000000	30.554969	25.84578383
1544.7000000	30.57241121	25.87308134
1544.8000000	30.57832007	25.88116814
1544.9000000	30.57606468	25.87565478
1545.0000000	30.56947464	25.86292027
1545.1000000	30.5583873	25.84269538
1545.2000000	30.54658728	25.8212844
1545.3000000	30.53438522	25.79920577
1545.4000000	30.52211203	25.77701147
1545.5000000	30.50841192	25.75244446
1545.6000000	30.49330743	25.72554307
1545.7000000	30.47348453	25.69078897
1545.8000000	30.45016279	25.65021384
1545.9000000	30.42393926	25.60481207
1546.0000000	30.39436656	25.55383734
1546.1000000	30.36546335	25.50397989
1546.2000000	30.3372311	25.45523889
1546.3000000	30.31606505	25.41826245
1546.4000000	30.30011145	25.38996239
1546.5000000	30.28999201	25.37137424
1546.6000000	30.29183884	25.37271087
1546.7000000	30.29962641	25.38393776
1546.8000000	30.31457531	25.40708689
1546.9000000	30.33977588	25.44730378
1547.0000000	30.36935025	25.49479968
1547.1000000	30.40425607	25.55117112
1547.2000000	30.44302128	25.61396944
1547.3000000	30.4818604	25.67689306
1547.4000000	30.51984188	25.73839246
1547.5000000	30.55196167	25.79013457
1547.6000000	30.57932554	25.83396024
1547.7000000	30.59837792	25.86394716
1547.8000000	30.60782173	25.8779341
1547.9000000	30.61172235	25.8826912
1548.0000000	30.60749675	25.87391744
1548.1000000	30.59845043	25.85711848
1548.2000000	30.58683108	25.83603731
1548.3000000	30.57275069	25.81085883
1548.4000000	30.55821685	25.78492381
1548.5000000	30.54345763	25.75861002
1548.6000000	30.52881244	25.73248237
1548.7000000	30.51448613	25.7068839
1548.8000000	30.50045918	25.68178527
1548.9000000	30.48794271	25.65920589
1549.0000000	30.47742587	25.63996104
1549.1000000	30.46872782	25.62374798
1549.2000000	30.46548833	25.6166259
1549.3000000	30.46565388	25.61517277
1549.4000000	30.46898647	25.61899114
1549.5000000	30.47753941	25.63150061
1549.6000000	30.48702604	25.64556299
1549.7000000	30.49753605	25.66132813
1549.8000000	30.50579719	25.67334677
1549.9000000	30.51129969	25.68077063
1550.0000000	30.51319044	25.68218048
1550.1000000	30.50783387	25.67152378
1550.2000000	30.49888143	25.65488297
1550.3000000	30.48528535	25.63051379
1550.4000000	30.46772151	25.5995415
1550.5000000	30.44896313	25.56658341
1550.6000000	30.4292699	25.53207079
1550.7000000	30.41045202	25.49901693
1550.8000000	30.39230302	25.46707693
1550.9000000	30.37545119	25.43729602
1551.0000000	30.35967077	25.40929658
1551.1000000	30.34452522	25.38234986
1551.2000000	30.33033188	25.35698295
1551.3000000	30.31769156	25.33419605
1551.4000000	30.30647673	25.31377772
1551.5000000	30.29895897	25.29951267
1551.6000000	30.29607422	25.29296175
1551.7000000	30.29664324	25.29216318
1551.8000000	30.30416619	25.3029476
1551.9000000	30.31543054	25.31996632
1552.0000000	30.32927098	25.34127923
1552.1000000	30.34504379	25.36581374
1552.2000000	30.35919787	25.38765455
1552.3000000	30.37184796	25.40699129
1552.4000000	30.37797526	25.41546539
1552.5000000	30.38016903	25.41738945
1552.6000000	30.37862011	25.41308207
1552.7000000	30.371932	25.40021739
1552.8000000	30.36503484	25.38700516
1552.9000000	30.35796101	25.37349859
1553.0000000	30.35587786	25.36830302
1553.1000000	30.35804503	25.37018574
1553.2000000	30.36569677	25.38120302
1553.3000000	30.38261836	25.40766023
1553.4000000	30.40347027	25.44066715
1553.5000000	30.42917987	25.48177051
1553.6000000	30.45731342	25.52691916
1553.7000000	30.48500308	25.571338
1553.8000000	30.51099843	25.61294443
1553.9000000	30.53197942	25.64620722
1554.0000000	30.54963361	25.67393327
1554.1000000	30.56181889	25.69255072
1554.2000000	30.56900282	25.7028341
1554.3000000	30.57347503	25.7085951
1554.4000000	30.57434662	25.70835426
1554.5000000	30.57353252	25.7053028
1554.6000000	30.57186752	25.70083219
1554.7000000	30.56964267	25.6954267
1554.8000000	30.56757672	25.6902816
1554.9000000	30.56569004	25.68542939
1555.0000000	30.56432951	25.68144761
1555.1000000	30.56354451	25.67841983
1555.2000000	30.56322074	25.67615797
1555.3000000	30.56418313	25.67603856
1555.4000000	30.56607795	25.67747527
1555.5000000	30.56875971	25.68022811
1555.6000000	30.57307787	25.68571257
1555.7000000	30.57796527	25.69215096
1555.8000000	30.58344337	25.69957701
1555.9000000	30.58905459	25.70722649
1556.0000000	30.59422448	25.71414041
1556.1000000	30.59886753	25.72017397
1556.2000000	30.60154806	25.72293492
1556.3000000	30.6027705	25.72326334
1556.4000000	30.60207853	25.72040094
1556.5000000	30.59753597	25.71112514
1556.6000000	30.59080536	25.69820539
1556.7000000	30.58115251	25.68041778
1556.8000000	30.56877412	25.65808719
1556.9000000	30.55601734	25.63512037
1557.0000000	30.54352566	25.61258816
1557.1000000	30.53582243	25.59802401
1557.2000000	30.53241661	25.59061117
1557.3000000	30.53732669	25.59704256
1557.4000000	30.55216729	25.62000849
1557.5000000	30.57258716	25.65226481
1557.6000000	30.60089081	25.69765218
1557.7000000	30.63111639	25.74624391
1557.8000000	30.66112957	25.79448515
1557.9000000	30.68648537	25.83497153
1558.0000000	30.70426001	25.86283203
1558.1000000	30.71637014	25.88125791
1558.2000000	30.71740644	25.88124166
1558.3000000	30.71316915	25.87244446
1558.4000000	30.7052389	25.85750005
1558.5000000	30.69533271	25.83926824
1558.6000000	30.68760456	25.8246662
1558.7000000	30.68184807	25.81334895
1558.8000000	30.68244882	25.81261923
1558.9000000	30.68537736	25.81576598
1559.0000000	30.69056878	25.82268131
1559.1000000	30.69520478	25.82867208
1559.2000000	30.69689205	25.82975345
1559.3000000	30.69508887	25.82502407
1559.4000000	30.68394455	25.80474051
1559.5000000	30.66821433	25.77682039
1559.6000000	30.64684011	25.73949789
1559.7000000	30.62092559	25.69460738
1559.8000000	30.59477057	25.64930763
1559.9000000	30.56924532	25.60504862
1560.0000000	30.5492007	25.56991117
1560.1000000	30.53317951	25.54147034
1560.2000000	30.52386411	25.52419339
1560.3000000	30.52289194	25.52080595
1560.4000000	30.52695716	25.52580159
1560.5000000	30.53868223	25.54354765
1560.6000000	30.55842157	25.57463601
1560.7000000	30.58328588	25.61425799
1560.8000000	30.6168764	25.66841527
1560.9000000	30.65738759	25.73410778
1561.0000000	30.70181517	25.8063383
1561.1000000	30.75142139	25.88721163
1561.2000000	30.80079519	25.96771438
1561.3000000	30.84905332	26.04637003
1561.4000000	30.8910952	26.11467903
1561.5000000	30.92610519	26.17127987
1561.6000000	30.95552573	26.21857426
1561.7000000	30.97383034	26.24735895
1561.8000000	30.98703194	26.26764736
1561.9000000	30.99593243	26.28077406
1562.0000000	30.9997288	26.28540154
1562.1000000	31.0025133	26.28834534
1562.2000000	31.00428608	26.28960536
1562.3000000	31.0056638	26.29020634
1562.4000000	31.00706761	26.29084626
1562.5000000	31.00852486	26.29156657
1562.6000000	31.01036887	26.29292048
1562.7000000	31.01262139	26.29494451
1562.8000000	31.01544493	26.29791198
1562.9000000	31.01922112	26.30246233
1563.0000000	31.02318326	26.3073225
1563.1000000	31.02722345	26.31231647
1563.2000000	31.02973702	26.31477389
1563.3000000	31.03075305	26.31474337
1563.4000000	31.02909504	26.31026453
1563.5000000	31.02369968	26.2995644
1563.6000000	31.01632874	26.28557419
1563.7000000	31.00631277	26.26717613
1563.8000000	30.99587306	26.24806618
1563.9000000	30.98582691	26.2296041
1564.0000000	30.97783129	26.21454983
1564.1000000	30.97280904	26.20444274
1564.2000000	30.96981061	26.1977041
1564.3000000	30.97025842	26.1967042
1564.4000000	30.97240658	26.19853553
1564.5000000	30.9756485	26.20218705
1564.6000000	30.97996425	26.20762485
1564.7000000	30.98464366	26.21366598
1564.8000000	30.98957893	26.22013131
1564.9000000	30.9945754	26.2266977
1565.0000000	30.99860072	26.23164778
1565.1000000	31.00170641	26.23506956
1565.2000000	30.99978342	26.23012101
1565.3000000	30.99347308	26.21787
1565.4000000	30.98269459	26.19818146
1565.5000000	30.96153087	26.16120137
1565.6000000	30.936094	26.11710852
1565.7000000	30.90571684	26.06479078
1565.8000000	30.87277487	26.0082022
1565.9000000	30.84140806	25.95423633
1566.0000000	30.81284624	25.9049426
1566.1000000	30.79375404	25.87142263
1566.2000000	30.78038198	25.84743399
1566.3000000	30.77527048	25.83720684
1566.4000000	30.77837228	25.84066004
1566.5000000	30.78451187	25.84917253
1566.6000000	30.79361938	25.86262764
1566.7000000	30.80196951	25.87482271
1566.8000000	30.80910086	25.8849911
1566.9000000	30.81340852	25.89046093
1567.0000000	30.81485044	25.89116147
1567.1000000	30.81475072	25.88929577
1567.2000000	30.81265318	25.8841022
1567.3000000	30.80957094	25.87726667
1567.4000000	30.80575693	25.86921027
1567.5000000	30.80054519	25.85882421
1567.6000000	30.7936069	25.84556074
1567.7000000	30.78534338	25.83008731
1567.8000000	30.77427068	25.80993159
1567.9000000	30.76210095	25.78794425
1568.0000000	30.7491967	25.76472915
1568.1000000	30.73728287	25.74315987
1568.2000000	30.72750416	25.72514418
1568.3000000	30.71962815	25.71029644
1568.4000000	30.71690632	25.70403258
1568.5000000	30.71623304	25.70118157
1568.6000000	30.71768337	25.70186927
1568.7000000	30.72130573	25.70617649
1568.8000000	30.72558122	25.71157304
1568.9000000	30.7306103	25.71822477
1569.0000000	30.73742509	25.72784949
1569.1000000	30.74564367	25.73981162
1569.2000000	30.75570192	25.75483941
1569.3000000	30.76908346	25.77540602
1569.4000000	30.78409328	25.79868934
1569.5000000	30.80132514	25.82567602
1569.6000000	30.8205713	25.8560161
1569.7000000	30.84085518	25.88808012
1569.8000000	30.86249735	25.92240113
1569.9000000	30.8859033	25.95965632
1570.0000000	30.91030603	25.9985713
1570.1000000	30.93640139	26.04030747
1570.2000000	30.96298844	26.08286556
1570.3000000	30.98915578	26.12472647
1570.4000000	31.01315913	26.16298331
1570.5000000	31.03277672	26.19393491
1570.6000000	31.04906406	26.21933997
1570.7000000	31.05859048	26.23348711
1570.8000000	31.06405614	26.24087436
1570.9000000	31.0669215	26.24393282
1571.0000000	31.06770526	26.24352378
1571.1000000	31.0696375	26.24502484
1571.2000000	31.07264486	26.2483151
1571.3000000	31.07975666	26.25844281
1571.4000000	31.08908875	26.27227356
1571.5000000	31.10036457	26.28934783
1571.6000000	31.11368487	26.3098316
1571.7000000	31.1266717	26.32976164
1571.8000000	31.13930817	26.3491061
1571.9000000	31.14880633	26.36321978
1572.0000000	31.15573661	26.37305134
1572.1000000	31.15957758	26.3777329
1572.2000000	31.15657351	26.3710119
1572.3000000	31.14964873	26.357761
1572.4000000	31.13758466	26.33595294
1572.5000000	31.1190388	26.30335242
1572.6000000	31.09807515	26.26672692
1572.7000000	31.07445275	26.22567407
1572.8000000	31.05198822	26.18654938
1572.9000000	31.03167922	26.15101401
1573.0000000	31.01607202	26.12330782
1573.1000000	31.00765334	26.10757147
1573.2000000	31.00336157	26.09870616
1573.3000000	31.00514223	26.0999529
1573.4000000	31.00975593	26.10591969
1573.5000000	31.01524512	26.11334952
1573.6000000	31.02004826	26.1196441
1573.7000000	31.02215943	26.12146317
1573.8000000	31.02232919	26.12005509
1573.9000000	31.01875875	26.112422
1574.0000000	31.01348941	26.1019612
1574.1000000	31.00720465	26.08980944
1574.2000000	31.00082731	26.07750293
1574.3000000	30.99567199	26.06723064
1574.4000000	30.99159706	26.05875595
1574.5000000	30.99063575	26.0554635
1574.6000000	30.99156654	26.05531655
1574.7000000	30.99418428	26.05797135
1574.8000000	30.99959237	26.065266
1574.9000000	31.00571868	26.0737527
1575.0000000	31.01256909	26.08344622
1575.1000000	31.01910161	26.09261412
1575.2000000	31.02445399	26.09982089
1575.3000000	31.02834791	26.10460139
1575.4000000	31.02796821	26.10226548
1575.5000000	31.02501033	26.09563599
1575.6000000	31.01859831	26.08325489
1575.7000000	31.00803272	26.0639587
1575.8000000	30.99611294	26.04240995
1575.9000000	30.98289773	26.01870589
1576.0000000	30.97141366	25.99788578
1576.1000000	30.96201493	25.98053904
1576.2000000	30.95674256	25.97006509
1576.3000000	30.95732583	25.96934526
1576.4000000	30.96127327	25.9742319
1576.5000000	30.97020844	25.98743043
1576.6000000	30.9814804	26.0045269
1576.7000000	30.99347941	26.02283994
1576.8000000	31.00474965	26.03994332
1576.9000000	31.01332739	26.05256356
1577.0000000	31.01986762	26.06178816
1577.1000000	31.02210831	26.06384721
1577.2000000	31.02188758	26.0618002
1577.3000000	31.02002367	26.0570098
1577.4000000	31.01681608	26.04997615
1577.5000000	31.01419519	26.04391601
1577.6000000	31.01213045	26.03877999
1577.7000000	31.01240083	26.03753142
1577.8000000	31.01388812	26.0383077
1577.9000000	31.01649625	26.04094727
1578.0000000	31.02001517	26.04509804
1578.1000000	31.02323835	26.04874854
1578.2000000	31.02611255	26.05180904
1578.3000000	31.02720444	26.05189349
1578.4000000	31.02713474	26.05003795
1578.5000000	31.02561634	26.0457682
1578.6000000	31.02196685	26.03795156
1578.7000000	31.01742627	26.02865581
1578.8000000	31.01185726	26.01765363
1578.9000000	31.00577849	26.00580848
1579.0000000	30.99977376	25.99409122
1579.1000000	30.99409088	25.9829126
1579.2000000	30.98937726	25.97334889
1579.3000000	30.9854214	25.96504683
1579.4000000	30.98276585	25.95890964
1579.5000000	30.98247493	25.95671007
1579.6000000	30.98420631	25.95787829
1579.7000000	30.99004792	25.96589115
1579.8000000	31.00167581	25.98353906
1579.9000000	31.01735371	26.00793005
1580.0000000	31.04047405	26.04471395
1580.1000000	31.06873741	26.09006235
1580.2000000	31.09988922	26.14022135
1580.3000000	31.13371158	26.19482784
1580.4000000	31.16549245	26.24603357
1580.5000000	31.19515895	26.2937157
1580.6000000	31.21718996	26.32867856
1580.7000000	31.23315719	26.35353899
1580.8000000	31.24424628	26.37027094
1580.9000000	31.24750263	26.37395373
1581.0000000	31.24929022	26.37518611
1581.1000000	31.24974128	26.37419006
1581.2000000	31.25346276	26.3786397
1581.3000000	31.26055877	26.38871021
1581.4000000	31.27134791	26.404933
1581.5000000	31.28865475	26.43201225
1581.6000000	31.30748154	26.46162553
1581.7000000	31.32790354	26.4938993
1581.8000000	31.34587097	26.52208963
1581.9000000	31.36084834	26.54530352
1582.0000000	31.37143606	26.56120666
1582.1000000	31.37506013	26.56550757
1582.2000000	31.37570243	26.56483414
1582.3000000	31.37271397	26.55810546
1582.4000000	31.36894009	26.55006595
1582.5000000	31.36569385	26.54291144
1582.6000000	31.36423204	26.53874389
1582.7000000	31.3649752	26.53826787
1582.8000000	31.366453	26.5390315
1582.9000000	31.36810385	26.54009186
1583.0000000	31.36734588	26.53713915
1583.1000000	31.36464516	26.53094305
1583.2000000	31.35776532	26.51777543
1583.3000000	31.34834469	26.5003623
1583.4000000	31.33762078	26.48076343
1583.5000000	31.32673017	26.46087262
1583.6000000	31.31817792	26.44486539
1583.7000000	31.31166225	26.43224446
1583.8000000	31.31104093	26.42943888
1583.9000000	31.31449851	26.43342864
1584.0000000	31.32133206	26.44304455
1584.1000000	31.33407004	26.4624972
1584.2000000	31.34894352	26.48550985
1584.3000000	31.36575116	26.51174895
1584.4000000	31.38396643	26.54034126
1584.5000000	31.40146834	26.56775862
1584.6000000	31.41819223	26.5938956
1584.7000000	31.43108994	26.6136733
1584.8000000	31.44130869	26.62899626
1584.9000000	31.44819199	26.63876272
1585.0000000	31.44951287	26.63925718
1585.1000000	31.44833682	26.63558145
1585.2000000	31.44406046	26.62673129
1585.3000000	31.43733476	26.61379472
1585.4000000	31.42988548	26.59964994
1585.5000000	31.42181383	26.58446866
1585.6000000	31.41391299	26.56957321
1585.7000000	31.40614094	26.55489368
1585.8000000	31.3986365	26.54066072
1585.9000000	31.39103427	26.52626491
1586.0000000	31.38322668	26.51152633
1586.1000000	31.3748796	26.49588784
1586.2000000	31.36592647	26.47923842
1586.3000000	31.35658979	26.46194925
1586.4000000	31.34671674	26.44376671
1586.5000000	31.33667986	26.42531171
1586.6000000	31.32657251	26.40673954
1586.7000000	31.3166611	26.38849338
1586.8000000	31.30684698	26.37040911
1586.9000000	31.29702428	26.35231135
1587.0000000	31.28672703	26.33342501
1587.1000000	31.27555995	26.31309214
1587.2000000	31.26363866	26.29150465
1587.3000000	31.24968651	26.26653553
1587.4000000	31.2348017	26.24001302
1587.5000000	31.21900488	26.21197154
1587.6000000	31.20304657	26.18366165
1587.7000000	31.18812013	26.15707161
1587.8000000	31.1744028	26.13249707
1587.9000000	31.16520404	26.11544931
1588.0000000	31.1588201	26.10309047
1588.1000000	31.15595334	26.09659042
1588.2000000	31.15816374	26.09854859
1588.3000000	31.16218297	26.10352361
1588.4000000	31.16834626	26.112074
1588.5000000	31.17455828	26.1207083
1588.6000000	31.17989769	26.12788902
1588.7000000	31.1833162	26.13186756
1588.8000000	31.18361207	26.13064145
1588.9000000	31.18250963	26.12708304
1589.0000000	31.17981165	26.12086544
1589.1000000	31.17824408	26.11653021
1589.2000000	31.17819158	26.11471931
1589.3000000	31.18205735	26.11943568
1589.4000000	31.19072884	26.13215708
1589.5000000	31.20259054	26.15019188
1589.6000000	31.21970974	26.17698061
1589.7000000	31.24009313	26.20920057
1589.8000000	31.2626237	26.24498887
1589.9000000	31.28827057	26.28595837
1590.0000000	31.31550564	26.32956571
1590.1000000	31.34376671	26.37487814
1590.2000000	31.37335493	26.42240105
1590.3000000	31.40216879	26.46863766
1590.4000000	31.4301896	26.5135581
1590.5000000	31.45314519	26.55004695
1590.6000000	31.47133342	26.57859853
1590.7000000	31.48504445	26.59969399
1590.8000000	31.48790997	26.60272686
1590.9000000	31.48622248	26.59817589
1591.0000000	31.47942626	26.58511522
1591.1000000	31.4673198	26.56320911
1591.2000000	31.4542966	26.5397749
1591.3000000	31.44045252	26.51497386
1591.4000000	31.42793939	26.4923915
1591.5000000	31.41641627	26.47146082
1591.6000000	31.40638973	26.45302464
1591.7000000	31.39813341	26.43753622
1591.8000000	31.39070876	26.42342996
1591.9000000	31.38434347	26.41108305
1592.0000000	31.37880746	26.40011194
1592.1000000	31.37360485	26.38969216
1592.2000000	31.36874472	26.37984157
1592.3000000	31.36389823	26.37001637
1592.4000000	31.35906135	26.36021231
1592.5000000	31.35435035	26.3506239
1592.6000000	31.35059944	26.34263932
1592.7000000	31.34788633	26.33638612
1592.8000000	31.34800299	26.3348465
1592.9000000	31.35156663	26.3390463
1593.0000000	31.35772344	26.34756184
1593.1000000	31.36890607	26.36444316
1593.2000000	31.38285143	26.38592119
1593.3000000	31.39870383	26.41057252
1593.4000000	31.41641538	26.43831961
1593.5000000	31.43369307	26.46534547
1593.6000000	31.45055244	26.49167598
1593.7000000	31.46482811	26.51370427
1593.8000000	31.47733739	26.53279104
1593.9000000	31.48814528	26.54904526
1594.0000000	31.49603951	26.56044922
1594.1000000	31.50313526	26.57052568
1594.2000000	31.50936602	26.5791629
1594.3000000	31.5155564	26.58773274
1594.4000000	31.52215202	26.59697615
1594.5000000	31.52931809	26.60716724
1594.6000000	31.53717934	26.61851285
1594.7000000	31.54494754	26.62970023
1594.8000000	31.55240002	26.6403597
1594.9000000	31.5581232	26.64813942
1595.0000000	31.56265864	26.653943
1595.1000000	31.56535697	26.65668928
1595.2000000	31.56680811	26.6573593
1595.3000000	31.5680772	26.65772536
1595.4000000	31.56971766	26.65870847
1595.5000000	31.57279819	26.66208979
1595.6000000	31.57671237	26.666862
1595.7000000	31.58186304	26.67369869
1595.8000000	31.58675426	26.68010976
1595.9000000	31.59112168	26.6856535
1596.0000000	31.59349678	26.68788125
1596.1000000	31.59395392	26.68691382
1596.2000000	31.59318005	26.68389409
1596.3000000	31.59102609	26.67857445
1596.4000000	31.58920851	26.67381466
1596.5000000	31.58775122	26.66965545
1596.6000000	31.58800514	26.66834681
1596.7000000	31.58904161	26.668342
1596.8000000	31.59070018	26.66937321
1596.9000000	31.59186096	26.66957459
1597.0000000	31.59173155	26.66762565
1597.1000000	31.59034026	26.66357275
1597.2000000	31.58570176	26.65411005
1597.3000000	31.57991768	26.64273904
1597.4000000	31.57283166	26.6292013
1597.5000000	31.56556734	26.61536843
1597.6000000	31.55917296	26.60298489
1597.7000000	31.55408726	26.59277895
1597.8000000	31.55238436	26.58820347
1597.9000000	31.55271679	26.58701533
1598.0000000	31.55586206	26.59051242
1598.1000000	31.56273861	26.60022774
1598.2000000	31.57159016	26.61323833
1598.3000000	31.58322169	26.63088495
1598.4000000	31.59710417	26.65228473
1598.5000000	31.6117223	26.67491154
1598.6000000	31.62671662	26.69816413
1598.7000000	31.63943542	26.71762422
1598.8000000	31.64980654	26.73317111
1598.9000000	31.65464073	26.7394942
1599.0000000	31.65253835	26.73426402
1599.1000000	31.64557932	26.72094549
1599.2000000	31.62984951	26.69302071
1599.3000000	31.60889178	26.6563898
1599.4000000	31.58455973	26.61413936
1599.5000000	31.55723812	26.56690947
1599.6000000	31.53080733	26.5211619
1599.7000000	31.50530562	26.47696029
1599.8000000	31.48449181	26.44056474
1599.9000000	31.46701586	26.40972722
1600.0000000	31.45246145	26.38375445
1600.1000000	31.4435887	26.36724369
1600.2000000	31.43724211	26.35494177
1600.3000000	31.43337071	26.34676753
1600.4000000	31.43438449	26.34673743
1600.5000000	31.43783065	26.35076775
1600.6000000	31.44416276	26.35961246
1600.7000000	31.45487584	26.37575874
1600.8000000	31.46717554	26.39455075
1600.9000000	31.48126251	26.41632125
1601.0000000	31.49586292	26.43894842
1601.1000000	31.50986219	26.46057647
1601.2000000	31.52269336	26.48026215
1601.3000000	31.53299473	26.49573863
1601.4000000	31.5420004	26.50906126
1601.5000000	31.54925735	26.51947481
1601.6000000	31.55583084	26.528752
1601.7000000	31.56244217	26.53809316
1601.8000000	31.56967627	26.54847197
1601.9000000	31.57811719	26.56086038
1602.0000000	31.58724801	26.57439667
1602.1000000	31.59731952	26.58949788
1602.2000000	31.60743198	26.60466591
1602.3000000	31.61738607	26.61956992
1602.4000000	31.6265368	26.63313696
1602.5000000	31.63489115	26.64537934
1602.6000000	31.6426979	26.65671109
1602.7000000	31.64971615	26.66673011
1602.8000000	31.65640207	26.67619474
1602.9000000	31.6628212	26.68521262
1603.0000000	31.6686786	26.69329203
1603.1000000	31.6738561	26.7002365
1603.2000000	31.67840238	26.70612864
1603.3000000	31.68070525	26.70828501
1603.4000000	31.68142777	26.70781089
1603.5000000	31.68055045	26.70467468
1603.6000000	31.67625934	26.69585625
1603.7000000	31.67038856	26.68441076
1603.8000000	31.66269828	26.66993847
1603.9000000	31.65253292	26.65134637
1604.0000000	31.64140927	26.63115841
1604.1000000	31.62917052	26.60911079
1604.2000000	31.61609597	26.58566651
1604.3000000	31.60289067	26.56199866
1604.4000000	31.58965856	26.53828044
1604.5000000	31.57727729	26.51597458
1604.6000000	31.56567907	26.49496929
1604.7000000	31.55553354	26.47638049
1604.8000000	31.5476033	26.46147784
1604.9000000	31.54108889	26.44892875
1605.0000000	31.53683523	26.44013887
1605.1000000	31.53447788	26.43450052
1605.2000000	31.53312528	26.43053043
1605.3000000	31.53308224	26.42873898
1605.4000000	31.53371333	26.42807027
1605.5000000	31.53485817	26.42825663
1605.6000000	31.53684361	26.42984005
1605.7000000	31.53964635	26.43278014
1605.8000000	31.54300181	26.43663804
1605.9000000	31.54765393	26.44265675
1606.0000000	31.553248	26.45024958
1606.1000000	31.5596608	26.45921262
1606.2000000	31.56766902	26.47083787
1606.3000000	31.57627675	26.48346492
1606.4000000	31.58535953	26.49688561
1606.5000000	31.5943487	26.51015294
1606.6000000	31.60262707	26.52223805
1606.7000000	31.61022221	26.53318422
1606.8000000	31.61525909	26.53986709
1606.9000000	31.61913843	26.54462019
1607.0000000	31.62161503	26.5470387
1607.1000000	31.62440657	26.5499862
1607.2000000	31.62916408	26.5562128
1607.3000000	31.63692607	26.56744572
1607.4000000	31.65225015	26.5912716
1607.5000000	31.67167421	26.62192191
1607.6000000	31.6966039	26.66173591
1607.7000000	31.72449904	26.70648307
1607.8000000	31.75177277	26.75019058
1607.9000000	31.77638028	26.78945417
1608.0000000	31.79348979	26.81622792
1608.1000000	31.80567929	26.83480514
1608.2000000	31.80971558	26.83980067
1608.3000000	31.80836086	26.83581382
1608.4000000	31.80469059	26.82796647
1608.5000000	31.79982078	26.81811844
1608.6000000	31.79701302	26.81170319
1608.7000000	31.7958106	26.80796068
1608.8000000	31.79801739	26.8098944
1608.9000000	31.8015511	26.81403591
1609.0000000	31.80577574	26.81932657
1609.1000000	31.80945766	26.82371321
1609.2000000	31.81197848	26.82616773
1609.3000000	31.81359125	26.82711247
1609.4000000	31.81392297	26.82592621
1609.5000000	31.8143101	26.82483415
1609.6000000	31.81475679	26.82384265
1609.7000000	31.81616595	26.8244552
1609.8000000	31.81793187	26.82566326
1609.9000000	31.82006976	26.8274924
1610.0000000	31.82176875	26.82859205
1610.1000000	31.8225007	26.82808205
1610.2000000	31.82203468	26.8255768
1610.3000000	31.81848569	26.8179364
1610.4000000	31.81351365	26.80792479
1610.5000000	31.80676276	26.79494951
1610.6000000	31.7993369	26.78084968
1610.7000000	31.79247259	26.76768594
1610.8000000	31.78689748	26.75667161
1610.9000000	31.78433037	26.75066975
1611.0000000	31.78319547	26.74705536
1611.1000000	31.78389539	26.74649749
1611.2000000	31.78365873	26.74437951
1611.3000000	31.78167701	26.73935547
1611.4000000	31.77527172	26.72696641
1611.5000000	31.76260622	26.70415577
1611.6000000	31.74602658	26.67483118
1611.7000000	31.72346441	26.63554711
1611.8000000	31.69937297	26.59371739
1611.9000000	31.67534495	26.55199185
1612.0000000	31.65592581	26.51793841
1612.1000000	31.6442833	26.49683211
1612.2000000	31.63890274	26.48615151
1612.3000000	31.64787008	26.49936417
1612.4000000	31.66573256	26.52738973
1612.5000000	31.69055191	26.56699981
1612.6000000	31.7253659	26.62325297
1612.7000000	31.76223601	26.68292907
1612.8000000	31.80077564	26.74538567
1612.9000000	31.83745612	26.80474726
1613.0000000	31.87118575	26.85919632
1613.1000000	31.90188651	26.90860279
1613.2000000	31.92586059	26.94680773
1613.3000000	31.94660467	26.97963271
1613.4000000	31.96361143	27.0062297
1613.5000000	31.9753347	27.02402124
1613.6000000	31.98467868	27.03784349
1613.7000000	31.99108883	27.04677477
1613.8000000	31.9944729	27.05066409
1613.9000000	31.99690017	27.05295919
1614.0000000	31.99839834	27.05370655
1614.1000000	32.00102227	27.05632727
1614.2000000	32.00491284	27.06105488
1614.3000000	32.01124808	27.06985032
1614.4000000	32.02019567	27.08299354
1614.5000000	32.03030074	27.09806319
1614.6000000	32.04158558	27.11509846
1614.7000000	32.05245413	27.13144322
1614.8000000	32.06286228	27.14702574
1614.9000000	32.07209199	27.16065402
1615.0000000	32.08122128	27.17413367
1615.1000000	32.0906983	27.18822432
1615.2000000	32.10221291	27.20574997
1615.3000000	32.11606887	27.2272181
1615.4000000	32.13148842	27.25132417
1615.5000000	32.14875087	27.27851646
1615.6000000	32.16466082	27.30345353
1615.7000000	32.17916789	27.32603752
1615.8000000	32.18708134	27.33762143
1615.9000000	32.19003506	27.34093196
1616.0000000	32.18869515	27.33709308
1616.1000000	32.17993073	27.32090791
1616.2000000	32.17004067	27.30288124
1616.3000000	32.15869988	27.28247289
1616.4000000	32.1501948	27.26680588
1616.5000000	32.14448443	27.25578883
1616.6000000	32.14240934	27.25079801
1616.7000000	32.14575854	27.25480263
1616.8000000	32.15064602	27.26133373
1616.9000000	32.15716866	27.27056475
1617.0000000	32.16307796	27.27876352
1617.1000000	32.16824087	27.28571553
1617.2000000	32.17204047	27.29039545
1617.3000000	32.17495845	27.29360344
1617.4000000	32.17784968	27.29676297
1617.5000000	32.18121104	27.30070718
1617.6000000	32.18505565	27.30547177
1617.7000000	32.18865957	27.30985932
1617.8000000	32.19088377	27.31197094
1617.9000000	32.19039434	27.30957334
1618.0000000	32.18819273	27.30432168
1618.1000000	32.18358046	27.29504012
1618.2000000	32.17904413	27.28586076
1618.3000000	32.17506178	27.27758099
1618.4000000	32.17374443	27.27372637
1618.5000000	32.17379626	27.27215057
1618.6000000	32.17430477	27.27133743
1618.7000000	32.17155901	27.2651002
1618.8000000	32.16266418	27.24860771
1618.9000000	32.14850055	27.22332397
1619.0000000	32.12007494	27.17427904
1619.1000000	32.08417095	27.11277389
1619.2000000	32.0412771	27.03962051
1619.3000000	31.99077944	26.953798
1619.4000000	31.94068959	26.86865395
1619.5000000	31.89107115	26.78429876
1619.6000000	31.85096265	26.71578514
1619.7000000	31.81734145	26.65807702
1619.8000000	31.79208376	26.61429604
1619.9000000	31.78017021	26.59273603
1620.0000000	31.77400256	26.58074468
1620.1000000	31.77492834	26.58056901
1620.2000000	31.7819164	26.59049321
1620.3000000	31.79085445	26.60366766
1620.4000000	31.80165938	26.6199514
1620.5000000	31.81201967	26.63549236
1620.6000000	31.82167756	26.64986066
1620.7000000	31.82985218	26.66175627
1620.8000000	31.83679966	26.67160669
1620.9000000	31.84328493	26.68068674
1621.0000000	31.84956285	26.6894218
1621.1000000	31.85642356	26.69912823
1621.2000000	31.86377363	26.70965012
1621.3000000	31.87215041	26.72188167
1621.4000000	31.88121464	26.73525703
1621.5000000	31.89068842	26.74931285
1621.6000000	31.90055893	26.76402755
1621.7000000	31.91038115	26.77866054
1621.8000000	31.92015738	26.79321751
1621.9000000	31.9301544	26.80814508
1622.0000000	31.94169011	26.8256397
1622.1000000	31.95478566	26.84573573
1622.2000000	31.97524632	26.87809849
1622.3000000	32.0022152	26.92129807
1622.4000000	32.03498403	26.97415388
1622.5000000	32.08061828	27.04843402
1622.6000000	32.12901974	27.12732373
1622.7000000	32.18045388	27.21126728
1622.8000000	32.2258583	27.28517237
1622.9000000	32.26226649	27.34409718
1623.0000000	32.28727672	27.38404023
1623.1000000	32.28737161	27.38249001
1623.2000000	32.27491314	27.36003582
1623.3000000	32.24604436	27.31025688
1623.4000000	32.20349354	27.23769833
1623.5000000	32.15759634	27.15957263
1623.6000000	32.1101674	27.07890017
1623.7000000	32.07021016	27.01067291
1623.8000000	32.03570199	26.95152121
1623.9000000	32.01094964	26.90861702
1624.0000000	31.9944962	26.87953412
1624.1000000	31.98210782	26.85722096
1624.2000000	31.974353	26.84262292
1624.3000000	31.96814009	26.83058979
1624.4000000	31.96263682	26.81973549
1624.5000000	31.95750922	26.80950522
1624.6000000	31.95231981	26.79917251
1624.7000000	31.94697831	26.78858804
1624.8000000	31.94088059	26.77674575
1624.9000000	31.93342336	26.76263988
1625.0000000	31.92483682	26.74665189
1625.1000000	31.91323321	26.72563525
1625.2000000	31.89971283	26.70141937
1625.3000000	31.88462199	26.67457851
1625.4000000	31.867409	26.64419255
1625.5000000	31.85031524	26.61399431
1625.6000000	31.83327015	26.58386775
1625.7000000	31.81929449	26.55884603
1625.8000000	31.8075703	26.53757037
1625.9000000	31.79835466	26.52047338
1626.0000000	31.79400026	26.51147682
1626.1000000	31.79152364	26.50561404
1626.2000000	31.79138638	26.50365347
1626.3000000	31.79333994	26.50517932
1626.4000000	31.79603631	26.50794432
1626.5000000	31.79950192	26.51199056
1626.6000000	31.80395381	26.51767843
1626.7000000	31.8091578	26.52461785
1626.8000000	31.81555298	26.53354071
1626.9000000	31.82385104	26.54563353
1627.0000000	31.83327551	26.55960394
1627.1000000	31.84446812	26.57652013
1627.2000000	31.85679561	26.5953256
1627.3000000	31.86943132	26.61464234
1627.4000000	31.88181786	26.6335424
1627.5000000	31.8927621	26.65004109
1627.6000000	31.90260356	26.66470634
1627.7000000	31.91039313	26.67595876
1627.8000000	31.917293	26.68573327
1627.9000000	31.92394102	26.69509013
1628.0000000	31.93161373	26.70615301
1628.1000000	31.94183243	26.7214527
1628.2000000	31.95421189	26.7403445
1628.3000000	31.97200999	26.76825172
1628.4000000	31.99292512	26.80134058
1628.5000000	32.01623541	26.83841108
1628.6000000	32.04228638	26.88004235
1628.7000000	32.06749388	26.9202689
1628.8000000	32.09196569	26.95927185
1628.9000000	32.11070319	26.98872572
1629.0000000	32.12514009	27.01101643
1629.1000000	32.13472963	27.02523241
1629.2000000	32.13477977	27.02356043
1629.3000000	32.13061073	27.0148622
1629.4000000	32.12136466	26.99771079
1629.5000000	32.10750205	26.97287435
1629.6000000	32.09273731	26.94654031
1629.7000000	32.077409	26.91927467
1629.8000000	32.06486017	26.89664677
1629.9000000	32.05471017	26.87802308
1630.0000000	32.04868941	26.86628393
1630.1000000	32.04783392	26.86315252
1630.2000000	32.04958558	26.86436729
1630.3000000	32.05473588	26.87124612
1630.4000000	32.0613694	26.88059888
1630.5000000	32.06844295	26.89068773
1630.6000000	32.07532058	26.90045231
1630.7000000	32.08134322	26.90879334
1630.8000000	32.0868704	26.91630821
1630.9000000	32.09170847	26.92267385
1631.0000000	32.09663488	26.92918552
1631.1000000	32.10168769	26.93590805
1631.2000000	32.107443	26.94380254
1631.3000000	32.11361567	26.95239516
1631.4000000	32.12004101	26.96141155
1631.5000000	32.12610883	26.96983461
1631.6000000	32.13101888	26.97633054
1631.7000000	32.13488216	26.98108362
1631.8000000	32.13530586	26.98010879
1631.9000000	32.1337216	26.97579025
1632.0000000	32.13019201	26.96823211
1632.1000000	32.12372834	26.95578713
1632.2000000	32.11678414	26.94254068
1632.3000000	32.10932156	26.92842907
1632.4000000	32.10314628	26.91645951
1632.5000000	32.09829553	26.9066945
1632.6000000	32.09521042	26.89986941
1632.7000000	32.09522184	26.89820089
1632.8000000	32.09661063	26.89882566
1632.9000000	32.09973799	26.90234471
1633.0000000	32.10396446	26.90769327
1633.1000000	32.10844445	26.913464
1633.2000000	32.11307653	26.91948883
1633.3000000	32.11769368	26.92548945
1633.4000000	32.1223415	26.9315412
1633.5000000	32.1270516	26.93769632
1633.6000000	32.13160028	26.94358228
1633.7000000	32.13577344	26.94884295
1633.8000000	32.1388732	26.95231641
1633.9000000	32.13978607	26.95214868
1634.0000000	32.13900554	26.94916168
1634.1000000	32.13465334	26.94022732
1634.2000000	32.12783447	26.92718528
1634.3000000	32.119524	26.91165787
1634.4000000	32.10998424	26.89407968
1634.5000000	32.10157947	26.87838592
1634.6000000	32.09422515	26.86443493
1634.7000000	32.09062611	26.85673251
1634.8000000	32.08903948	26.85237921
1634.9000000	32.08906808	26.85071717
1635.0000000	32.08988038	26.85036343
1635.1000000	32.08939952	26.84785944
1635.2000000	32.08768328	26.8433006
1635.3000000	32.08263946	26.83320241
1635.4000000	32.07750694	26.8229592
1635.5000000	32.07235758	26.81269077
1635.6000000	32.07372091	26.81327025
1635.7000000	32.08128867	26.82418189
1635.8000000	32.09707935	26.8487843
1635.9000000	32.1271745	26.89720353
1636.0000000	32.16341295	26.95584748
1636.1000000	32.20720606	27.02706724
1636.2000000	32.25410311	27.103452
1636.3000000	32.29965734	27.1775977
1636.4000000	32.34152342	27.24559968
1636.5000000	32.37460783	27.29897539
1636.6000000	32.40211747	27.34306466
1636.7000000	32.42087906	27.37258197
1636.8000000	32.4328954	27.39086262
1636.9000000	32.44144208	27.4033622
1637.0000000	32.44596203	27.40915381
1637.1000000	32.44885824	27.41223964
1637.2000000	32.45076521	27.41367599
1637.3000000	32.45130722	27.41283669
1637.4000000	32.45018209	27.4092187
1637.5000000	32.44769711	27.4033357
1637.6000000	32.44204167	27.39217515
1637.7000000	32.43411027	27.37722882
1637.8000000	32.42443606	27.35938421
1637.9000000	32.41232454	27.33748236
1638.0000000	32.40030861	27.3157388
1638.1000000	32.38846854	27.29428516
1638.2000000	32.38026743	27.27888809
1638.3000000	32.37512011	27.26857301
1638.4000000	32.3730178	27.26332599
1638.5000000	32.3768739	27.2680001
1638.6000000	32.38235727	27.27538353
1638.7000000	32.38963281	27.28575225
1638.8000000	32.39615172	27.29486301
1638.9000000	32.40109384	27.3013517
1639.0000000	32.40381481	27.3041468
1639.1000000	32.40282013	27.30075936
1639.2000000	32.40033037	27.29488596
1639.3000000	32.3960637	27.28605496
1639.4000000	32.39088314	27.27570124
1639.5000000	32.38525197	27.2645947
1639.6000000	32.37900172	27.25245397
1639.7000000	32.37087842	27.2371926
1639.8000000	32.3611239	27.21921754
1639.9000000	32.34830822	27.19615257
1640.0000000	32.33256674	27.16822644
1640.1000000	32.31547565	27.13806315
1640.2000000	32.29741003	27.10628378
1640.3000000	32.28120911	27.07761217
1640.4000000	32.26678853	27.05190517
1640.5000000	32.25718021	27.03421133
1640.6000000	32.25164501	27.02330019
1640.7000000	32.24904745	27.0172815
1640.8000000	32.25147815	27.01963755
1640.9000000	32.25761043	27.02815921
1641.0000000	32.2668927	27.04192776
1641.1000000	32.28437571	27.06935399
1641.2000000	32.30818608	27.10731703
1641.3000000	32.33739575	27.15427066
1641.4000000	32.37748957	27.21934895
1641.5000000	32.41990988	27.28829962
1641.6000000	32.46461674	27.36105544
1641.7000000	32.50442599	27.42565102
1641.8000000	32.53740945	27.47887403
1641.9000000	32.56242655	27.51882341
1642.0000000	32.57012454	27.52992161
1642.1000000	32.56999868	27.52798123
1642.2000000	32.56026285	27.51002855
1642.3000000	32.54355557	27.48045976
1642.4000000	32.52628076	27.44994188
1642.5000000	32.50980888	27.42075902
1642.6000000	32.49905637	27.40110059
1642.7000000	32.49157411	27.38688931
1642.8000000	32.48890154	27.3806896
1642.9000000	32.48875517	27.37869827
1643.0000000	32.489196	27.37768521
1643.1000000	32.48927584	27.37607022
1643.2000000	32.48843063	27.37291338
1643.3000000	32.4875216	27.36964883
1643.4000000	32.48766512	27.36813555
1643.5000000	32.49132792	27.37248104
1643.6000000	32.49781556	27.38152863
1643.7000000	32.51058373	27.40103402
1643.8000000	32.52781424	27.42797029
1643.9000000	32.54797706	27.45978961
1644.0000000	32.57150518	27.49721222
1644.1000000	32.59457273	27.53386555
1644.2000000	32.61699417	27.56944067
1644.3000000	32.63520235	27.59799812
1644.4000000	32.65004515	27.6209513
1644.5000000	32.6619637	27.63903512
1644.6000000	32.66855405	27.64824518
1644.7000000	32.67360619	27.65489224
1644.8000000	32.67707673	27.65890339
1644.9000000	32.68006772	27.66211414
1645.0000000	32.68376984	27.66650827
1645.1000000	32.68837081	27.67240001
1645.2000000	32.69550867	27.68251924
1645.3000000	32.70397081	27.69484896
1645.4000000	32.71410838	27.70997708
1645.5000000	32.72591962	27.72790359
1645.6000000	32.73815308	27.74654658
1645.7000000	32.75071202	27.7657476
1645.8000000	32.76256977	27.78380077
1645.9000000	32.77386946	27.8009486
1646.0000000	32.78416923	27.81645718
1646.1000000	32.79401691	27.83123376
1646.2000000	32.80403547	27.84630338
1646.3000000	32.81510939	27.86312252
1646.4000000	32.82852264	27.88381336
1646.5000000	32.84349772	27.90707878
1646.6000000	32.86128325	27.93500735
1646.7000000	32.8795916	27.96380858
1646.8000000	32.8975007	27.99196348
1646.9000000	32.91127651	28.01326208
1647.0000000	32.91853358	28.02373127
1647.1000000	32.92051679	28.02543867
1647.2000000	32.91128986	28.00849348
1647.3000000	32.89561706	27.98082351
1647.4000000	32.87477595	27.9445432
1647.5000000	32.84797773	27.89832574
1647.6000000	32.8204546	27.85087478
1647.7000000	32.79242376	27.80254418
1647.8000000	32.76667417	27.75797581
1647.9000000	32.7427976	27.71649541
1648.0000000	32.7208476	27.67820846
1648.1000000	32.70363645	27.64780717
1648.2000000	32.6899622	27.62328991
1648.3000000	32.68060145	27.60594941
1648.4000000	32.68202102	27.60655853
1648.5000000	32.69004015	27.61815747
1648.6000000	32.7067184	27.64417727
1648.7000000	32.73419822	27.68818703
1648.8000000	32.76503709	27.73779545
1648.9000000	32.79927949	27.79308255
1649.0000000	32.82958922	27.84183711
1649.1000000	32.85497195	27.88240563
1649.2000000	32.87077821	27.90704231
1649.3000000	32.87264651	27.90847527
1649.4000000	32.86624621	27.89613806
1649.5000000	32.8473901	27.86305095
1649.6000000	32.82085959	27.81717547
1649.7000000	32.79080264	27.76542337
1649.8000000	32.75852863	27.70998039
1649.9000000	32.72909682	27.65927448
1650.0000000	32.70228003	27.6129239
1650.1000000	32.68286689	27.57889757
1650.2000000	32.66977757	27.55539122
1650.3000000	32.66136101	27.5396535
1650.4000000	32.66080562	27.53699611
1650.5000000	32.66397295	27.54052989
1650.6000000	32.67009332	27.5489753
1650.7000000	32.68072607	27.56493113
1650.8000000	32.69354364	27.58452385
1650.9000000	32.70828147	27.60731666
1651.0000000	32.7269668	27.63668804
1651.1000000	32.74745469	27.66906663
1651.2000000	32.76983749	27.70460529
1651.3000000	32.79463893	27.74417543
1651.4000000	32.81928548	27.78349103
1651.5000000	32.84364951	27.82234018
1651.6000000	32.8638254	27.85421913
1651.7000000	32.88017376	27.87972846
1651.8000000	32.89117787	27.89634107
1651.9000000	32.89220151	27.89633408
1652.0000000	32.8878697	27.88740853
1652.1000000	32.87620282	27.86626727
1652.2000000	32.85868295	27.83537964
1652.3000000	32.83932934	27.80144089
1652.4000000	32.81880147	27.76555027
1652.5000000	32.80082936	27.73391888
1652.6000000	32.78501628	27.70588358
1652.7000000	32.77360198	27.6851713
1652.8000000	32.76603153	27.67085465
1652.9000000	32.76061926	27.66012434
1653.0000000	32.75790047	27.65387098
1653.1000000	32.75643394	27.64969357
1653.2000000	32.7558106	27.64691065
1653.3000000	32.75648883	27.64628792
1653.4000000	32.75821754	27.64741213
1653.5000000	32.76070804	27.64980707
1653.6000000	32.76446951	27.65432236
1653.7000000	32.76799651	27.65845019
1653.8000000	32.7711843	27.66201509
1653.9000000	32.7712145	27.66032383
1654.0000000	32.76848879	27.65404649
1654.1000000	32.7632723	27.64362538
1654.2000000	32.75358786	27.62576676
1654.3000000	32.74334696	27.60698288
1654.4000000	32.73251664	27.58721636
1654.5000000	32.72519505	27.57329065
1654.6000000	32.72143988	27.56530095
1654.7000000	32.72215288	27.56474855
1654.8000000	32.73165032	27.57882131
1654.9000000	32.74508778	27.59945103
1655.0000000	32.76338901	27.62817627
1655.1000000	32.78433209	27.66129803
1655.2000000	32.80433702	27.692857
1655.3000000	32.82177013	27.72013709
1655.4000000	32.83050236	27.73293616
1655.5000000	32.83286771	27.73514368
1655.6000000	32.82446947	27.71943686
1655.7000000	32.80411271	27.68382081
1655.8000000	32.77716201	27.63722293
1655.9000000	32.74117245	27.57556483
1656.0000000	32.70153012	27.50781161
1656.1000000	32.66079568	27.43822734
1656.2000000	32.62218851	27.37217604
1656.3000000	32.58987774	27.31660514
1656.4000000	32.56266542	27.26952328
1656.5000000	32.547718	27.24286722
1656.6000000	32.54272188	27.23278438
1656.7000000	32.54530727	27.23532759
1656.8000000	32.5613168	27.26022704
1656.9000000	32.58383165	27.29596223
1657.0000000	32.61137364	27.3400757
1657.1000000	32.64551627	27.39519202
1657.2000000	32.68083229	27.4522753
1657.3000000	32.71721834	27.51115363
1657.4000000	32.75213916	27.56760346
1657.5000000	32.78492534	27.62050716
1657.6000000	32.81543379	27.6696211
1657.7000000	32.84065356	27.7099256
1657.8000000	32.86319239	27.74575944
1657.9000000	32.88254865	27.77628562
1658.0000000	32.89739748	27.79929906
1658.1000000	32.90993971	27.81846741
1658.2000000	32.91954101	27.83273587
1658.3000000	32.92466133	27.83953975
1658.4000000	32.92712308	27.84191358
1658.5000000	32.92575996	27.83791501
1658.6000000	32.92020937	27.82694093
1658.7000000	32.91273127	27.81275629
1658.8000000	32.90290396	27.79465964
1658.9000000	32.89259816	27.77576641
1659.0000000	32.88259491	27.75737702
1659.1000000	32.87410169	27.74150223
1659.2000000	32.8683176	27.73013897
1659.3000000	32.86453037	27.72210067
1659.4000000	32.86462277	27.72052188
1659.5000000	32.86821341	27.72476614
1659.6000000	32.87427808	27.73312734
1659.7000000	32.88468224	27.74871338
1659.8000000	32.8975011	27.7683214
1659.9000000	32.91198249	27.79070179
1660.0000000	32.92825658	27.81607264
1660.1000000	32.94425121	27.84098244
1660.2000000	32.95990836	27.86533214
1660.3000000	32.97296993	27.88535877
1660.4000000	32.98393478	27.90189145
1660.5000000	32.99298945	27.91524038
1660.6000000	32.99780259	27.92152371
1660.7000000	33.00054596	27.92435942
1660.8000000	33.00100155	27.92338578
1660.9000000	32.99696171	27.91492657
1661.0000000	32.99052987	27.90248448
1661.1000000	32.98117039	27.88516596
1661.2000000	32.96769852	27.86099568
1661.3000000	32.95275297	27.83436627
1661.4000000	32.93613052	27.804939
1661.5000000	32.91974434	27.77590241
1661.6000000	32.90430259	27.74843958
1661.7000000	32.89078529	27.72418633
1661.8000000	32.8806325	27.70554301
1661.9000000	32.87247296	27.69022579
1662.0000000	32.8673829	27.68002547
1662.1000000	32.86526587	27.67477952
1662.2000000	32.86495491	27.67254344
1662.3000000	32.8674363	27.67495923
1662.4000000	32.87223519	27.6812352
1662.5000000	32.87841052	27.68980246
1662.6000000	32.88638965	27.70137023
1662.7000000	32.89443188	27.7130372
1662.8000000	32.90217133	27.72419384
1662.9000000	32.9078815	27.73196701
1663.0000000	32.91112608	27.73563396
1663.1000000	32.9124165	27.73605081
1663.2000000	32.90979969	27.72996837
1663.3000000	32.90534014	27.72082732
1663.4000000	32.89939662	27.70922652
1663.5000000	32.89212648	27.69542756
1663.6000000	32.88507227	27.68199746
1663.7000000	32.87825007	27.66895918
1663.8000000	32.87314651	27.65878515
1663.9000000	32.86912212	27.65040819
1664.0000000	32.8662906	27.64401701
1664.1000000	32.8655492	27.64110686
1664.2000000	32.8656656	27.63962667
1664.3000000	32.86681517	27.63986885
1664.4000000	32.86880825	27.64151666
1664.5000000	32.87075942	27.64309414
1664.6000000	32.87245645	27.64424657
1664.7000000	32.87238234	27.64244662
1664.8000000	32.87090869	27.63831259
1664.9000000	32.86718762	27.63043128
1665.0000000	32.86080187	27.6181062
1665.1000000	32.85333462	27.60397295
1665.2000000	32.84472155	27.58792462
1665.3000000	32.83741931	27.57405447
1665.4000000	32.83173977	27.56288442
1665.5000000	32.83020421	27.558616
1665.6000000	32.83392392	27.56310236
1665.7000000	32.8410632	27.57328864
1665.8000000	32.85379715	27.59279945
1665.9000000	32.86890313	27.61626953
1666.0000000	32.8851753	27.64169028
1666.1000000	32.90093792	27.66626877
1666.2000000	32.91421785	27.68671642
1666.3000000	32.92540686	27.70368453
1666.4000000	32.93140035	27.71200309
1666.5000000	32.93430446	27.71518041
1666.6000000	32.93462542	27.71405991
1666.7000000	32.9306251	27.70574617
1666.8000000	32.92482382	27.69443518
1666.9000000	32.91732049	27.68028967
1667.0000000	32.90716087	27.66171914
1667.1000000	32.89622539	27.64185457
1667.2000000	32.88440952	27.62052171
1667.3000000	32.87288711	27.59967528
1667.4000000	32.86256426	27.5808237
1667.5000000	32.85391071	27.56474888
1667.6000000	32.84971272	27.55609142
1667.7000000	32.8480962	27.55173104
1667.8000000	32.84999879	27.55322992
1667.9000000	32.85541759	27.56058345
1668.0000000	32.86189013	27.56969056
1668.1000000	32.86923027	27.58024115
1668.2000000	32.87515702	27.58843601
1668.3000000	32.87971003	27.59434016
1668.4000000	32.88154821	27.59571902
1668.5000000	32.88041567	27.59214535
1668.6000000	32.87769539	27.58592232
1668.7000000	32.87295599	27.5763315
1668.8000000	32.86853944	27.56727231
1668.9000000	32.86521268	27.56002047
1669.0000000	32.86617453	27.55990267
1669.1000000	32.87393232	27.57109647
1669.2000000	32.88703093	27.59118191
1669.3000000	32.9122656	27.6314783
1669.4000000	32.94547024	27.68504866
1669.5000000	32.98428071	27.74795524
1669.6000000	33.0292259	27.82108037
1669.7000000	33.07210739	27.89077966
1669.8000000	33.1130225	27.95722471
1669.9000000	33.14290436	28.00531537
1670.0000000	33.16576174	28.04171838
1670.1000000	33.18187713	28.06689167
1670.2000000	33.18954717	28.07799187
1670.3000000	33.19762171	28.08975417
1670.4000000	33.20631379	28.10253179
1670.5000000	33.2238313	28.12999417
1670.6000000	33.24639632	28.1658521
1670.7000000	33.27524851	28.2121751
1670.8000000	33.30837061	28.26560778
1670.9000000	33.3400819	28.31669183
1671.0000000	33.36859591	28.36245401
1671.1000000	33.38570536	28.38922866
1671.2000000	33.39516744	28.40327598
1671.3000000	33.39271883	28.39749778
1671.4000000	33.37731104	28.37014783
1671.5000000	33.35523273	28.33169702
1671.6000000	33.32437856	28.27863448
1671.7000000	33.28905768	28.21812872
1671.8000000	33.2520647	28.15482831
1671.9000000	33.21505667	28.0914911
1672.0000000	33.18125525	28.03348387
1672.1000000	33.15009377	27.97986432
1672.2000000	33.12527207	27.9367962
1672.3000000	33.10603118	27.90301965
1672.4000000	33.09075907	27.87585372
1672.5000000	33.08235847	27.86013432
1672.6000000	33.07738475	27.85012451
1672.7000000	33.0749703	27.84437739
1672.8000000	33.07551919	27.84356445
1672.9000000	33.07671869	27.84383373
1673.0000000	33.07843461	27.84496244
1673.1000000	33.08029181	27.84632639
1673.2000000	33.08224091	27.84784404
1673.3000000	33.08428629	27.84952318
1673.4000000	33.08700359	27.85232255
1673.5000000	33.09009105	27.85573921
1673.6000000	33.0936101	27.85987414
1673.7000000	33.096958	27.86372266
1673.8000000	33.09933147	27.86594668
1673.9000000	33.1002947	27.86582128
1674.0000000	33.09699938	27.85860435
1674.1000000	33.09096524	27.84682782
1674.2000000	33.08106758	27.82861893
1674.3000000	33.0668408	27.80320232
1674.4000000	33.05094748	27.77501282
1674.5000000	33.03329909	27.74390432
1674.6000000	33.01635056	27.71396652
1674.7000000	33.00051847	27.68589289
1674.8000000	32.98737975	27.66230813
1674.9000000	32.97762752	27.64436451
1675.0000000	32.96988966	27.629776
1675.1000000	32.96515912	27.62019615
1675.2000000	32.9623176	27.61376299
1675.3000000	32.96071404	27.60939234
1675.4000000	32.96107902	27.60830067
1675.5000000	32.96371358	27.61098861
1675.6000000	32.96828197	27.61689622
1675.7000000	32.97779878	27.63104299
1675.8000000	32.99164966	27.65240467
1675.9000000	33.00889768	27.67942001
1676.0000000	33.0325702	27.7171305
1676.1000000	33.05832448	27.75830454
1676.2000000	33.08565372	27.80210069
1676.3000000	33.11153877	27.8434939
1676.4000000	33.13371914	27.87872094
1676.5000000	33.152332	27.90800781
1676.6000000	33.16056133	27.91999796
1676.7000000	33.16458878	27.92498086
1676.8000000	33.1638239	27.92196937
1676.9000000	33.16276496	27.91845434
1677.0000000	33.1664766	27.92287184
1677.1000000	33.17717279	27.9389127
1677.2000000	33.20604834	27.98522597
1677.3000000	33.24432353	28.0471974
1677.4000000	33.29509664	28.12999868
1677.5000000	33.35243618	28.2237617
1677.6000000	33.40772972	28.31414527
1677.7000000	33.45612396	28.3930723
1677.8000000	33.48505951	28.43964021
1677.9000000	33.50046952	28.46370367
1678.0000000	33.49318473	28.44995576
1678.1000000	33.46871911	28.40755436
1678.2000000	33.43662838	28.35241552
1678.3000000	33.39838812	28.28700499
1678.4000000	33.36504631	28.22972876
1678.5000000	33.33635855	28.18018715
1678.6000000	33.32028953	28.15165347
1678.7000000	33.31311098	28.1379258
1678.8000000	33.31174038	28.13387403
1678.9000000	33.31651903	28.14006706
1679.0000000	33.32068657	28.14524636
1679.1000000	33.32398677	28.14898651
1679.2000000	33.3213575	28.14285918
1679.3000000	33.31458743	28.12984411
1679.4000000	33.30422418	28.1108511
1679.5000000	33.28844458	28.0828404
1679.6000000	33.27179641	28.05338293
1679.7000000	33.25425828	28.02244141
1679.8000000	33.2392534	27.99571587
1679.9000000	33.22684596	27.97331151
1680.0000000	33.2175788	27.95613024
1680.1000000	33.21410211	27.94858535
1680.2000000	33.21291407	27.94484714
1680.3000000	33.21443328	27.9456168
1680.4000000	33.21768179	27.94926852
1680.5000000	33.22108784	27.95318487
1680.6000000	33.22436567	27.9568884
1680.7000000	33.22686977	27.95930275
1680.8000000	33.22920332	27.96143221
1680.9000000	33.23151045	27.96351743
1681.0000000	33.23471481	27.96709702
1681.1000000	33.23844441	27.97155096
1681.2000000	33.2429372	27.97727476
1681.3000000	33.24713697	27.98250887
1681.4000000	33.25094296	27.98708569
1681.5000000	33.25368481	27.98988906
1681.6000000	33.25670267	27.9931513
1681.7000000	33.2606906	27.99802908
1681.8000000	33.26907506	28.01023043
1681.9000000	33.28440148	28.03399727
1682.0000000	33.30524322	28.0669569
1682.1000000	33.33867001	28.12088647
1682.2000000	33.37979384	28.18765052
1682.3000000	33.42664775	28.26398037
1682.4000000	33.4808073	28.35250602
1682.5000000	33.53499058	28.44110306
1682.6000000	33.589007	28.52945206
1682.7000000	33.6362655	28.60657147
1682.8000000	33.67725565	28.67327076
1682.9000000	33.71182367	28.72928515
1683.0000000	33.73121711	28.76002853
1683.1000000	33.74219398	28.77674515
1683.2000000	33.74331383	28.77702173
1683.3000000	33.72801975	28.74992871
1683.4000000	33.70486574	28.70971122
1683.5000000	33.67201939	28.65332447
1683.6000000	33.62833736	28.57887118
1683.7000000	33.58087105	28.49809804
1683.8000000	33.52936283	28.41057909
1683.9000000	33.48009419	28.32678125
1684.0000000	33.43481515	28.24962463
1684.1000000	33.39827043	28.18701457
1684.2000000	33.37878398	28.15281386
1684.3000000	33.37126925	28.13854924
1684.4000000	33.38452855	28.15887902
1684.5000000	33.41718471	28.2115161
1684.6000000	33.46052083	28.28195567
1684.7000000	33.51798196	28.37594742
1684.8000000	33.57803994	28.47429801
1684.9000000	33.63745845	28.57161275
1685.0000000	33.68817965	28.65446192
1685.1000000	33.72660796	28.71684501
1685.2000000	33.75562465	28.76355089
1685.3000000	33.76638978	28.77985246
1685.4000000	33.76701725	28.77926393
1685.5000000	33.75976464	28.76555084
1685.6000000	33.73972745	28.73054835
1685.7000000	33.71305414	28.68449363
1685.8000000	33.68024767	28.62821437
1685.9000000	33.63554359	28.55210167
1686.0000000	33.58619695	28.46823421
1686.1000000	33.53196444	28.37620896
1686.2000000	33.47690339	28.28278769
1686.3000000	33.42634986	28.19686165
1686.4000000	33.38177784	28.12089065
1686.5000000	33.35636516	28.07682486
1686.6000000	33.34154225	28.05039577
1686.7000000	33.34056842	28.04703384
1686.8000000	33.35276546	28.06561144
1686.9000000	33.36780611	28.08893082
1687.0000000	33.38451951	28.11504254
1687.1000000	33.39520687	28.13112532
1687.2000000	33.40166464	28.14017101
1687.3000000	33.40121197	28.13771522
1687.4000000	33.39656422	28.12828019
1687.5000000	33.39119894	28.1176566
1687.6000000	33.38745071	28.10973055
1687.7000000	33.3895505	28.11154544
1687.8000000	33.39569221	28.12009184
1687.9000000	33.40900328	28.14057853
1688.0000000	33.42580984	28.16688948
1688.1000000	33.44410779	28.19568953
1688.2000000	33.46166	28.22325391
1688.3000000	33.47498323	28.24378019
1688.4000000	33.48475619	28.25839548
1688.5000000	33.48533634	28.25769977
1688.6000000	33.47995988	28.24708112
1688.7000000	33.46987702	28.22862154
1688.8000000	33.45341384	28.19953392
1688.9000000	33.43619138	28.16918022
1689.0000000	33.41830907	28.13772699
1689.1000000	33.40405209	28.11231228
1689.2000000	33.39269153	28.09172392
1689.3000000	33.38443386	28.07630748
1689.4000000	33.3810156	28.06895516
1689.5000000	33.37864256	28.06334715
1689.6000000	33.37738086	28.05959187
1689.7000000	33.37528341	28.05444563
1689.8000000	33.37239166	28.04797722
1689.9000000	33.368367	28.03962319
1690.0000000	33.36425085	28.03111851
1690.1000000	33.36113563	28.02428268
1690.2000000	33.36000241	28.02074941
1690.3000000	33.3632197	28.02446242
1690.4000000	33.36899555	28.03243641
1690.5000000	33.37857626	28.04674577
1690.6000000	33.39038207	28.06475853
1690.7000000	33.40261242	28.08347571
1690.8000000	33.41412711	28.10099851
1690.9000000	33.42272015	28.11365408
1691.0000000	33.42918863	28.12277156
1691.1000000	33.43166024	28.12523469
1691.2000000	33.43152545	28.12336049
1691.3000000	33.42983378	28.11889646
1691.4000000	33.42641016	28.11154943
1691.5000000	33.42251275	28.10341259
1691.6000000	33.418326	28.09479153
1691.7000000	33.41406985	28.08605163
1691.8000000	33.41045213	28.07837072
1691.9000000	33.40752369	28.0718324
1692.0000000	33.40827384	28.07141415
1692.1000000	33.41335653	28.07820425
1692.2000000	33.42235715	28.09151087
1692.3000000	33.44345962	28.12496261
1692.4000000	33.47124596	28.16953765
1692.5000000	33.50605348	28.22580372
1692.6000000	33.55347948	28.30309211
1692.7000000	33.60578624	28.38852885
1692.8000000	33.66389533	28.48366292
1692.9000000	33.72787973	28.58862554
1693.0000000	33.79242308	28.69456721
1693.1000000	33.85707151	28.80073188
1693.2000000	33.91529872	28.89624323
1693.3000000	33.9667246	28.98045231
1693.4000000	34.00707589	29.04621761
1693.5000000	34.02924074	29.08167121
1693.6000000	34.04109781	29.09992895
1693.7000000	34.03855735	29.09418955
1693.8000000	34.02614108	29.07200561
1693.9000000	34.00984193	29.04336629
1694.0000000	33.99049201	29.00964928
1694.1000000	33.97441317	28.98136102
1694.2000000	33.96115991	28.95774572
1694.3000000	33.9548779	28.94571052
1694.4000000	33.95210098	28.93950424
1694.5000000	33.9508313	28.93581988
1694.6000000	33.94680554	28.92756151
1694.7000000	33.93634101	28.90858434
1694.8000000	33.92050099	28.88064082
1694.9000000	33.89376206	28.83451664
1695.0000000	33.86265601	28.78107967
1695.1000000	33.8285576	28.72261963
1695.2000000	33.79614611	28.66694096
1695.3000000	33.76938068	28.6206515
1695.4000000	33.74763014	28.58270462
1695.5000000	33.74191155	28.57144301
1695.6000000	33.74367308	28.57262426
1695.7000000	33.75364021	28.58746494
1695.8000000	33.77214913	28.61653194
1695.9000000	33.79093825	28.64606867
1696.0000000	33.8095294	28.67527686
1696.1000000	33.82146792	28.69340553
1696.2000000	33.82912966	28.70441406
1696.3000000	33.8310129	28.70580766
1696.4000000	33.82749348	28.69821653
1696.5000000	33.82271129	28.68853515
1696.6000000	33.81723461	28.6777081
1696.7000000	33.81356572	28.66990108
1696.8000000	33.81071274	28.66346065
1696.9000000	33.80885832	28.65868777
1697.0000000	33.80513364	28.65079845
1697.1000000	33.79931335	28.63941162
1697.2000000	33.78870078	28.62003184
1697.3000000	33.77319839	28.59249315
1697.4000000	33.75510465	28.56062228
1697.5000000	33.73435304	28.52431059
1697.6000000	33.7156136	28.49134158
1697.7000000	33.69922097	28.46227808
1697.8000000	33.69122668	28.44720116
1697.9000000	33.69215372	28.44698419
1698.0000000	33.70007292	28.45841881
1698.1000000	33.72218677	28.49350754
1698.2000000	33.75191931	28.54130806
1698.3000000	33.78777191	28.59932967
1698.4000000	33.83209147	28.67147815
1698.5000000	33.87817355	28.74657951
1698.6000000	33.92566475	28.82403417
1698.7000000	33.97178318	28.89920228
1698.8000000	34.01478901	28.96918232
1698.9000000	34.05450746	29.03368165
1699.0000000	34.08424602	29.08155606
1699.1000000	34.10698436	29.1177708
1699.2000000	34.1210461	29.13953476
1699.3000000	34.11823181	29.1331877
1699.4000000	34.10612285	29.11134772
1699.5000000	34.08186016	29.06924616
1699.6000000	34.04477884	29.00577929
1699.7000000	34.00325661	28.93490775
1699.8000000	33.9569463	28.85605593
1699.9000000	33.9131851	28.78143874
1700.0000000	33.87361106	28.71378374
1700.1000000	33.8436169	28.66207635
1700.2000000	33.82820461	28.63465335
1700.3000000	33.82186275	28.62233973
1700.4000000	33.82993818	28.63404151
1700.5000000	33.84625812	28.65947713
1700.6000000	33.86585826	28.69037751
1700.7000000	33.88524326	28.72092124
1700.8000000	33.89652902	28.7379796
1700.9000000	33.90108057	28.74382715
1701.0000000	33.88922174	28.72234896
1701.1000000	33.86708796	28.68376139
1701.2000000	33.83787069	28.6333784
1701.3000000	33.80392441	28.57512139
1701.4000000	33.7761479	28.52714192
1701.5000000	33.75418337	28.48884363
1701.6000000	33.75552324	28.48935656
1701.7000000	33.77020866	28.51209299
1701.8000000	33.79722379	28.55536
1701.9000000	33.83781187	28.6212285
1702.0000000	33.87566907	28.68254744
1702.1000000	33.91047532	28.73878562
1702.2000000	33.92418579	28.75989315
1702.3000000	33.92440654	28.75853882
1702.4000000	33.90769684	28.72899293
1702.5000000	33.86925613	28.66325955
1702.6000000	33.82413978	28.58641004
1702.7000000	33.77211493	28.49805539
1702.8000000	33.72473371	28.41743473
1702.9000000	33.68347113	28.34700537
1703.0000000	33.65382508	28.29592406
1703.1000000	33.64064295	28.27226329
1703.2000000	33.6360423	28.26289498
1703.3000000	33.64312064	28.27297703
1703.4000000	33.65575908	28.29231893
1703.5000000	33.66991794	28.31419351
1703.6000000	33.68316106	28.33454465
1703.7000000	33.69182149	28.34726745
1703.8000000	33.6971319	28.35441627
1703.9000000	33.69599296	28.35082994
1704.0000000	33.69071356	28.34035256
1704.1000000	33.68287937	28.32562236
1704.2000000	33.67236756	28.30643201
1704.3000000	33.66203841	28.28754289
1704.4000000	33.65203117	28.26918633
1704.5000000	33.64436992	28.25473421
1704.6000000	33.6386398	28.24349737
1704.7000000	33.63454052	28.23497752
1704.8000000	33.6337937	28.23204303
1704.9000000	33.63458636	28.23167541
1705.0000000	33.63683612	28.2337383
1705.1000000	33.64157749	28.23995515
1705.2000000	33.64722365	28.247683
1705.3000000	33.65390451	28.25713682
1705.4000000	33.6614312	28.26800027
1705.5000000	33.66888717	28.27874545
1705.6000000	33.67614888	28.28916595
1705.7000000	33.68216955	28.29751869
1705.8000000	33.68728951	28.30437133
1705.9000000	33.69114139	28.3091132
1706.0000000	33.69311312	28.31072618
1706.1000000	33.69402903	28.31058372
1706.2000000	33.69347492	28.30799552
1706.3000000	33.69149653	28.303036
1706.4000000	33.68891194	28.29706558
1706.5000000	33.68564683	28.28995861
1706.6000000	33.68260884	28.28322576
1706.7000000	33.67999171	28.27719057
1706.8000000	33.67858157	28.2731645
1706.9000000	33.6787448	28.27176119
1707.0000000	33.67989915	28.27201338
1707.1000000	33.68266219	28.27494997
1707.2000000	33.68598717	28.27882618
1707.3000000	33.689601	28.28318512
1707.4000000	33.69294188	28.28708963
1707.5000000	33.69577724	28.29015151
1707.6000000	33.69822827	28.29257179
1707.7000000	33.70005312	28.29394694
1707.8000000	33.70168114	28.29499144
1707.9000000	33.70312867	28.29573265
1708.0000000	33.704387	28.29615689
1708.1000000	33.70562484	28.29654627
1708.2000000	33.70682522	28.29687432
1708.3000000	33.70852638	28.29803908
1708.4000000	33.71097085	28.30044554
1708.5000000	33.71430835	28.30434265
1708.6000000	33.72011264	28.31234978
1708.7000000	33.72711801	28.32235731
1708.8000000	33.73556987	28.33477288
1708.9000000	33.74500775	28.34882939
1709.0000000	33.7543008	28.36264359
1709.1000000	33.76315611	28.37572722
1709.2000000	33.77013383	28.38568113
1709.3000000	33.7758214	28.39348212
1709.4000000	33.77947474	28.3978894
1709.5000000	33.7808298	28.39846186
1709.6000000	33.7810522	28.39714035
1709.7000000	33.77979804	28.3933527
1709.8000000	33.77861837	28.3896836
1709.9000000	33.77827668	28.38740632
1710.0000000	33.78084694	28.38997655
1710.1000000	33.78888153	28.40164647
1710.2000000	33.80120612	28.42046069
1710.3000000	33.82264731	28.45445672
1710.4000000	33.85203158	28.50167878
1710.5000000	33.88685186	28.55795076
1710.6000000	33.93055073	28.6290069
1710.7000000	33.97733613	28.70520423
1710.8000000	34.02595995	28.78446907
1710.9000000	34.07398516	28.86274778
1711.0000000	34.1180749	28.93448742
1711.1000000	34.15868687	29.00045131
1711.2000000	34.18816972	29.04789199
1711.3000000	34.21083457	29.08397905
1711.4000000	34.22674669	29.10880584
1711.5000000	34.23104397	29.1142656
1711.6000000	34.23134911	29.11305208
1711.7000000	34.22744475	29.10481407
1711.8000000	34.22009456	29.09084052
1711.9000000	34.2123504	29.0762299
1712.0000000	34.2041575	29.06090115
1712.1000000	34.19546373	29.04476513
1712.2000000	34.18566664	29.02680612
1712.3000000	34.17419304	29.00605237
1712.4000000	34.15894816	28.9790017
1712.5000000	34.14146344	28.94819877
1712.6000000	34.12072832	28.91195851
1712.7000000	34.09892068	28.87391082
1712.8000000	34.07829471	28.83781682
1712.9000000	34.06171642	28.80845753
1713.0000000	34.05477985	28.7951551
1713.1000000	34.05501938	28.79380423
1713.2000000	34.06895678	28.81526589
1713.3000000	34.09380354	28.85489784
1713.4000000	34.12471213	28.9046319
1713.5000000	34.16206107	28.96510474
1713.6000000	34.19758397	29.02255495
1713.7000000	34.23071269	29.07603699
1713.8000000	34.25403596	29.11320438
1713.9000000	34.26865919	29.13589175
1714.0000000	34.2764738	29.14724384
1714.1000000	34.2724003	29.13879838
1714.2000000	34.2636862	29.1226232
1714.3000000	34.25103258	29.09988314
1714.4000000	34.23479824	29.0711746
1714.5000000	34.21825983	29.04195538
1714.6000000	34.20142928	29.01224721
1714.7000000	34.18523353	28.98359376
1714.8000000	34.16916059	28.95514045
1714.9000000	34.15324774	28.92694743
1715.0000000	34.13642236	28.89722982
1715.1000000	34.11844072	28.86558471
1715.2000000	34.09884533	28.83125089
1715.3000000	34.07597378	28.79145883
1715.4000000	34.05132978	28.74871365
1715.5000000	34.02432099	28.70203138
1715.6000000	33.99599886	28.65316544
1715.7000000	33.96810623	28.60501916
1715.8000000	33.94201374	28.55987461
1715.9000000	33.92194526	28.52476503
1716.0000000	33.90641272	28.49721192
1716.1000000	33.89915772	28.48344729
1716.2000000	33.9004072	28.48385029
1716.3000000	33.90648981	28.49230706
1716.4000000	33.91920389	28.51181192
1716.5000000	33.93396642	28.53473113
1716.6000000	33.94920497	28.55844512
1716.7000000	33.96227068	28.57854211
1716.8000000	33.97146147	28.592187
1716.9000000	33.97782444	28.60112277
1717.0000000	33.97913908	28.60164968
1717.1000000	33.97952824	28.60063234
1717.2000000	33.97956632	28.59902668
1717.3000000	33.98339833	28.60373662
1717.4000000	33.99126416	28.61516324
1717.5000000	34.00260786	28.63238226
1717.6000000	34.01976737	28.65928791
1717.7000000	34.03716122	28.68658439
1717.8000000	34.05479044	28.71427183
1717.9000000	34.0676181	28.73395961
1718.0000000	34.07750465	28.74874396
1718.1000000	34.08396623	28.75781721
1718.2000000	34.08825477	28.76326337
1718.3000000	34.09410177	28.77129617
1718.4000000	34.10252129	28.78360326
1718.5000000	34.11951819	28.81018298
1718.6000000	34.1415543	28.84514301
1718.7000000	34.17059292	28.89176036
1718.8000000	34.20577395	28.9486203
1718.9000000	34.2424629	29.00802371
1719.0000000	34.27984614	29.06863029
1719.1000000	34.31186815	29.12035136
1719.2000000	34.33842179	29.16298483
1719.3000000	34.35407788	29.18746683
1719.4000000	34.35547352	29.18819561
1719.5000000	34.3472958	29.17297397
1719.6000000	34.32240264	29.12989191
1719.7000000	34.28540985	29.06662606
1719.8000000	34.24140746	28.99166289
1719.9000000	34.1895262	28.9035569
1720.0000000	34.13921195	28.81803421
1720.1000000	34.09138143	28.73662824
1720.2000000	34.05704782	28.67769469
1720.3000000	34.0373107	28.64307344
1720.4000000	34.02989541	28.62897523
1720.5000000	34.04997468	28.6606649
1720.6000000	34.08426635	28.71602023
1720.7000000	34.13054098	28.79133002
1720.8000000	34.19355944	28.89452782
1720.9000000	34.25844379	29.00084059
1721.0000000	34.32522899	29.11032703
1721.1000000	34.38344642	29.20554849
1721.2000000	34.43194202	29.28457873
1721.3000000	34.46917233	29.34484721
1721.4000000	34.48178005	29.36411222
1721.5000000	34.48157296	29.36204037
1721.6000000	34.46492884	29.33259678
1721.7000000	34.42972837	29.2722469
1721.8000000	34.38781504	29.20071433
1721.9000000	34.33855768	29.11695196
1722.0000000	34.28898624	29.03267058
1722.1000000	34.24146268	28.95179921
1722.2000000	34.19961384	28.88037365
1722.3000000	34.16807229	28.82610983
1722.4000000	34.14306543	28.78272842
1722.5000000	34.12889151	28.7573894
1722.6000000	34.12340979	28.74652696
1722.7000000	34.12263267	28.74349809
1722.8000000	34.12747124	28.74981843
1722.9000000	34.13352053	28.75815233
1723.0000000	34.13993916	28.76710087
1723.1000000	34.14541353	28.77447879
1723.2000000	34.15134027	28.78261351
1723.3000000	34.15829335	28.79246091
1723.4000000	34.17140136	28.81256232
1723.5000000	34.19247628	28.84593749
1723.6000000	34.22006105	28.89016446
1723.7000000	34.26215339	28.95856784
1723.8000000	34.30912165	29.03511099
1723.9000000	34.36010785	29.11836473
1724.0000000	34.4075831	29.19578772
1724.1000000	34.44646085	29.25890867
1724.2000000	34.47655432	29.30741627
1724.3000000	34.48245812	29.31564551
1724.4000000	34.47676354	29.3045514
1724.5000000	34.45752995	29.27088608
1724.6000000	34.42409148	29.2135333
1724.7000000	34.38753022	29.15094917
1724.8000000	34.34814046	29.08362978
1724.9000000	34.31189673	29.02153424
1725.0000000	34.27851314	28.96419463
1725.1000000	34.24979727	28.91462756
1725.2000000	34.22734177	28.87548803
1725.3000000	34.20833566	28.84209421
1725.4000000	34.19440456	28.81715258
1725.5000000	34.18563539	28.80080881
1725.6000000	34.1797249	28.78922874
1725.7000000	34.17794017	28.7845234
1725.8000000	34.17851423	28.78374921
1725.9000000	34.1800382	28.78455888
1726.0000000	34.18175001	28.78568306
1726.1000000	34.18187617	28.78416923
1726.2000000	34.18075461	28.78058099
1726.3000000	34.17698454	28.77258581
1726.4000000	34.17177404	28.76219553
1726.5000000	34.16563804	28.75026788
1726.6000000	34.15891175	28.73736138
1726.7000000	34.15282407	28.72552228
1726.8000000	34.14736735	28.71473608
1726.9000000	34.14448858	28.70824257
1727.0000000	34.14390026	28.70555971
1727.1000000	34.14536277	28.70628629
1727.2000000	34.15267838	28.7167551
1727.3000000	34.16387221	28.73367949
1727.4000000	34.17912336	28.75736206
1727.5000000	34.20379701	28.79674237
1727.6000000	34.23309772	28.8438391
1727.7000000	34.26785008	28.90003203
1727.8000000	34.30943447	28.96762527
1727.9000000	34.35244455	29.03761707
1728.0000000	34.39676512	29.10981164
1728.1000000	34.43707689	29.17534066
1728.2000000	34.47299694	29.23355641
1728.3000000	34.50192666	29.28012296
1728.4000000	34.5200437	29.30867135
1728.5000000	34.53217354	29.32723917
1728.6000000	34.53567723	29.33143041
1728.7000000	34.53265849	29.32474521
1728.8000000	34.52688194	29.31345829
1728.9000000	34.51845914	29.29776637
1729.0000000	34.51016154	29.28228928
1729.1000000	34.50228435	29.26751136
1729.2000000	34.49632744	29.25591744
1729.3000000	34.49300791	29.24869813
1729.4000000	34.49167845	29.24477526
1729.5000000	34.49424733	29.24733203
1729.6000000	34.49970604	29.2546992
1729.7000000	34.50733859	29.26569436
1729.8000000	34.51861628	29.28277194
1729.9000000	34.53164241	29.30277229
1730.0000000	34.54598326	29.32496782
1730.1000000	34.56201861	29.34998499
1730.2000000	34.57834421	29.37548012
1730.3000000	34.59496538	29.40146157
1730.4000000	34.6110278	29.42651125
1730.5000000	34.6263151	29.45027576
1730.6000000	34.64079201	29.47270331
1730.7000000	34.65287735	29.49116306
1730.8000000	34.66390592	29.50787886
1730.9000000	34.67373171	29.52261042
1731.0000000	34.68353709	29.53732988
1731.1000000	34.69446858	29.55394693
1731.2000000	34.70715689	29.57351022
1731.3000000	34.72440091	29.60067956
1731.4000000	34.74464044	29.63285645
1731.5000000	34.76935506	29.6725067
1731.6000000	34.79960197	29.72139001
1731.7000000	34.83256979	29.77481815
1731.8000000	34.86928472	29.83449148
1731.9000000	34.90879026	29.89880877
1732.0000000	34.949224	29.96466608
1732.1000000	34.99040373	30.0317603
1732.2000000	35.02863303	30.09393468
1732.3000000	35.0636359	30.15072709
1732.4000000	35.09075619	30.19437847
1732.5000000	35.10863024	30.2226138
1732.6000000	35.11985203	30.23975204
1732.7000000	35.11869859	30.23626096
1732.8000000	35.10958479	30.21949324
1732.9000000	35.09469955	30.19309598
1733.0000000	35.07063886	30.15140381
1733.1000000	35.04126477	30.10085774
1733.2000000	35.00754602	30.04308454
1733.3000000	34.96287963	29.96709759
1733.4000000	34.91114914	29.87936908
1733.5000000	34.85219742	29.77963048
1733.6000000	34.7821173	29.66136132
1733.7000000	34.70988308	29.53949611
1733.8000000	34.63572598	29.41441338
1733.9000000	34.57011551	29.30354829
1734.0000000	34.51219513	29.20546878
1734.1000000	34.46451614	29.12441769
1734.2000000	34.43545143	29.07434055
1734.3000000	34.41449445	29.03774617
1734.4000000	34.40355656	29.01782611
1734.5000000	34.39974024	29.00976164
1734.6000000	34.39757632	29.00444875
1734.7000000	34.39638551	29.00075838
1734.8000000	34.39390913	28.99492916
1734.9000000	34.39082166	28.98808349
1735.0000000	34.38696827	28.97996273
1735.1000000	34.38361629	28.97267766
1735.2000000	34.38074395	28.96619198
1735.3000000	34.37892597	28.96146163
1735.4000000	34.37746846	28.95732837
1735.5000000	34.37599049	28.95315568
1735.6000000	34.37373626	28.94768409
1735.7000000	34.37034417	28.94031308
1735.8000000	34.36613832	28.93158579
1735.9000000	34.36067557	28.92076781
1736.0000000	34.35498616	28.90957763
1736.1000000	34.34936755	28.8985114
1736.2000000	34.34575272	28.89078738
1736.3000000	34.3454432	28.88857173
1736.4000000	34.34805413	28.89122229
1736.5000000	34.35920945	28.90810519
1736.6000000	34.37556978	28.93365976
1736.7000000	34.39666387	28.96710161
1736.8000000	34.42527267	29.01306112
1736.9000000	34.45474722	29.06046243
1737.0000000	34.48514928	29.10940425
1737.1000000	34.51110986	29.1509422
1737.2000000	34.53253774	29.1849239
1737.3000000	34.54827973	29.20943129
1737.4000000	34.55309595	29.21574166
1737.5000000	34.55264269	29.21327777
1737.6000000	34.54543666	29.19956996
1737.7000000	34.53243911	29.17621761
1737.8000000	34.51763512	29.14985536
1737.9000000	34.50123068	29.1208243
1738.0000000	34.48538403	29.09271805
1738.1000000	34.47027322	29.06583428
1738.2000000	34.45676431	29.04161797
1738.3000000	34.44534482	29.0208843
1738.4000000	34.43531381	29.00246733
1738.5000000	34.42774944	28.98816215
1738.6000000	34.42265194	28.9779671
1738.7000000	34.41911233	28.97036644
1738.8000000	34.41791831	28.96667115
1738.9000000	34.41773783	28.96466313
1739.0000000	34.41807629	28.9635196
1739.1000000	34.41852604	28.96256217
1739.2000000	34.41858666	28.9609567
1739.3000000	34.41839125	28.95892322
1739.4000000	34.41785052	28.95631157
1739.5000000	34.41786491	28.95462091
1739.6000000	34.4183957	28.9537878
1739.7000000	34.42150897	28.95725446
1739.8000000	34.42650866	28.96386262
1739.9000000	34.43327786	28.97341764
1740.0000000	34.44325171	28.98830938
1740.1000000	34.45393691	29.00438557
1740.2000000	34.46538719	29.02173635
1740.3000000	34.47635077	29.03827804
1740.4000000	34.4866614	29.05373438
1740.5000000	34.49613188	29.06779352
1740.6000000	34.50459726	29.08017996
1740.7000000	34.51287804	29.0922595
1740.8000000	34.5210433	29.10414699
1740.9000000	34.52960614	29.11669708
1741.0000000	34.5382902	29.1294497
1741.1000000	34.5470881	29.14239235
1741.2000000	34.55504579	29.15393594
1741.3000000	34.56206519	29.16391715
1741.4000000	34.56720143	29.17076277
1741.5000000	34.56950586	29.17289318
1741.6000000	34.56993715	29.17190476
1741.7000000	34.56718269	29.16561077
1741.8000000	34.56183658	29.15499992
1741.9000000	34.55491379	29.14176265
1742.0000000	34.5457955	29.1248691
1742.1000000	34.53579636	29.10650973
1742.2000000	34.52536993	29.08744042
1742.3000000	34.51532254	29.06900387
1742.4000000	34.50680221	29.05311136
1742.5000000	34.49966951	29.03952986
1742.6000000	34.49683105	29.03309908
1742.7000000	34.497499	29.03250544
1742.8000000	34.50113303	29.03684766
1742.9000000	34.51041768	29.05059692
1743.0000000	34.52132443	29.06704689
1743.1000000	34.53372613	29.08599168
1743.2000000	34.54524569	29.1034772
1743.3000000	34.55454447	29.11727588
1743.4000000	34.56135658	29.1269423
1743.5000000	34.56211677	29.12653369
1743.6000000	34.56043673	29.12205986
1743.7000000	34.55583275	29.1127119
1743.8000000	34.54996955	29.10126205
1743.9000000	34.54464972	29.09071405
1744.0000000	34.54053656	29.08217466
1744.1000000	34.53929719	29.07842191
1744.2000000	34.53944143	29.07697474
1744.3000000	34.5414055	29.07855984
1744.4000000	34.54394195	29.08109893
1744.5000000	34.54659614	29.083833
1744.6000000	34.54912188	29.08634984
1744.7000000	34.55229327	29.08993786
1744.8000000	34.55628505	29.09488987
1744.9000000	34.56240044	29.10337988
1745.0000000	34.57125173	29.11643134
1745.1000000	34.58180692	29.132327
1745.2000000	34.59488374	29.1524281
1745.3000000	34.60780794	29.17227936
1745.4000000	34.62005187	29.19100044
1745.5000000	34.62826078	29.20300277
1745.6000000	34.63182988	29.20727746
1745.7000000	34.6318234	29.20559512
1745.8000000	34.62549933	29.19338809
1745.9000000	34.61907351	29.18100822
1746.0000000	34.61297478	29.16916984
1746.1000000	34.61879954	29.17718485
1746.2000000	34.6381725	29.2077573
1746.3000000	34.670412	29.25975079
1746.4000000	34.73740385	29.36961586
1746.5000000	34.81924612	29.50421358
1746.6000000	34.91744546	29.66607042
1746.7000000	35.03088685	29.85335296
1746.8000000	35.14199281	30.03680851
1746.9000000	35.24898184	30.21347826
1747.0000000	35.33013824	30.34718315
1747.1000000	35.39192073	30.44865662
1747.2000000	35.42604978	30.50407554
1747.3000000	35.42471471	30.50039708
1747.4000000	35.40698236	30.46935738
1747.5000000	35.36989313	30.4060179
1747.6000000	35.32460414	30.32896931
1747.7000000	35.27869777	30.25085491
1747.8000000	35.23577349	30.1776832
1747.9000000	35.20123768	30.11847051
1748.0000000	35.17210015	30.0682426
1748.1000000	35.15190782	30.03290947
1748.2000000	35.13760721	30.00738657
1748.3000000	35.12663459	29.98740452
1748.4000000	35.119339	29.97354519
1748.5000000	35.11235645	29.96020584
1748.6000000	35.10515216	29.94649433
1748.7000000	35.09544098	29.92860268
1748.8000000	35.08306032	29.9062587
1748.9000000	35.06871258	29.88063294
1749.0000000	35.05172907	29.85061381
1749.1000000	35.03563158	29.82206881
1749.2000000	35.02042182	29.79500221
1749.3000000	35.01182006	29.77894096
1749.4000000	35.00804745	29.77092295
1749.5000000	35.00903907	29.77084144
1749.6000000	35.01757394	29.78332576
1749.7000000	35.02712472	29.79750564
1749.8000000	35.03767554	29.81335357
1749.9000000	35.04452094	29.82303102
1750.0000000	35.04854421	29.82800682
1750.1000000	35.0489122	29.8268919
1750.2000000	35.04582434	29.82001825
1750.3000000	35.04260776	29.81292774
1750.4000000	35.03996589	29.80679364
1750.5000000	35.04109869	29.80694728
1750.6000000	35.04420103	29.81038393
1750.7000000	35.04996302	29.81825355
1750.8000000	35.05503667	29.82497906
1750.9000000	35.05812378	29.82839656
1751.0000000	35.05628261	29.82360507
1751.1000000	35.04673181	29.80597213
1751.2000000	35.03234211	29.78027926
1751.3000000	35.0102076	29.74168716
1751.4000000	34.98453464	29.69720087
1751.5000000	34.95744079	29.6503469
1751.6000000	34.93147855	29.60537677
1751.7000000	34.90958017	29.56717511
1751.8000000	34.8908372	29.53423012
1751.9000000	34.87888771	29.51260161
1752.0000000	34.87000243	29.49607974
1752.1000000	34.86328987	29.48318091
1752.2000000	34.85776	29.47225688
1752.3000000	34.85152392	29.46016148
1752.4000000	34.8446519	29.44700998
1752.5000000	34.8359919	29.43088145
1752.6000000	34.82659456	29.41352365
1752.7000000	34.81646494	29.39494383
1752.8000000	34.80515636	29.37439804
1752.9000000	34.79343015	29.35315477
1753.0000000	34.78121989	29.33110471
1753.1000000	34.77039279	29.3113593
1753.2000000	34.76254338	29.29657579
1753.3000000	34.75897303	29.28892218
1753.4000000	34.76821838	29.30261432
1753.5000000	34.78591309	29.33037814
1753.6000000	34.81557173	29.37806411
1753.7000000	34.85769928	29.44651096
1753.8000000	34.90289323	29.52005898
1753.9000000	34.94975549	29.59638053
1754.0000000	34.9857653	29.6546269
1754.1000000	35.01179041	29.69624807
1754.2000000	35.0181584	29.70514044
1754.3000000	35.00212564	29.67673755
1754.4000000	34.97296158	29.62647553
1754.5000000	34.92510895	29.54509549
1754.6000000	34.87081833	29.45299509
1754.7000000	34.81429684	29.35717775
1754.8000000	34.76296675	29.2700032
1754.9000000	34.72190745	29.19993092
1755.0000000	34.68876831	29.14304761
1755.1000000	34.67210799	29.11360808
1755.2000000	34.6642833	29.09888337
1755.3000000	34.66325861	29.09548207
1755.4000000	34.67132674	29.10722155
1755.5000000	34.68312678	29.1251739
1755.6000000	34.69816823	29.1485242
1755.7000000	34.72222367	29.18688832
1755.8000000	34.7543345	29.23867075
1755.9000000	34.79447349	29.30382423
1756.0000000	34.856468	29.40537345
1756.1000000	34.92843014	29.52351571
1756.2000000	35.01147099	29.66009984
1756.3000000	35.10451489	29.81334043
1756.4000000	35.19457274	29.96161777
1756.5000000	35.28010203	30.10237602
1756.6000000	35.34268864	30.20494872
1756.7000000	35.38813838	30.27899448
1756.8000000	35.40851662	30.31128085
1756.9000000	35.3970478	30.29050894
1757.0000000	35.37104718	30.24551312
1757.1000000	35.32701272	30.17046443
1757.2000000	35.2765997	30.08478116
1757.3000000	35.22578974	29.99842898
1757.4000000	35.17960418	29.9197721
1757.5000000	35.14193192	29.8552881
1757.6000000	35.10901949	29.79872745
1757.7000000	35.0826292	29.75302806
1757.8000000	35.05674558	29.70817514
1757.9000000	35.0303356	29.66244989
1758.0000000	35.0003611	29.61079254
1758.1000000	34.96844483	29.55590518
1758.2000000	34.93571316	29.49966294
1758.3000000	34.90620715	29.44879497
1758.4000000	34.88392974	29.40996631
1758.5000000	34.86808435	29.3818484
1758.6000000	34.87115514	29.38523044
1758.7000000	34.88720487	29.41022308
1758.8000000	34.91451663	29.45396849
1758.9000000	34.96461312	29.53566177
1759.0000000	35.02451577	29.63369555
1759.1000000	35.09422239	29.74807161
1759.2000000	35.18008076	29.88935937
1759.3000000	35.27077508	30.03870455
1759.4000000	35.36661489	30.19661061
1759.5000000	35.46489033	30.3585607
1759.6000000	35.55869412	30.51306139
1759.7000000	35.64776371	30.65970847
1759.8000000	35.71745917	30.77415915
1759.9000000	35.7724547	30.86421773
1760.0000000	35.8031883	30.91395408
1760.1000000	35.79775831	30.90353087
1760.2000000	35.77111559	30.85780964
1760.3000000	35.71570185	30.76415841
1760.4000000	35.64317192	30.6419542
1760.5000000	35.5659581	30.51189324
1760.6000000	35.49075466	30.38512786
1760.7000000	35.42918675	30.28103838
1760.8000000	35.37726803	30.1930033
1760.9000000	35.34244077	30.13343228
1761.0000000	35.3172771	30.08996722
1761.1000000	35.29722627	30.05503569
1761.2000000	35.28044537	30.02556696
1761.3000000	35.26231598	29.99385521
1761.4000000	35.24306341	29.96025374
1761.5000000	35.2229628	29.92520576
1761.6000000	35.20485348	29.89343925
1761.7000000	35.18862338	29.86477485
1761.8000000	35.17739143	29.84440942
1761.9000000	35.16785922	29.82685328
1762.0000000	35.15984478	29.81181427
1762.1000000	35.15054893	29.79463993
1762.2000000	35.1391794	29.77401638
1762.3000000	35.12555745	29.74964616
1762.4000000	35.10876907	29.72000349
1762.5000000	35.09229487	29.69088124
1762.6000000	35.07641963	29.66275221
1762.7000000	35.06587778	29.64350205
1762.8000000	35.0587018	29.62985498
1762.9000000	35.05599984	29.6236572
1763.0000000	35.05740019	29.62429143
1763.1000000	35.05944613	29.62600371
1763.2000000	35.06155409	29.62782536
1763.3000000	35.06097825	29.62518493
1763.4000000	35.05895346	29.62013783
1763.5000000	35.05489395	29.6117061
1763.6000000	35.05161091	29.60456846
1763.7000000	35.04982766	29.59992738
1763.8000000	35.05188325	29.60167661
1763.9000000	35.05835245	29.61077252
1764.0000000	35.0670355	29.62355222
1764.1000000	35.0778755	29.63992331
1764.2000000	35.08621006	29.65212483
1764.3000000	35.09179965	29.65976104
1764.4000000	35.08877617	29.65306005
1764.5000000	35.0773358	29.63234705
1764.6000000	35.05984324	29.60155677
1764.7000000	35.03343631	29.55591901
1764.8000000	35.00794242	29.51179829
1764.9000000	34.98417622	29.47055032
1765.0000000	34.97842397	29.4592984
1765.1000000	34.99169022	29.47971603
1765.2000000	35.02179744	29.52818216
1765.3000000	35.09326593	29.64554798
1765.4000000	35.1800803	29.78851132
1765.5000000	35.28311901	29.95856535
1765.6000000	35.39718212	30.14706182
1765.7000000	35.50539564	30.32589115
1765.8000000	35.60548255	30.49124016
1765.9000000	35.67757151	30.60999178
1766.0000000	35.73279366	30.70067047
1766.1000000	35.76663115	30.75574068
1766.2000000	35.77658005	30.77102648
1766.3000000	35.77722914	30.77082381
1766.4000000	35.76721339	30.75285687
1766.5000000	35.75087285	30.72435783
1766.6000000	35.7315073	30.69083058
1766.7000000	35.70760835	30.64976529
1766.8000000	35.6755261	30.59506537
1766.9000000	35.6372873	30.53007707
1767.0000000	35.59000852	30.44996593
1767.1000000	35.53950606	30.36438954
1767.2000000	35.49022975	30.28075559
1767.3000000	35.44963151	30.21149629
1767.4000000	35.42388073	30.16692794
1767.5000000	35.40873948	30.14002288
1767.6000000	35.41210288	30.14393908
1767.7000000	35.42260801	30.15974289
1767.8000000	35.43688249	30.18181286
1767.9000000	35.44716991	30.19723696
1768.0000000	35.44663029	30.19462636
1768.1000000	35.43683644	30.17660116
1768.2000000	35.40407677	30.12032597
1768.3000000	35.36141856	30.04756241
1768.4000000	35.30968044	29.95967587
1768.5000000	35.25338397	29.86419985
1768.6000000	35.20189887	29.77673998
1768.7000000	35.15583298	29.69830748
1768.8000000	35.12958093	29.65287405
1768.9000000	35.1130833	29.62368584
1769.0000000	35.10832184	29.61404478
1769.1000000	35.11466522	29.62290285
1769.2000000	35.12223415	29.63380964
1769.3000000	35.13002366	29.64509075
1769.4000000	35.12907776	29.64182555
1769.5000000	35.12144266	29.62741618
1769.6000000	35.10333891	29.59556533
1769.7000000	35.07387772	29.54479591
1769.8000000	35.04008812	29.48682256
1769.9000000	35.00236231	29.42230783
1770.0000000	34.9700498	29.36683141
1770.1000000	34.94365533	29.32124147
1770.2000000	34.9316324	29.29961873
1770.3000000	34.93737259	29.30759802
1770.4000000	34.95455451	29.33462977
1770.5000000	34.98865169	29.3898131
1770.6000000	35.02982191	29.45675092
1770.7000000	35.07401844	29.52870496
1770.8000000	35.11756496	29.59955373
1770.9000000	35.15528289	29.66067524
1771.0000000	35.18821252	29.71380981
1771.1000000	35.210043	29.74845633
1771.2000000	35.2254532	29.77241376
1771.3000000	35.2357509	29.78786199
1771.4000000	35.23876849	29.79118943
1771.5000000	35.23978463	29.79118471
1771.6000000	35.23898504	29.7881555
1771.7000000	35.2375946	29.78414148
1771.8000000	35.23684175	29.7811886
1771.9000000	35.23678825	29.77939967
1772.0000000	35.23844658	29.78046079
1772.1000000	35.24063643	29.78240661
1772.2000000	35.2434165	29.78533564
1772.3000000	35.24641492	29.78862892
1772.4000000	35.2495623	29.79217061
1772.5000000	35.25292574	29.7960712
1772.6000000	35.25720187	29.80148906
1772.7000000	35.26214785	29.80801879
1772.8000000	35.26813224	29.81627489
1772.9000000	35.27459879	29.82533425
1773.0000000	35.28051668	29.8334838
1773.1000000	35.2847765	29.83887841
1773.2000000	35.28462985	29.83694091
1773.3000000	35.28121607	29.82956679
1773.4000000	35.271757	29.81212696
1773.5000000	35.25689093	29.78568286
1773.6000000	35.2389252	29.75407704
1773.7000000	35.21714073	29.71611204
1773.8000000	35.19515068	29.6778043
1773.9000000	35.17355707	29.64015479
1774.0000000	35.15524734	29.60797124
1774.1000000	35.14063474	29.58194201
1774.2000000	35.12892989	29.56075337
1774.3000000	35.12329054	29.54966477
1774.4000000	35.12205173	29.54590337
1774.5000000	35.12469475	29.54860582
1774.6000000	35.13904677	29.57080923
1774.7000000	35.16464704	29.61174807
1774.8000000	35.20043555	29.66965749
1774.9000000	35.26761183	29.77984208
1775.0000000	35.35050818	29.91620735
1775.1000000	35.45009182	30.08037101
1775.2000000	35.57142831	30.28079045
1775.3000000	35.69305637	30.48175407
1775.4000000	35.81467759	30.6827894
1775.5000000	35.91021522	30.8404587
1775.6000000	35.98247907	30.95941595
1775.7000000	36.02147956	31.02298661
1775.8000000	36.01075963	31.00371563
1775.9000000	35.97633938	30.94490266
1776.0000000	35.91335438	30.83841719
1776.1000000	35.84068247	30.7157034
1776.2000000	35.77136929	30.59852436
1776.3000000	35.71451655	30.50209004
1776.4000000	35.68025605	30.44332226
1776.5000000	35.65854444	30.40550423
1776.6000000	35.65513102	30.39820029
1776.7000000	35.65777418	30.40099588
1776.8000000	35.66157875	30.40571337
1776.9000000	35.6608229	30.40280448
1777.0000000	35.6524925	30.38724049
1777.1000000	35.63958438	30.36401706
1777.2000000	35.62067776	30.33077699
1777.3000000	35.60419535	30.30156286
1777.4000000	35.59078004	30.27746407
1777.5000000	35.59181893	30.27745871
1777.6000000	35.6072585	30.30146444
1777.7000000	35.63493382	30.34587726
1777.8000000	35.69155444	30.43853168
1777.9000000	35.76305706	30.55602057
1778.0000000	35.84847279	30.69674948
1778.1000000	35.95319546	30.86970828
1778.2000000	36.05922223	31.04490583
1778.3000000	36.16570646	31.22091182
1778.4000000	36.25702105	31.37167963
1778.5000000	36.33252335	31.49612771
1778.6000000	36.38897137	31.58885198
1778.7000000	36.40613359	31.61614977
1778.8000000	36.40085262	31.60606751
1778.9000000	36.36488907	31.54486477
1779.0000000	36.29195672	31.4220498
1779.1000000	36.20157587	31.27011923
1779.2000000	36.09068876	31.08397035
1779.3000000	35.97151398	30.88396352
1779.4000000	35.85284547	30.68476134
1779.5000000	35.74122222	30.49726216
1779.6000000	35.65343087	30.34942112
1779.7000000	35.58520631	30.23413327
1779.8000000	35.55756202	30.18640551
1779.9000000	35.57333436	30.21099049
1780.0000000	35.61713804	30.28229674
1780.1000000	35.70456274	30.42631788
1780.2000000	35.8105959	30.60141842
1780.3000000	35.92460984	30.78989694
1780.4000000	36.03161676	30.96676757
1780.5000000	36.11314493	31.10122666
1780.6000000	36.17281225	31.19926535
1780.7000000	36.18083433	31.21125363
1780.8000000	36.15781511	31.17150024
1780.9000000	36.10929245	31.08922402
1781.0000000	36.02471338	30.94684404
1781.1000000	35.93409732	30.79436375
1781.2000000	35.83772126	30.63225491
1781.3000000	35.75460105	30.49218986
1781.4000000	35.68476281	30.37420582
1781.5000000	35.63086732	30.28273725
1781.6000000	35.6090122	30.24460712
1781.7000000	35.60074885	30.22910329
1781.8000000	35.60851369	30.24029218
1781.9000000	35.63052525	30.27521134
1782.0000000	35.65598974	30.31588645
1782.1000000	35.6844317	30.3615259
1782.2000000	35.70993002	30.40226714
1782.3000000	35.73250329	30.43814011
1782.4000000	35.75020157	30.46589833
1782.5000000	35.76310916	30.48568671
1782.6000000	35.77464225	30.50320358
1782.7000000	35.78567077	30.51991419
1782.8000000	35.80209979	30.54568085
1782.9000000	35.82376161	30.58024343
1783.0000000	35.85612277	30.63271099
1783.1000000	35.89855875	30.70202147
1783.2000000	35.94564606	30.77910739
1783.3000000	35.99836213	30.86557846
1783.4000000	36.04687975	30.94507009
1783.5000000	36.09079447	31.01691932
1783.6000000	36.1158772	31.05742595
1783.7000000	36.12082226	31.064397
1783.8000000	36.10929846	31.04391899
1783.9000000	36.06756455	30.97308701
1784.0000000	36.01264621	30.88024669
1784.1000000	35.94693039	30.76936415
1784.2000000	35.87219221	30.64339113
1784.3000000	35.79854552	30.51917287
1784.4000000	35.72621846	30.3971004
1784.5000000	35.6626287	30.289543
1784.6000000	35.60356363	30.18949981
1784.7000000	35.5495038	30.09778323
1784.8000000	35.50407573	30.02043884
1784.9000000	35.46323478	29.9507346
1785.0000000	35.42833568	29.89092982
1785.1000000	35.40400826	29.84873577
1785.2000000	35.38542021	29.81610352
1785.3000000	35.37468072	29.79654381
1785.4000000	35.37265792	29.79150074
1785.5000000	35.3742975	29.79255643
1785.6000000	35.38026814	29.80082498
1785.7000000	35.38846398	29.81279957
1785.8000000	35.39769705	29.82650161
1785.9000000	35.40818294	29.84228994
1786.0000000	35.42045956	29.86106017
1786.1000000	35.43410106	29.88210234
1786.2000000	35.45041896	29.90759975
1786.3000000	35.46946492	29.93763729
1786.4000000	35.49029644	29.97064487
1786.5000000	35.51418892	30.00874759
1786.6000000	35.54046548	30.05082095
1786.7000000	35.56849406	30.0958157
1786.8000000	35.60005277	30.14669563
1786.9000000	35.63353104	30.2007791
1787.0000000	35.66818881	30.25683237
1787.1000000	35.70272451	30.31268577
1787.2000000	35.73374447	30.362685
1787.3000000	35.76156388	30.4073529
1787.4000000	35.7771376	30.43162469
1787.5000000	35.78440589	30.4420641
1787.6000000	35.78361569	30.43908596
1787.7000000	35.76800979	30.41143897
1787.8000000	35.74809903	30.37662959
1787.9000000	35.72332644	30.33372971
1788.0000000	35.69822027	30.29028007
1788.1000000	35.67544177	30.25071272
1788.2000000	35.65618155	30.21701061
1788.3000000	35.64375436	30.19469384
1788.4000000	35.63415774	30.17709548
1788.5000000	35.62805807	30.16532404
1788.6000000	35.62397863	30.1569186
1788.7000000	35.62056161	30.14961672
1788.8000000	35.61773392	30.1432952
1788.9000000	35.61548731	30.13793881
1789.0000000	35.61357992	30.13314377
1789.1000000	35.61218043	30.12919078
1789.2000000	35.61061823	30.1249638
1789.3000000	35.60865072	30.12006018
1789.4000000	35.60541398	30.11304254
1789.5000000	35.60038332	30.10303767
1789.6000000	35.5941386	30.09101046
1789.7000000	35.58588554	30.07563604
1789.8000000	35.5770771	30.05933185
1789.9000000	35.56813783	30.04280346
1790.0000000	35.56047447	30.02839374
1790.1000000	35.55494097	30.01752571
1790.2000000	35.55120208	30.00964179
1790.3000000	35.55195283	30.0092308
1790.4000000	35.55552683	30.0135179
1790.5000000	35.56153021	30.02184836
1790.6000000	35.57227043	30.03806651
1790.7000000	35.58531931	30.05812992
1790.8000000	35.60065789	30.0820082
1790.9000000	35.62032615	30.11309901
1791.0000000	35.64169205	30.14701836
1791.1000000	35.66496355	30.18411052
1791.2000000	35.68989234	30.2239591
1791.3000000	35.71440995	30.26311607
1791.4000000	35.73820501	30.30106078
1791.5000000	35.75761951	30.3317011
1791.6000000	35.77372695	30.35682584
1791.7000000	35.78500132	30.37389421
1791.8000000	35.79177757	30.3834643
1791.9000000	35.79870637	30.39328273
1792.0000000	35.80797258	30.40699072
1792.1000000	35.82999312	30.44194046
1792.2000000	35.8621747	30.49381967
1792.3000000	35.91322624	30.57714761
1792.4000000	35.98127815	30.68883776
1792.5000000	36.05639082	30.81235227
1792.6000000	36.13501746	30.94178586
1792.7000000	36.19818072	31.04551497
1792.8000000	36.24645804	31.12447566
1792.9000000	36.25805897	31.1423475
1793.0000000	36.23782221	31.10716278
1793.1000000	36.19580885	31.03566005
1793.2000000	36.12530979	30.91665508
1793.3000000	36.05479042	30.79755706
1793.4000000	35.98697484	30.68291523
1793.5000000	35.95117491	30.62156555
1793.6000000	35.94502503	30.60958835
1793.7000000	35.96476554	30.64074243
1793.8000000	36.0339913	30.75433655
1793.9000000	36.11663828	30.8903137
1794.0000000	36.21197673	31.04745404
1794.1000000	36.30401015	31.19910756
1794.2000000	36.38292867	31.32893225
1794.3000000	36.4474942	31.4348759
1794.4000000	36.47869451	31.48528835
1794.5000000	36.49451824	31.51013719
1794.6000000	36.49000574	31.50115196
1794.7000000	36.4685331	31.46393629
1794.8000000	36.44371256	31.42114681
1794.9000000	36.41845011	31.37761533
1795.0000000	36.40333685	31.350986
1795.1000000	36.39474904	31.33523384
1795.2000000	36.39559472	31.33521217
1795.3000000	36.40025433	31.34156074
1795.4000000	36.40445301	31.34714652
1795.5000000	36.40515667	31.34689722
1795.6000000	36.40167724	31.33964889
1795.7000000	36.39722381	31.33074524
1795.8000000	36.39455119	31.32478383
1795.9000000	36.39896605	31.33062006
1796.0000000	36.40871366	31.34534447
1796.1000000	36.42790978	31.37582285
1796.2000000	36.44924962	31.4099011
1796.3000000	36.47063646	31.44409566
1796.4000000	36.48159819	31.46096505
1796.5000000	36.47844481	31.45435672
1796.6000000	36.4630176	31.42732293
1796.7000000	36.42232155	31.3581991
1796.8000000	36.37081446	31.27104132
1796.9000000	36.30980457	31.16800119
1797.0000000	36.24604113	31.06030669
1797.1000000	36.18701585	30.96043584
1797.2000000	36.13367603	30.86998559
1797.3000000	36.09286358	30.8003627
1797.4000000	36.0558808	30.73708427
1797.5000000	36.02329075	30.68109767
1797.6000000	35.99038799	30.62457984
1797.7000000	35.95495086	30.56383793
1797.8000000	35.91548599	30.49638531
1797.9000000	35.87043129	30.41961884
1798.0000000	35.8237063	30.34006611
1798.1000000	35.77565193	30.25829656
1798.2000000	35.73123095	30.18257844
1798.3000000	35.69072378	30.11338196
1798.4000000	35.65804377	30.05722645
1798.5000000	35.63966497	30.02489301
1798.6000000	35.63186533	30.01018089
1798.7000000	35.64310049	30.0271733
1798.8000000	35.67631984	30.08079234
1798.9000000	35.72360469	30.15786884
1799.0000000	35.79439363	30.27414725
1799.1000000	35.87991414	30.41503537
1799.2000000	35.97276571	30.56819826
1799.3000000	36.06984928	30.72845194
1799.4000000	36.15735682	30.87277796
1799.5000000	36.23550269	31.00151723
1799.6000000	36.28607234	31.08430935
1799.7000000	36.3126526	31.12710223
1799.8000000	36.32028464	31.13827713
1799.9000000	36.2935392	31.09213778
1800.0000000	36.25350017	31.02380906
1800.1000000	36.2020569	30.9364546
1800.2000000	36.14179318	30.83439282
1800.3000000	36.08467914	30.73756868
1800.4000000	36.03061331	30.64581351
1800.5000000	35.9929589	30.58138089
1800.6000000	35.96412347	30.53162899
1800.7000000	35.94593104	30.49960275
1800.8000000	35.93981527	30.4876937
1800.9000000	35.93679844	30.4809497
1801.0000000	35.93686971	30.479349
1801.1000000	35.93804883	30.47959125
1801.2000000	35.94121526	30.4831433
1801.3000000	35.94785674	30.4924904
1801.4000000	35.96591668	30.52087286
1801.5000000	35.99219608	30.56297247
1801.6000000	36.03187372	30.6274216
1801.7000000	36.08274439	30.71055078
1801.8000000	36.13673429	30.79890954
1801.9000000	36.19056414	30.8870253
1802.0000000	36.23171998	30.9540413
1802.1000000	36.26281437	31.00431385
1802.2000000	36.27251592	31.01898441
1802.3000000	36.26465807	31.00445223
1802.4000000	36.24568591	30.97145294
1802.5000000	36.21296408	30.91558604
1802.6000000	36.17984975	30.85908121
1802.7000000	36.14787403	30.80447714
1802.8000000	36.12829894	30.77053086
1802.9000000	36.1189827	30.75368094
1803.0000000	36.11778419	30.75036548
1803.1000000	36.12762499	30.76544907
1803.2000000	36.13873326	30.78265116
1803.3000000	36.15079698	30.80144322
1803.4000000	36.1587619	30.813401
1803.5000000	36.16398359	30.82077697
1803.6000000	36.16619915	30.82312316
1803.7000000	36.16589045	30.82122885
1803.8000000	36.16594373	30.81988704
1803.9000000	36.16680366	30.81982942
1804.0000000	36.17161005	30.82629018
1804.1000000	36.17882446	30.83672116
1804.2000000	36.18912829	30.85227473
1804.3000000	36.20149749	30.87125807
1804.4000000	36.21345515	30.88955482
1804.5000000	36.22385952	30.90527144
1804.6000000	36.22767628	30.91002708
1804.7000000	36.22618104	30.90594331
1804.8000000	36.21545302	30.88648276
1804.9000000	36.19260939	30.84683606
1805.0000000	36.16224448	30.79465204
1805.1000000	36.12001237	30.72269085
1805.2000000	36.06857741	30.63538597
1805.3000000	36.0119258	30.53937298
1805.4000000	35.94944667	30.43363426
1805.5000000	35.88676103	30.32753594
1805.6000000	35.82476567	30.22257745
1805.7000000	35.76916175	30.12825765
1805.8000000	35.72237143	30.04861237
1805.9000000	35.68280711	29.98099812
1806.0000000	35.66054495	29.94219666
1806.1000000	35.64987623	29.92270178
1806.2000000	35.64864118	29.91891827
1806.3000000	35.66323213	29.94149357
1806.4000000	35.68267389	29.97215062
1806.5000000	35.70638976	30.00992999
1806.6000000	35.73075877	30.04880158
1806.7000000	35.75246263	30.08323881
1806.8000000	35.77134584	30.11298201
1806.9000000	35.78330085	30.13118964
1807.0000000	35.79271183	30.14516248
1807.1000000	35.79919633	30.15426317
1807.2000000	35.80438161	30.16120245
1807.3000000	35.80975519	30.1684592
1807.4000000	35.81565742	30.17660164
1807.5000000	35.82172826	30.18503033
1807.6000000	35.8271029	30.19230377
1807.7000000	35.8310513	30.1972046
1807.8000000	35.83184035	30.19684547
1807.9000000	35.83086905	30.19355651
1808.0000000	35.82736928	30.18605896
1808.1000000	35.82289124	30.17693435
1808.2000000	35.8183725	30.16774267
1808.3000000	35.81468074	30.15992627
1808.4000000	35.8123752	30.15441337
1808.5000000	35.81095178	30.15036355
1808.6000000	35.81091561	30.14861924
1808.7000000	35.81218253	30.14904276
1808.8000000	35.81450838	30.15122878
1808.9000000	35.81924855	30.15743426
1809.0000000	35.82574046	30.16655491
1809.1000000	35.83333399	30.17750825
1809.2000000	35.84142655	30.18929258
1809.3000000	35.84761029	30.19790078
1809.4000000	35.85205971	30.2036267
1809.5000000	35.85061303	30.19954037
1809.6000000	35.84648661	30.19099764
1809.7000000	35.83996612	30.17847046
1809.8000000	35.83446323	30.16763617
1809.9000000	35.83350443	30.16436374
1810.0000000	35.83750521	30.16934244
1810.1000000	35.85699574	30.20010929
1810.2000000	35.88513232	30.2452677
1810.3000000	35.92360636	30.30763639
1810.4000000	35.97569429	30.39267386
1810.5000000	36.03187898	30.48453245
1810.6000000	36.09262626	30.58399257
1810.7000000	36.15279571	30.68249998
1810.8000000	36.20960884	30.77543438
1810.9000000	36.26036176	30.85829715
1811.0000000	36.29745096	30.91842148
1811.1000000	36.3248828	30.96246868
1811.2000000	36.33655661	30.98026331
1811.3000000	36.33148861	30.97015329
1811.4000000	36.3174761	30.94512241
1811.5000000	36.29147398	30.90010427
1811.6000000	36.26178255	30.84893204
1811.7000000	36.23161254	30.79695769
1811.8000000	36.20613057	30.7527872
1811.9000000	36.18923804	30.72291699
1812.0000000	36.17874677	30.70370183
1812.1000000	36.1807632	30.70531173
1812.2000000	36.19008585	30.7190858
1812.3000000	36.2046561	30.74159812
1812.4000000	36.22628682	30.77587003
1812.5000000	36.25069753	30.81477454
1812.6000000	36.27729973	30.85733356
1812.7000000	36.30628283	30.90386483
1812.8000000	36.33439901	30.94896166
1812.9000000	36.36172398	30.99275177
1813.0000000	36.38140643	31.02382498
1813.1000000	36.39476318	31.04437472
1813.2000000	36.40114387	31.05331868
1813.3000000	36.39305345	31.03817365
1813.4000000	36.37945316	31.01386088
1813.5000000	36.35934511	30.97871124
1813.6000000	36.338751	30.94274573
1813.7000000	36.32227574	30.91362755
1813.8000000	36.3129614	30.89642112
1813.9000000	36.31961619	30.90580148
1814.0000000	36.33503095	30.92977455
1814.1000000	36.36263537	30.97407306
1814.2000000	36.39818556	31.03165257
1814.3000000	36.43540964	31.09207915
1814.4000000	36.47149362	31.15066701
1814.5000000	36.49970399	31.19618821
1814.6000000	36.52185582	31.2316467
1814.7000000	36.53341738	31.24947461
1814.8000000	36.53655381	31.25325786
1814.9000000	36.53491505	31.24906412
1815.0000000	36.52797971	31.23602069
1815.1000000	36.5199676	31.22116192
1815.2000000	36.51198918	31.20635042
1815.3000000	36.50572449	31.19439523
1815.4000000	36.50282666	31.18805145
1815.5000000	36.50266168	31.18625616
1815.6000000	36.5113409	31.19918202
1815.7000000	36.52726606	31.22416576
1815.8000000	36.54938402	31.2594586
1815.9000000	36.58265267	31.3133295
1816.0000000	36.61815482	31.37094197
1816.1000000	36.6556602	31.43192269
1816.2000000	36.68417089	31.47794613
1816.3000000	36.7025317	31.50706628
1816.4000000	36.70903226	31.5164017
1816.5000000	36.69293992	31.48805978
1816.6000000	36.66826596	31.44538229
1816.7000000	36.63424594	31.38711858
1816.8000000	36.59482256	31.31984558
1816.9000000	36.55687409	31.2550141
1817.0000000	36.52281954	31.19664906
1817.1000000	36.50336986	31.16260286
1817.2000000	36.49361421	31.14470882
1817.3000000	36.49817463	31.15067174
1817.4000000	36.51804998	31.18216309
1817.5000000	36.54526798	31.2259158
1817.6000000	36.58137544	31.28451681
1817.7000000	36.61890408	31.34553107
1817.8000000	36.65449916	31.40336081
1817.9000000	36.68266429	31.44883213
1818.0000000	36.69889927	31.47442538
1818.1000000	36.70712289	31.48665524
1818.2000000	36.70232306	31.47716954
1818.3000000	36.69126314	31.4572336
1818.4000000	36.67699788	31.43193558
1818.5000000	36.66293654	31.40695337
1818.6000000	36.65499948	31.39215057
1818.7000000	36.65257588	31.38651811
1818.8000000	36.66464578	31.40502201
1818.9000000	36.68560675	31.43834114
1819.0000000	36.71392079	31.48392443
1819.1000000	36.75109982	31.54430307
1819.2000000	36.78757732	31.60356116
1819.3000000	36.82332461	31.66166283
1819.4000000	36.84228393	31.69185083
1819.5000000	36.8469676	31.69827913
1819.6000000	36.83450976	31.67612546
1819.7000000	36.79211177	31.60403607
1819.8000000	36.73738205	31.51132396
1819.9000000	36.66978596	31.39711566
1820.0000000	36.59367968	31.26870251
1820.1000000	36.51735456	31.13990684
1820.2000000	36.44213617	31.01293833
1820.3000000	36.37749229	30.90357043
1820.4000000	36.32012398	30.80631499
1820.5000000	36.27464354	30.72885863
1820.6000000	36.24451537	30.67697322
1820.7000000	36.22411545	30.64129101
1820.8000000	36.21939676	30.63172438
1820.9000000	36.23401162	30.65435363
1821.0000000	36.26170985	30.69876819
1821.1000000	36.31207829	30.78093688
1821.2000000	36.3812587	30.89444547
1821.3000000	36.46076506	31.02517926
1821.4000000	36.55268012	31.17663106
1821.5000000	36.64193354	31.32372072
1821.6000000	36.72597428	31.46218834
1821.7000000	36.78822498	31.56439695
1821.8000000	36.82767763	31.62864334
1821.9000000	36.84972155	31.66389445
1822.0000000	36.83922663	31.64494648
1822.1000000	36.8148914	31.60293452
1822.2000000	36.77888957	31.54146585
1822.3000000	36.73490703	31.46667045
1822.4000000	36.69381624	31.39665697
1822.5000000	36.65606619	31.33218622
1822.6000000	36.63029269	31.28765574
1822.7000000	36.60943915	31.25132283
1822.8000000	36.59362599	31.22338308
1822.9000000	36.58135439	31.20132512
1823.0000000	36.5694565	31.17986533
1823.1000000	36.55818244	31.15942506
1823.2000000	36.54925363	31.14288347
1823.3000000	36.54328889	31.13127783
1823.4000000	36.54177178	31.12708075
1823.5000000	36.54989063	31.13893117
1823.6000000	36.56428465	31.16123023
1823.7000000	36.58841865	31.19975355
1823.8000000	36.62389655	31.25718377
1823.9000000	36.66556362	31.32494654
1824.0000000	36.71580754	31.40702875
1824.1000000	36.77191871	31.49893386
1824.2000000	36.8309453	31.59576718
1824.3000000	36.8917988	31.69573584
1824.4000000	36.94772193	31.78758464
1824.5000000	36.99750994	31.86928573
1824.6000000	37.03159466	31.92487664
1824.7000000	37.04679229	31.94902401
1824.8000000	37.04682962	31.94790358
1824.9000000	37.01774982	31.89823795
1825.0000000	36.9699179	31.81726427
1825.1000000	36.90851763	31.71360042
1825.2000000	36.83138929	31.58365085
1825.3000000	36.75481862	31.4545595
1825.4000000	36.67958791	31.32766344
1825.5000000	36.61991877	31.22667548
1825.6000000	36.57256098	31.14619977
1825.7000000	36.53708279	31.08552305
1825.8000000	36.52386094	31.06192024
1825.9000000	36.51706537	31.04901466
1826.0000000	36.51754187	31.04820553
1826.1000000	36.52041446	31.05137073
1826.2000000	36.52173236	31.05193746
1826.3000000	36.5205702	31.04837586
1826.4000000	36.51450997	31.0366617
1826.5000000	36.50677423	31.02215325
1826.6000000	36.49722412	31.00460165
1826.7000000	36.48898631	30.98920059
1826.8000000	36.48245061	30.97660257
1826.9000000	36.47902159	30.96916054
1827.0000000	36.47906881	30.96750296
1827.1000000	36.48092477	30.96885834
1827.2000000	36.4851401	30.97414473
1827.3000000	36.49101977	30.98220273
1827.4000000	36.49770102	30.99159462
1827.5000000	36.50522423	31.00238909
1827.6000000	36.51202456	31.01198284
1827.7000000	36.51777748	31.01983672
1827.8000000	36.51994341	31.02172047
1827.9000000	36.51751171	31.0159489
1828.0000000	36.5116589	31.00447927
1828.1000000	36.49949134	30.98249114
1828.2000000	36.48490932	30.95647982
1828.3000000	36.46874682	30.92783525
1828.4000000	36.45345464	30.90064177
1828.5000000	36.44114441	30.87841963
1828.6000000	36.43146944	30.86059363
1828.7000000	36.42921497	30.85513198
1828.8000000	36.43043798	30.8554643
1828.9000000	36.43512407	30.86156215
1829.0000000	36.44458018	30.8756007
1829.1000000	36.45526326	30.89167985
1829.2000000	36.46730465	30.91002004
1829.3000000	36.47942841	30.92849692
1829.4000000	36.4906717	30.94550676
1829.5000000	36.50061568	30.96035142
1829.6000000	36.5067849	30.96890822
1829.7000000	36.51039214	30.97319823
1829.8000000	36.51031089	30.97134754
1829.9000000	36.50575151	30.96204354
1830.0000000	36.49946988	30.94987748
1830.1000000	36.49134722	30.93465192
1830.2000000	36.48433645	30.92128351
1830.3000000	36.47884171	30.91044305
1830.4000000	36.47684206	30.90542381
1830.5000000	36.47857956	30.90662649
1830.6000000	36.4821025	30.91080043
1830.7000000	36.48729032	30.91774593
1830.8000000	36.49079007	30.92188026
1830.9000000	36.49250501	30.92304255
1831.0000000	36.48903349	30.91556727
1831.1000000	36.48102841	30.90054231
1831.2000000	36.46990635	30.88032902
1831.3000000	36.4545576	30.8530817
1831.4000000	36.43875933	30.82509269
1831.5000000	36.42285785	30.79693854
1831.6000000	36.41014048	30.77409224
1831.7000000	36.40068289	30.75667715
1831.8000000	36.39410544	30.74405843
1831.9000000	36.39373704	30.74177923
1832.0000000	36.3957946	30.74353939
1832.1000000	36.4002996	30.74937568
1832.2000000	36.40752464	30.75974263
1832.3000000	36.41500961	30.77054239
1832.4000000	36.42272303	30.78172127
1832.5000000	36.42827396	30.78929626
1832.6000000	36.4316749	30.79328799
1832.7000000	36.43214116	30.79239032
1832.8000000	36.4271404	30.78238712
1832.9000000	36.41973106	30.76837364
1833.0000000	36.40930595	30.74933977
1833.1000000	36.3997193	30.73170389
1833.2000000	36.39323766	30.71923821
1833.3000000	36.39346992	30.71795015
1833.4000000	36.40775679	30.74006388
1833.5000000	36.43162665	30.77813624
1833.6000000	36.47179803	30.84336656
1833.7000000	36.52604928	30.93206665
1833.8000000	36.58717912	31.03224731
1833.9000000	36.65572449	31.14480594
1834.0000000	36.72182608	31.25332663
1834.1000000	36.78419848	31.35566691
1834.2000000	36.83400112	31.43709559
1834.3000000	36.87028847	31.49603009
1834.4000000	36.89664343	31.53843115
1834.5000000	36.90565773	31.55195343
1834.6000000	36.90707328	31.55281467
1834.7000000	36.90292666	31.5444009
1834.8000000	36.89526879	31.53012901
1834.9000000	36.88925075	31.51858705
1835.0000000	36.88490298	31.50983951
1835.1000000	36.8842619	31.50728547
1835.2000000	36.88330507	31.50422654
1835.3000000	36.88177748	31.50023226
1835.4000000	36.87286872	31.4839503
1835.5000000	36.85808269	31.45787407
1835.6000000	36.83608896	31.41976668
1835.7000000	36.80385307	31.36454495
1835.8000000	36.7696989	31.3060509
1835.9000000	36.73489814	31.24641015
1836.0000000	36.71017819	31.20352311
1836.1000000	36.69472952	31.17607541
1836.2000000	36.69322493	31.17187261
1836.3000000	36.71136372	31.20040701
1836.4000000	36.73898571	31.24475656
1836.5000000	36.77909285	31.30992895
1836.6000000	36.82339014	31.38210997
1836.7000000	36.86628321	31.45196574
1836.8000000	36.90249615	31.51069083
1836.9000000	36.925322	31.54710462
1837.0000000	36.93897729	31.56823023
1837.1000000	36.93600971	31.56165813
1837.2000000	36.92052795	31.53423031
1837.3000000	36.89720051	31.49371766
1837.4000000	36.8639586	31.43667182
1837.5000000	36.8288349	31.37647603
1837.6000000	36.79334917	31.31567623
1837.7000000	36.76244999	31.26252414
1837.8000000	36.7374703	31.21923205
1837.9000000	36.71738641	31.18408088
1838.0000000	36.70913599	31.16862228
1838.1000000	36.70663195	31.16272527
1838.2000000	36.70918568	31.16525235
1838.3000000	36.71693753	31.17644573
1838.4000000	36.72497379	31.18813574
1838.5000000	36.73346267	31.20062682
1838.6000000	36.74099412	31.21158945
1838.7000000	36.74913988	31.22364981
1838.8000000	36.75780778	31.23664618
1838.9000000	36.77090771	31.25706962
1839.0000000	36.78662888	31.28188127
1839.1000000	36.80601174	31.31279746
1839.2000000	36.82759874	31.34738514
1839.3000000	36.84763569	31.37938839
1839.4000000	36.86412939	31.40548094
1839.5000000	36.87016507	31.4141375
1839.6000000	36.86946353	31.41154482
1839.7000000	36.85840909	31.39166664
1839.8000000	36.84066245	31.36058833
1839.9000000	36.82184335	31.32766675
1840.0000000	36.80542086	31.29867582
1840.1000000	36.7997042	31.28745848
1840.2000000	36.8025556	31.29048609
1840.3000000	36.82170848	31.32067506
1840.4000000	36.85254144	31.3703703
1840.5000000	36.89024669	31.43159152
1840.6000000	36.93383274	31.50269548
1840.7000000	36.97510646	31.5700266
1840.8000000	37.01348486	31.63259269
1840.9000000	37.04236481	31.67937236
1841.0000000	37.0638874	31.71390917
1841.1000000	37.07959604	31.73876142
1841.2000000	37.08550899	31.74729677
1841.3000000	37.0861801	31.74710616
1841.4000000	37.08226662	31.73929222
1841.5000000	37.0671343	31.71280563
1841.6000000	37.04596042	31.67626243
1841.7000000	37.01793799	31.62829956
1841.8000000	36.98000024	31.56379067
1841.9000000	36.93914489	31.4943767
1842.0000000	36.89547145	31.42021631
1842.1000000	36.85259907	31.34733337
1842.2000000	36.81157202	31.27746123
1842.3000000	36.77343762	31.21234147
1842.4000000	36.74021412	31.15534563
1842.5000000	36.70974488	31.10290169
1842.6000000	36.68277133	31.05626463
1842.7000000	36.66096879	31.01823474
1842.8000000	36.64328844	30.98706816
1842.9000000	36.63289044	30.96802952
1843.0000000	36.63417936	30.96845528
1843.1000000	36.64314236	30.98166245
1843.2000000	36.66485545	31.01610511
1843.3000000	36.69603925	31.06632201
1843.4000000	36.73163864	31.1238943
1843.5000000	36.77074787	31.1873138
1843.6000000	36.80573221	31.24386584
1843.7000000	36.83660149	31.2935671
1843.8000000	36.85570455	31.32367509
1843.9000000	36.86458879	31.33676777
1844.0000000	36.86611009	31.33760333
1844.1000000	36.85624152	31.31947713
1844.2000000	36.84402388	31.29744833
1844.3000000	36.83035952	31.27302158
1844.4000000	36.8223192	31.25797396
1844.5000000	36.82096707	31.25407759
1844.6000000	36.82562167	31.26019428
1844.7000000	36.84340534	31.28818019
1844.8000000	36.86497146	31.32246223
1844.9000000	36.89058645	31.36347982
1845.0000000	36.91652082	31.40502163
1845.1000000	36.93982562	31.44217819
1845.2000000	36.95978554	31.47376209
1845.3000000	36.97232356	31.49298807
1845.4000000	36.98169941	31.50695528
1845.5000000	36.98711707	31.51434026
1845.6000000	36.99007831	31.5176421
1845.7000000	36.99265102	31.52029979
1845.8000000	36.9953643	31.52318999
1845.9000000	36.99880249	31.52728578
1846.0000000	37.00210301	31.53115461
1846.1000000	37.00454473	31.53360108
1846.2000000	37.00354548	31.53032895
1846.3000000	36.99987008	31.52261289
1846.4000000	36.99111878	31.50645489
1846.5000000	36.97772578	31.48257311
1846.6000000	36.96157306	31.45409476
1846.7000000	36.94201497	31.41993534
1846.8000000	36.92161449	31.38435244
1846.9000000	36.90093077	31.34826956
1847.0000000	36.8810443	31.31348238
1847.1000000	36.86155095	31.27931898
1847.2000000	36.84226569	31.24547924
1847.3000000	36.82189188	31.20981288
1847.4000000	36.79988882	31.17142631
1847.5000000	36.77644881	31.13064666
1847.6000000	36.75010803	31.08504185
1847.7000000	36.7227361	31.03772789
1847.8000000	36.69438888	30.98879474
1847.9000000	36.66579579	30.93945221
1848.0000000	36.63743072	30.89048486
1848.1000000	36.60935036	30.84198465
1848.2000000	36.58308881	30.79650756
1848.3000000	36.55932977	30.75519462
1848.4000000	36.53886699	30.71936921
1848.5000000	36.53045665	30.7036134
1848.6000000	36.53167252	30.7038851
1848.7000000	36.54637863	30.72662116
1848.8000000	36.58416502	30.78779955
1848.9000000	36.63364599	30.86846791
1849.0000000	36.69898229	30.97556505
1849.1000000	36.77479305	31.10013216
1849.2000000	36.86339599	31.24603129
1849.3000000	36.97802175	31.43530018
1849.4000000	37.05324918	31.55897125
1849.5000000	37.11196423	31.65514051
1849.6000000	37.15817124	31.73046132
1849.7000000	37.19771875	31.79467194
1849.8000000	37.23507772	31.85523333
1849.9000000	37.27348369	31.9175577
1850.0000000	37.31626494	31.98721354
1850.1000000	37.36154936	32.06109197
1850.2000000	37.40849223	32.13777821
1850.3000000	37.45022171	32.20580809
1850.4000000	37.48650744	32.26477837
1850.5000000	37.50615719	32.29603292
1850.6000000	37.51127646	32.30306915
1850.7000000	37.50470136	32.29061072
1850.8000000	37.47452984	32.23884049
1850.9000000	37.43497742	32.17144011
1851.0000000	37.3860697	32.08844587
1851.1000000	37.32947561	31.99263083
1851.2000000	37.27470789	31.89984158
1851.3000000	37.22245005	31.81122899
1851.4000000	37.18215015	31.74253163
1851.5000000	37.14803801	31.68413248
1851.6000000	37.12170643	31.63867688
1851.7000000	37.10344967	31.60665677
1851.8000000	37.08624112	31.57637112
1851.9000000	37.06912909	31.54623043
1852.0000000	37.04649257	31.50686991
1852.1000000	37.02072408	31.46227883
1852.2000000	36.99049286	31.41025331
1852.3000000	36.96016897	31.35808404
1852.4000000	36.9324412	31.31025166
1852.5000000	36.91178253	31.27420054
1852.6000000	36.90400221	31.25960194
1852.7000000	36.9044312	31.25868304
1852.8000000	36.91815988	31.27992908
1852.9000000	36.93983889	31.31443679
1853.0000000	36.96500123	31.35476105
1853.1000000	36.99139262	31.39713449
1853.2000000	37.01293984	31.43142669
1853.3000000	37.0302732	31.45867891
1853.4000000	37.03705491	31.4683336
1853.5000000	37.03567332	31.4643709
1853.6000000	37.02826908	31.45036104
1853.7000000	37.01109259	31.42006386
1853.8000000	36.99093801	31.38479734
1853.9000000	36.96846947	31.34566766
1854.0000000	36.94711141	31.30837827
1854.1000000	36.92915698	31.27675027
1854.2000000	36.9144155	31.25047074
1854.3000000	36.90985578	31.24114975
1854.4000000	36.91020272	31.24000379
1854.5000000	36.91601252	31.24795802
1854.6000000	36.92814783	31.26644548
1854.7000000	36.94116036	31.28638813
1854.8000000	36.95489447	31.30752474
1854.9000000	36.96525387	31.32303494
1855.0000000	36.97281563	31.33388294
1855.1000000	36.97632714	31.33798519
1855.2000000	36.97446216	31.33313425
1855.3000000	36.97027326	31.32441427
1855.4000000	36.96323611	31.31095159
1855.5000000	36.95488954	31.29530783
1855.6000000	36.94628154	31.27922717
1855.7000000	36.93787739	31.26348386
1855.8000000	36.93016034	31.2488838
1855.9000000	36.92267169	31.23466532
1856.0000000	36.91519228	31.22046584
1856.1000000	36.90684747	31.2048307
1856.2000000	36.89787532	31.18815675
1856.3000000	36.88779306	31.16963937
1856.4000000	36.87811792	31.15180411
1856.5000000	36.8693244	31.13543942
1856.6000000	36.86491967	31.12638427
1856.7000000	36.86651986	31.12732727
1856.8000000	36.87305119	31.13647666
1856.9000000	36.89100126	31.16463432
1857.0000000	36.91557469	31.20381273
1857.1000000	36.9454913	31.25188226
1857.2000000	36.9825483	31.31184187
1857.3000000	37.02027888	31.37293114
1857.4000000	37.05876336	31.4352989
1857.5000000	37.09471318	31.49347906
1857.6000000	37.12860835	31.54827816
1857.7000000	37.16020969	31.59930344
1857.8000000	37.18739887	31.64302687
1857.9000000	37.21240455	31.68315246
1858.0000000	37.23463603	31.71868266
1858.1000000	37.25305846	31.74788262
1858.2000000	37.26946278	31.77372674
1858.3000000	37.28330915	31.79530698
1858.4000000	37.29492167	31.81315544
1858.5000000	37.30584878	31.82984606
1858.6000000	37.31642203	31.84592984
1858.7000000	37.32737658	31.86263716
1858.8000000	37.33845232	31.87954509
1858.9000000	37.34925554	31.896009
1859.0000000	37.35795343	31.90898531
1859.1000000	37.36460508	31.91857367
1859.2000000	37.36663186	31.92047546
1859.3000000	37.36356043	31.91389228
1859.4000000	37.35705506	31.90158486
1859.5000000	37.3454639	31.88079087
1859.6000000	37.33132508	31.85572629
1859.7000000	37.31580563	31.82832616
1859.8000000	37.30030768	31.80091986
1859.9000000	37.2870936	31.77727398
1860.0000000	37.27614235	31.75736088
1860.1000000	37.27151089	31.74795069
1860.2000000	37.27151802	31.74625847
1860.3000000	37.27546665	31.75113754
1860.4000000	37.28601049	31.76702062
1860.5000000	37.29887945	31.7868109
1860.6000000	37.31396114	31.81033337
1860.7000000	37.32992065	31.83536442
1860.8000000	37.34511634	31.85916238
1860.9000000	37.35925449	31.88122543
1861.0000000	37.37026908	31.89810317
1861.1000000	37.3788938	31.91101102
1861.2000000	37.38455021	31.91898048
1861.3000000	37.38436002	31.91721375
1861.4000000	37.38059345	31.90948876
1861.5000000	37.37189423	31.89354261
1861.6000000	37.35780443	31.86860801
1861.7000000	37.34185449	31.84056097
1861.8000000	37.32425094	31.8097432
1861.9000000	37.30781412	31.78085421
1862.0000000	37.29236509	31.75360008
1862.1000000	37.27861635	31.72917092
1862.2000000	37.26378769	31.70293746
1862.3000000	37.24683646	31.67316305
1862.4000000	37.2237315	31.63313063
1862.5000000	37.19172091	31.57824737
1862.6000000	37.15366623	31.5132703
1862.7000000	37.10568021	31.43172209
1862.8000000	37.05419659	31.34432229
1862.9000000	37.00127302	31.25450658
1863.0000000	36.95289383	31.17224965
1863.1000000	36.91486699	31.10722899
1863.2000000	36.88591275	31.05731388
1863.3000000	36.8823867	31.04974338
1863.4000000	36.89575091	31.07029842
1863.5000000	36.92335106	31.11455924
1863.6000000	36.97423609	31.19759683
1863.7000000	37.02949651	31.28791861
1863.8000000	37.0888763	31.38509969
1863.9000000	37.13991149	31.46838346
1864.0000000	37.18039488	31.53409477
1864.1000000	37.20887536	31.57981656
1864.2000000	37.21267463	31.58443288
1864.3000000	37.20632989	31.57215492
1864.4000000	37.18781899	31.53961461
1864.5000000	37.16195643	31.49482957
1864.6000000	37.13628239	31.45035668
1864.7000000	37.11276406	31.40947209
1864.8000000	37.09619675	31.38016372
1864.9000000	37.08249924	31.35563679
1865.0000000	37.07218574	31.33674949
1865.1000000	37.05938662	31.31372707
1865.2000000	37.04318773	31.2850469
1865.3000000	37.01942082	31.24376634
1865.4000000	36.98693872	31.18797377
1865.5000000	36.94979912	31.12442564
1865.6000000	36.90731578	31.05197751
1865.7000000	36.86680621	30.98281537
1865.8000000	36.82930985	30.91867031
1865.9000000	36.80302839	30.87320216
1866.0000000	36.78958968	30.849122
1866.1000000	36.78566489	30.84088526
1866.2000000	36.79904392	30.86146434
1866.3000000	36.82036651	30.89526818
1866.4000000	36.84728471	30.93838457
1866.5000000	36.87832793	30.98836403
1866.6000000	36.90777142	31.03567407
1866.7000000	36.93571804	31.08048912
1866.8000000	36.95737588	31.11483047
1866.9000000	36.97510851	31.14263514
1867.0000000	36.98898657	31.16402085
1867.1000000	36.99468289	31.17178099
1867.2000000	36.99620457	31.17258958
1867.3000000	36.99290748	31.16537433
1867.4000000	36.98233975	31.14605156
1867.5000000	36.97034222	31.12434745
1867.6000000	36.9570807	31.10053571
1867.7000000	36.95344404	31.09275077
1867.8000000	36.96069468	31.10309864
1867.9000000	36.98512117	31.14205976
1868.0000000	37.04004288	31.23182579
1868.1000000	37.11071407	31.34784499
1868.2000000	37.20303181	31.49994056
1868.3000000	37.30486918	31.66791237
1868.4000000	37.40489738	31.83288788
1868.5000000	37.49486437	31.98111499
1868.6000000	37.56083028	32.08936073
1868.7000000	37.61033561	32.17017319
1868.8000000	37.63210461	32.20477064
1868.9000000	37.63668521	32.21072911
1869.0000000	37.63230451	32.20176056
1869.1000000	37.62051982	32.18046509
1869.2000000	37.61149272	32.16376965
1869.3000000	37.60479439	32.15095972
1869.4000000	37.60456925	32.14893704
1869.5000000	37.60462814	32.14739377
1869.6000000	37.60426986	32.14516392
1869.7000000	37.59495862	32.12803329
1869.8000000	37.57659472	32.09583727
1869.9000000	37.5501156	32.05013597
1870.0000000	37.50749191	31.97755234
1870.1000000	37.46010124	31.897029
1870.2000000	37.40775873	31.80824656
1870.3000000	37.35762945	31.72312856
1870.4000000	37.31307183	31.64726094
1870.5000000	37.27562907	31.58321292
1870.6000000	37.25691048	31.55032818
1870.7000000	37.24930083	31.53593665
1870.8000000	37.2559615	31.54531402
1870.9000000	37.28274458	31.58821178
1871.0000000	37.31851258	31.64608525
1871.1000000	37.36556885	31.72277858
1871.2000000	37.4200849	31.81192694
1871.3000000	37.47540623	31.90245294
1871.4000000	37.52907009	31.99024971
1871.5000000	37.5724493	32.0609371
1871.6000000	37.6077897	32.11825298
1871.7000000	37.62845356	32.15114062
1871.8000000	37.63273697	32.1567517
1871.9000000	37.6267163	32.14519555
1872.0000000	37.60504943	32.1075691
1872.1000000	37.57401572	32.05432915
1872.2000000	37.53752936	31.99198993
1872.3000000	37.49580574	31.92089924
1872.4000000	37.45440672	31.8503064
1872.5000000	37.41401165	31.78133558
1872.6000000	37.37943123	31.72200597
1872.7000000	37.35073171	31.67245245
1872.8000000	37.32676438	31.63078866
1872.9000000	37.31235762	31.60506188
1873.0000000	37.30285775	31.58751003
1873.1000000	37.297685	31.57715312
1873.2000000	37.29957457	31.57854647
1873.3000000	37.3039417	31.58406129
1873.4000000	37.31087044	31.59385001
1873.5000000	37.32111709	31.6091851
1873.6000000	37.33240608	31.6262906
1873.7000000	37.34487277	31.64540551
1873.8000000	37.35715017	31.66425668
1873.9000000	37.36801873	31.68080513
1874.0000000	37.37669321	31.69372491
1874.1000000	37.37991874	31.69757426
1874.2000000	37.37991542	31.69603302
1874.3000000	37.37553131	31.68716712
1874.4000000	37.36751965	31.67221819
1874.5000000	37.3586248	31.65574849
1874.6000000	37.34947247	31.63879842
1874.7000000	37.34308835	31.62641737
1874.8000000	37.33911011	31.61801525
1874.9000000	37.3396725	31.61715807
1875.0000000	37.34500564	31.62423823
1875.1000000	37.35306838	31.63586264
1875.2000000	37.36486009	31.65370254
1875.3000000	37.37727407	31.67259572
1875.4000000	37.38938798	31.69101895
1875.5000000	37.39805402	31.7037378
1875.6000000	37.40124301	31.70737047
1875.7000000	37.40000037	31.70364467
1875.8000000	37.38949925	31.6845038
1875.9000000	37.37429133	31.65751111
1876.0000000	37.35565689	31.62478811
1876.1000000	37.33498287	31.58864356
1876.2000000	37.3166405	31.55636221
1876.3000000	37.30041162	31.52758961
1876.4000000	37.29276553	31.51310737
1876.5000000	37.28974332	31.50632707
1876.6000000	37.291561	31.50761037
1876.7000000	37.30059187	31.5209091
1876.8000000	37.3117761	31.53779499
1876.9000000	37.32535231	31.55866483
1877.0000000	37.34068117	31.58245419
1877.1000000	37.35655043	31.60714472
1877.2000000	37.37301684	31.63283075
1877.3000000	37.39028195	31.6598472
1877.4000000	37.40793565	31.68751043
1877.5000000	37.42612067	31.71605743
1877.6000000	37.44451761	31.74495553
1877.7000000	37.46251007	31.77317801
1877.8000000	37.47950047	31.79973095
1877.9000000	37.49336966	31.82109097
1878.0000000	37.50465783	31.83816995
1878.1000000	37.51075944	31.84664682
1878.2000000	37.50995804	31.84368414
1878.3000000	37.50434846	31.83277866
1878.4000000	37.49019504	31.80770404
1878.5000000	37.47047217	31.77339402
1878.6000000	37.44748446	31.73365783
1878.7000000	37.4224548	31.69050175
1878.8000000	37.39982187	31.65129226
1878.9000000	37.37960643	31.61605256
1879.0000000	37.36663838	31.59282983
1879.1000000	37.35842601	31.57748682
1879.2000000	37.35386634	31.56820155
1879.3000000	37.35352436	31.56592269
1879.4000000	37.35305738	31.56342134
1879.5000000	37.35244384	31.56066415
1879.6000000	37.34802075	31.55155242
1879.7000000	37.34125098	31.53852375
1879.8000000	37.33197674	31.52131686
1879.9000000	37.31967049	31.49905551
1880.0000000	37.30682354	31.47589218
1880.1000000	37.29343403	31.45182775
1880.2000000	37.28072096	31.42889561
1880.3000000	37.26861534	31.40698396
1880.4000000	37.25741449	31.38659081
1880.5000000	37.24768597	31.3686618
1880.6000000	37.23891556	31.35233787
1880.7000000	37.23162472	31.3384815
1880.8000000	37.22700007	31.32906163
1880.9000000	37.22425697	31.3227673
1881.0000000	37.22451184	31.32145682
1881.1000000	37.22841774	31.32622
1881.2000000	37.23449766	31.33460041
1881.3000000	37.24395434	31.34860436
1881.4000000	37.2557321	31.36647526
1881.5000000	37.26864378	31.38623497
1881.6000000	37.28248325	31.40753804
1881.7000000	37.29575732	31.42789615
1881.8000000	37.30837029	31.44715078
1881.9000000	37.31888981	31.4629185
1882.0000000	37.32713964	31.4749077
1882.1000000	37.33361689	31.48394664
1882.2000000	37.33637007	31.48678487
1882.3000000	37.3367001	31.48558839
1882.4000000	37.33504383	31.48108449
1882.5000000	37.32972598	31.4704825
1882.6000000	37.32258112	31.45683664
1882.7000000	37.31379183	31.44044981
1882.8000000	37.30176208	31.41866467
1882.9000000	37.28841254	31.39468219
1883.0000000	37.27362398	31.36830571
1883.1000000	37.25911518	31.34239676
1883.2000000	37.24772429	31.32167902
1883.3000000	37.24043605	31.30778954
1883.4000000	37.24873246	31.3198518
1883.5000000	37.26861514	31.35121245
1883.6000000	37.3043425	31.40897613
1883.7000000	37.36429959	31.50712423
1883.8000000	37.43460917	31.62255856
1883.9000000	37.51788701	31.75964346
1884.0000000	37.60348913	31.90065152
1884.1000000	37.68436725	32.03383667
1884.2000000	37.75315268	32.14691104
1884.3000000	37.79800175	32.22012649
1884.4000000	37.82712395	32.26714415
1884.5000000	37.83058502	32.27141602
1884.6000000	37.81486329	32.24373879
1884.7000000	37.78879019	32.19882712
1884.8000000	37.75093246	32.13429246
1884.9000000	37.71183442	32.06768427
1885.0000000	37.67311081	32.00167471
1885.1000000	37.64150717	31.94748227
1885.2000000	37.61876268	31.90798845
1885.3000000	37.60329446	31.88055014
1885.4000000	37.60390025	31.87982577
1885.5000000	37.61529949	31.89704148
1885.6000000	37.63564309	31.92915241
1885.7000000	37.67165445	31.98739108
1885.8000000	37.71345	32.05532634
1885.9000000	37.76035882	32.13185208
1886.0000000	37.8080128	32.20968244
1886.1000000	37.85088638	32.27959372
1886.2000000	37.88830573	32.34043834
1886.3000000	37.90992735	32.37497476
1886.4000000	37.92233366	32.39416051
1886.5000000	37.92375728	32.39505011
1886.6000000	37.9085081	32.36816421
1886.7000000	37.88567473	32.32863625
1886.8000000	37.85335895	32.27329979
1886.9000000	37.81189037	32.20270146
1887.0000000	37.76682092	32.1260893
1887.1000000	37.71771623	32.04274317
1887.2000000	37.66816809	31.95864877
1887.3000000	37.61978881	31.87649345
1887.4000000	37.57507027	31.80042825
1887.5000000	37.53807586	31.7372189
1887.6000000	37.50669207	31.68334003
1887.7000000	37.48580863	31.64692698
1887.8000000	37.47558732	31.62823862
1887.9000000	37.4723084	31.62107626
1888.0000000	37.4801532	31.63241065
1888.1000000	37.49589745	31.65689727
1888.2000000	37.51697412	31.69029746
1888.3000000	37.54688536	31.73847704
1888.4000000	37.58184543	31.79514791
1888.5000000	37.62042712	31.8579249
1888.6000000	37.66329957	31.92790082
1888.7000000	37.70624833	31.99802855
1888.8000000	37.74874039	32.06739158
1888.9000000	37.78723597	32.13007411
1889.0000000	37.82145453	32.18559558
1889.1000000	37.85192827	32.23483899
1889.2000000	37.87345114	32.26914105
1889.3000000	37.8909733	32.29676057
1889.4000000	37.90431838	32.31742378
1889.5000000	37.91140221	32.3276726
1889.6000000	37.91672299	32.33500354
1889.7000000	37.91979928	32.33860958
1889.8000000	37.9230501	32.34250845
1889.9000000	37.9276887	32.34871064
1890.0000000	37.93487715	32.35914691
1890.1000000	37.94694129	32.37769415
1890.2000000	37.96083153	32.39927812
1890.3000000	37.97659183	32.4239758
1890.4000000	37.9889933	32.44308382
1890.5000000	37.99709649	32.45504616
1890.6000000	37.99597911	32.45167407
1890.7000000	37.97967391	32.42303422
1890.8000000	37.95322438	32.37752179
1890.9000000	37.90995038	32.30399698
1891.0000000	37.85581648	32.21236921
1891.1000000	37.7965082	32.11208525
1891.2000000	37.73567205	32.00920159
1891.3000000	37.68260074	31.91918974
1891.4000000	37.63645284	31.8406546
1891.5000000	37.60795322	31.79147017
1891.6000000	37.59224845	31.76356811
1891.7000000	37.58591169	31.75125398
1891.8000000	37.59292036	31.76115969
1891.9000000	37.60300941	31.77619376
1892.0000000	37.61533594	31.79495391
1892.1000000	37.62497262	31.80923361
1892.2000000	37.63104786	31.81758105
1892.3000000	37.63380334	31.82040013
1892.4000000	37.63105329	31.81405298
1892.5000000	37.6281403	31.80743988
1892.6000000	37.62508767	31.80060119
1892.7000000	37.62758607	31.80301422
1892.8000000	37.63444563	31.81269508
1892.9000000	37.64685326	31.83161664
1893.0000000	37.66707564	31.8635505
1893.1000000	37.68965143	31.89939966
1893.2000000	37.71471211	31.93938509
1893.3000000	37.7387035	31.977593
1893.4000000	37.76092104	32.01285602
1893.5000000	37.77989791	32.04273528
1893.6000000	37.79396632	32.06445257
1893.7000000	37.80517609	32.08141654
1893.8000000	37.81219343	32.09139799
1893.9000000	37.8158313	32.09574236
1894.0000000	37.81778144	32.09726396
1894.1000000	37.81781907	32.09558979
1894.2000000	37.81782294	32.09385665
1894.3000000	37.81835541	32.09300982
1894.4000000	37.82111265	32.09588064
1894.5000000	37.82783208	32.10536499
1894.6000000	37.83784351	32.12034582
1894.7000000	37.85599445	32.14889547
1894.8000000	37.88154665	32.18978437
1894.9000000	37.91302219	32.2405526
1895.0000000	37.95758759	32.31313958
1895.1000000	38.01029836	32.39931637
1895.2000000	38.06971669	32.49669611
1895.3000000	38.13926773	32.6109874
1895.4000000	38.20875486	32.72520553
1895.5000000	38.27783707	32.83877405
1895.6000000	38.332032	32.92756368
1895.7000000	38.37161905	32.99203434
1895.8000000	38.39491715	33.02938109
1895.9000000	38.38139395	33.00539691
1896.0000000	38.34981972	32.9513305
1896.1000000	38.2959447	32.86008007
1896.2000000	38.2216754	32.73480688
1896.3000000	38.14381957	32.60350733
1896.4000000	38.06455146	32.46981996
1896.5000000	37.99778612	32.35694069
1896.6000000	37.94057382	32.25996553
1896.7000000	37.89920096	32.18936574
1896.8000000	37.87634171	32.14959516
1896.9000000	37.86287595	32.12546447
1897.0000000	37.86180399	32.12196675
1897.1000000	37.8671291	32.12910977
1897.2000000	37.87501264	32.14050299
1897.3000000	37.88427017	32.15418053
1897.4000000	37.89201847	32.16534597
1897.5000000	37.89844692	32.17431354
1897.6000000	37.9019061	32.17833163
1897.7000000	37.90385925	32.1798326
1897.8000000	37.90523632	32.18036493
1897.9000000	37.90794094	32.1831043
1898.0000000	37.91437836	32.19206948
1898.1000000	37.92405831	32.20646186
1898.2000000	37.94147876	32.23378656
1898.3000000	37.96231741	32.26685286
1898.4000000	37.98574677	32.30428134
1898.5000000	38.00839308	32.34044525
1898.6000000	38.02660245	32.36924895
1898.7000000	38.04044563	32.39079776
1898.8000000	38.04136527	32.39082679
1898.9000000	38.03643902	32.38110941
1899.0000000	38.02495028	32.36043588
1899.1000000	38.00880458	32.33197345
1899.2000000	37.99416304	32.30598824
1899.3000000	37.98222004	32.28448512
1899.4000000	37.98039136	32.27982921
1899.5000000	37.98463666	32.28529547
1899.6000000	37.99705667	32.30437721
1899.7000000	38.01724017	32.33637943
1899.8000000	38.03955891	32.37192317
1899.9000000	38.06365048	32.41040949
1900.0000000	38.08460974	32.44368418
1900.1000000	38.10273897	32.47226235
1900.2000000	38.11492356	32.49095876
1900.3000000	38.12078946	32.49914055
1900.4000000	38.12313923	32.50146347
1900.5000000	38.12135665	32.49689213
1900.6000000	38.11892283	32.49122021
1900.7000000	38.11666223	32.48582212
1900.8000000	38.11626125	32.48351003
1900.9000000	38.11758004	32.48405658
1901.0000000	38.11995628	32.4863639
1901.1000000	38.12284793	32.48953085
1901.2000000	38.12452826	32.49067777
1901.3000000	38.12504685	32.48987982
1901.4000000	38.12272872	32.48434282
1901.5000000	38.11923969	32.47684175
1901.6000000	38.11494024	32.46798247
1901.7000000	38.11088197	32.45952101
1901.8000000	38.10794824	32.45292914
1901.9000000	38.1060181	32.44800177
1902.0000000	38.10669412	32.44740722
1902.1000000	38.10818814	32.44817046
1902.2000000	38.11051764	32.45032105
1902.3000000	38.11204134	32.45112195
1902.4000000	38.11245181	32.45006158
1902.5000000	38.11146228	32.44666879
1902.6000000	38.1083324	32.43971672
1902.7000000	38.10462979	32.43181776
1902.8000000	38.10033678	32.42294053
1902.9000000	38.09746585	32.41643467
1903.0000000	38.0961062	32.41245014
1903.1000000	38.09748574	32.41303638
1903.2000000	38.10217486	32.41914812
1903.3000000	38.1084876	32.42797782
1903.4000000	38.11683155	32.44020105
1903.5000000	38.12623897	32.45419715
1903.6000000	38.13626968	32.46922445
1903.7000000	38.14753303	32.48629145
1903.8000000	38.16115061	32.50726477
1903.9000000	38.17684357	32.53168466
1904.0000000	38.1972651	32.56397742
1904.1000000	38.22135527	32.60238607
1904.2000000	38.24779246	32.64471653
1904.3000000	38.2764134	32.69070331
1904.4000000	38.30341195	32.73401088
1904.5000000	38.32854808	32.77423681
1904.6000000	38.34587413	32.80146911
1904.7000000	38.35691835	32.81824808
1904.8000000	38.3627485	32.82635366
1904.9000000	38.35879368	32.81817942
1905.0000000	38.35160331	32.80463887
1905.1000000	38.34083358	32.78515573
1905.2000000	38.32736029	32.76117814
1905.3000000	38.31388003	32.73718477
1905.4000000	38.30060862	32.71352214
1905.5000000	38.28935262	32.69319481
1905.6000000	38.27887082	32.67413825
1905.7000000	38.26936927	32.65670236
1905.8000000	38.25975359	32.63906737
1905.9000000	38.24970451	32.62069813
1906.0000000	38.23889069	32.6010356
1906.1000000	38.22797187	32.581177
1906.2000000	38.21788003	32.5626845
1906.3000000	38.20937453	32.54683492
1906.4000000	38.20351688	32.53539365
1906.5000000	38.19912547	32.52638112
1906.6000000	38.19744651	32.52186772
1906.7000000	38.19811763	32.52125833
1906.8000000	38.19989789	32.52249498
1906.9000000	38.20227606	32.52473222
1907.0000000	38.20276364	32.52382894
1907.1000000	38.20130612	32.51969473
1907.2000000	38.19447727	32.50662269
1907.3000000	38.18207827	32.48428004
1907.4000000	38.16552326	32.45501912
1907.5000000	38.14170116	32.41365496
1907.6000000	38.11559175	32.36847822
1907.7000000	38.08816378	32.32110069
1907.8000000	38.06457775	32.28011712
1907.9000000	38.0475857	32.25011132
1908.0000000	38.03651245	32.22995988
1908.1000000	38.0419966	32.23738336
1908.2000000	38.05528505	32.2578078
1908.3000000	38.07644302	32.29134779
1908.4000000	38.10619668	32.33921592
1908.5000000	38.13606162	32.38728098
1908.6000000	38.16571438	32.43499879
1908.7000000	38.18842829	32.47115998
1908.8000000	38.2061583	32.49901629
1908.9000000	38.21745349	32.51615013
1909.0000000	38.21980223	32.51837995
1909.1000000	38.21840102	32.5143625
1909.2000000	38.21236479	32.50262518
1909.3000000	38.20341227	32.48603123
1909.4000000	38.19370257	32.46817719
1909.5000000	38.18365732	32.44976603
1909.6000000	38.17500769	32.43368186
1909.7000000	38.16747129	32.41945477
1909.8000000	38.16203089	32.40872162
1909.9000000	38.15841348	32.40102756
1910.0000000	38.15566183	32.39477857
1910.1000000	38.15367802	32.38981206
1910.2000000	38.15073091	32.38324534
1910.3000000	38.14679294	32.37503204
1910.4000000	38.14006236	32.36217011
1910.5000000	38.13104226	32.34549538
1910.6000000	38.12047641	32.32624473
1910.7000000	38.10810416	32.30398257
1910.8000000	38.09609484	32.28232101
1910.9000000	38.08455322	32.26143493
1911.0000000	38.07606165	32.24562648
1911.1000000	38.07016841	32.23414456
1911.2000000	38.06656028	32.22646748
1911.3000000	38.06774117	32.22676424
1911.4000000	38.07059521	32.22984433
1911.5000000	38.0751677	32.23578358
1911.6000000	38.08034323	32.24272597
1911.7000000	38.08437072	32.24775653
1911.8000000	38.08693089	32.25034359
1911.9000000	38.08516529	32.24572481
1912.0000000	38.08143498	32.23783022
1912.1000000	38.07530034	32.22592537
1912.2000000	38.06897741	32.21369996
1912.3000000	38.06466818	32.20482212
1912.4000000	38.06416445	32.20227816
1912.5000000	38.07349819	32.21611623
1912.6000000	38.08942821	32.24093963
1912.7000000	38.11578324	32.28312729
1912.8000000	38.15254461	32.34265394
1912.9000000	38.19406629	32.41012324
1913.0000000	38.24102639	32.48666998
1913.1000000	38.28706394	32.56169996
1913.2000000	38.33067887	32.63270917
1913.3000000	38.3669312	32.69146299
1913.4000000	38.39361022	32.73427306
1913.5000000	38.41355766	32.76586875
1913.6000000	38.42145609	32.77739015
1913.7000000	38.42204909	32.77673238
1913.8000000	38.4176952	32.76781892
1913.9000000	38.4077211	32.74952756
1914.0000000	38.39714475	32.73021837
1914.1000000	38.38628594	32.7104274
1914.2000000	38.37702265	32.69328492
1914.3000000	38.36839655	32.67719717
1914.4000000	38.36031977	32.662021
1914.5000000	38.35041068	32.64379209
1914.6000000	38.33819592	32.62172364
1914.7000000	38.32351494	32.59554851
1914.8000000	38.30460866	32.56233627
1914.9000000	38.28560775	32.52896625
1915.0000000	38.26672302	32.49579047
1915.1000000	38.25404946	32.47296086
1915.2000000	38.24634266	32.45840497
1915.3000000	38.24547634	32.45524262
1915.4000000	38.25402228	32.46775661
1915.5000000	38.2658	32.48565424
1915.6000000	38.28102062	32.5092888
1915.7000000	38.29401415	32.5292184
1915.8000000	38.30384979	32.5438926
1915.9000000	38.30736918	32.54804968
1916.0000000	38.30260931	32.5384176
1916.1000000	38.29354395	32.5216122
1916.2000000	38.27889518	32.49550352
1916.3000000	38.26367452	32.46843777
1916.4000000	38.249466	32.44305387
1916.5000000	38.24019084	32.4258837
1916.6000000	38.23813816	32.4207413
1916.7000000	38.24125467	32.42420864
1916.8000000	38.25382778	32.44342764
1916.9000000	38.27098638	32.47028659
1917.0000000	38.290884	32.50171055
1917.1000000	38.31135405	32.53409108
1917.2000000	38.32849399	32.56092836
1917.3000000	38.34271809	32.58291173
1917.4000000	38.34840616	32.59067966
1917.5000000	38.34952862	32.59084283
1917.6000000	38.34658426	32.58422931
1917.7000000	38.33786722	32.56799672
1917.8000000	38.32739549	32.54883762
1917.9000000	38.31508704	32.52661822
1918.0000000	38.29941431	32.49879707
1918.1000000	38.28157147	32.46736433
1918.2000000	38.26105861	32.431486
1918.3000000	38.23660457	32.38904213
1918.4000000	38.21098837	32.34465881
1918.5000000	38.18421337	32.29834099
1918.6000000	38.15915032	32.25487153
1918.7000000	38.13605387	32.21467684
1918.8000000	38.11636149	32.18015322
1918.9000000	38.10137563	32.15347111
1919.0000000	38.08845918	32.1302386
1919.1000000	38.07806482	32.11120856
1919.2000000	38.06853074	32.0936112
1919.3000000	38.05958547	32.07699213
1919.4000000	38.05166309	32.06207253
1919.5000000	38.04782668	32.05395366
1919.6000000	38.04828906	32.05299299
1919.7000000	38.05987642	32.07056581
1919.8000000	38.08656894	32.11331178
1919.9000000	38.12431963	32.17450015
1920.0000000	38.18365149	32.2716612
1920.1000000	38.25510806	32.3890449
1920.2000000	38.33400567	32.51884677
1920.3000000	38.41840134	32.65782721
1920.4000000	38.49679212	32.78682639
1920.5000000	38.56960894	32.90656119
1920.6000000	38.6219168	32.99215262
1920.7000000	38.66009626	33.05421817
1920.8000000	38.68547612	33.09495613
1920.9000000	38.68794984	33.09752304
1921.0000000	38.68304944	33.08778375
1921.1000000	38.67053574	33.06534304
1921.2000000	38.6525028	33.0336952
1921.3000000	38.63475333	33.00251187
1921.4000000	38.61768188	32.97245943
1921.5000000	38.6051796	32.95003001
1921.6000000	38.59606574	32.93326873
1921.7000000	38.59139166	32.92393418
1921.8000000	38.59377773	32.92638688
1921.9000000	38.59984456	32.93498523
1922.0000000	38.61110021	32.95222299
1922.1000000	38.62751704	32.97803893
1922.2000000	38.6459593	33.00720815
1922.3000000	38.66683204	33.04041532
1922.4000000	38.68637384	33.07141687
1922.5000000	38.70392699	33.09913092
1922.6000000	38.71558095	33.11704444
1922.7000000	38.71947685	33.12204245
1922.8000000	38.71814239	33.11831004
1922.9000000	38.70978424	33.10283725
1923.0000000	38.6996987	33.08443209
1923.1000000	38.68984678	33.06636651
1923.2000000	38.68411199	33.05512531
1923.3000000	38.68312127	33.05177414
1923.4000000	38.68544196	33.05394387
1923.5000000	38.6905192	33.06071811
1923.6000000	38.69281915	33.06287778
1923.7000000	38.69217735	33.0601366
1923.8000000	38.68172634	33.04104569
1923.9000000	38.66668627	33.01429554
1924.0000000	38.64775306	32.98104999
1924.1000000	38.62839949	32.94709841
1924.2000000	38.61388777	32.92120867
1924.3000000	38.60476389	32.90429636
1924.4000000	38.61275753	32.91590381
1924.5000000	38.62999348	32.94291855
1924.6000000	38.65820026	32.98821865
1924.7000000	38.69931772	33.05503535
1924.8000000	38.74354535	33.12704917
1924.9000000	38.79074861	33.20404117
1925.0000000	38.83219347	33.27146727
1925.1000000	38.86686024	33.3276273
1925.2000000	38.88991315	33.36446091
1925.3000000	38.89475051	33.37096447
1925.4000000	38.88953291	33.36072719
1925.5000000	38.87011994	33.32685611
1925.6000000	38.84230579	33.27901001
1925.7000000	38.81206149	33.22713933
1925.8000000	38.78258496	33.17657079
1925.9000000	38.76178871	33.14047585
1926.0000000	38.74762516	33.11543341
1926.1000000	38.74779716	33.11426173
1926.2000000	38.75804491	33.12985522
1926.3000000	38.77441296	33.15562103
1926.4000000	38.79743922	33.1924569
1926.5000000	38.82047363	33.22929223
1926.6000000	38.84328834	33.26575088
1926.7000000	38.86399469	33.29868749
1926.8000000	38.88603039	33.33383025
1926.9000000	38.90975685	33.37178959
1927.0000000	38.94245766	33.42470478
1927.1000000	38.98235998	33.48962709
1927.2000000	39.02843403	33.56483857
1927.3000000	39.08590549	33.65903761
1927.4000000	39.14431724	33.75480377
1927.5000000	39.20399361	33.8526781
1927.6000000	39.25461825	33.93548049
1927.7000000	39.29525944	34.0016627
1927.8000000	39.32331497	34.04689414
1927.9000000	39.32281763	34.04457953
1928.0000000	39.30577648	34.0147153
1928.1000000	39.26591158	33.94682446
1928.2000000	39.20005096	33.83560263
1928.3000000	39.12357973	33.70666161
1928.4000000	39.03626177	33.55960344
1928.5000000	38.95084263	33.41566814
1928.6000000	38.87116276	33.28126986
1928.7000000	38.80466391	33.1688185
1928.8000000	38.75827846	33.08987143
1928.9000000	38.72447367	33.03189056
1929.0000000	38.71108823	33.00793996
1929.1000000	38.71224584	33.00823673
1929.2000000	38.72158646	33.0221813
1929.3000000	38.74116789	33.0531866
1929.4000000	38.76599217	33.09291078
1929.5000000	38.79434883	33.13849837
1929.6000000	38.82871054	33.19407667
1929.7000000	38.86625194	33.25496446
1929.8000000	38.90589884	33.3193923
1929.9000000	38.94366937	33.38072171
1930.0000000	38.97444653	33.43041051
1930.1000000	38.99907342	33.46985074
1930.2000000	39.0057667	33.47941845
1930.3000000	39.00095468	33.46981729
1930.4000000	38.98513002	33.44185949
1930.5000000	38.9503141	33.38224993
1930.6000000	38.91100998	33.31514344
1930.7000000	38.86678154	33.23981336
1930.8000000	38.82705614	33.17196531
1930.9000000	38.79527866	33.11734657
1931.0000000	38.77425418	33.08064525
1931.1000000	38.77610983	33.08208223
1931.2000000	38.78958413	33.10292426
1931.3000000	38.81740855	33.1477274
1931.4000000	38.85443481	33.20790603
1931.5000000	38.89133542	33.26791199
1931.6000000	38.92481694	33.32224447
1931.7000000	38.94473919	33.35398875
1931.8000000	38.9554832	33.37041927
1931.9000000	38.95223622	33.36350156
1932.0000000	38.93868566	33.33937168
1932.1000000	38.92111861	33.30851439
1932.2000000	38.89994596	33.27163216
1932.3000000	38.87910163	33.23528946
1932.4000000	38.85843031	33.19922706
1932.5000000	38.83879433	33.16487692
1932.6000000	38.82025012	33.13233207
1932.7000000	38.80288673	33.1017475
1932.8000000	38.78834703	33.07586624
1932.9000000	38.7775527	33.05622592
1933.0000000	38.76985969	33.04175424
1933.1000000	38.77011362	33.0405229
1933.2000000	38.77495447	33.04693621
1933.3000000	38.78345972	33.05945582
1933.4000000	38.79553701	33.07792452
1933.5000000	38.80612859	33.09391557
1933.6000000	38.81539693	33.10769956
1933.7000000	38.81695369	33.10863779
1933.8000000	38.81417829	33.10235774
1933.9000000	38.80638143	33.08770561
1934.0000000	38.79223921	33.0624716
1934.1000000	38.77689024	33.03521793
1934.2000000	38.76055653	33.00632693
1934.3000000	38.74569233	32.97988609
1934.4000000	38.73197556	32.95534576
1934.5000000	38.72035119	32.93427391
1934.6000000	38.71199336	32.91863368
1934.7000000	38.70525464	32.90568823
1934.8000000	38.70049953	32.8960482
1934.9000000	38.69678269	32.88813992
1935.0000000	38.69323574	32.88051616
1935.1000000	38.68947422	32.87253586
1935.2000000	38.68417534	32.86199685
1935.3000000	38.67744478	32.84907653
1935.4000000	38.66752332	32.83084535
1935.5000000	38.65391287	32.80647217
1935.6000000	38.63799189	32.77825021
1935.7000000	38.61885311	32.74466633
1935.8000000	38.6000342	32.71161177
1935.9000000	38.58228919	32.68034337
1936.0000000	38.57072592	32.65937007
1936.1000000	38.56743111	32.65216932
1936.2000000	38.57093053	32.65628723
1936.3000000	38.590093	32.68649539
1936.4000000	38.61742008	32.73030628
1936.5000000	38.6513751	32.78516221
1936.6000000	38.69196638	32.85107912
1936.7000000	38.73024552	32.91315576
1936.8000000	38.76634748	32.97161878
1936.9000000	38.78771104	33.00554721
1937.0000000	38.79908227	33.02284318
1937.1000000	38.7989903	33.02105124
1937.2000000	38.77916712	32.98639442
1937.3000000	38.75131772	32.93836122
1937.4000000	38.71398373	32.87451842
1937.5000000	38.66857784	32.79721935
1937.6000000	38.62090805	32.71614156
1937.7000000	38.57112425	32.6315402
1937.8000000	38.52326083	32.55013654
1937.9000000	38.47872683	32.47427484
1938.0000000	38.44110922	32.40992411
1938.1000000	38.42107414	32.37484385
1938.2000000	38.41533172	32.36355433
1938.3000000	38.43575664	32.3958376
1938.4000000	38.48830225	32.4816245
1938.5000000	38.55967535	32.59879411
1938.6000000	38.65959501	32.76354983
1938.7000000	38.77145529	32.94824332
1938.8000000	38.88611209	33.13764274
1938.9000000	38.99327527	33.31460252
1939.0000000	39.07971449	33.45707716
1939.1000000	39.14953865	33.57189764
1939.2000000	39.18303574	33.62621702
1939.3000000	39.19248589	33.64047577
1939.4000000	39.18403838	33.6249114
1939.5000000	39.14965673	33.56613996
1939.6000000	39.10751266	33.49442727
1939.7000000	39.0586264	33.41146422
1939.8000000	39.00875268	33.32682603
1939.9000000	38.96288954	33.24883262
1940.0000000	38.92136337	33.17803271
1940.1000000	38.89226327	33.12790665
1940.2000000	38.86859503	33.08681335
1940.3000000	38.85108443	33.05597035
1940.4000000	38.83797425	33.03245574
1940.5000000	38.82361354	33.00685861
1940.6000000	38.80694652	32.97741887
1940.7000000	38.78134395	32.93309481
1940.8000000	38.75036472	32.87981471
1940.9000000	38.7118864	32.81404549
1941.0000000	38.66774408	32.73884371
1941.1000000	38.62321906	32.66300253
1941.2000000	38.58074095	32.59056309
1941.3000000	38.54775511	32.53391935
1941.4000000	38.52130126	32.48813917
1941.5000000	38.5059909	32.46090632
1941.6000000	38.49912023	32.44772708
1941.7000000	38.49604516	32.44087446
1941.8000000	38.49616727	32.4393546
1941.9000000	38.49600203	32.43736039
1942.0000000	38.49622501	32.43601172
1942.1000000	38.49875813	32.43850846
1942.2000000	38.50964069	32.45491616
1942.3000000	38.52790046	32.483628
1942.4000000	38.56687563	32.54686922
1942.5000000	38.62176524	32.63664798
1942.6000000	38.68838441	32.74598717
1942.7000000	38.77140763	32.88265896
1942.8000000	38.85365943	33.01804502
1942.9000000	38.93451835	33.15110345
1943.0000000	38.99695163	33.25346449
1943.1000000	39.04437575	33.33081603
1943.2000000	39.07708766	33.38364485
1943.3000000	39.08433574	33.39403712
1943.4000000	39.08534291	33.39400814
1943.5000000	39.0798718	33.38317009
1943.6000000	39.0783808	33.37894941
1943.7000000	39.08289548	33.38472358
1943.8000000	39.09562082	33.4041668
1943.9000000	39.11775118	33.43927107
1944.0000000	39.14041542	33.47526815
1944.1000000	39.16188815	33.50929624
1944.2000000	39.16919448	33.51975521
1944.3000000	39.16539375	33.51174283
1944.4000000	39.14289079	33.47261052
1944.5000000	39.09977833	33.39918964
1944.6000000	39.04562519	33.30739469
1944.7000000	38.97864717	33.19422733
1944.8000000	38.91127037	33.08036233
1944.9000000	38.84702514	32.9716811
1945.0000000	38.79492897	32.88321427
1945.1000000	38.7602494	32.82374181
1945.2000000	38.73850711	32.78580367
1945.3000000	38.7424357	32.7906142
1945.4000000	38.76614054	32.82837319
1945.5000000	38.80399429	32.88972199
1945.6000000	38.86529379	32.99014957
1945.7000000	38.93660507	33.10728103
1945.8000000	39.01439542	33.23522708
1945.9000000	39.09341638	33.3652423
1946.0000000	39.16393657	33.48111916
1946.1000000	39.22696232	33.58453341
1946.2000000	39.26511796	33.64653674
1946.3000000	39.29031903	33.68696695
1946.4000000	39.30303727	33.70661347
1946.5000000	39.3013247	33.70223014
1946.6000000	39.29870742	33.69633317
1946.7000000	39.29520964	33.68894221
1946.8000000	39.30119545	33.69731373
1946.9000000	39.31282762	33.71507065
1947.0000000	39.33121356	33.74406503
1947.1000000	39.3516665	33.77649855
1947.2000000	39.36957485	33.80469635
1947.3000000	39.38191406	33.82362046
1947.4000000	39.38205551	33.8222276
1947.5000000	39.37604717	33.81059301
1947.6000000	39.36174107	33.78514466
1947.7000000	39.34470034	33.75515455
1947.8000000	39.32807641	33.72587167
1947.9000000	39.31500437	33.70251255
1948.0000000	39.3093076	33.69143551
1948.1000000	39.3084872	33.68847198
1948.2000000	39.31633422	33.69993274
1948.3000000	39.32940571	33.72008307
1948.4000000	39.34551159	33.7452799
1948.5000000	39.36446631	33.77522445
1948.6000000	39.38340849	33.80516708
1948.7000000	39.40217788	33.83485327
1948.8000000	39.41802815	33.85971222
1948.9000000	39.43084859	33.8795561
1949.0000000	39.44099975	33.89498073
1949.1000000	39.44525967	33.90061778
1949.2000000	39.44529402	33.89923909
1949.3000000	39.44121959	33.89103011
1949.4000000	39.42707853	33.86605232
1949.5000000	39.40676231	33.83076854
1949.6000000	39.38009102	33.78485862
1949.7000000	39.34409714	33.72337329
1949.8000000	39.30567524	33.65780002
1949.9000000	39.26474157	33.5880085
1950.0000000	39.22508919	33.5203234
1950.1000000	39.18857049	33.45783724
1950.2000000	39.15660226	33.40291862
1950.3000000	39.13429075	33.36407904
1950.4000000	39.11718759	33.3339138
1950.5000000	39.10714473	33.31550961
1950.6000000	39.10323993	33.30733068
1950.7000000	39.10159625	33.30291855
1950.8000000	39.1022356	33.30230847
1950.9000000	39.10336073	33.30250678
1951.0000000	39.10503742	33.30362314
1951.1000000	39.10789285	33.30670161
1951.2000000	39.11539366	33.31751477
1951.3000000	39.1273614	33.33576541
1951.4000000	39.14992456	33.37166245
1951.5000000	39.18458072	33.42770757
1951.6000000	39.22745088	33.49745548
1951.7000000	39.28325321	33.58878247
1951.8000000	39.34262301	33.68610405
1951.9000000	39.40295988	33.78508973
1952.0000000	39.45625184	33.87239005
1952.1000000	39.49888123	33.94196686
1952.2000000	39.53197925	33.99568098
1952.3000000	39.54525462	34.0163703
1952.4000000	39.54846484	34.02027465
1952.5000000	39.54331846	34.01023738
1952.6000000	39.52527582	33.97870119
1952.7000000	39.50216538	33.93871058
1952.8000000	39.47365157	33.88971112
1952.9000000	39.4364893	33.82630084
1953.0000000	39.39703979	33.75907737
1953.1000000	39.35461053	33.68687839
1953.2000000	39.31548375	33.62014359
1953.3000000	39.28209854	33.5629165
1953.4000000	39.25826068	33.5215381
1953.5000000	39.25367176	33.51218925
1953.6000000	39.25881273	33.51903761
1953.7000000	39.27621391	33.54631383
1953.8000000	39.29946777	33.58335342
1953.9000000	39.32227176	33.61965945
1954.0000000	39.34103084	33.64924097
1954.1000000	39.34996457	33.66246338
1954.2000000	39.35306677	33.66597267
1954.3000000	39.34756362	33.65514503
1954.4000000	39.3380265	33.63759259
1954.5000000	39.32691585	33.61741328
1954.6000000	39.31563374	33.59694376
1954.7000000	39.30523671	33.57794684
1954.8000000	39.29520535	33.55956046
1954.9000000	39.284697	33.54038306
1955.0000000	39.27209766	33.5177275
1955.1000000	39.25771759	33.49211061
1955.2000000	39.23903802	33.45933698
1955.3000000	39.21774846	33.42221968
1955.4000000	39.19437908	33.38164085
1955.5000000	39.16870225	33.33722082
1955.6000000	39.14383471	33.29415061
1955.7000000	39.11974889	33.25238457
1955.8000000	39.10300765	33.22285323
1955.9000000	39.09251516	33.20373101
1956.0000000	39.08869979	33.19573032
1956.1000000	39.09997051	33.21285539
1956.2000000	39.1176518	33.24065666
1956.3000000	39.14277105	33.28084565
1956.4000000	39.1738687	33.33099277
1956.5000000	39.20498681	33.38117689
1956.6000000	39.23531024	33.43004243
1956.7000000	39.26006857	33.46964527
1956.8000000	39.28148019	33.50367931
1956.9000000	39.29814364	33.52980749
1957.0000000	39.31208435	33.55139946
1957.1000000	39.32631443	33.57347035
1957.2000000	39.34283795	33.59935929
1957.3000000	39.36566086	33.63574191
1957.4000000	39.39228391	33.67845759
1957.5000000	39.42473055	33.73087593
1957.6000000	39.45757141	33.78395209
1957.7000000	39.48831066	33.83352939
1957.8000000	39.51019637	33.86836472
1957.9000000	39.51826162	33.88019013
1958.0000000	39.51645787	33.87558727
1958.1000000	39.49663542	33.84097605
1958.2000000	39.47132051	33.7972081
1958.3000000	39.44379417	33.74973615
1958.4000000	39.42776557	33.72138471
1958.5000000	39.42883478	33.72147927
1958.6000000	39.44446552	33.74580888
1958.7000000	39.48861114	33.8176366
1958.8000000	39.53860433	33.89923424
1958.9000000	39.593462	33.9889783
1959.0000000	39.62890197	34.04642071
1959.1000000	39.6437922	34.06966402
1959.2000000	39.63629129	34.05562595
1959.3000000	39.58379647	33.96664974
1959.4000000	39.51436127	33.84945424
1959.5000000	39.42513505	33.69928376
1959.6000000	39.32612924	33.53280468
1959.7000000	39.22884399	33.3691637
1959.8000000	39.13709106	33.21470669
1959.9000000	39.06224981	33.08839093
1960.0000000	38.99677023	32.9776498
1960.1000000	38.94490442	32.88957276
1960.2000000	38.90858234	32.82737805
1960.3000000	38.88169885	32.78089745
1960.4000000	38.86945172	32.75878679
1960.5000000	38.87581216	32.76766043
1960.6000000	38.89399722	32.79622357
1960.7000000	38.93132459	32.85666668
1960.8000000	38.98296747	32.94095474
1960.9000000	39.04168439	33.03703008
1961.0000000	39.10749738	33.14493068
1961.1000000	39.17024134	33.24772536
1961.2000000	39.22918313	33.34419001
1961.3000000	39.27611385	33.42064972
1961.4000000	39.31180283	33.47838379
1961.5000000	39.33908978	33.52212201
1961.6000000	39.35120141	33.54058514
1961.7000000	39.35569439	33.54636153
1961.8000000	39.35404128	33.54190578
1961.9000000	39.34303999	33.52188511
1962.0000000	39.32818556	33.49545035
1962.1000000	39.30976438	33.46307589
1962.2000000	39.28658022	33.42276738
1962.3000000	39.26265904	33.38122922
1962.4000000	39.23796673	33.33840529
1962.5000000	39.21589359	33.29994324
1962.6000000	39.1965401	33.26601048
1962.7000000	39.18069584	33.23792108
1962.8000000	39.1717471	33.22131415
1962.9000000	39.16567692	33.20950052
1963.0000000	39.16312548	33.20354944
1963.1000000	39.16158784	33.19929256
1963.2000000	39.15912676	33.19350553
1963.3000000	39.15445818	33.18404942
1963.4000000	39.14492175	33.16649066
1963.5000000	39.13263297	33.14434949
1963.6000000	39.11640655	33.11564917
1963.7000000	39.09875872	33.08457863
1963.8000000	39.08125406	33.05374259
1963.9000000	39.06572669	33.02619492
1964.0000000	39.05402541	33.0050149
1964.1000000	39.04477628	32.98791572
1964.2000000	39.03947884	32.97739746
1964.3000000	39.03533367	32.96880035
1964.4000000	39.03171483	32.96108285
1964.5000000	39.02781444	32.95289729
1964.6000000	39.02509685	32.94667669
1964.7000000	39.02389774	32.94297251
1964.8000000	39.03010756	32.95159016
1964.9000000	39.04446039	32.9737518
1965.0000000	39.06556776	33.00715109
1965.1000000	39.10105212	33.06449346
1965.2000000	39.14129252	33.12976747
1965.3000000	39.18587277	33.20228839
1965.4000000	39.23168808	33.27688677
1965.5000000	39.27545702	33.34809754
1965.6000000	39.31700713	33.4156328
1965.7000000	39.35432198	33.47612887
1965.8000000	39.39062224	33.53494167
1965.9000000	39.42590311	33.59205464
1966.0000000	39.46266135	33.65162254
1966.1000000	39.50066317	33.71325732
1966.2000000	39.54066381	33.77822261
1966.3000000	39.58373817	33.84831724
1966.4000000	39.62861586	33.92143412
1966.5000000	39.67610323	33.99892585
1966.6000000	39.72604383	34.08053978
1966.7000000	39.77635575	34.16281023
1966.8000000	39.82610364	34.24417764
1966.9000000	39.86995812	34.31575713
1967.0000000	39.90749453	34.37682774
1967.1000000	39.93180875	34.41587422
1967.2000000	39.93903749	34.42645009
1967.3000000	39.93489702	34.41807501
1967.4000000	39.91067406	34.37623264
1967.5000000	39.87236776	34.31090358
1967.6000000	39.82457402	34.22972869
1967.7000000	39.76552393	34.1297544
1967.8000000	39.70393469	34.02550591
1967.9000000	39.64139277	33.9196433
1968.0000000	39.5812042	33.81768698
1968.1000000	39.52576373	33.72363246
1968.2000000	39.47441406	33.63638737
1968.3000000	39.43799299	33.57400483
1968.4000000	39.41242252	33.52969609
1968.5000000	39.39709512	33.50245105
1968.6000000	39.40355965	33.5115039
1968.7000000	39.41793309	33.53373146
1968.8000000	39.44102689	33.57048387
1968.9000000	39.47114468	33.61893579
1969.0000000	39.50134265	33.66752367
1969.1000000	39.53117217	33.71550257
1969.2000000	39.55746077	33.75758998
1969.3000000	39.5822139	33.79712548
1969.4000000	39.6050747	33.83351235
1969.5000000	39.62746634	33.86911863
1969.6000000	39.64983254	33.90468452
1969.7000000	39.67250529	33.94076914
1969.8000000	39.6936693	33.97435959
1969.9000000	39.71287471	34.00471541
1970.0000000	39.72745085	34.02739286
1970.1000000	39.73482692	34.03810823
1970.2000000	39.73755815	34.0411112
1970.3000000	39.73296897	34.03193493
1970.4000000	39.72407109	34.0155801
1970.5000000	39.71321594	33.99595422
1970.6000000	39.7022441	33.97612236
1970.7000000	39.69401269	33.9608495
1970.8000000	39.68804929	33.94935463
1970.9000000	39.68687136	33.94583198
1971.0000000	39.68872163	33.94735324
1971.1000000	39.69294231	33.95282494
1971.2000000	39.70098952	33.96468092
1971.3000000	39.71091962	33.97969643
1971.4000000	39.72230355	33.9971655
1971.5000000	39.7336189	34.01454907
1971.6000000	39.7420642	34.02716764
1971.7000000	39.74731817	34.03446287
1971.8000000	39.74137785	34.02308787
1971.9000000	39.72789207	33.99911171
1972.0000000	39.70655679	33.96203519
1972.1000000	39.67103233	33.90131516
1972.2000000	39.6302843	33.83189536
1972.3000000	39.58279802	33.75125018
1972.4000000	39.53259616	33.66606385
1972.5000000	39.48386451	33.583293
1972.6000000	39.43894695	33.50683743
1972.7000000	39.40414149	33.44719505
1972.8000000	39.37552997	33.39785097
1972.9000000	39.35598688	33.36360167
1973.0000000	39.34519733	33.34392961
1973.1000000	39.33861122	33.33126115
1973.2000000	39.33726836	33.32733066
1973.3000000	39.33947138	33.32931071
1973.4000000	39.34375666	33.33476111
1973.5000000	39.3511535	33.34539381
1973.6000000	39.36091779	33.3599693
1973.7000000	39.37194227	33.37664518
1973.8000000	39.38410957	33.39522744
1973.9000000	39.39491726	33.4115476
1974.0000000	39.40427648	33.42545529
1974.1000000	39.40890467	33.43148146
1974.2000000	39.40979127	33.43127385
1974.3000000	39.40795272	33.42652669
1974.4000000	39.40273809	33.41615718
1974.5000000	39.39756427	33.40585662
1974.6000000	39.39251211	33.39575948
1974.7000000	39.39028146	33.39036161
1974.8000000	39.38973666	33.38777092
1974.9000000	39.39081855	33.3878878
1975.0000000	39.39290876	33.38968175
1975.1000000	39.39400393	33.38981623
1975.2000000	39.39392399	33.38799248
1975.3000000	39.39051959	33.38063164
1975.4000000	39.38614746	33.37165904
1975.5000000	39.38070773	33.36090776
1975.6000000	39.3768627	33.35281145
1975.7000000	39.37498692	33.34799448
1975.8000000	39.37620079	33.34832466
1975.9000000	39.38169425	33.35578578
1976.0000000	39.38873692	33.36583099
1976.1000000	39.39736349	33.37851656
1976.2000000	39.40524554	33.3899617
1976.3000000	39.41226487	33.39996805
1976.4000000	39.41749221	33.40698832
1976.5000000	39.42145086	33.41189613
1976.6000000	39.42505021	33.41620751
1976.7000000	39.42889796	33.4209351
1976.8000000	39.43403511	33.42781174
1976.9000000	39.44001386	33.43608982
1977.0000000	39.44740696	33.44672108
1977.1000000	39.45523745	33.45807643
1977.2000000	39.46334706	33.46989173
1977.3000000	39.47180604	33.48228479
1977.4000000	39.48137602	33.49652559
1977.5000000	39.49203966	33.51258683
1977.6000000	39.50693694	33.53569882
1977.7000000	39.52549391	33.56490553
1977.8000000	39.54711052	33.59920692
1977.9000000	39.5738863	33.64210062
1978.0000000	39.60038697	33.6845389
1978.1000000	39.6266823	33.72664326
1978.2000000	39.6439391	33.75370441
1978.3000000	39.65292697	33.76700338
1978.4000000	39.65224513	33.7642033
1978.5000000	39.63144852	33.72790384
1978.6000000	39.601798	33.67685654
1978.7000000	39.56139534	33.60789584
1978.8000000	39.51423149	33.52766584
1978.9000000	39.46795749	33.44890889
1979.0000000	39.42512229	33.37587303
1979.1000000	39.39565534	33.3251004
1979.2000000	39.37469271	33.28849367
1979.3000000	39.36685565	33.27375101
1979.4000000	39.37012082	33.27750249
1979.5000000	39.37755641	33.28820286
1979.6000000	39.38831034	33.30443273
1979.7000000	39.39575824	33.31515871
1979.8000000	39.4000522	33.32063298
1979.9000000	39.39714073	33.31410599
1980.0000000	39.38779462	33.29685938
1980.1000000	39.37440963	33.27288233
1980.2000000	39.35521247	33.2392216
1980.3000000	39.33305608	33.20062992
1980.4000000	39.30894334	33.15877854
1980.5000000	39.28291865	33.11374099
1980.6000000	39.2577573	33.0701368
1980.7000000	39.2337735	33.02848547
1980.8000000	39.21719414	32.99915549
1980.9000000	39.20927264	32.98423495
1981.0000000	39.20895546	32.98197313
1981.1000000	39.22908275	33.01376012
1981.2000000	39.25917289	33.0621441
1981.3000000	39.29904659	33.12683095
1981.4000000	39.35075164	33.21123257
1981.5000000	39.40333657	33.29710842
1981.6000000	39.45668677	33.38426452
1981.7000000	39.50591309	33.46455534
1981.8000000	39.55305414	33.54137499
1981.9000000	39.59780201	33.61421072
1982.0000000	39.64314448	33.68803898
1982.1000000	39.68931194	33.76324411
1982.2000000	39.73701285	33.84100796
1982.3000000	39.78259578	33.91525277
1982.4000000	39.82358117	33.98185276
1982.5000000	39.85542854	34.03324793
1982.6000000	39.86801134	34.05257027
1982.7000000	39.86730302	34.04976321
1982.8000000	39.84398644	34.009301
1982.9000000	39.79921846	33.93310206
1983.0000000	39.74200587	33.83616477
1983.1000000	39.66777846	33.71087832
1983.2000000	39.58582111	33.57270948
1983.3000000	39.4997078	33.42761128
1983.4000000	39.41328853	33.28199401
1983.5000000	39.33371778	33.14777064
1983.6000000	39.26056494	33.02422298
1983.7000000	39.20859312	32.93594145
1983.8000000	39.1770773	32.88172601
1983.9000000	39.1624368	32.85562393
1984.0000000	39.18541215	32.89218647
1984.1000000	39.22730805	32.96028107
1984.2000000	39.28514123	33.05493764
1984.3000000	39.36088781	33.17944296
1984.4000000	39.43505229	33.30132223
1984.5000000	39.50760506	33.42052056
1984.6000000	39.56199563	33.50946936
1984.7000000	39.60394606	33.57769642
1984.8000000	39.63163453	33.62216555
1984.9000000	39.63736373	33.63005468
1985.0000000	39.6356141	33.62547931
1985.1000000	39.62537188	33.60675117
1985.2000000	39.61347864	33.58526798
1985.3000000	39.6041993	33.5681369
1985.4000000	39.60012052	33.55966923
1985.5000000	39.60605876	33.56788925
1985.6000000	39.61687148	33.58423491
1985.7000000	39.63405197	33.61119748
1985.8000000	39.6527676	33.64073211
1985.9000000	39.67047196	33.66859785
1986.0000000	39.68405979	33.68961936
1986.1000000	39.69000608	33.69791827
1986.2000000	39.6907977	33.69763019
1986.3000000	39.68274772	33.68260946
1986.4000000	39.66959334	33.6590765
1986.5000000	39.65433066	33.63201931
1986.6000000	39.64038246	33.60713953
1986.7000000	39.63549374	33.59734002
1986.8000000	39.6387412	33.60108539
1986.9000000	39.66510305	33.64332304
1987.0000000	39.70987078	33.71621571
1987.1000000	39.7689793	33.81300507
1987.2000000	39.85245576	33.95040523
1987.3000000	39.94202582	34.09798668
1987.4000000	40.03575551	34.25251612
1987.5000000	40.12159957	34.39391344
1987.6000000	40.19500746	34.51459446
1987.7000000	40.25683305	34.61599082
1987.8000000	40.2887368	34.66756238
1987.9000000	40.30592517	34.69463682
1988.0000000	40.3058191	34.6929155
1988.1000000	40.28432396	34.65557607
1988.2000000	40.2564978	34.60769928
1988.3000000	40.22192776	34.54859944
1988.4000000	40.18762326	34.4899521
1988.5000000	40.15609791	34.43593969
1988.6000000	40.12991712	34.3908263
1988.7000000	40.11401494	34.36282139
1988.8000000	40.10362199	34.34397456
1988.9000000	40.10118836	34.33836093
1989.0000000	40.10480447	34.34280087
1989.1000000	40.1117988	34.35285555
1989.2000000	40.12313549	34.37014797
1989.3000000	40.13888713	34.39482251
1989.4000000	40.15798218	34.42511129
1989.5000000	40.18254228	34.46455854
1989.6000000	40.21134384	34.51112457
1989.7000000	40.24161097	34.56017098
1989.8000000	40.271484	34.6085788
1989.9000000	40.29457957	34.64568878
1990.0000000	40.31150196	34.67248441
1990.1000000	40.31367165	34.67466089
1990.2000000	40.30546538	34.65950261
1990.3000000	40.28967094	34.63165706
1990.4000000	40.26279432	34.58531473
1990.5000000	40.23420487	34.53609485
1990.6000000	40.20438437	34.48481854
1990.7000000	40.17620422	34.43628167
1990.8000000	40.14919692	34.38971028
1990.9000000	40.12295507	34.34442068
1991.0000000	40.09589734	34.29776057
1991.1000000	40.06712155	34.24821794
1991.2000000	40.03679066	34.19606693
1991.3000000	40.00333973	34.13869882
1991.4000000	39.96918185	34.08012598
1991.5000000	39.93471891	34.02101813
1991.6000000	39.90373511	33.9676871
1991.7000000	39.87586344	33.91952973
1991.8000000	39.85280016	33.87937643
1991.9000000	39.83762373	33.85235778
1992.0000000	39.8272234	33.8332942
1992.1000000	39.8240787	33.82631496
1992.2000000	39.82819305	33.83142503
1992.3000000	39.83630655	33.8431952
1992.4000000	39.85003542	33.86431828
1992.5000000	39.86749385	33.89165414
1992.6000000	39.88700413	33.92240789
1992.7000000	39.90918138	33.95760284
1992.8000000	39.93313224	33.99575126
1992.9000000	39.95832013	34.03596229
1993.0000000	39.98560492	34.07967214
1993.1000000	40.01346956	34.12435765
1993.2000000	40.04127867	34.16896101
1993.3000000	40.06621594	34.20878848
1993.4000000	40.08634545	34.24061074
1993.5000000	40.10232009	34.26551012
1993.6000000	40.10758386	34.27256506
1993.7000000	40.10715673	34.27013609
1993.8000000	40.10176019	34.2594265
1993.9000000	40.09023992	34.23851597
1994.0000000	40.07842802	34.21712053
1994.1000000	40.06629421	34.19519272
1994.2000000	40.05703346	34.17805593
1994.3000000	40.04917713	34.16326528
1994.4000000	40.04294608	34.15118837
1994.5000000	40.03708416	34.13973184
1994.6000000	40.03036444	34.12685095
1994.7000000	40.0222609	34.11166834
1994.8000000	40.01133214	34.09178258
1994.9000000	39.99927142	34.0700137
1995.0000000	39.98588114	34.04603252
1995.1000000	39.97289376	34.02272383
1995.2000000	39.96084779	34.00098273
1995.3000000	39.95093253	33.98278676
1995.4000000	39.94451301	33.97040506
1995.5000000	39.94027306	33.96164357
1995.6000000	39.93958242	33.95878472
1995.7000000	39.94138657	33.96007735
1995.8000000	39.94432157	33.96325504
1995.9000000	39.94774003	33.96724305
1996.0000000	39.94931393	33.96816438
1996.1000000	39.94921356	33.96630054
1996.2000000	39.94489359	33.95740948
1996.3000000	39.93807186	33.94434982
1996.4000000	39.92977779	33.92883489
1996.5000000	39.92175585	33.91377035
1996.6000000	39.9170407	33.90421126
1996.7000000	39.9152559	33.89953224
1996.8000000	39.92200786	33.9090727
1996.9000000	39.93290458	33.92551937
1997.0000000	39.94746879	33.94807779
1997.1000000	39.96516395	33.97585316
1997.2000000	39.98189945	34.00203087
1997.3000000	39.99760645	34.02649467
1997.4000000	40.00895287	34.0436946
1997.5000000	40.01839365	34.05771999
1997.6000000	40.02566119	34.06812796
1997.7000000	40.03187923	34.07679358
1997.8000000	40.0384894	34.08611964
1997.9000000	40.04580703	34.09662966
1998.0000000	40.05417434	34.10888808
1998.1000000	40.062421	34.12093962
1998.2000000	40.07024588	34.13227875
1998.3000000	40.07573524	34.13971739
1998.4000000	40.07946048	34.14420833
1998.5000000	40.08014658	34.14363002
1998.6000000	40.07780782	34.13800882
1998.7000000	40.07396731	34.12988284
1998.8000000	40.06825184	34.11863066
1998.9000000	40.06210413	34.10665428
1999.0000000	40.05589743	34.09457474
1999.1000000	40.05019953	34.08333773
1999.2000000	40.04505445	34.07301824
1999.3000000	40.04026539	34.06329032
1999.4000000	40.03582823	34.05414784
1999.5000000	40.03151523	34.04521087
1999.6000000	40.02733657	34.03649557
1999.7000000	40.02383148	34.02890004
1999.8000000	40.02108195	34.02256168
1999.9000000	40.01895037	34.01725226
2000.0000000	40.01778174	34.01354629
2000.1000000	40.01624451	34.0092261
2000.2000000	40.01440539	34.00440478
2000.3000000	40.00944492	33.99439049
2000.4000000	40.00237719	33.9808763
2000.5000000	39.99292765	33.96340638
2000.6000000	39.98013436	33.9403763
2000.7000000	39.96713189	33.91700267
2000.8000000	39.95412634	33.89362451
2000.9000000	39.94556183	33.87764154
2001.0000000	39.94062208	33.86769417
2001.1000000	39.94084854	33.8663508
2001.2000000	39.94834851	33.87712323
2001.3000000	39.95888675	33.89295957
2001.4000000	39.97305012	33.91483785
2001.5000000	39.98753805	33.93725961
2001.6000000	40.0006297	33.95735671
2001.7000000	40.01009475	33.97141341
2001.8000000	40.01242044	33.97358015
2001.9000000	40.00979181	33.96749823
2002.0000000	39.99834367	33.94673153
2002.1000000	39.97877234	33.91243899
2002.2000000	39.95422173	33.86985413
2002.3000000	39.92268638	33.81563406
2002.4000000	39.88867714	33.75728962
2002.5000000	39.8535908	33.69714689
2002.6000000	39.82010585	33.63966762
2002.7000000	39.79060983	33.58882862
2002.8000000	39.76446902	33.54357369
2002.9000000	39.74699259	33.51274435
2003.0000000	39.73517151	33.49132969
2003.1000000	39.72799973	33.47765703
2003.2000000	39.72869828	33.47709409
2003.3000000	39.73229036	33.48135409
2003.4000000	39.7385639	33.49008351
2003.5000000	39.74797245	33.50403569
2003.6000000	39.75813985	33.51925079
2003.7000000	39.76912595	33.53582724
2003.8000000	39.78071685	33.55340957
2003.9000000	39.7920364	33.57054073
2004.0000000	39.80295484	33.58700759
2004.1000000	39.81105758	33.59879029
2004.2000000	39.81655974	33.60624692
2004.3000000	39.818283	33.60741294
2004.4000000	39.81334414	33.59748276
2004.5000000	39.80511116	33.58206205
2004.6000000	39.79247122	33.5592943
2004.7000000	39.77853773	33.53436373
2004.8000000	39.76582292	33.51145558
2004.9000000	39.75708145	33.49516035
2005.0000000	39.75701143	33.49330572
2005.1000000	39.7625961	33.50086958
2005.2000000	39.77762377	33.5241637
2005.3000000	39.7974847	33.55551363
2005.4000000	39.81880661	33.5893043
2005.5000000	39.83799731	33.61955152
2005.6000000	39.84941152	33.63684864
2005.7000000	39.8546589	33.64387183
2005.8000000	39.84601898	33.62775974
2005.9000000	39.8286493	33.59710108
2006.0000000	39.80501258	33.55599777
2006.1000000	39.77426744	33.50304952
2006.2000000	39.74350196	33.45006342
2006.3000000	39.71289526	33.39734084
2006.4000000	39.68806043	33.3542333
2006.5000000	39.66732626	33.31795981
2006.6000000	39.65047801	33.28816407
2006.7000000	39.64031572	33.26950892
2006.8000000	39.63189828	33.25376296
2006.9000000	39.62544801	33.24129345
2007.0000000	39.62036833	33.23110509
2007.1000000	39.61597319	33.22205531
2007.2000000	39.61237858	33.21433889
2007.3000000	39.61182353	33.21168664
2007.4000000	39.61368574	33.21306361
2007.5000000	39.61905381	33.22028377
2007.6000000	39.62950201	33.23596892
2007.7000000	39.64203953	33.25513638
2007.8000000	39.65701433	33.27836318
2007.9000000	39.67131785	33.30046936
2008.0000000	39.6839694	33.31982024
2008.1000000	39.6927689	33.33275095
2008.2000000	39.69567228	33.33585717
2008.3000000	39.69501893	33.33303587
2008.4000000	39.68890563	33.32111931
2008.5000000	39.68052904	33.30543477
2008.6000000	39.67163912	33.28889838
2008.7000000	39.66482261	33.27581737
2008.8000000	39.6632235	33.27142454
2008.9000000	39.66580623	33.27399232
2009.0000000	39.67768089	33.29203106
2009.1000000	39.69558819	33.32011419
2009.2000000	39.71785735	33.35546075
2009.3000000	39.74609073	33.40073986
2009.4000000	39.7756572	33.44823823
2009.5000000	39.80620516	33.49737123
2009.6000000	39.83689306	33.54673968
2009.7000000	39.86811898	33.59701071
2009.8000000	39.89983999	33.6481194
2009.9000000	39.93650548	33.70748237
2010.0000000	39.97732797	33.77379373
2010.1000000	40.02285929	33.84797448
2010.2000000	40.07810304	33.93835247
2010.3000000	40.13677025	34.03444164
2010.4000000	40.19925217	34.13687929
2010.5000000	40.26238248	34.24038232
2010.6000000	40.32287195	34.33946838
2010.7000000	40.37936151	34.43187357
2010.8000000	40.42673727	34.50908343
2010.9000000	40.46831162	34.57661957
2011.0000000	40.50150464	34.630191
2011.1000000	40.52533801	34.66817429
2011.2000000	40.54418326	34.6978554
2011.3000000	40.55594948	34.71575746
2011.4000000	40.56194669	34.72406744
2011.5000000	40.56472816	34.72703894
2011.6000000	40.56306004	34.72261503
2011.7000000	40.55933527	34.71477628
2011.8000000	40.55465157	34.70534476
2011.9000000	40.55016776	34.69624348
2012.0000000	40.54735825	34.68992044
2012.1000000	40.54593282	34.68588852
2012.2000000	40.54772675	34.68720405
2012.3000000	40.55079761	34.69063302
2012.4000000	40.55473437	34.69549414
2012.5000000	40.55812806	34.69944557
2012.6000000	40.56004945	34.7009456
2012.7000000	40.56077938	34.70046883
2012.8000000	40.5585116	34.6950127
2012.9000000	40.55593838	34.68906578
2013.0000000	40.55289333	34.68235092
2013.1000000	40.55262979	34.68028217
2013.2000000	40.55495537	34.68253185
2013.3000000	40.56023072	34.68969146
2013.4000000	40.57071052	34.7055109
2013.5000000	40.58235208	34.72325555
2013.6000000	40.59540177	34.74334048
2013.7000000	40.60681841	34.76071096
2013.8000000	40.61667426	34.77549876
2013.9000000	40.62376463	34.78570488
2014.0000000	40.62742779	34.79022303
2014.1000000	40.63005007	34.79302324
2014.2000000	40.63222495	34.79509522
2014.3000000	40.63570997	34.79935373
2014.4000000	40.63984775	34.80468957
2014.5000000	40.64570401	34.81286793
2014.6000000	40.65187855	34.8215566
2014.7000000	40.65762053	34.82951161
2014.8000000	40.66084369	34.83326614
2014.9000000	40.65933973	34.82914949
2015.0000000	40.65447894	34.81944729
2015.1000000	40.64334837	34.79930891
2015.2000000	40.62940441	34.77449146
2015.3000000	40.61396461	34.74718914
2015.4000000	40.59899717	34.72067746
2015.5000000	40.58667429	34.69856776
2015.6000000	40.57638283	34.67982884
2015.7000000	40.57131645	34.66977264
2015.8000000	40.56797941	34.66257402
2015.9000000	40.56623704	34.65801338
2016.0000000	40.56312018	34.65115345
2016.1000000	40.55691592	34.63915032
2016.2000000	40.54764005	34.6220388
2016.3000000	40.52901547	34.58936644
2016.4000000	40.50612867	34.5496024
2016.5000000	40.47818316	34.50141081
2016.6000000	40.4461693	34.44643061
2016.7000000	40.4144953	34.39199487
2016.8000000	40.38403326	34.33955145
2016.9000000	40.36062505	34.29883145
2017.0000000	40.34230872	34.26657181
2017.1000000	40.33135787	34.24656514
2017.2000000	40.33017395	34.24281699
2017.3000000	40.333683	34.24688118
2017.4000000	40.34325859	34.26104952
2017.5000000	40.3562768	34.28095576
2017.6000000	40.37025483	34.30246661
2017.7000000	40.38431495	34.32411962
2017.8000000	40.39662554	34.34286197
2017.9000000	40.40778612	34.3596908
2018.0000000	40.41708542	34.37342103
2018.1000000	40.42564318	34.38591739
2018.2000000	40.43388752	34.39789232
2018.3000000	40.44224296	34.41005218
2018.4000000	40.4514888	34.42369508
2018.5000000	40.46173739	34.43900918
2018.6000000	40.47556457	34.46028521
2018.7000000	40.49469182	34.49039026
2018.8000000	40.51836777	34.52807254
2018.9000000	40.55492082	34.5872026
2019.0000000	40.59984131	34.66026979
2019.1000000	40.65182356	34.74510349
2019.2000000	40.71468143	34.8480646
2019.3000000	40.77814456	34.9520609
2019.4000000	40.84246697	35.05753018
2019.5000000	40.89635983	35.14567113
2019.6000000	40.94090508	35.21827387
2019.7000000	40.97406193	35.27191814
2019.8000000	40.98667926	35.29135144
2019.9000000	40.98995658	35.29522878
2020.0000000	40.98212598	35.2806115
2020.1000000	40.96130221	35.24436145
2020.2000000	40.93456825	35.19827317
2020.3000000	40.90037769	35.13976586
2020.4000000	40.85971745	35.07047871
2020.5000000	40.81677822	34.99739145
2020.6000000	40.77205634	34.92133556
2020.7000000	40.73053613	34.85062186
2020.8000000	40.69221098	34.78524347
2020.9000000	40.66071141	34.7312463
2021.0000000	40.63768759	34.69137591
2021.1000000	40.61986444	34.66017814
2021.2000000	40.61006419	34.64235507
2021.3000000	40.6042553	34.63118726
2021.4000000	40.6005049	34.62343947
2021.5000000	40.59957973	34.62037155
2021.6000000	40.6025307	34.62374522
2021.7000000	40.60922924	34.63337523
2021.8000000	40.62346236	34.65558833
2021.9000000	40.64192137	34.68486523
2022.0000000	40.66281317	34.71819508
2022.1000000	40.68567368	34.7547933
2022.2000000	40.70583793	34.78688906
2022.3000000	40.72373588	34.81520228
2022.4000000	40.73256008	34.82840291
2022.5000000	40.73722165	34.83467544
2022.6000000	40.73700164	34.83280817
2022.7000000	40.73387296	34.82607424
2022.8000000	40.73276691	34.82268206
2022.9000000	40.73459736	34.82415757
2023.0000000	40.74417547	34.83852432
2023.1000000	40.7563711	34.85725182
2023.2000000	40.77143774	34.88077873
2023.3000000	40.781914	34.89668572
2023.4000000	40.78637713	34.90259891
2023.5000000	40.78088937	34.89194975
2023.6000000	40.75990923	34.85549499
2023.7000000	40.73102024	34.80584961
2023.8000000	40.692031	34.7393465
2023.9000000	40.64980629	34.66741066
2024.0000000	40.60863934	34.59720123
2024.1000000	40.57276074	34.53578487
2024.2000000	40.54724104	34.49163126
2024.3000000	40.5287895	34.45926869
2024.4000000	40.52311512	34.44820685
2024.5000000	40.52678793	34.45272248
2024.6000000	40.53592688	34.46633879
2024.7000000	40.55173543	34.49105057
2024.8000000	40.56757963	34.51580533
2024.9000000	40.58261401	34.53919688
2025.0000000	40.59068856	34.55098448
2025.1000000	40.59088878	34.54964492
2025.2000000	40.58468314	34.53762283
2025.3000000	40.5655059	34.50398511
2025.4000000	40.54157858	34.46242946
2025.5000000	40.51354229	34.41402725
2025.6000000	40.48587673	34.36623956
2025.7000000	40.46311653	34.32661691
2025.8000000	40.44547771	34.29551683
2025.9000000	40.44258613	34.28897067
2026.0000000	40.44617698	34.29321428
2026.1000000	40.45723677	34.3098925
2026.2000000	40.47421973	34.33643157
2026.3000000	40.49108797	34.36277457
2026.4000000	40.50704551	34.38759425
2026.5000000	40.51759708	34.40340473
2026.6000000	40.52485844	34.41373523
2026.7000000	40.52744801	34.4162929
2026.8000000	40.52499309	34.41046229
2026.9000000	40.52017115	34.40070102
2027.0000000	40.51233016	34.38591573
2027.1000000	40.50238096	34.36761357
2027.2000000	40.49146029	34.34768275
2027.3000000	40.47951994	34.32604185
2027.4000000	40.46754319	34.30433089
2027.5000000	40.45594388	34.28324229
2027.6000000	40.44580604	34.2645842
2027.7000000	40.43863636	34.25086786
2027.8000000	40.43415537	34.24162868
2027.9000000	40.4366533	34.24401296
2028.0000000	40.44778568	34.26077954
2028.1000000	40.46591158	34.28919738
2028.2000000	40.50040808	34.34488557
2028.3000000	40.54606993	34.41917725
2028.4000000	40.60012215	34.50745336
2028.5000000	40.66468948	34.61325415
2028.6000000	40.72586366	34.7134148
2028.7000000	40.78371297	34.80804607
2028.8000000	40.81600265	34.86011197
2028.9000000	40.82872021	34.87958162
2029.0000000	40.82111389	34.86520029
2029.1000000	40.77475814	34.78627917
2029.2000000	40.71523826	34.68543208
2029.3000000	40.64047755	34.55920204
2029.4000000	40.56239947	34.42744945
2029.5000000	40.49022258	34.30552892
2029.6000000	40.42846585	34.20096786
2029.7000000	40.39045376	34.13595907
2029.8000000	40.36403193	34.09025994
2029.9000000	40.35309161	34.07035106
2030.0000000	40.35192083	34.06671712
2030.1000000	40.35344835	34.06757768
2030.2000000	40.35631166	34.07065957
2030.3000000	40.35864502	34.07285207
2030.4000000	40.36159587	34.07606593
2030.5000000	40.36684741	34.08310698
2030.6000000	40.37827433	34.1004331
2030.7000000	40.39442315	34.12562653
2030.8000000	40.42004294	34.16659838
2030.9000000	40.45385484	34.22121964
2031.0000000	40.49287336	34.2845198
2031.1000000	40.53962694	34.36071223
2031.2000000	40.58844034	34.44034612
2031.3000000	40.63785231	34.52098671
2031.4000000	40.68330969	34.59504816
2031.5000000	40.72181505	34.65753549
2031.6000000	40.75445218	34.71025208
2031.7000000	40.77246214	34.73860909
2031.8000000	40.78236664	34.75346797
2031.9000000	40.7850855	34.75635928
2032.0000000	40.77666	34.7406883
2032.1000000	40.76490982	34.7194777
2032.2000000	40.74962388	34.69237506
2032.3000000	40.73004919	34.65812621
2032.4000000	40.70817925	34.62005196
2032.5000000	40.68358504	34.57743962
2032.6000000	40.65323006	34.52523372
2032.7000000	40.61971138	34.46776134
2032.8000000	40.58208886	34.40345719
2032.9000000	40.54112818	34.33359598
2033.0000000	40.4997451	34.26303266
2033.1000000	40.45883773	34.19326165
2033.2000000	40.4218821	34.13007096
2033.3000000	40.3876501	34.07141452
2033.4000000	40.35812993	34.02060346
2033.5000000	40.33466483	33.97987535
2033.6000000	40.31548871	33.94628966
2033.7000000	40.30404287	33.92557942
2033.8000000	40.30281985	33.92189825
2033.9000000	40.3090226	33.93058941
2034.0000000	40.32935125	33.96281291
2034.1000000	40.36081534	34.01358787
2034.2000000	40.39910474	34.07573491
2034.3000000	40.44610833	34.15239937
2034.4000000	40.49411929	34.230745
2034.5000000	40.5420666	34.30898791
2034.6000000	40.58522687	34.37926086
2034.7000000	40.6231548	34.44082148
2034.8000000	40.65676746	34.49519595
2034.9000000	40.68175117	34.53519849
2035.0000000	40.70206127	34.56741552
2035.1000000	40.71819039	34.59266638
2035.2000000	40.72472266	34.60192967
2035.3000000	40.72556053	34.60170384
2035.4000000	40.72027376	34.59127074
2035.5000000	40.70218232	34.55950429
2035.6000000	40.67819489	34.5179129
2035.7000000	40.64718084	34.46461811
2035.8000000	40.60907573	34.39951697
2035.9000000	40.56971191	34.3323255
2036.0000000	40.52960172	34.26389587
2036.1000000	40.49446431	34.20375001
2036.2000000	40.46344361	34.15045854
2036.3000000	40.43919483	34.10844095
2036.4000000	40.42374954	34.08107958
2036.5000000	40.412469	34.06064907
2036.6000000	40.40647181	34.04901392
2036.7000000	40.40190591	34.03976032
2036.8000000	40.39705214	34.03002597
2036.9000000	40.38993865	34.01652754
2037.0000000	40.37924001	33.99705902
2037.1000000	40.36644533	33.97410195
2037.2000000	40.35092676	33.94661112
2037.3000000	40.33616898	33.92038857
2037.4000000	40.32257496	33.89610252
2037.5000000	40.3135747	33.87946324
2037.6000000	40.30840662	33.86920169
2037.7000000	40.30585508	33.86329448
2037.8000000	40.30611437	33.86206675
2037.9000000	40.30537108	33.85916765
2038.0000000	40.3036703	33.85467101
2038.1000000	40.29735209	33.84247981
2038.2000000	40.28913617	33.82712256
2038.3000000	40.27920767	33.80890649
2038.4000000	40.27067809	33.79301264
2038.5000000	40.26549885	33.78269055
2038.6000000	40.26392415	33.77836567
2038.7000000	40.27155018	33.78936354
2038.8000000	40.28318039	33.80703642
2038.9000000	40.2995735	33.83265557
2039.0000000	40.31990736	33.86485552
2039.1000000	40.3402934	33.89715901
2039.2000000	40.36017023	33.92862564
2039.3000000	40.37564216	33.95275884
2039.4000000	40.38800977	33.97171643
2039.5000000	40.39556959	33.98265349
2039.6000000	40.39800885	33.98504341
2039.7000000	40.39841733	33.98402976
2039.8000000	40.39668126	33.97942397
2039.9000000	40.39601129	33.97658041
2040.0000000	40.39674383	33.97606911
2040.1000000	40.40114297	33.98167061
2040.2000000	40.40945817	33.99380835
2040.3000000	40.42006544	34.00978043
2040.4000000	40.43371007	34.03082746
2040.5000000	40.44742268	34.05199997
2040.6000000	40.46073029	34.07250518
2040.7000000	40.47120728	34.08829906
2040.8000000	40.47875336	34.09921176
2040.9000000	40.4840069	34.10630514
2041.0000000	40.48467423	34.10575853
2041.1000000	40.48216801	34.09992445
2041.2000000	40.47693908	34.08955334
2041.3000000	40.46500229	34.06800751
2041.4000000	40.44887062	34.03947242
2041.5000000	40.42882665	34.00441967
2041.6000000	40.4022718	33.95852314
2041.7000000	40.37500378	33.91144087
2041.8000000	40.3469838	33.86310925
2041.9000000	40.32543338	33.82555511
2042.0000000	40.30983179	33.7979099
2042.1000000	40.30189939	33.78303748
2042.2000000	40.30730852	33.79038446
2042.3000000	40.31808122	33.80666316
2042.4000000	40.33526501	33.83361783
2042.5000000	40.35441923	33.86385199
2042.6000000	40.37245334	33.89221842
2042.7000000	40.38755782	33.91570367
2042.8000000	40.39691264	33.92961081
2042.9000000	40.40316222	33.93834302
2043.0000000	40.40502373	33.93976227
2043.1000000	40.4042925	33.93685851
2043.2000000	40.40239696	33.93201312
2043.3000000	40.39950798	33.92551371
2043.4000000	40.39657558	33.91894424
2043.5000000	40.39379333	33.91262646
2043.6000000	40.39168674	33.907435
2043.7000000	40.3908833	33.9044159
2043.8000000	40.39118005	33.90323212
2043.9000000	40.39431099	33.90676972
2044.0000000	40.39956185	33.91383406
2044.1000000	40.40622715	33.92324658
2044.2000000	40.41354049	33.9337337
2044.3000000	40.41855945	33.94040425
2044.4000000	40.42144472	33.94353766
2044.5000000	40.41769575	33.93564278
2044.6000000	40.4112829	33.92332733
2044.7000000	40.40235549	33.90683568
2044.8000000	40.39534818	33.89356048
2044.9000000	40.39451462	33.89058158
2045.0000000	40.40116494	33.90005631
2045.1000000	40.42760925	33.9424674
2045.2000000	40.46344259	34.00047809
2045.3000000	40.51014481	34.07655904
2045.4000000	40.5654552	34.16695607
2045.5000000	40.61969307	34.25555554
2045.6000000	40.67104823	34.33934863
2045.7000000	40.70860182	34.40015177
2045.8000000	40.73687727	34.44549853
2045.9000000	40.75121687	34.46763172
2046.0000000	40.75234318	34.46775573
2046.1000000	40.74867894	34.45989988
2046.2000000	40.74103485	34.44541545
2046.3000000	40.73901928	34.44030487
2046.4000000	40.74253301	34.44440161
2046.5000000	40.75841903	34.4691019
2046.6000000	40.78597345	34.51323567
2046.7000000	40.82020398	34.56849337
2046.8000000	40.86288622	34.6378385
2046.9000000	40.90655998	34.70885011
2047.0000000	40.94989402	34.77931074
2047.1000000	40.98831695	34.84160389
2047.2000000	41.02180857	34.89569068
2047.3000000	41.05152455	34.94348845
2047.4000000	41.07569838	34.98204923
2047.5000000	41.09826759	35.01792975
2047.6000000	41.11973654	35.05197601
2047.7000000	41.14058602	35.08499723
2047.8000000	41.16028629	35.11611807
2047.9000000	41.17880942	35.14529495
2048.0000000	41.19003392	35.16233154
2048.1000000	41.19554756	35.1698707
2048.2000000	41.19455616	35.16658728
2048.3000000	41.18093214	35.14227352
2048.4000000	41.16208762	35.10927161
2048.5000000	41.1369714	35.06582412
2048.6000000	41.108079	35.01608118
2048.7000000	41.07980231	34.96735458
2048.8000000	41.05359692	34.92207058
2048.9000000	41.03477486	34.88908383
2049.0000000	41.02056191	34.86378204
2049.1000000	41.01313388	34.84979597
2049.2000000	41.01164009	34.84571185
2049.3000000	41.01249557	34.84555868
2049.4000000	41.01561687	34.84919595
2049.5000000	41.01915706	34.8535436
2049.6000000	41.02316437	34.85867643
2049.7000000	41.02846334	34.86596131
2049.8000000	41.0378682	34.88007999
2049.9000000	41.05086132	34.90016962
2050.0000000	41.0723766	34.934451
2050.1000000	41.10142783	34.98128761
2050.2000000	41.13554497	35.03657097
2050.3000000	41.17696765	35.10403504
2050.4000000	41.21965568	35.17362048
2050.5000000	41.26255421	35.24356741
2050.6000000	41.30048275	35.30524263
2050.7000000	41.33192669	35.35611882
2050.8000000	41.35783871	35.39778006
2050.9000000	41.37071646	35.41773031
2051.0000000	41.37753767	35.42759307
2051.1000000	41.37865169	35.42795425
2051.2000000	41.37141055	35.41440843
2051.3000000	41.36188783	35.39707698
2051.4000000	41.34969964	35.37532365
2051.5000000	41.33634636	35.35164549
2051.6000000	41.32368573	35.3291313
2051.7000000	41.31216703	35.30852145
2051.8000000	41.3059593	35.29675315
2051.9000000	41.30401612	35.2920787
2052.0000000	41.30845645	35.29802437
2052.1000000	41.32221789	35.31948034
2052.2000000	41.33979547	35.34727244
2052.3000000	41.36181019	35.38242563
2052.4000000	41.38184998	35.41424963
2052.5000000	41.39779442	35.439213
2052.6000000	41.40461673	35.44895831
2052.7000000	41.39601164	35.43301171
2052.8000000	41.37684592	35.39949076
2052.9000000	41.33832394	35.33374129
2053.0000000	41.28598524	35.24496819
2053.1000000	41.22570682	35.14293761
2053.2000000	41.15882855	35.02986942
2053.3000000	41.09454078	34.9210776
2053.4000000	41.03317957	34.81713975
2053.5000000	40.98209679	34.73031268
2053.6000000	40.938497	34.65594506
2053.7000000	40.90048034	34.59087323
2053.8000000	40.87012016	34.53855188
2053.9000000	40.84067617	34.4877579
2054.0000000	40.81183938	34.43797893
2054.1000000	40.77967124	34.38265519
2054.2000000	40.74519228	34.32348459
2054.3000000	40.70842039	34.26049467
2054.4000000	40.67106445	34.19653086
2054.5000000	40.63615485	34.136641
2054.6000000	40.60424467	34.08174836
2054.7000000	40.58218404	34.0432634
2054.8000000	40.56523519	34.01329581
2054.9000000	40.55478455	33.99415361
2055.0000000	40.55066049	33.98554935
2055.1000000	40.5480463	33.9794592
2055.2000000	40.54661867	33.97534354
2055.3000000	40.54454755	33.97015401
2055.4000000	40.54273951	33.96540078
2055.5000000	40.5417896	33.96207573
2055.6000000	40.54529132	33.96616481
2055.7000000	40.55214028	33.97582988
2055.8000000	40.56498654	33.99548614
2055.9000000	40.58301297	34.02377493
2056.0000000	40.60349668	34.05616227
2056.1000000	40.62641422	34.09260854
2056.2000000	40.6487733	34.12812728
2056.3000000	40.67044101	34.16249314
2056.4000000	40.68988153	34.19314462
2056.5000000	40.70732087	34.22045526
2056.6000000	40.72322299	34.24519715
2056.7000000	40.73613116	34.26494583
2056.8000000	40.74700924	34.28131057
2056.9000000	40.75640644	34.29520968
2057.0000000	40.76452522	34.30698095
2057.1000000	40.77470617	34.32218592
2057.2000000	40.78684142	34.34064276
2057.3000000	40.80941811	34.37648912
2057.4000000	40.83981182	34.42536219
2057.5000000	40.87789841	34.48706599
2057.6000000	40.9303417	34.57270129
2057.7000000	40.98604657	34.66378689
2057.8000000	41.04525868	34.76073146
2057.9000000	41.10057995	34.85120985
2058.0000000	41.14977611	34.93149125
2058.1000000	41.19060516	34.99782625
2058.2000000	41.21574458	35.03800657
2058.3000000	41.23299536	35.06501965
2058.4000000	41.24016829	35.07522012
2058.5000000	41.23877635	35.07113228
2058.6000000	41.23448177	35.06218958
2058.7000000	41.22741461	35.04860951
2058.8000000	41.22145106	35.03685249
2058.9000000	41.21741635	35.02830814
2059.0000000	41.2177352	35.02704275
2059.1000000	41.22405102	35.0358325
2059.2000000	41.23394512	35.05066694
2059.3000000	41.24881135	35.07386569
2059.4000000	41.26464336	35.09873591
2059.5000000	41.27969795	35.12234835
2059.6000000	41.28987566	35.13784837
2059.7000000	41.29205888	35.14001683
2059.8000000	41.28807531	35.13188029
2059.9000000	41.27155603	35.10282377
2060.0000000	41.24809729	35.06217055
2060.1000000	41.21960638	35.01310725
2060.2000000	41.18572287	34.95504236
2060.3000000	41.15259476	34.89821855
2060.4000000	41.12016915	34.84254307
2060.5000000	41.09534271	34.79949747
2060.6000000	41.07603411	34.7656145
2060.7000000	41.06236736	34.74110656
2060.8000000	41.05891138	34.73358948
2060.9000000	41.05872992	34.73151525
2061.0000000	41.06220424	34.7355237
2061.1000000	41.06703381	34.7417902
2061.2000000	41.07089633	34.74645197
2061.3000000	41.07311943	34.74838666
2061.4000000	41.07103243	34.7431403
2061.5000000	41.06668039	34.73411725
2061.6000000	41.05928772	34.72002748
2061.7000000	41.04995808	34.70271053
2061.8000000	41.04052523	34.6852208
2061.9000000	41.03179504	34.66890108
2062.0000000	41.02591483	34.6573302
2062.1000000	41.02189072	34.64885558
2062.2000000	41.02095671	34.64553364
2062.3000000	41.02176593	34.64511923
2062.4000000	41.0231959	34.6457394
2062.5000000	41.02456917	34.646263
2062.6000000	41.02536426	34.64582025
2062.7000000	41.02605261	34.64519705
2062.8000000	41.02762327	34.64604227
2062.9000000	41.03212865	34.65177549
2063.0000000	41.03920008	34.66178292
2063.1000000	41.05321468	34.68335396
2063.2000000	41.07208461	34.71301066
2063.3000000	41.09459237	34.74872525
2063.4000000	41.12136769	34.79154705
2063.5000000	41.14706553	34.83257455
2063.6000000	41.17171012	34.87184856
2063.7000000	41.18858697	34.89818609
2063.8000000	41.20031138	34.91594238
2063.9000000	41.2067594	34.92490976
2064.0000000	41.20484519	34.91994745
2064.1000000	41.20079752	34.91142853
2064.2000000	41.19443067	34.89904335
2064.3000000	41.18810088	34.88671686
2064.4000000	41.18252927	34.87565179
2064.5000000	41.1781093	34.8665064
2064.6000000	41.17492079	34.85941743
2064.7000000	41.17192326	34.85265547
2064.8000000	41.16895227	34.84594953
2064.9000000	41.16543109	34.83834035
2065.0000000	41.16178884	34.83054212
2065.1000000	41.15815093	34.82276133
2065.2000000	41.15588448	34.81727019
2065.3000000	41.15485016	34.81383176
2065.4000000	41.15633452	34.81458453
2065.5000000	41.16075192	34.82021631
2065.6000000	41.16708926	34.82904092
2065.7000000	41.1766075	34.84316121
2065.8000000	41.18862037	34.86143722
2065.9000000	41.2023086	34.88250546
2066.0000000	41.21874045	34.90814441
2066.1000000	41.23677029	34.93644449
2066.2000000	41.25581114	34.96642715
2066.3000000	41.2757256	34.99786377
2066.4000000	41.2944508	35.02732028
2066.5000000	41.31198534	35.05479698
2066.6000000	41.3239618	35.07302225
2066.7000000	41.33099207	35.08301693
2066.8000000	41.33360859	35.08566804
2066.9000000	41.32590109	35.07113078
2067.0000000	41.31413764	35.0498428
2067.1000000	41.29809912	35.02143653
2067.2000000	41.27925777	34.98836196
2067.3000000	41.26161174	34.95727699
2067.4000000	41.24566982	34.92903028
2067.5000000	41.2361364	34.91146124
2067.6000000	41.23016394	34.89983212
2067.7000000	41.22879958	34.89589092
2067.8000000	41.23258244	34.90053567
2067.9000000	41.23847832	34.90870873
2068.0000000	41.24691154	34.92110891
2068.1000000	41.25722813	34.93663661
2068.2000000	41.268078	34.95303463
2068.3000000	41.27929743	34.97002528
2068.4000000	41.28826606	34.98324737
2068.5000000	41.29461093	34.99209113
2068.6000000	41.29491231	34.99087611
2068.7000000	41.2858006	34.97400406
2068.8000000	41.26991742	34.94587609
2068.9000000	41.24155546	34.89697862
2069.0000000	41.2037725	34.83238881
2069.1000000	41.16012348	34.75801442
2069.2000000	41.10952502	34.67204473
2069.3000000	41.05807825	34.58464274
2069.4000000	41.0064722	34.49696248
2069.5000000	40.95965338	34.41724754
2069.6000000	40.91937587	34.34842122
2069.7000000	40.88491561	34.2892774
2069.8000000	40.8675174	34.25854497
2069.9000000	40.8629491	34.24917825
2070.0000000	40.86982939	34.25888164
2070.1000000	40.90387365	34.3138328
2070.2000000	40.94938053	34.38788288
2070.3000000	41.00684013	34.48184657
2070.4000000	41.07487073	34.59341992
2070.5000000	41.13954682	34.69940772
2070.6000000	41.19967219	34.79781605
2070.7000000	41.23729951	34.8587529
2070.8000000	41.25963341	34.89421722
2070.9000000	41.26153762	34.89565422
2071.0000000	41.23621035	34.85173568
2071.1000000	41.19984462	34.78943195
2071.2000000	41.15028855	34.70516079
2071.3000000	41.09779394	34.61599895
2071.4000000	41.04734052	34.53024184
2071.5000000	41.00414964	34.45658584
2071.6000000	40.97399458	34.4046443
2071.7000000	40.95155249	34.36554913
2071.8000000	40.94083118	34.34597292
2071.9000000	40.93677617	34.33749668
2072.0000000	40.93594407	34.33438624
2072.1000000	40.9377948	34.33574318
2072.2000000	40.93990147	34.33752691
2072.3000000	40.94205952	34.33939832
2072.4000000	40.94391938	34.3407772
2072.5000000	40.94532087	34.34139832
2072.6000000	40.94633949	34.34138674
2072.7000000	40.94615616	34.33937516
2072.8000000	40.94473618	34.33530122
2072.9000000	40.94230119	34.32952989
2073.0000000	40.9375206	34.31984392
2073.1000000	40.93200515	34.30892762
2073.2000000	40.92577788	34.2968226
2073.3000000	40.92029471	34.28595606
2073.4000000	40.91607691	34.27719719
2073.5000000	40.91324135	34.27074112
2073.6000000	40.91379099	34.26992472
2073.7000000	40.91573799	34.27143817
2073.8000000	40.91936347	34.27574913
2073.9000000	40.92392109	34.28161199
2074.0000000	40.92824062	34.28707524
2074.1000000	40.93194495	34.29151018
2074.2000000	40.93402654	34.29324095
2074.3000000	40.93533219	34.29368051
2074.4000000	40.93571531	34.29258599
2074.5000000	40.93606269	34.29143395
2074.6000000	40.93659801	34.29059713
2074.7000000	40.93758757	34.29052068
2074.8000000	40.9385286	34.29036939
2074.9000000	40.93908326	34.28958014
2075.0000000	40.93845973	34.28683054
2075.1000000	40.93574291	34.28059023
2075.2000000	40.93169751	34.27212909
2075.3000000	40.925392	34.25989557
2075.4000000	40.91892181	34.24738252
2075.5000000	40.9129089	34.23562806
2075.6000000	40.91021853	34.22940456
2075.7000000	40.91206831	34.23074022
2075.8000000	40.91738271	34.23784741
2075.9000000	40.9301066	34.2573033
2076.0000000	40.94646907	34.28283479
2076.1000000	40.96587959	34.31345779
2076.2000000	40.98826714	34.34904969
2076.3000000	41.00966042	34.38300121
2076.4000000	41.0303467	34.41578968
2076.5000000	41.04550709	34.43937687
2076.6000000	41.05673861	34.45640893
2076.7000000	41.06346482	34.46591985
2076.8000000	41.06181382	34.46146311
2076.9000000	41.05730195	34.4522319
2077.0000000	41.04950462	34.43752641
2077.1000000	41.04152953	34.42252681
2077.2000000	41.03553795	34.41083254
2077.3000000	41.03289503	34.40471345
2077.4000000	41.03648835	34.40897435
2077.5000000	41.04265592	34.41751487
2077.6000000	41.05179401	34.43099787
2077.7000000	41.06050438	34.44376897
2077.8000000	41.06769649	34.4540152
2077.9000000	41.07146956	34.45857127
2078.0000000	41.07044216	34.45513482
2078.1000000	41.06693039	34.44756214
2078.2000000	41.06022756	34.43467557
2078.3000000	41.05358878	34.42189556
2078.4000000	41.04761944	34.41022896
2078.5000000	41.0443307	34.40302388
2078.6000000	41.04368522	34.40021705
2078.7000000	41.04464838	34.40008552
2078.8000000	41.04744083	34.40299822
2078.9000000	41.04979262	34.40517731
2079.0000000	41.05167745	34.40658193
2079.1000000	41.0519741	34.40534563
2079.2000000	41.05210587	34.40383752
2079.3000000	41.05230763	34.4024458
2079.4000000	41.05548401	34.40600675
2079.5000000	41.06226844	34.4155764
2079.6000000	41.07227617	34.43051756
2079.7000000	41.09121308	34.46033685
2079.8000000	41.11377981	34.49621068
2079.9000000	41.14036422	34.53878608
2080.0000000	41.16979162	34.58610616
2080.1000000	41.19782014	34.63110438
2080.2000000	41.22380922	34.67271074
2080.3000000	41.24178736	34.7009759
2080.4000000	41.2548608	34.72107019
2080.5000000	41.26130154	34.73011372
2080.6000000	41.26051945	34.72712337
2080.7000000	41.25740348	34.72024218
2080.8000000	41.25207752	34.70967615
2080.9000000	41.24877218	34.70246948
2081.0000000	41.24776497	34.69908185
2081.1000000	41.2513071	34.70326084
2081.2000000	41.26009786	34.71617139
2081.3000000	41.27169231	34.73374398
2081.4000000	41.28705681	34.75759089
2081.5000000	41.30425888	34.78449454
2081.6000000	41.32251858	34.81315436
2081.7000000	41.34212704	34.84405276
2081.8000000	41.36352696	34.87792623
2081.9000000	41.38640764	34.91425952
2082.0000000	41.41319049	34.95708954
2082.1000000	41.44270985	35.00447916
2082.2000000	41.47406697	35.05493367
2082.3000000	41.50702033	35.10805066
2082.4000000	41.53807274	35.15800357
2082.5000000	41.56727698	35.2048769
2082.6000000	41.5883453	35.23819519
2082.7000000	41.60337787	35.26145345
2082.8000000	41.61282841	35.27540552
2082.9000000	41.61078855	35.27021185
2083.0000000	41.60480913	35.25845163
2083.1000000	41.59444099	35.23938162
2083.2000000	41.58116924	35.21547811
2083.3000000	41.56853636	35.19264138
2083.4000000	41.55703437	35.17168856
2083.5000000	41.55040298	35.15884476
2083.6000000	41.54667379	35.15082799
2083.7000000	41.54689727	35.14938372
2083.8000000	41.55281899	35.15741684
2083.9000000	41.56280272	35.17220605
2084.0000000	41.57914431	35.19759222
2084.1000000	41.60676965	35.24181754
2084.2000000	41.64202054	35.298831
2084.3000000	41.6894854	35.37630329
2084.4000000	41.74562237	35.46833456
2084.5000000	41.80360055	35.56352671
2084.6000000	41.85846178	35.65359381
2084.7000000	41.89621837	35.7152004
2084.8000000	41.91933882	35.75242232
2084.9000000	41.91067292	35.73666047
2085.0000000	41.87547627	35.67663805
2085.1000000	41.82301847	35.58777322
2085.2000000	41.74795212	35.4611482
2085.3000000	41.67067898	35.33075124
2085.4000000	41.5934701	35.20039618
2085.5000000	41.53116413	35.09483144
2085.6000000	41.48401441	35.01450431
2085.7000000	41.44983889	34.95579078
2085.8000000	41.44373088	34.94382685
2085.9000000	41.45014256	34.95271198
2086.0000000	41.46838879	34.98129963
2086.1000000	41.50364814	35.0382152
2086.2000000	41.5434822	35.10274778
2086.3000000	41.58834529	35.17566254
2086.4000000	41.63414448	35.2501491
2086.5000000	41.67617848	35.31838228
2086.6000000	41.7130397	35.37802105
2086.7000000	41.73449783	35.41202803
2086.8000000	41.74606564	35.42958397
2086.9000000	41.74385595	35.42421244
2087.0000000	41.72398523	35.38944121
2087.1000000	41.6959239	35.34103881
2087.2000000	41.65749334	35.27537095
2087.3000000	41.61409243	35.20142326
2087.4000000	41.57041537	35.12701238
2087.5000000	41.52979055	35.05768901
2087.6000000	41.49950895	35.0056197
2087.7000000	41.47723642	34.96693805
2087.8000000	41.47146028	34.95578982
2087.9000000	41.48221068	34.9722177
2088.0000000	41.50333651	35.00595984
2088.1000000	41.53926441	35.06437147
2088.2000000	41.57906551	35.12923435
2088.3000000	41.61969067	35.19546095
2088.4000000	41.65330392	35.24999724
2088.5000000	41.67598538	35.28631747
2088.6000000	41.69004255	35.30826922
2088.7000000	41.68626982	35.30051691
2088.8000000	41.67550534	35.28109831
2088.9000000	41.65915297	35.25232908
2089.0000000	41.64210257	35.22233887
2089.1000000	41.62981936	35.20022814
2089.2000000	41.62212962	35.18572273
2089.3000000	41.62701967	35.19214519
2089.4000000	41.63616693	35.20566084
2089.5000000	41.65009444	35.22717829
2089.6000000	41.66415687	35.24898867
2089.7000000	41.67493022	35.26539754
2089.8000000	41.68084713	35.27377895
2089.9000000	41.67548715	35.26341136
2090.0000000	41.6642576	35.24327409
2090.1000000	41.64541939	35.21044657
2090.2000000	41.62083959	35.16802057
2090.3000000	41.59502123	35.12348563
2090.4000000	41.56879919	35.07822921
2090.5000000	41.54585009	35.03838607
2090.6000000	41.52561897	35.00305249
2090.7000000	41.510594	34.97639176
2090.8000000	41.50202276	34.96048726
2090.9000000	41.49764184	34.95155863
2091.0000000	41.4999518	34.95375336
2091.1000000	41.50707592	34.96392952
2091.2000000	41.51680974	34.97841443
2091.3000000	41.52927314	34.99741935
2091.4000000	41.54123352	35.01558283
2091.5000000	41.55241283	35.03246495
2091.6000000	41.56047439	35.04419024
2091.7000000	41.56546371	35.05083987
2091.8000000	41.56810074	35.05360335
2091.9000000	41.56625232	35.04890915
2092.0000000	41.56291305	35.04172122
2092.1000000	41.55844186	35.03261346
2092.2000000	41.55377044	35.02312468
2092.3000000	41.55012918	35.01530241
2092.4000000	41.54734964	35.00887755
2092.5000000	41.54796493	35.00808318
2092.6000000	41.5507051	35.01081805
2092.7000000	41.55586316	35.01758641
2092.8000000	41.56598783	35.03264718
2092.9000000	41.57846831	35.05166093
2093.0000000	41.59392156	35.07565712
2093.1000000	41.61157347	35.10334569
2093.2000000	41.62850384	35.12986666
2093.3000000	41.64365822	35.15347343
2093.4000000	41.6516393	35.16518213
2093.5000000	41.65451698	35.16842989
2093.6000000	41.64926975	35.15815769
2093.7000000	41.63533283	35.13338639
2093.8000000	41.61760818	35.10225347
2093.9000000	41.5955096	35.06377418
2094.0000000	41.57372291	35.02576917
2094.1000000	41.55292871	34.98939451
2094.2000000	41.53576062	34.95905351
2094.3000000	41.52247829	34.93518088
2094.4000000	41.51163429	34.91535782
2094.5000000	41.50368037	34.90033065
2094.6000000	41.49592365	34.88561508
2094.7000000	41.48806641	34.87072265
2094.8000000	41.47951529	34.85467254
2094.9000000	41.47188704	34.84016112
2095.0000000	41.46530506	34.82739432
2095.1000000	41.46371859	34.82294962
2095.2000000	41.46642443	34.82565567
2095.3000000	41.47286856	34.8345889
2095.4000000	41.48697428	34.85628367
2095.5000000	41.5035261	34.88205736
2095.6000000	41.52237847	34.91167785
2095.7000000	41.54176424	34.94221225
2095.8000000	41.55971414	34.97038655
2095.9000000	41.57606426	34.99592624
2096.0000000	41.58764349	35.01354402
2096.1000000	41.59691461	35.02733611
2096.2000000	41.60332784	35.03638045
2096.3000000	41.60815584	35.04278706
2096.4000000	41.61363445	35.05026871
2096.5000000	41.62053557	35.06010411
2096.6000000	41.63151694	35.07672329
2096.7000000	41.64501846	35.09753631
2096.8000000	41.66244515	35.12489085
2096.9000000	41.68301756	35.15749454
2097.0000000	41.70449387	35.1916152
2097.1000000	41.72618715	35.22610464
2097.2000000	41.74520588	35.25613337
2097.3000000	41.76179895	35.28210196
2097.4000000	41.77302667	35.29910466
2097.5000000	41.77831717	35.30618906
2097.6000000	41.77960488	35.3065861
2097.7000000	41.77408686	35.29563848
2097.8000000	41.76463644	35.27813957
2097.9000000	41.75255289	35.25625446
2098.0000000	41.73741842	35.229285
2098.1000000	41.72211107	35.20202193
2098.2000000	41.70687316	35.17486746
2098.3000000	41.69428556	35.15212051
2098.4000000	41.68458004	35.134169
2098.5000000	41.67741805	35.12045262
2098.6000000	41.67739829	35.11863371
2098.7000000	41.68201177	35.1245357
2098.8000000	41.69132727	35.13827346
2098.9000000	41.71134477	35.16984041
2099.0000000	41.73708877	35.2109537
2099.1000000	41.76943088	35.26307678
2099.2000000	41.81246778	35.33304864
2099.3000000	41.85899412	35.40888225
2099.4000000	41.90945801	35.49132374
2099.5000000	41.95765075	35.57001786
2099.6000000	42.00084454	35.64040856
2099.7000000	42.03577413	35.69705046
2099.8000000	42.05406742	35.72598924
2099.9000000	42.06227868	35.73812677
2100.0000000	42.05565914	35.72554213
2100.1000000	42.03642861	35.69192874
2100.2000000	42.01163414	35.64902273
2100.3000000	41.9808818	35.5961633
2100.4000000	41.94966729	35.54249826
2100.5000000	41.91910411	35.48988489
2100.6000000	41.89146692	35.44211789
2100.7000000	41.86693186	35.39949874
2100.8000000	41.84435152	35.36012615
2100.9000000	41.82465044	35.3255492
2101.0000000	41.80688499	35.29420182
2101.1000000	41.79066464	35.26543464
2101.2000000	41.77811107	35.24277995
2101.3000000	41.76864083	35.22526313
2101.4000000	41.76168796	35.21193886
2101.5000000	41.75970177	35.2068857
2101.6000000	41.75950888	35.20481895
2101.7000000	41.76083436	35.20528111
2101.8000000	41.76179759	35.20513904
2101.9000000	41.76082502	35.20177077
2102.0000000	41.75785884	35.19507954
2102.1000000	41.75002507	35.18027948
2102.2000000	41.74086646	35.16327185
2102.3000000	41.73025826	35.14384863
2102.4000000	41.72242012	35.12903664
2102.5000000	41.71860632	35.12092408
2102.6000000	41.72052746	35.12236055
2102.7000000	41.73391522	35.14289464
2102.8000000	41.75295287	35.17284192
2102.9000000	41.77943822	35.21519953
2103.0000000	41.8102098	35.26470279
2103.1000000	41.84110222	35.31441255
2103.2000000	41.87030858	35.36131655
2103.3000000	41.89514344	35.40094048
2103.4000000	41.91875834	35.43853397
2103.5000000	41.94254372	35.47641451
2103.6000000	41.97657199	35.53135805
2103.7000000	42.02012037	35.60215877
2103.8000000	42.08593044	35.7100352
2103.9000000	42.17385406	35.85474031
2104.0000000	42.27449841	36.02063494
2104.1000000	42.39193455	36.21450929
2104.2000000	42.50467342	36.40058877
2104.3000000	42.61070844	36.5755483
2104.4000000	42.68329146	36.6948431
2104.5000000	42.71945988	36.75352685
2104.6000000	42.72467137	36.76065958
2104.7000000	42.66565313	36.66078944
2104.8000000	42.57812631	36.51338946
2104.9000000	42.46584054	36.32469674
2105.0000000	42.33603582	36.10678327
2105.1000000	42.21369861	35.9012846
2105.2000000	42.09905074	35.70858732
2105.3000000	42.02377244	35.58145967
2105.4000000	41.96999407	35.4901391
2105.5000000	41.94251468	35.44261727
2105.6000000	41.94731201	35.4488511
2105.7000000	41.9610409	35.46996205
2105.8000000	41.98400755	35.50646404
2105.9000000	42.00472623	35.53922956
2106.0000000	42.02084835	35.5643467
2106.1000000	42.02894068	35.57609518
2106.2000000	42.02671105	35.5706542
2106.3000000	42.02036066	35.55834959
2106.4000000	42.00958776	35.53867748
2106.5000000	42.00124602	35.52305233
2106.6000000	41.9965031	35.51341898
2106.7000000	42.00047246	35.51829335
2106.8000000	42.01534596	35.54132447
2106.9000000	42.03648113	35.57477955
2107.0000000	42.06617543	35.62248573
2107.1000000	42.09537212	35.66936159
2107.2000000	42.12199101	35.71194502
2107.3000000	42.13589034	35.73334596
2107.4000000	42.13335278	35.72737259
2107.5000000	42.11811128	35.70024064
2107.6000000	42.07735277	35.6306091
2107.7000000	42.02456114	35.54093667
2107.8000000	41.96237937	35.435629
2107.9000000	41.89498369	35.3216453
2108.0000000	41.8328851	35.21649356
2108.1000000	41.77567859	35.1195008
2108.2000000	41.73947812	35.05750968
2108.3000000	41.71320258	35.01207343
2108.4000000	41.69758614	34.98442696
2108.5000000	41.69428499	34.97733314
2108.6000000	41.69276763	34.97324151
2108.7000000	41.6932274	34.97244928
2108.8000000	41.69035247	34.96609307
2108.9000000	41.68542079	34.9562992
2109.0000000	41.67755631	34.94161537
2109.1000000	41.66940954	34.92646381
2109.2000000	41.66277619	34.91384055
2109.3000000	41.65932887	34.90653383
2109.4000000	41.66220721	34.90976857
2109.5000000	41.66900474	34.91952609
2109.6000000	41.68142133	34.93862729
2109.7000000	41.6984543	34.96539803
2109.8000000	41.71775504	34.99592777
2109.9000000	41.7400177	35.03137459
2110.0000000	41.76425669	35.07009858
2110.1000000	41.78952148	35.11051707
2110.2000000	41.81608656	35.15308584
2110.3000000	41.84249422	35.19537227
2110.4000000	41.86856056	35.23706449
2110.5000000	41.89330991	35.27653423
2110.6000000	41.91772412	35.31541534
2110.7000000	41.94211081	35.35421984
2110.8000000	41.96841599	35.39619229
2110.9000000	41.99676884	35.44155817
2111.0000000	42.02662807	35.48943038
2111.1000000	42.05736871	35.53877889
2111.2000000	42.08392337	35.58117111
2111.3000000	42.1066962	35.61728224
2111.4000000	42.11109286	35.62280315
2111.5000000	42.10375558	35.60879238
2111.6000000	42.08368334	35.57357858
2111.7000000	42.04367345	35.50516348
2111.8000000	41.99914922	35.42923359
2111.9000000	41.94988522	35.34541276
2112.0000000	41.90895905	35.27548113
2112.1000000	41.87703342	35.22054223
2112.2000000	41.8584664	35.18785527
2112.3000000	41.86051408	35.18950766
2112.4000000	41.87172056	35.20642221
2112.5000000	41.894403	35.24245948
2112.6000000	41.92308694	35.28850028
2112.7000000	41.95301488	35.33661774
2112.8000000	41.98268768	35.3843115
2112.9000000	42.00982714	35.42778487
2113.0000000	42.03544197	35.46871753
2113.1000000	42.05884146	35.50595947
2113.2000000	42.08060668	35.540479
2113.3000000	42.10093014	35.57259733
2113.4000000	42.1180281	35.5993443
2113.5000000	42.12933666	35.61644995
2113.6000000	42.13571714	35.62534813
2113.7000000	42.12986958	35.61387965
2113.8000000	42.11316061	35.58431998
2113.9000000	42.08821647	35.54104386
2114.0000000	42.04891354	35.47385352
2114.1000000	42.00407492	35.39744467
2114.2000000	41.95492942	35.31386267
2114.3000000	41.9055943	35.22996228
2114.4000000	41.86021015	35.15263674
2114.5000000	41.81847398	35.08137982
2114.6000000	41.78853128	35.02975926
2114.7000000	41.76400755	34.9871619
2114.8000000	41.74548381	34.95455984
2114.9000000	41.73559306	34.93633985
2115.0000000	41.72860016	34.92294894
2115.1000000	41.72491237	34.91506406
2115.2000000	41.72483368	34.91319227
2115.3000000	41.7265959	34.91439146
2115.4000000	41.73082037	34.9196986
2115.5000000	41.73884441	34.93134081
2115.6000000	41.74904985	34.94662365
2115.7000000	41.76218607	34.96680154
2115.8000000	41.77875279	34.99271664
2115.9000000	41.79700933	35.02147072
2116.0000000	41.81772674	35.0543332
2116.1000000	41.83909117	35.0882542
2116.2000000	41.85998844	35.12136244
2116.3000000	41.87843363	35.15035678
2116.4000000	41.89326004	35.17330362
2116.5000000	41.90577766	35.19239154
2116.6000000	41.91472541	35.20552683
2116.7000000	41.9228983	35.21737089
2116.8000000	41.9309788	35.22906296
2116.9000000	41.94080752	35.24366872
2117.0000000	41.95174866	35.26012808
2117.1000000	41.96320425	35.27744497
2117.2000000	41.97308434	35.29214034
2117.3000000	41.97907028	35.300355
2117.4000000	41.98164651	35.30289701
2117.5000000	41.97420362	35.28875723
2117.6000000	41.96129593	35.2655187
2117.7000000	41.94332086	35.23384155
2117.8000000	41.91792641	35.18980843
2117.9000000	41.89085993	35.14299213
2118.0000000	41.86194062	35.09309195
2118.1000000	41.83317521	35.04344981
2118.2000000	41.80567453	34.99591435
2118.3000000	41.78000801	34.95143103
2118.4000000	41.75992515	34.91624112
2118.5000000	41.74390619	34.88781121
2118.6000000	41.733534	34.86877797
2118.7000000	41.73292761	34.86600534
2118.8000000	41.73779791	34.87235463
2118.9000000	41.75054663	34.89183029
2119.0000000	41.77089592	34.92397163
2119.1000000	41.7945488	34.96162162
2119.2000000	41.82196367	35.00554224
2119.3000000	41.85026532	35.05094287
2119.4000000	41.87854889	35.09631518
2119.5000000	41.90598895	35.14028397
2119.6000000	41.93233119	35.18242591
2119.7000000	41.95791845	35.22331261
2119.8000000	41.98231818	35.2622251
2119.9000000	42.00512166	35.2984852
2120.0000000	42.02647884	35.33234493
2120.1000000	42.04400017	35.35982457
2120.2000000	42.05759301	35.38076679
2120.3000000	42.06817332	35.39669252
2120.4000000	42.0728448	35.40277527
2120.5000000	42.07532071	35.40520114
2120.6000000	42.07604809	35.40472289
2120.7000000	42.07739661	35.40529657
2120.8000000	42.08151793	35.41051011
2120.9000000	42.08830879	35.42019025
2121.0000000	42.10328555	35.44352439
2121.1000000	42.12193964	35.47300433
2121.2000000	42.14472527	35.50938355
2121.3000000	42.17179266	35.55290356
2121.4000000	42.19904909	35.59673861
2121.5000000	42.22618504	35.64036648
2121.6000000	42.24964946	35.67786994
2121.7000000	42.27036364	35.71078151
2121.8000000	42.28725307	35.73730933
2121.9000000	42.29900929	35.75527275
2122.0000000	42.30822907	35.76899573
2122.1000000	42.31411364	35.7771477
2122.2000000	42.3167295	35.77984312
2122.3000000	42.31754622	35.77953541
2122.4000000	42.3157456	35.77486636
2122.5000000	42.31140228	35.76596215
2122.6000000	42.30562112	35.75466195
2122.7000000	42.29781435	35.73998456
2122.8000000	42.28935974	35.7242222
2122.9000000	42.28079469	35.70826997
2123.0000000	42.27298785	35.69357698
2123.1000000	42.26669342	35.68140352
2123.2000000	42.26152447	35.67110847
2123.3000000	42.25861722	35.6645861
2123.4000000	42.25665557	35.65964531
2123.5000000	42.25531765	35.65575021
2123.6000000	42.25415203	35.65214886
2123.7000000	42.25249658	35.64773726
2123.8000000	42.25042185	35.64262907
2123.9000000	42.24723301	35.63566197
2124.0000000	42.24362849	35.62799453
2124.1000000	42.23961612	35.6196383
2124.2000000	42.23486741	35.61004981
2124.3000000	42.22943012	35.59931542
2124.4000000	42.22317423	35.58722745
2124.5000000	42.21428859	35.57077489
2124.6000000	42.20342394	35.55104319
2124.7000000	42.19008925	35.5272108
2124.8000000	42.17199362	35.49545197
2124.9000000	42.15143866	35.45958702
2125.0000000	42.12760557	35.41824084
2125.1000000	42.10109925	35.3724163
2125.2000000	42.07431069	35.32609641
2125.3000000	42.04794312	35.28045623
2125.4000000	42.02639591	35.24282971
2125.5000000	42.00907769	35.21223909
2125.6000000	42.00001709	35.19540067
2125.7000000	42.00153354	35.19618169
2125.8000000	42.00951811	35.20773946
2125.9000000	42.02747307	35.23590711
2126.0000000	42.05079104	35.27301252
2126.1000000	42.07646514	35.31405038
2126.2000000	42.10285745	35.35629487
2126.3000000	42.12612743	35.39335058
2126.4000000	42.14679265	35.42608013
2126.5000000	42.16113408	35.44828997
2126.6000000	42.17140976	35.46373946
2126.7000000	42.17874801	35.47430184
2126.8000000	42.18195466	35.47798127
2126.9000000	42.18396769	35.47966739
2127.0000000	42.18486901	35.47950262
2127.1000000	42.18483311	35.47778797
2127.2000000	42.18423613	35.47516304
2127.3000000	42.18316699	35.47178399
2127.4000000	42.18079683	35.46626915
2127.5000000	42.17752717	35.45928005
2127.6000000	42.17330875	35.45072301
2127.7000000	42.16722287	35.4390508
2127.8000000	42.16056299	35.42640015
2127.9000000	42.15307452	35.41233545
2128.0000000	42.14447933	35.39639409
2128.1000000	42.13545347	35.37971107
2128.2000000	42.12594617	35.36221344
2128.3000000	42.11817618	35.34760398
2128.4000000	42.11310264	35.33748254
2128.5000000	42.11320414	35.33597662
2128.6000000	42.12519395	35.35426379
2128.7000000	42.14592207	35.38709482
2128.8000000	42.18174092	35.44505058
2128.9000000	42.23263376	35.52811139
2129.0000000	42.29108522	35.62377062
2129.1000000	42.35906826	35.73532321
2129.2000000	42.42641142	35.84583105
2129.3000000	42.49082198	35.95146885
2129.4000000	42.54366581	36.03784305
2129.5000000	42.58215999	36.1003016
2129.6000000	42.61017997	36.14528731
2129.7000000	42.61952096	36.1591325
2129.8000000	42.61974487	36.15776995
2129.9000000	42.61336405	36.14539584
2130.0000000	42.59886949	36.11950525
2130.1000000	42.58115392	36.08825102
2130.2000000	42.56056323	36.05221024
2130.3000000	42.53324462	36.00496611
2130.4000000	42.50084802	35.94926729
2130.5000000	42.46336865	35.88510737
2130.6000000	42.41528079	35.80328437
2130.7000000	42.36312022	35.71468347
2130.8000000	42.30635604	35.61841807
2130.9000000	42.24769113	35.51898634
2131.0000000	42.19068987	35.42232176
2131.1000000	42.13658891	35.3304823
2131.2000000	42.09316934	35.25642782
2131.3000000	42.05770533	35.1956196
2131.4000000	42.03422251	35.15476316
2131.5000000	42.03165695	35.14874115
2131.6000000	42.04206722	35.16432627
2131.7000000	42.07181386	35.21211177
2131.8000000	42.12147328	35.29305912
2131.9000000	42.1797051	35.3882846
2132.0000000	42.24763573	35.49967079
2132.1000000	42.31218403	35.60544045
2132.2000000	42.37079682	35.70134648
2132.3000000	42.41312893	35.77015782
2132.4000000	42.43539046	35.80555319
2132.5000000	42.44457736	35.81917335
2132.6000000	42.43283412	35.79792655
2132.7000000	42.4131399	35.76342681
2132.8000000	42.38928705	35.72199244
2132.9000000	42.36756434	35.68410075
2133.0000000	42.35223612	35.65685642
2133.1000000	42.34196449	35.63803219
2133.2000000	42.34083722	35.63443732
2133.3000000	42.34151804	35.63385485
2133.4000000	42.34360392	35.63561507
2133.5000000	42.34241565	35.63192472
2133.6000000	42.33841547	35.6235521
2133.7000000	42.3316278	35.61053573
2133.8000000	42.32212337	35.59299244
2133.9000000	42.31312164	35.57628458
2134.0000000	42.30479668	35.56070314
2134.1000000	42.29936562	35.54994167
2134.2000000	42.29508275	35.54109308
2134.3000000	42.29217888	35.53454203
2134.4000000	42.28941055	35.5282178
2134.5000000	42.2859087	35.52067344
2134.6000000	42.28104996	35.51087146
2134.7000000	42.27368551	35.49689903
2134.8000000	42.26486693	35.48050734
2134.9000000	42.25395956	35.460638
2135.0000000	42.24039923	35.43634888
2135.1000000	42.22507602	35.40912036
2135.2000000	42.20678936	35.37695149
2135.3000000	42.18508085	35.3390778
2135.4000000	42.16102371	35.2972854
2135.5000000	42.13289746	35.248707
2135.6000000	42.10156538	35.19477885
2135.7000000	42.068299	35.13761938
2135.8000000	42.03312718	35.07727964
2135.9000000	41.99932271	35.01921506
2136.0000000	41.96718759	34.96393226
2136.1000000	41.9427759	34.9215149
2136.2000000	41.92710535	34.8936555
2136.3000000	41.9187871	34.87803707
2136.4000000	41.92673683	34.88950667
2136.5000000	41.94325047	34.91523425
2136.6000000	41.96686491	34.95278781
2136.7000000	42.00070164	35.00737178
2136.8000000	42.03625318	35.06482138
2136.9000000	42.07360814	35.12528717
2137.0000000	42.10913858	35.18272685
2137.1000000	42.142125	35.2359399
2137.2000000	42.17217335	35.28426555
2137.3000000	42.19599703	35.32222539
2137.4000000	42.21655519	35.35474477
2137.5000000	42.23298474	35.38038486
2137.6000000	42.2438304	35.39672202
2137.7000000	42.25216006	35.40886653
2137.8000000	42.257344	35.41577026
2137.9000000	42.26147083	35.42091247
2138.0000000	42.26697824	35.42835429
2138.1000000	42.27615164	35.44190327
2138.2000000	42.29512774	35.4717805
2138.3000000	42.32097372	35.51309977
2138.4000000	42.35868882	35.57418433
2138.5000000	42.40536174	35.65018124
2138.6000000	42.45536157	35.73171001
2138.7000000	42.50642243	35.81499762
2138.8000000	42.5499186	35.88568286
2138.9000000	42.58699588	35.94568035
2139.0000000	42.60908215	35.98071748
2139.1000000	42.62045372	35.99791666
2139.2000000	42.62475584	36.00334474
2139.3000000	42.62133763	35.99591263
2139.4000000	42.61875243	35.98986314
2139.5000000	42.61724204	35.98560097
2139.6000000	42.62277867	35.99307703
2139.7000000	42.63189373	36.00651733
2139.8000000	42.64404394	36.02501561
2139.9000000	42.65682518	36.04456304
2140.0000000	42.66696548	36.05970513
2140.1000000	42.67441167	36.07034998
2140.2000000	42.67496407	36.06950308
2140.3000000	42.67347	36.06523868
2140.4000000	42.66969515	36.05716729
2140.5000000	42.66617885	36.04951771
2140.6000000	42.66338283	36.04305907
2140.7000000	42.66164904	36.03836516
2140.8000000	42.65886604	36.03193065
2140.9000000	42.6535718	36.02133636
2141.0000000	42.64384386	36.00339454
2141.1000000	42.62483511	35.97003355
2141.2000000	42.60024829	35.92741124
2141.3000000	42.56746399	35.87115057
2141.4000000	42.52923561	35.80581554
2141.5000000	42.48975591	35.73837209
2141.6000000	42.45114984	35.67235136
2141.7000000	42.41931544	35.61758131
2141.8000000	42.39287965	35.5717855
2141.9000000	42.37822278	35.54560109
2142.0000000	42.37467158	35.53791571
2142.1000000	42.37852703	35.54257219
2142.2000000	42.39408042	35.56671642
2142.3000000	42.41487807	35.59959525
2142.4000000	42.43880959	35.63768933
2142.5000000	42.46375319	35.67746338
2142.6000000	42.48534699	35.71165378
2142.7000000	42.50391163	35.74079588
2142.8000000	42.51251105	35.75333776
2142.9000000	42.51445979	35.75479959
2143.0000000	42.51051815	35.74644881
2143.1000000	42.49604782	35.72056208
2143.2000000	42.47831157	35.68923702
2143.3000000	42.45714747	35.65220461
2143.4000000	42.43541114	35.61422095
2143.5000000	42.41663668	35.58117211
2143.6000000	42.40171152	35.5545359
2143.7000000	42.39998443	35.54988229
2143.8000000	42.40714053	35.56002432
2143.9000000	42.42608502	35.58980151
2144.0000000	42.46252498	35.6487224
2144.1000000	42.50733157	35.72158786
2144.2000000	42.56311947	35.81275731
2144.3000000	42.62858782	35.9200653
2144.4000000	42.69773547	36.03351309
2144.5000000	42.77104255	36.1538939
2144.6000000	42.84432946	36.27424539
2144.7000000	42.91531572	36.39078212
2144.8000000	42.98052889	36.49774283
2144.9000000	43.03327605	36.58399226
2145.0000000	43.07606419	36.65369379
2145.1000000	43.09883372	36.69007656
2145.2000000	43.10422995	36.69753528
2145.3000000	43.09853045	36.68651137
2145.4000000	43.07820611	36.65111411
2145.5000000	43.05653435	36.61346088
2145.6000000	43.03556822	36.57699371
2145.7000000	43.02451241	36.55706409
2145.8000000	43.02140631	36.55043005
2145.9000000	43.02417364	36.5536454
2146.0000000	43.03016062	36.56227957
2146.1000000	43.02960872	36.56005175
2146.2000000	43.02295945	36.54766535
2146.3000000	42.99461921	36.49913186
2146.4000000	42.95698223	36.43508668
2146.5000000	42.90941109	36.35445546
2146.6000000	42.85797643	36.26732605
2146.7000000	42.81303772	36.19092852
2146.8000000	42.77692281	36.12914441
2146.9000000	42.76650101	36.11010583
2147.0000000	42.76946529	36.11334922
2147.1000000	42.78957797	36.14516204
2147.2000000	42.82307373	36.19928538
2147.3000000	42.85710392	36.25433128
2147.4000000	42.88828972	36.30468299
2147.5000000	42.90081387	36.32398419
2147.6000000	42.89945223	36.32017176
2147.7000000	42.87476536	36.27751371
2147.8000000	42.82573847	36.19429522
2147.9000000	42.76438814	36.09050929
2148.0000000	42.68793045	35.96151114
2148.1000000	42.60908816	35.82850083
2148.2000000	42.53130678	35.6972317
2148.3000000	42.46385977	35.58316017
2148.4000000	42.41230466	35.49554784
2148.5000000	42.37252406	35.42754019
2148.6000000	42.35589791	35.398094
2148.7000000	42.35359712	35.39250788
2148.8000000	42.36138966	35.40373503
2148.9000000	42.3821679	35.43659244
2149.0000000	42.40594747	35.4744502
2149.1000000	42.43174759	35.51567471
2149.2000000	42.45560902	35.553672
2149.3000000	42.47629645	35.586384
2149.4000000	42.49417027	35.61440956
2149.5000000	42.5057222	35.63190495
2149.6000000	42.51503572	35.64567138
2149.7000000	42.5219367	35.65541921
2149.8000000	42.52609464	35.66059816
2149.9000000	42.5289263	35.66356755
2150.0000000	42.53017271	35.6638959
2150.1000000	42.52769767	35.65802574
2150.2000000	42.52279578	35.64811398
2150.3000000	42.51461311	35.63273941
2150.4000000	42.50205528	35.6100802
2150.5000000	42.4877238	35.58446988
2150.6000000	42.47134867	35.55545866
2150.7000000	42.45431924	35.5253591
2150.8000000	42.43719676	35.49510389
2150.9000000	42.42024109	35.46512362
2151.0000000	42.40306328	35.43476914
2151.1000000	42.38562795	35.40398168
2151.2000000	42.36768765	35.37235023
2151.3000000	42.35075593	35.34239688
2151.4000000	42.33532648	35.31494423
2151.5000000	42.32460973	35.29533876
2151.6000000	42.32087402	35.2873571
2151.7000000	42.32230275	35.28797309
2151.8000000	42.33375011	35.3052725
2151.9000000	42.35021594	35.33093092
2152.0000000	42.36978222	35.36175809
2152.1000000	42.39070979	35.39485935
2152.2000000	42.40872859	35.42312134
2152.3000000	42.42424798	35.44722176
2152.4000000	42.43129963	35.45721695
2152.5000000	42.4334317	35.45901528
2152.6000000	42.43103405	35.45326718
2152.7000000	42.4213248	35.435341
2152.8000000	42.4096433	35.41413067
2152.9000000	42.39576385	35.38926175
2153.0000000	42.38109634	35.36308429
2153.1000000	42.36760607	35.33887341
2153.2000000	42.35584895	35.31755581
2153.3000000	42.35052779	35.3069632
2153.4000000	42.34958523	35.30366673
2153.5000000	42.35462436	35.3103336
2153.6000000	42.36764637	35.33029432
2153.7000000	42.38385804	35.35556445
2153.8000000	42.4037359	35.38693787
2153.9000000	42.42392169	35.41882289
2154.0000000	42.44321713	35.44922563
2154.1000000	42.46027366	35.47590139
2154.2000000	42.47493961	35.49859781
2154.3000000	42.48883936	35.52001935
2154.4000000	42.50261657	35.54123648
2154.5000000	42.51834166	35.56569546
2154.6000000	42.5353899	35.59235427
2154.7000000	42.55478363	35.62291478
2154.8000000	42.57380992	35.65285839
2154.9000000	42.59173753	35.68096793
2155.0000000	42.60436786	35.70025243
2155.1000000	42.61038317	35.70851999
2155.2000000	42.61119157	35.70811892
2155.3000000	42.60139867	35.69006677
2155.4000000	42.58665922	35.66378172
2155.5000000	42.56803845	35.63103595
2155.6000000	42.54640419	35.59327228
2155.7000000	42.52591472	35.55741439
2155.8000000	42.50645447	35.5232692
2155.9000000	42.49214941	35.49770914
2156.0000000	42.48003889	35.47580381
2156.1000000	42.47043327	35.45806951
2156.2000000	42.4628284	35.44366499
2156.3000000	42.45503642	35.42894444
2156.4000000	42.44680589	35.41348771
2156.5000000	42.43669107	35.39488698
2156.6000000	42.42605357	35.37541172
2156.7000000	42.41488946	35.35505828
2156.8000000	42.40613438	35.3387188
2156.9000000	42.40015063	35.32699785
2157.0000000	42.39908196	35.32346527
2157.1000000	42.40646268	35.33400607
2157.2000000	42.41894985	35.3530523
2157.3000000	42.43919296	35.385018
2157.4000000	42.46555334	35.4271761
2157.5000000	42.49451394	35.47366913
2157.6000000	42.52574675	35.5239486
2157.7000000	42.55465631	35.5703571
2157.8000000	42.58100814	35.61250185
2157.9000000	42.60043899	35.6431161
2158.0000000	42.61268902	35.66176961
2158.1000000	42.61994148	35.67210141
2158.2000000	42.6190292	35.66883852
2158.3000000	42.61488642	35.6601999
2158.4000000	42.60869491	35.64815384
2158.5000000	42.60228771	35.6357529
2158.6000000	42.59763384	35.62627621
2158.7000000	42.59449569	35.61932735
2158.8000000	42.59486718	35.61822588
2158.9000000	42.59641684	35.61908618
2159.0000000	42.59910875	35.62184504
2159.1000000	42.60207705	35.62505831
2159.2000000	42.60478863	35.62783769
2159.3000000	42.60715132	35.6300309
2159.4000000	42.60970106	35.63253229
2159.5000000	42.61282925	35.63599508
2159.6000000	42.61674652	35.64077133
2159.7000000	42.62197258	35.64772745
2159.8000000	42.62746326	35.65512466
2159.9000000	42.63316816	35.66287839
2160.0000000	42.63769641	35.66867077
2160.1000000	42.6413021	35.67292339
2160.2000000	42.64335342	35.67458327
2160.3000000	42.64456909	35.67484834
2160.4000000	42.64618929	35.67578624
2160.5000000	42.6494938	35.6795307
2160.6000000	42.65761982	35.69130801
2160.7000000	42.66943934	35.7092395
2160.8000000	42.68836001	35.73900033
2160.9000000	42.7139136	35.77981061
2161.0000000	42.74329645	35.82700152
2161.1000000	42.77776516	35.88266804
2161.2000000	42.81242453	35.93866097
2161.3000000	42.84626783	35.99330663
2161.4000000	42.87463181	36.03883786
2161.5000000	42.89576517	36.07233244
2161.6000000	42.9111354	36.09622605
2161.7000000	42.91360545	36.09862512
2161.8000000	42.90944752	36.0899727
2161.9000000	42.89987889	36.07229536
2162.0000000	42.88514421	36.04600013
2162.1000000	42.87216395	36.0226126
2162.2000000	42.86082831	36.00195112
2162.3000000	42.86059749	35.99977508
2162.4000000	42.8671834	36.00894727
2162.5000000	42.88144004	36.03089589
2162.6000000	42.90609536	36.07016952
2162.7000000	42.93205556	36.1116266
2162.8000000	42.95903541	36.15479373
2162.9000000	42.9777393	36.18418685
2163.0000000	42.98920843	36.20153563
2163.1000000	42.99001387	36.20112465
2163.2000000	42.97582167	36.17573362
2163.3000000	42.95522635	36.1396771
2163.4000000	42.92689204	36.09073095
2163.5000000	42.89871818	36.04205222
2163.6000000	42.87373686	35.99869175
2163.7000000	42.85740229	35.96973554
2163.8000000	42.85519804	35.96431897
2163.9000000	42.8619515	35.97382741
2164.0000000	42.88317884	36.00744665
2164.1000000	42.91243954	36.05444771
2164.2000000	42.94513994	36.10717931
2164.3000000	42.97834027	36.16074625
2164.4000000	43.00531774	36.20395239
2164.5000000	43.02699602	36.23833457
2164.6000000	43.03509111	36.25009213
2164.7000000	43.0330063	36.24488913
2164.8000000	43.02316773	36.2267634
2164.9000000	43.00071251	36.18761507
2165.0000000	42.97387062	36.1411523
2165.1000000	42.9433924	36.08862697
2165.2000000	42.91152909	36.03379094
2165.3000000	42.88168216	35.982312
2165.4000000	42.85378203	35.93407724
2165.5000000	42.83493902	35.90093062
2165.6000000	42.82250404	35.87846044
2165.7000000	42.8175176	35.86839859
2165.8000000	42.82876895	35.88538222
2165.9000000	42.84845975	35.91642221
2166.0000000	42.87848242	35.96467047
2166.1000000	42.92041353	36.03275367
2166.2000000	42.96517087	36.10554605
2166.3000000	43.01243713	36.18251948
2166.4000000	43.0533713	36.24894822
2166.5000000	43.08759822	36.30420601
2166.6000000	43.11021411	36.34012521
2166.7000000	43.11618156	36.34831793
2166.8000000	43.11287246	36.34106517
2166.9000000	43.09612106	36.31143047
2167.0000000	43.07104801	36.26794015
2167.1000000	43.04245663	36.21858916
2167.2000000	43.01167365	36.16558244
2167.3000000	42.98335301	36.11666961
2167.4000000	42.95737518	36.07165461
2167.5000000	42.9379959	36.03762952
2167.6000000	42.92681957	36.01726762
2167.7000000	42.92240462	36.00816441
2167.8000000	42.93353805	36.02494929
2167.9000000	42.95743818	36.06298496
2168.0000000	42.99114006	36.11733288
2168.1000000	43.04298378	36.20188858
2168.2000000	43.10089284	36.29654918
2168.3000000	43.16347065	36.3990028
2168.4000000	43.2241992	36.49840284
2168.5000000	43.27652224	36.58383003
2168.6000000	43.32072973	36.65575337
2168.7000000	43.33919856	36.6848072
2168.8000000	43.34409177	36.69124139
2168.9000000	43.33353182	36.67192613
2169.0000000	43.30123334	36.61639196
2169.1000000	43.26184827	36.54904114
2169.2000000	43.21441199	36.46826687
2169.3000000	43.1645351	36.38341645
2169.4000000	43.1162876	36.30127346
2169.5000000	43.07173903	36.22529016
2169.6000000	43.03712751	36.16585918
2169.7000000	43.0089192	36.11709452
2169.8000000	42.99080626	36.08514276
2169.9000000	42.98444419	36.07275671
2170.0000000	42.98470658	36.07139508
2170.1000000	42.99446424	36.08583867
2170.2000000	43.01101006	36.11158363
2170.3000000	43.03085274	36.14282292
2170.4000000	43.0544463	36.18032031
2170.5000000	43.07863267	36.21881988
2170.6000000	43.10287154	36.25741941
2170.7000000	43.12593656	36.29407125
2170.8000000	43.14772893	36.32860513
2170.9000000	43.16867963	36.36173508
2171.0000000	43.18875398	36.3934012
2171.1000000	43.20906303	36.42545305
2171.2000000	43.22950527	36.457723
2171.3000000	43.25012007	36.49028023
2171.4000000	43.26960684	36.52096237
2171.5000000	43.28805001	36.54991014
2171.6000000	43.30148502	36.57051797
2171.7000000	43.31109876	36.58476098
2171.8000000	43.31691735	36.59268379
2171.9000000	43.31557346	36.58867961
2172.0000000	43.31219652	36.58129192
2172.1000000	43.30656888	36.57015644
2172.2000000	43.30129266	36.55960423
2172.3000000	43.29750242	36.55152201
2172.4000000	43.29585123	36.54699515
2172.5000000	43.29790321	36.54862837
2172.6000000	43.30128316	36.55246746
2172.7000000	43.30613583	36.55875666
2172.8000000	43.31006978	36.56351631
2172.9000000	43.31247734	36.56573641
2173.0000000	43.31190922	36.56300442
2173.1000000	43.30608775	36.55152736
2173.2000000	43.29670075	36.53411715
2173.3000000	43.28127936	36.50666395
2173.4000000	43.2596112	36.46881692
2173.5000000	43.23392393	36.42428639
2173.6000000	43.20191975	36.36924171
2173.7000000	43.16535843	36.30660487
2173.8000000	43.12610529	36.2394731
2173.9000000	43.08378446	36.167213
2174.0000000	43.04237013	36.09643974
2174.1000000	43.0024186	36.02807957
2174.2000000	42.97037826	35.97287443
2174.3000000	42.9485168	35.93460641
2174.4000000	42.93511903	35.9104291
2174.5000000	42.94382421	35.92307129
2174.6000000	42.96607589	35.95829444
2174.7000000	43.00009485	36.01314238
2174.8000000	43.05343535	36.10019701
2174.9000000	43.11072917	36.1938598
2175.0000000	43.17191928	36.29403121
2175.1000000	43.22776829	36.3853209
2175.2000000	43.27597844	36.46389481
2175.3000000	43.31521102	36.52751441
2175.4000000	43.3351254	36.55895115
2175.5000000	43.34581669	36.57501688
2175.6000000	43.3451135	36.57209784
2175.7000000	43.33352547	36.55104729
2175.8000000	43.31895285	36.52502662
2175.9000000	43.30173275	36.49459906
2176.0000000	43.28706834	36.46843113
2176.1000000	43.27502745	36.44663598
2176.2000000	43.26783054	36.43291186
2176.3000000	43.26615946	36.42839447
2176.4000000	43.26740439	36.42873708
2176.5000000	43.27261116	36.43568155
2176.6000000	43.2826814	36.45072959
2176.7000000	43.29748076	36.47365793
2176.8000000	43.32346623	36.51522161
2176.9000000	43.36627665	36.58481264
2177.0000000	43.42128481	36.67472475
2177.1000000	43.50038057	36.80476318
2177.2000000	43.59162574	36.95505287
2177.3000000	43.68887479	37.11537248
2177.4000000	43.78259719	37.26986294
2177.5000000	43.85665208	37.39164796
2177.6000000	43.9133633	37.48458823
2177.7000000	43.91891479	37.49233601
2177.8000000	43.8923651	37.44660429
2177.9000000	43.83754416	37.35374135
2178.0000000	43.74119453	37.19165352
2178.1000000	43.63751494	37.01730397
2178.2000000	43.52607301	36.82999007
2178.3000000	43.42676384	36.66286357
2178.4000000	43.33945352	36.51571156
2178.5000000	43.26740366	36.39397144
2178.6000000	43.22342029	36.31897316
2178.7000000	43.19118993	36.26354582
2178.8000000	43.17346328	36.2322685
2178.9000000	43.16882974	36.2227888
2179.0000000	43.16864535	36.22070816
2179.1000000	43.1731306	36.22639402
2179.2000000	43.17848073	36.23351194
2179.3000000	43.18288045	36.23904086
2179.4000000	43.18475122	36.24035217
2179.5000000	43.18252267	36.23482786
2179.6000000	43.17860531	36.22647967
2179.7000000	43.17301097	36.21532633
2179.8000000	43.17165276	36.21121923
2179.9000000	43.175555	36.21587012
2180.0000000	43.19393625	36.24463945
2180.1000000	43.23266805	36.30731438
2180.2000000	43.28599585	36.39431682
2180.3000000	43.36725589	36.52786176
2180.4000000	43.46271509	36.68507813
2180.5000000	43.56559152	36.85467106
2180.6000000	43.66768485	37.02298268
2180.7000000	43.75281678	37.16306448
2180.8000000	43.82311637	37.27845294
2180.9000000	43.84970755	37.3210416
2181.0000000	43.85073765	37.32104537
2181.1000000	43.82955006	37.28402957
2181.2000000	43.78164585	37.20250586
2181.3000000	43.73698769	37.12638517
2181.4000000	43.69572498	37.0559224
2181.5000000	43.69244126	37.04872096
2181.6000000	43.71323052	37.08162519
2181.7000000	43.76266103	37.16225555
2181.8000000	43.84394246	37.29597667
2181.9000000	43.92723606	37.43311343
2182.0000000	44.00957628	37.56874695
2182.1000000	44.05617041	37.6449276
2182.2000000	44.07450139	37.67409585
2182.3000000	44.04891056	37.63012826
2182.4000000	43.96885157	37.49540955
2182.5000000	43.86326022	37.31809957
2182.6000000	43.72731872	37.09014893
2182.7000000	43.58592722	36.8530295
2182.8000000	43.44865931	36.62270729
2182.9000000	43.33054606	36.42424483
2183.0000000	43.24554731	36.28091752
2183.1000000	43.18321	36.17532629
2183.2000000	43.16210823	36.13841026
2183.3000000	43.16960869	36.14912897
2183.4000000	43.19480916	36.1893262
2183.5000000	43.2425626	36.2670882
2183.6000000	43.29873636	36.35888204
2183.7000000	43.36022341	36.4595366
2183.8000000	43.42679303	36.56866833
2183.9000000	43.49385596	36.6786321
2184.0000000	43.56106156	36.78884061
2184.1000000	43.62748517	36.89775074
2184.2000000	43.69178559	37.0031255
2184.3000000	43.75407749	37.10515195
2184.4000000	43.80798081	37.19320092
2184.5000000	43.85439063	37.26876269
2184.6000000	43.89319802	37.33166179
2184.7000000	43.91194038	37.36115212
2184.8000000	43.91903025	37.37125738
2184.9000000	43.91197751	37.35783903
2185.0000000	43.88142571	37.30531228
2185.1000000	43.83987969	37.23449544
2185.2000000	43.78456463	37.14075059
2185.3000000	43.71671354	37.02611345
2185.4000000	43.64478562	36.90465965
2185.5000000	43.56938018	36.77738002
2185.6000000	43.49756937	36.65605546
2185.7000000	43.42965077	36.54118985
2185.8000000	43.36980842	36.43976185
2185.9000000	43.32207608	36.358498
2186.0000000	43.28223878	36.29038175
2186.1000000	43.25604663	36.24499149
2186.2000000	43.24362401	36.22253474
2186.3000000	43.24070923	36.21591296
2186.4000000	43.25465081	36.23736406
2186.5000000	43.28402878	36.28452161
2186.6000000	43.32396182	36.34925547
2186.7000000	43.38204922	36.44422422
2186.8000000	43.44842101	36.55299423
2186.9000000	43.51931688	36.66930866
2187.0000000	43.58950701	36.78446115
2187.1000000	43.64916628	36.88208787
2187.2000000	43.69953394	36.96424825
2187.3000000	43.72031941	36.99714196
2187.4000000	43.7219446	36.99812235
2187.5000000	43.70637721	36.9704655
2187.6000000	43.66075559	36.89275161
2187.7000000	43.60760801	36.80250376
2187.8000000	43.54613418	36.69838909
2187.9000000	43.48823373	36.60022489
2188.0000000	43.43877971	36.51612547
2188.1000000	43.40057022	36.45075058
2188.2000000	43.38768623	36.42755404
2188.3000000	43.38699217	36.42466142
2188.4000000	43.40174347	36.44749767
2188.5000000	43.42873657	36.49072747
2188.6000000	43.45781682	36.53743579
2188.7000000	43.48716667	36.58459191
2188.8000000	43.50728498	36.61636901
2188.9000000	43.52042617	36.63652198
2189.0000000	43.52167116	36.63685949
2189.1000000	43.51188055	36.61881658
2189.2000000	43.49690223	36.59213307
2189.3000000	43.4763067	36.55609256
2189.4000000	43.45601437	36.52055422
2189.5000000	43.43675077	36.48672623
2189.6000000	43.4214158	36.45943918
2189.7000000	43.40878979	36.43666341
2189.8000000	43.39746037	36.41604832
2189.9000000	43.38597738	36.39517969
2190.0000000	43.37148112	36.36929438
2190.1000000	43.35447491	36.33922872
2190.2000000	43.33116925	36.29866769
2190.3000000	43.30463635	36.25272373
2190.4000000	43.27565705	36.20269256
2190.5000000	43.24569329	36.15100636
2190.6000000	43.21822823	36.10346703
2190.7000000	43.19284134	36.05937954
2190.8000000	43.1764756	36.03031507
2190.9000000	43.16514864	36.00964839
2191.0000000	43.15955153	35.99853464
2191.1000000	43.16396018	36.00409409
2191.2000000	43.17220491	36.01604678
2191.3000000	43.18484513	36.03531952
2191.4000000	43.20138476	36.06108366
2191.5000000	43.21898972	36.08861985
2191.6000000	43.23763712	36.11789311
2191.7000000	43.25669166	36.14784929
2191.8000000	43.27575733	36.17783169
2191.9000000	43.294836	36.20784518
2192.0000000	43.31369228	36.2374979
2192.1000000	43.33219048	36.26656321
2192.2000000	43.3499452	36.29439853
2192.3000000	43.36607258	36.31953134
2192.4000000	43.38107695	36.34280134
2192.5000000	43.39418415	36.36291814
2192.6000000	43.40635681	36.38148258
2192.7000000	43.41840211	36.39983631
2192.8000000	43.43135795	36.41970599
2192.9000000	43.4464878	36.44319529
2193.0000000	43.46312419	36.46919353
2193.1000000	43.48254865	36.49983662
2193.2000000	43.50223353	36.53091608
2193.3000000	43.52170986	36.56165196
2193.4000000	43.53770911	36.58660138
2193.5000000	43.54967701	36.60484204
2193.6000000	43.5582996	36.6175162
2193.7000000	43.56014827	36.61891162
2193.8000000	43.55984554	36.6167248
2193.9000000	43.55756188	36.61123741
2194.0000000	43.55509432	36.60544196
2194.1000000	43.55378765	36.60157927
2194.2000000	43.55376353	36.59985371
2194.3000000	43.55622511	36.60227008
2194.4000000	43.55915842	36.60547384
2194.5000000	43.56256035	36.60945873
2194.6000000	43.56485531	36.61159965
2194.7000000	43.56630325	36.61232901
2194.8000000	43.56656692	36.61108477
2194.9000000	43.56560658	36.60780038
2195.0000000	43.56408365	36.60357683
2195.1000000	43.5618305	36.59813419
2195.2000000	43.55808679	36.59020555
2195.3000000	43.55293349	36.57992536
2195.4000000	43.54508891	36.56515851
2195.5000000	43.533053	36.54340532
2195.6000000	43.51835033	36.5172027
2195.7000000	43.49925664	36.4836762
2195.8000000	43.47750439	36.44570911
2195.9000000	43.45463154	36.40586257
2196.0000000	43.43176014	36.36600609
2196.1000000	43.41192305	36.33119249
2196.2000000	43.39479421	36.30088063
2196.3000000	43.38515839	36.28304215
2196.4000000	43.38202095	36.27602392
2196.5000000	43.38386351	36.27730069
2196.6000000	43.39490504	36.29390193
2196.7000000	43.41013605	36.3174869
2196.8000000	43.42869514	36.34662373
2196.9000000	43.45062572	36.38138719
2197.0000000	43.4722255	36.41561267
2197.1000000	43.49356569	36.44941891
2197.2000000	43.51140777	36.47741069
2197.3000000	43.52671535	36.5011905
2197.4000000	43.5391998	36.52027447
2197.5000000	43.5457599	36.5294951
2197.6000000	43.54956894	36.53413567
2197.7000000	43.55004368	36.53322324
2197.8000000	43.54918802	36.53009422
2197.9000000	43.55235314	36.53366048
2198.0000000	43.56252259	36.5488908
2198.1000000	43.60145077	36.61201726
2198.2000000	43.66502179	36.71618461
2198.3000000	43.76834971	36.88656703
2198.4000000	43.93341175	37.15977761
2198.5000000	44.13113754	37.48742307
2198.6000000	44.37850819	37.89782708
2198.7000000	44.65574543	38.35809202
2198.8000000	44.93689587	38.82499641
2198.9000000	45.20944421	39.27767027
2199.0000000	45.4379519	39.65703645
2199.1000000	45.62992081	39.97556007
2199.2000000	45.75197673	40.17762832
2199.3000000	45.81637058	40.28365146
2199.4000000	45.84356297	40.32772713
2199.5000000	45.81311478	40.27581252
2199.6000000	45.76128858	40.18831973
2199.7000000	45.69459392	40.0760912
2199.8000000	45.62693617	39.96229812
2199.9000000	45.57282701	39.8711197
2200.0000000	45.52966241	39.79820764
2200.1000000	45.51929436	39.77995947
2200.2000000	45.52452106	39.78772063
2200.3000000	45.54488401	39.82073062
2200.4000000	45.5829631	39.883285
2200.5000000	45.62130986	39.94630807
2200.6000000	45.65891749	40.00810639
2200.7000000	45.68137365	40.04465288
2200.8000000	45.68982701	40.05784673
2200.9000000	45.68065726	40.04164168
2201.0000000	45.63558095	39.96556097
2201.1000000	45.56762724	39.8512879
2201.2000000	45.46800354	39.68413771
2201.3000000	45.32902076	39.45126102
2201.4000000	45.17310335	39.19001234
2201.5000000	45.00022643	38.90040225
2201.6000000	44.82231735	38.60237428
2201.7000000	44.64378986	38.30330648
2201.8000000	44.468994	38.01044886
2201.9000000	44.31124056	37.74597228
2202.0000000	44.16512558	37.50087805
2202.1000000	44.04450384	37.29824399
2202.2000000	43.94496014	37.13071737
2202.3000000	43.85792183	36.98401877
2202.4000000	43.78884376	36.86723073
2202.5000000	43.72841018	36.76483554
2202.6000000	43.67457794	36.67343132
2202.7000000	43.63513435	36.60599069
2202.8000000	43.61608584	36.57251892
2202.9000000	43.61532373	36.56950399
2203.0000000	43.66872886	36.65670933
2203.1000000	43.76513479	36.81555375
2203.2000000	43.89663122	37.03290988
2203.3000000	44.10312568	37.37530047
2203.4000000	44.33597239	37.76173252
2203.5000000	44.59140766	38.18591985
2203.6000000	44.85732649	38.62770325
2203.7000000	45.10252288	39.03510004
2203.8000000	45.32459028	39.40407548
2203.9000000	45.47201574	39.64878113
2204.0000000	45.57130868	39.81334323
2204.1000000	45.61124836	39.87903559
2204.2000000	45.56659106	39.80377715
2204.3000000	45.48448647	39.66609459
2204.4000000	45.35604449	39.45114971
2204.5000000	45.19804405	39.18686713
2204.6000000	45.03302838	38.91078528
2204.7000000	44.86864115	38.63563976
2204.8000000	44.72272568	38.39118809
2204.9000000	44.58946607	38.16778238
2205.0000000	44.47565544	37.97676035
2205.1000000	44.3770508	37.81104978
2205.2000000	44.2863022	37.65839204
2205.3000000	44.20746676	37.52553127
2205.4000000	44.138758	37.40948576
2205.5000000	44.07781432	37.30632615
2205.6000000	44.03264452	37.22940214
2205.7000000	44.00378384	37.17961837
2205.8000000	43.98736634	37.15054408
2205.9000000	43.99619198	37.16350245
2206.0000000	44.02022607	37.20178616
2206.1000000	44.05525184	37.25838123
2206.2000000	44.10242786	37.33522839
2206.3000000	44.14711984	37.40796786
2206.4000000	44.18929975	37.47656833
2206.5000000	44.21002823	37.50949298
2206.6000000	44.21392287	37.51442829
2206.7000000	44.20092827	37.4912597
2206.8000000	44.15649238	37.41572328
2206.9000000	44.10323179	37.32546322
2207.0000000	44.04044737	37.21929528
2207.1000000	43.9809659	37.11858079
2207.2000000	43.92953862	37.03124347
2207.3000000	43.88944718	36.9627672
2207.4000000	43.86960029	36.92800362
2207.5000000	43.857573	36.9062643
2207.6000000	43.85487041	36.90005664
2207.7000000	43.8534302	36.8959513
2207.8000000	43.84968559	36.88800702
2207.9000000	43.84031938	36.87069926
2208.0000000	43.82280872	36.83982619
2208.1000000	43.80140453	36.80246603
2208.2000000	43.77533432	36.75732856
2208.3000000	43.74896235	36.71167794
2208.4000000	43.72352013	36.66756385
2208.5000000	43.70192868	36.62985335
2208.6000000	43.68665743	36.60266462
2208.7000000	43.67621642	36.58352094
2208.8000000	43.67606858	36.58152365
2208.9000000	43.68448899	36.59379991
2209.0000000	43.6989382	36.61611832
2209.1000000	43.72263352	36.65383508
2209.2000000	43.74901556	36.69602377
2209.3000000	43.77715574	36.74113782
2209.4000000	43.80559769	36.7867529
2209.5000000	43.83645819	36.83639627
2209.6000000	43.86970129	36.89001087
2209.7000000	43.92113005	36.97392215
2209.8000000	43.99093764	37.08846048
2209.9000000	44.07854949	37.23268128
2210.0000000	44.21358581	37.45592696
2210.1000000	44.36830812	37.71200539
2210.2000000	44.54482326	38.00443642
2210.3000000	44.74145647	38.33044634
2210.4000000	44.93429722	38.65022468
2210.5000000	45.12099821	38.95986572
2210.6000000	45.27157297	39.20940661
2210.7000000	45.39220999	39.4091336
2210.8000000	45.47026716	39.53796873
2210.9000000	45.48285368	39.55777063
2211.0000000	45.45788036	39.51502665
2211.1000000	45.37692611	39.37903214
2211.2000000	45.24243077	39.15381767
2211.3000000	45.08027658	38.88246453
2211.4000000	44.88750032	38.55999754
2211.5000000	44.69327135	38.23496942
2211.6000000	44.5080569	37.92484294
2211.7000000	44.35574989	37.66947284
2211.8000000	44.25075269	37.49289715
2211.9000000	44.18013775	37.37358865
2212.0000000	44.17806179	37.36843406
2212.1000000	44.22507591	37.44504374
2212.2000000	44.30597705	37.5781118
2212.3000000	44.43813464	37.79659309
2212.4000000	44.59079552	38.04929511
2212.5000000	44.75728369	38.32511708
2212.6000000	44.9318069	38.61441786
2212.7000000	45.09387907	38.883074
2212.8000000	45.24466717	39.13302555
2212.9000000	45.34589729	39.30051145
2213.0000000	45.40937384	39.4051815
2213.1000000	45.43376976	39.44479791
2213.2000000	45.37436813	39.3448372
2213.3000000	45.27644132	39.18068082
2213.4000000	45.13331658	38.94116942
2213.5000000	44.94615663	38.62820645
2213.6000000	44.75082182	38.30150093
2213.7000000	44.55165259	37.968275
2213.8000000	44.38081481	37.68212871
2213.9000000	44.23176903	37.43220854
2214.0000000	44.11600716	37.23769263
2214.1000000	44.04339842	37.1150396
2214.2000000	43.99110905	37.02622602
2214.3000000	43.96559089	36.98199903
2214.4000000	43.95541335	36.96331974
2214.5000000	43.95123787	36.95463489
2214.6000000	43.95192131	36.95404155
2214.7000000	43.95483766	36.95716612
2214.8000000	43.9596766	36.96349084
2214.9000000	43.96868139	36.97675119
2215.0000000	43.98258151	36.99816337
2215.1000000	43.99923105	37.02415593
2215.2000000	44.01868512	37.05482379
2215.3000000	44.03398653	37.07858223
2215.4000000	44.04503453	37.09526353
2215.5000000	44.04111154	37.08701532
2215.6000000	44.02438631	37.05744712
2215.7000000	43.99752221	37.01099335
2215.8000000	43.95463791	36.93785796
2215.9000000	43.90926807	36.86058218
2216.0000000	43.86192424	36.78001472
2216.1000000	43.82453307	36.71601594
2216.2000000	43.79614639	36.66700378
2216.3000000	43.77709537	36.63352921
2216.4000000	43.77490462	36.62812653
2216.5000000	43.7776411	36.6309244
2216.6000000	43.78583386	36.6428086
2216.7000000	43.7955615	36.6572515
2216.8000000	43.80416294	36.66982238
2216.9000000	43.81097985	36.67942273
2217.0000000	43.81450778	36.6835417
2217.1000000	43.81668768	36.68540561
2217.2000000	43.81713106	36.68436041
2217.3000000	43.81681012	36.68201918
2217.4000000	43.81672744	36.68004861
2217.5000000	43.81737127	36.67926306
2217.6000000	43.82011508	36.68195952
2217.7000000	43.82417777	36.68685248
2217.8000000	43.83097463	36.69631645
2217.9000000	43.84012671	36.70973405
2218.0000000	43.85050597	36.72522893
2218.1000000	43.8620078	36.74262154
2218.2000000	43.87235658	36.75811197
2218.3000000	43.88153929	36.7716705
2218.4000000	43.88704764	36.77911394
2218.5000000	43.88946311	36.78140688
2218.6000000	43.88970511	36.78007873
2218.7000000	43.88685822	36.77360454
2218.8000000	43.88382137	36.76681332
2218.9000000	43.88089233	36.76020199
2219.0000000	43.88197787	36.76027809
2219.1000000	43.88778814	36.76822524
2219.2000000	43.89780643	36.78318372
2219.3000000	43.91907127	36.81687615
2219.4000000	43.94520322	36.85867595
2219.5000000	43.97635736	36.9088398
2219.6000000	44.01117875	36.9651109
2219.7000000	44.04390005	37.01788454
2219.8000000	44.0738907	37.06611172
2219.9000000	44.09268934	37.09570016
2220.0000000	44.10445669	37.11357938
2220.1000000	44.10698041	37.11606418
2220.2000000	44.09784033	37.09912389
2220.3000000	44.08399984	37.07435649
2220.4000000	44.06456857	37.04027924
2220.5000000	44.04270829	37.00215765
2220.6000000	44.02056328	36.96356201
2220.7000000	43.99906878	36.92604873
2220.8000000	43.97996264	36.89251166
2220.9000000	43.96266523	36.86198595
2221.0000000	43.94885542	36.83726857
2221.1000000	43.93919687	36.81946452
2221.2000000	43.93235335	36.80634689
2221.3000000	43.93036202	36.80130655
2221.4000000	43.93199681	36.80229905
2221.5000000	43.93597729	36.80719004
2221.6000000	43.9433196	36.81767095
2221.7000000	43.95236166	36.83097401
2221.8000000	43.96256314	36.84620132
2221.9000000	43.97448123	36.86428357
2222.0000000	43.98753247	36.88425033
2222.1000000	44.00167785	36.90603487
2222.2000000	44.01959544	36.93409365
2222.3000000	44.04206264	36.96971806
2222.4000000	44.06848022	37.01191105
2222.5000000	44.10769753	37.07541937
2222.6000000	44.15304902	37.14915586
2222.7000000	44.20485964	37.23368217
2222.8000000	44.26127712	37.32592652
2222.9000000	44.31263798	37.40979669
2223.0000000	44.35739137	37.48269784
2223.1000000	44.37522956	37.51078564
2223.2000000	44.37525882	37.50920523
2223.3000000	44.35138754	37.4677923
2223.4000000	44.29743777	37.37625029
2223.5000000	44.23248914	37.26636077
2223.6000000	44.15523445	37.13595645
2223.7000000	44.08077697	37.01020314
2223.8000000	44.01230511	36.89441757
2223.9000000	43.95810655	36.80240569
2224.0000000	43.92285491	36.74195028
2224.1000000	43.89786517	36.69858292
2224.2000000	43.88684821	36.67848127
2224.3000000	43.88188336	36.6684536
2224.4000000	43.87981811	36.66325302
2224.5000000	43.8803974	36.66245919
2224.6000000	43.88730606	36.67221336
2224.7000000	43.90135518	36.69386914
2224.8000000	43.93855298	36.7540904
2224.9000000	44.00709059	36.86652203
2225.0000000	44.10035179	37.0201518
2225.1000000	44.25264327	37.27213807
2225.2000000	44.44184821	37.58568284
2225.3000000	44.65874441	37.94546755
2225.4000000	44.91784015	38.37567636
2225.5000000	45.17771009	38.80731136
2225.6000000	45.43667761	39.23756406
2225.7000000	45.66311536	39.61372908
2225.8000000	45.85799099	39.93739197
2225.9000000	46.02065542	40.20744558
2226.0000000	46.12197142	40.37533404
2226.1000000	46.19731293	40.49997929
2226.2000000	46.24328853	40.57572624
2226.3000000	46.26097175	40.60435787
2226.4000000	46.27052079	40.61945142
2226.5000000	46.27178974	40.62075675
2226.6000000	46.27174508	40.61987564
2226.7000000	46.27264238	40.62056391
2226.8000000	46.27614124	40.62558563
2226.9000000	46.2829775	40.63616397
2227.0000000	46.29031472	40.64756485
2227.1000000	46.29769895	40.65902064
2227.2000000	46.29991026	40.66182479
2227.3000000	46.29620351	40.65473818
2227.4000000	46.27878226	40.6247805
2227.5000000	46.23622329	40.55293804
2227.6000000	46.17432256	40.44888003
2227.7000000	46.07049594	40.27499075
2227.8000000	45.92870669	40.03786809
2227.9000000	45.75827637	39.75301539
2228.0000000	45.54943093	39.40410823
2228.1000000	45.33175849	39.04038906
2228.2000000	45.11118126	38.67168011
2228.3000000	44.92081583	38.35312606
2228.4000000	44.7657714	38.09327069
2228.5000000	44.64100973	37.88379673
2228.6000000	44.57704586	37.77557118
2228.7000000	44.5371742	37.70747303
2228.8000000	44.51930373	37.67602128
2228.9000000	44.51996324	37.6754326
2229.0000000	44.51791216	37.67032682
2229.1000000	44.51288807	37.66026251
2229.2000000	44.49107465	37.62222463
2229.3000000	44.46213547	37.57230652
2229.4000000	44.42473769	37.50828926
2229.5000000	44.38825203	37.44578328
2229.6000000	44.36020893	37.39733355
2229.7000000	44.34598066	37.37188866
2229.8000000	44.3650101	37.401831
2229.9000000	44.40308587	37.46349251
2230.0000000	44.46786321	37.56962963
2230.1000000	44.55113747	37.70659188
2230.2000000	44.63592783	37.84611393
2230.3000000	44.71479655	37.9758207
2230.4000000	44.76406282	38.05627154
2230.5000000	44.79142968	38.10028697
2230.6000000	44.77818563	38.07668741
2230.7000000	44.7349235	38.00309767
2230.8000000	44.67792091	37.90661569
2230.9000000	44.61552137	37.80112995
2231.0000000	44.57767864	37.73653154
2231.1000000	44.56175286	37.70843567
2231.2000000	44.60274755	37.77515989
2231.3000000	44.68365745	37.90839602
2231.4000000	44.791759	38.08696237
2231.5000000	44.93098783	38.31742313
2231.6000000	45.06699917	38.54257975
2231.7000000	45.19864646	38.76051904
2231.8000000	45.29900356	38.92638565
2231.9000000	45.37694581	39.05495804
2232.0000000	45.43437259	39.14938887
2232.1000000	45.4577311	39.18708854
2232.2000000	45.47262049	39.21068137
2232.3000000	45.47798254	39.21838275
2232.4000000	45.4850227	39.22884272
2232.5000000	45.49844747	39.24989399
2232.6000000	45.52142366	39.28682086
2232.7000000	45.56554274	39.35895186
2232.8000000	45.62100852	39.4499903
2232.9000000	45.69109197	39.56541015
2233.0000000	45.77388457	39.70205645
2233.1000000	45.8589703	39.8425923
2233.2000000	45.94335457	39.9820352
2233.3000000	46.0089085	40.0901849
2233.4000000	46.05605307	40.1677339
2233.5000000	46.06788302	40.18650484
2233.6000000	46.02806924	40.11927372
2233.7000000	45.95331243	39.99384429
2233.8000000	45.82064798	39.77193896
2233.9000000	45.64153485	39.47261736
2234.0000000	45.43377901	39.12551335
2234.1000000	45.19613907	38.72852843
2234.2000000	44.9585624	38.33151546
2234.3000000	44.72593623	37.94260317
2234.4000000	44.52789918	37.6111714
2234.5000000	44.36621421	37.34019754
2234.6000000	44.23223885	37.11533411
2234.7000000	44.15659887	36.98761852
2234.8000000	44.10957281	36.90756217
2234.9000000	44.08659765	36.86756815
2235.0000000	44.09463541	36.8792313
2235.1000000	44.11013766	36.9033301
2235.2000000	44.13255188	36.9389436
2235.3000000	44.15705352	36.9780354
2235.4000000	44.17981881	37.014236
2235.5000000	44.20062277	37.04717009
2235.6000000	44.21696101	37.07266755
2235.7000000	44.23154843	37.09525264
2235.8000000	44.24410853	37.11446823
2235.9000000	44.25643974	37.13331093
2236.0000000	44.26993435	37.15409811
2236.1000000	44.285431	37.17822333
2236.2000000	44.30467816	37.2085961
2236.3000000	44.3254676	37.24153791
2236.4000000	44.34810097	37.27755162
2236.5000000	44.37032581	37.31288622
2236.6000000	44.39135808	37.34623559
2236.7000000	44.40961499	37.37496261
2236.8000000	44.42310806	37.39575436
2236.9000000	44.43369842	37.41171017
2237.0000000	44.4397705	37.4201392
2237.1000000	44.44377567	37.42512523
2237.2000000	44.4469187	37.42867587
2237.3000000	44.45009535	37.43228367
2237.4000000	44.45456814	37.43805087
2237.5000000	44.46000651	37.44542532
2237.6000000	44.46727789	37.45584999
2237.7000000	44.47502485	37.46706235
2237.8000000	44.4830298	37.47869948
2237.9000000	44.49060043	37.48960928
2238.0000000	44.49748524	37.49937489
2238.1000000	44.50374091	37.50809215
2238.2000000	44.50777162	37.5131026
2238.3000000	44.50959342	37.51443092
2238.4000000	44.50933163	37.51228363
2238.5000000	44.50374191	37.50125674
2238.6000000	44.49686526	37.4880815
2238.7000000	44.48855198	37.47251003
2238.8000000	44.48319437	37.46185889
2238.9000000	44.48182051	37.45784221
2239.0000000	44.48572983	37.46262857
2239.1000000	44.49923231	37.48340267
2239.2000000	44.5154562	37.50872513
2239.3000000	44.5344213	37.53863181
2239.4000000	44.54714267	37.55815493
2239.5000000	44.55288187	37.56605685
2239.6000000	44.54626383	37.55337415
2239.7000000	44.52160592	37.51063125
2239.8000000	44.48731394	37.45182337
2239.9000000	44.43952984	37.3705246
2240.0000000	44.3860257	37.27968389
2240.1000000	44.33137763	37.18692702
2240.2000000	44.28033429	37.10016635
2240.3000000	44.2381689	37.02818761
2240.4000000	44.20246307	36.96696586
2240.5000000	44.17971788	36.92733169
2240.6000000	44.16687571	36.90419457
2240.7000000	44.16106596	36.89277419
2240.8000000	44.16700297	36.90092237
2240.9000000	44.18071174	36.92201818
2241.0000000	44.20042076	36.95311067
2241.1000000	44.23084649	37.002055
2241.2000000	44.26569052	37.05836096
2241.3000000	44.30401821	37.1204726
2241.4000000	44.34475068	37.18659458
2241.5000000	44.38336095	37.24918967
2241.6000000	44.41996237	37.30844987
2241.7000000	44.44736897	37.35240786
2241.8000000	44.46912306	37.38696129
2241.9000000	44.4845535	37.41098546
2242.0000000	44.48987053	37.41816035
2242.1000000	44.49160797	37.41936264
2242.2000000	44.48914333	37.41355416
2242.3000000	44.48457046	37.40422536
2242.4000000	44.48037655	37.39552242
2242.5000000	44.47733749	37.38873934
2242.6000000	44.47739883	37.38711487
2242.7000000	44.47907528	37.38817262
2242.8000000	44.48290641	37.39281022
2242.9000000	44.48815657	37.399806
2243.0000000	44.49409635	37.4079527
2243.1000000	44.50104195	37.41778628
2243.2000000	44.51051488	37.43184905
2243.3000000	44.52245052	37.45003527
2243.4000000	44.54000264	37.47759514
2243.5000000	44.56396808	37.51585042
2243.6000000	44.59175671	37.56048285
2243.7000000	44.62460288	37.61354577
2243.8000000	44.65630291	37.66470439
2243.9000000	44.68590752	37.71237472
2244.0000000	44.70553004	37.74341674
2244.1000000	44.7141949	37.75619976
2244.2000000	44.71421371	37.75456831
2244.3000000	44.6973529	37.72480637
2244.4000000	44.67395153	37.68413502
2244.5000000	44.64512729	37.63442007
2244.6000000	44.61459656	37.58185579
2244.7000000	44.58758424	37.53514787
2244.8000000	44.56407143	37.49426607
2244.9000000	44.55172218	37.47197354
2245.0000000	44.5442644	37.45781992
2245.1000000	44.54243216	37.45302146
2245.2000000	44.54619199	37.45751864
2245.3000000	44.5511669	37.46402325
2245.4000000	44.55720637	37.47229454
2245.5000000	44.56317124	37.4804482
2245.6000000	44.56893468	37.4882818
2245.7000000	44.57451191	37.49582299
2245.8000000	44.57987395	37.50301956
2245.9000000	44.58492539	37.50970719
2246.0000000	44.58933349	37.51532714
2246.1000000	44.59219143	37.51836739
2246.2000000	44.5938243	37.51937041
2246.3000000	44.59323662	37.51668032
2246.4000000	44.5897891	37.50923409
2246.5000000	44.58453312	37.49878271
2246.6000000	44.57634328	37.48345034
2246.7000000	44.56655984	37.46546704
2246.8000000	44.55620057	37.44652598
2246.9000000	44.54652177	37.42871803
2247.0000000	44.54029151	37.41665156
2247.1000000	44.53718166	37.40977757
2247.2000000	44.54264636	37.41717852
2247.3000000	44.55514766	37.43629426
2247.4000000	44.57303479	37.46438166
2247.5000000	44.6004337	37.508321
2247.6000000	44.63090408	37.55739326
2247.7000000	44.66390234	37.61069596
2247.8000000	44.69628542	37.66299126
2247.9000000	44.7252346	37.7095779
2248.0000000	44.75078886	37.75051147
2248.1000000	44.76571899	37.77374491
2248.2000000	44.77480929	37.78724375
2248.3000000	44.77716818	37.78952428
2248.4000000	44.76948748	37.77508042
2248.5000000	44.75815007	37.75454628
2248.6000000	44.74255164	37.7269163
2248.7000000	44.72475366	37.6956228
2248.8000000	44.70737903	37.66503283
2248.9000000	44.69133365	37.63665441
2249.0000000	44.67964903	37.61553686
2249.1000000	44.67069626	37.5989679
2249.2000000	44.66592874	37.58936912
2249.3000000	44.66482128	37.58586697
2249.4000000	44.66526655	37.5849522
2249.5000000	44.66728215	37.58665452
2249.6000000	44.66922382	37.58823583
2249.7000000	44.67097295	37.58949937
2249.8000000	44.67210975	37.58974663
2249.9000000	44.67344893	37.59033429
2250.0000000	44.67517541	37.59156923
2250.1000000	44.67829344	37.59512283
2250.2000000	44.68271371	37.60084559
2250.3000000	44.6879621	37.60794796
2250.4000000	44.69403767	37.61642848
2250.5000000	44.69946385	37.62382763
2250.6000000	44.70428166	37.63021319
2250.7000000	44.70672349	37.6326406
2250.8000000	44.70790119	37.63296117
2250.9000000	44.70801424	37.63150719
2251.0000000	44.70790616	37.62968438
2251.1000000	44.70912329	37.63006982
2251.2000000	44.71168666	37.63270064
2251.3000000	44.71918418	37.64355402
2251.4000000	44.72943437	37.65899672
2251.5000000	44.74289259	37.67978565
2251.6000000	44.76059337	37.70764146
2251.7000000	44.77956707	37.73761569
2251.8000000	44.79992242	37.76988783
2251.9000000	44.82050952	37.80254269
2252.0000000	44.84080929	37.83471686
2252.1000000	44.86057777	37.866006
2252.2000000	44.87971927	37.8962536
2252.3000000	44.89857015	37.9260225
2252.4000000	44.91710369	37.95526974
2252.5000000	44.93498292	37.98343321
2252.6000000	44.95207306	38.01028569
2252.7000000	44.96744767	38.03428108
2252.8000000	44.97986149	38.05334244
2252.9000000	44.9902485	38.06902399
2253.0000000	44.99704539	38.07872116
2253.1000000	45.00130861	38.08419383
2253.2000000	45.00412367	38.08725143
2253.3000000	45.00540242	38.08774948
2253.4000000	45.00655772	38.0880437
2253.5000000	45.00768136	38.08828815
2253.6000000	45.00912092	38.08906101
2253.7000000	45.01227371	38.09268752
2253.8000000	45.01731365	38.09945548
2253.9000000	45.03227829	38.12275112
2254.0000000	45.05893729	38.16552175
2254.1000000	45.09587135	38.22540288
2254.2000000	45.16139963	38.33290533
2254.3000000	45.23873897	38.46007609
2254.4000000	45.32793849	38.607004
2254.5000000	45.42166502	38.7614876
2254.6000000	45.50459573	38.89801829
2254.7000000	45.57438352	39.01269277
2254.8000000	45.60078472	39.05512903
2254.9000000	45.60207952	39.05576035
2255.0000000	45.57083547	39.0021895
2255.1000000	45.506307	38.8931631
2255.2000000	45.43360059	38.77049562
2255.3000000	45.35525789	38.63842272
2255.4000000	45.29324434	38.53353707
2255.5000000	45.24437805	38.45054681
2255.6000000	45.21839181	38.40567013
2255.7000000	45.21322484	38.39547818
2255.8000000	45.21652374	38.39939275
2255.9000000	45.22718424	38.41556796
2256.0000000	45.23327723	38.4241255
2256.1000000	45.2348017	38.42505873
2256.2000000	45.22528496	38.40758537
2256.3000000	45.20632869	38.37437519
2256.4000000	45.18127615	38.33099985
2256.5000000	45.14721976	38.27262034
2256.6000000	45.10940311	38.20797406
2256.7000000	45.06925919	38.13944951
2256.8000000	45.02893058	38.07061409
2256.9000000	44.99160213	38.00676822
2257.0000000	44.95698343	37.94742297
2257.1000000	44.93105072	37.90252901
2257.2000000	44.90970608	37.86526011
2257.3000000	44.89237358	37.83465809
2257.4000000	44.87793219	37.80885736
2257.5000000	44.86172746	37.7801071
2257.6000000	44.8436437	37.74821625
2257.7000000	44.81934702	37.70596849
2257.8000000	44.79344331	37.66103752
2257.9000000	44.76576651	37.61315019
2258.0000000	44.7430407	37.57350973
2258.1000000	44.72608749	37.54348973
2258.2000000	44.71746933	37.52736412
2258.3000000	44.72368374	37.53595822
2258.4000000	44.73693015	37.55627723
2258.5000000	44.75933934	37.59185883
2258.6000000	44.78756247	37.63710665
2258.7000000	44.81724515	37.6847513
2258.8000000	44.84723433	37.73286207
2258.9000000	44.87510255	37.7774009
2259.0000000	44.90157243	37.81959042
2259.1000000	44.92630635	37.85889353
2259.2000000	44.95093066	37.89804245
2259.3000000	44.97593482	37.93786155
2259.4000000	45.00252199	37.98035504
2259.5000000	45.0311456	38.02627206
2259.6000000	45.06114715	38.07450856
2259.7000000	45.09351425	38.12670235
2259.8000000	45.1267381	38.18033326
2259.9000000	45.16030054	38.23453236
2260.0000000	45.19303712	38.28735619
2260.1000000	45.22346887	38.33633847
2260.2000000	45.25187917	38.3819493
2260.3000000	45.27457254	38.41803358
2260.4000000	45.29371436	38.44819988
2260.5000000	45.30977735	38.47323972
2260.6000000	45.32085215	38.48997625
2260.7000000	45.33099817	38.5051725
2260.8000000	45.34012879	38.51868456
2260.9000000	45.34996706	38.53338183
2261.0000000	45.36051501	38.54926649
2261.1000000	45.37191506	38.56657334
2261.2000000	45.38342434	38.58406204
2261.3000000	45.39382292	38.59969778
2261.4000000	45.40251085	38.61247868
2261.5000000	45.40606755	38.61670604
2261.6000000	45.40590229	38.61472707
2261.7000000	45.40009767	38.60334973
2261.8000000	45.38600283	38.57816207
2261.9000000	45.36716416	38.54507455
2262.0000000	45.34125755	38.50021925
2262.1000000	45.30943659	38.44551816
2262.2000000	45.27491036	38.38631371
2262.3000000	45.23792831	38.32301625
2262.4000000	45.20327479	38.26358678
2262.5000000	45.17146704	38.20888213
2262.6000000	45.14777622	38.16768075
2262.7000000	45.13379836	38.142645
2262.8000000	45.12675985	38.12916225
2262.9000000	45.13230378	38.13663809
2263.0000000	45.14478248	38.15567131
2263.1000000	45.16190359	38.18244558
2263.2000000	45.18350634	38.216692
2263.3000000	45.2046487	38.25017675
2263.4000000	45.22522082	38.28271409
2263.5000000	45.24190736	38.30878073
2263.6000000	45.25577394	38.33015131
2263.7000000	45.26712157	38.34732758
2263.8000000	45.27336041	38.35599562
2263.9000000	45.27762557	38.36137542
2264.0000000	45.27975476	38.36319365
2264.1000000	45.27900885	38.36021718
2264.2000000	45.2772428	38.35553528
2264.3000000	45.2743299	38.34893873
2264.4000000	45.27019903	38.3403115
2264.5000000	45.26550327	38.33074307
2264.6000000	45.26010026	38.31999744
2264.7000000	45.2535503	38.3073431
2264.8000000	45.24631097	38.2935426
2264.9000000	45.23807958	38.27809108
2265.0000000	45.22886137	38.26099411
2265.1000000	45.21929948	38.24331833
2265.2000000	45.20950689	38.22524753
2265.3000000	45.20028786	38.20811917
2265.4000000	45.19166841	38.19197903
2265.5000000	45.18435479	38.17800897
2265.6000000	45.17857519	38.16659639
2265.7000000	45.17378916	38.15684476
2265.8000000	45.1706559	38.14985189
2265.9000000	45.16879517	38.14498074
2266.0000000	45.16783828	38.14161263
2266.1000000	45.16846326	38.14087356
2266.2000000	45.1701093	38.14182869
2266.3000000	45.17248447	38.14399332
2266.4000000	45.17585035	38.14780492
2266.5000000	45.17933606	38.15181466
2266.6000000	45.18289569	38.15594785
2266.7000000	45.18622239	38.15969594
2266.8000000	45.18958105	38.16350367
2266.9000000	45.19297051	38.16737173
2267.0000000	45.19732218	38.17285003
2267.1000000	45.20255543	38.17980024
2267.2000000	45.20875734	38.18836183
2267.3000000	45.21654165	38.19955458
2267.4000000	45.22451834	38.21106355
2267.5000000	45.23266058	38.22284617
2267.6000000	45.23938231	38.23226275
2267.7000000	45.24480647	38.23951942
2267.8000000	45.24837291	38.24368456
2267.9000000	45.24923379	38.24334722
2268.0000000	45.24892703	38.24106939
2268.1000000	45.2471928	38.23641789
2268.2000000	45.24492696	38.23088384
2268.3000000	45.2426567	38.2253448
2268.4000000	45.24071006	38.22034722
2268.5000000	45.23927127	38.21619869
2268.6000000	45.23808487	38.212474
2268.7000000	45.23723238	38.20930877
2268.8000000	45.23644603	38.20625643
2268.9000000	45.2357119	38.2032941
2269.0000000	45.23505995	38.20047267
2269.1000000	45.23476829	38.19825648
2269.2000000	45.23489726	38.19674551
2269.3000000	45.23648819	38.19767263
2269.4000000	45.24164376	38.20453893
2269.5000000	45.25040825	38.21741905
2269.6000000	45.27275034	38.25291903
2269.7000000	45.31174108	38.31615636
2269.8000000	45.36502513	38.4032089
2269.9000000	45.45879949	38.55770977
2270.0000000	45.57454393	38.74881774
2270.1000000	45.70987257	38.97258256
2270.2000000	45.87026904	39.23817621
2270.3000000	46.02557547	39.49540599
2270.4000000	46.17581627	39.74433412
2270.5000000	46.27645428	39.91076234
2270.6000000	46.33809328	40.0123144
2270.7000000	46.34945325	40.03013994
2270.8000000	46.28014844	39.91356726
2270.9000000	46.17537904	39.73784414
2271.0000000	46.02871823	39.49222584
2271.1000000	45.8619703	39.21301918
2271.2000000	45.69725323	38.93708192
2271.3000000	45.54410673	38.68034039
2271.4000000	45.42243452	38.47598544
2271.5000000	45.31882929	38.30170695
2271.6000000	45.24391565	38.17520971
2271.7000000	45.18982639	38.08339262
2271.8000000	45.14537959	38.00763217
2271.9000000	45.11087999	37.94843703
2272.0000000	45.07876685	37.89321545
2272.1000000	45.04768842	37.83971581
2272.2000000	45.01715089	37.78711413
2272.3000000	44.98669682	37.73464681
2272.4000000	44.95610056	37.6819379
2272.5000000	44.92475397	37.62797535
2272.6000000	44.89271689	37.57285919
2272.7000000	44.86036253	37.51721007
2272.8000000	44.82951399	37.46406304
2272.9000000	44.80264969	37.41754491
2273.0000000	44.77936968	37.37698944
2273.1000000	44.7684613	37.35703278
2273.2000000	44.76485378	37.34923051
2273.3000000	44.76801506	37.352699
2273.4000000	44.77907717	37.36932645
2273.5000000	44.7882883	37.38287287
2273.6000000	44.79547754	37.39305322
2273.7000000	44.78769132	37.37829046
2273.8000000	44.76992337	37.34689838
2273.9000000	44.73948223	37.29439077
2274.0000000	44.692684	37.21463032
2274.1000000	44.64164024	37.12779
2274.2000000	44.5866447	37.0343625
2274.3000000	44.53998025	36.95480981
2274.4000000	44.50174603	36.88929994
2274.5000000	44.47861775	36.84895227
2274.6000000	44.4771176	36.84462941
2274.7000000	44.48740071	36.85993502
2274.8000000	44.51436127	36.90302251
2274.9000000	44.55283045	36.96528495
2275.0000000	44.596679	37.03651368
2275.1000000	44.64623754	37.11725746
2275.2000000	44.69622822	37.198724
2275.3000000	44.74533593	37.27872255
2275.4000000	44.79049441	37.35214671
2275.5000000	44.82911194	37.4146795
2275.6000000	44.86237519	37.46829551
2275.7000000	44.88279092	37.50051202
2275.8000000	44.89149466	37.51321819
2275.9000000	44.89098767	37.5105781
2276.0000000	44.87175353	37.47673986
2276.1000000	44.84332021	37.42756999
2276.2000000	44.80726575	37.36569534
2276.3000000	44.76409819	37.29196335
2276.4000000	44.72330875	37.22218626
2276.5000000	44.68462073	37.15591002
2276.6000000	44.66336265	37.11866944
2276.7000000	44.65388037	37.10104921
2276.8000000	44.65799951	37.10608891
2276.9000000	44.68560932	37.1502574
2277.0000000	44.72196027	37.20898771
2277.1000000	44.76818771	37.28417235
2277.2000000	44.82044486	37.3694077
2277.3000000	44.872531	37.45436938
2277.4000000	44.92351323	37.53750457
2277.5000000	44.97081106	37.614513
2277.6000000	45.01693447	37.68957102
2277.7000000	45.06210856	37.76304959
2277.8000000	45.1113595	37.84331828
2277.9000000	45.16452774	37.93011229
2278.0000000	45.2257398	38.03030677
2278.1000000	45.2968926	38.14706413
2278.2000000	45.37303836	38.2721462
2278.3000000	45.4560955	38.40875111
2278.4000000	45.53901104	38.5451353
2278.5000000	45.61986421	38.67810217
2278.6000000	45.69301318	38.79825558
2278.7000000	45.75579021	38.90115021
2278.8000000	45.81094966	38.99137019
2278.9000000	45.85244691	39.05884394
2279.0000000	45.88759943	39.11575512
2279.1000000	45.91834435	39.16532656
2279.2000000	45.94623163	39.21013834
2279.3000000	45.97557243	39.25737281
2279.4000000	46.00639076	39.30707531
2279.5000000	46.04379618	39.36776174
2279.6000000	46.086787	39.43776722
2279.7000000	46.13497748	39.51644993
2279.8000000	46.20050379	39.62402311
2279.9000000	46.27838714	39.75219391
2280.0000000	46.37064766	39.90433806
2280.1000000	46.49556371	40.1109321
2280.2000000	46.63691729	40.34500702
2280.3000000	46.79814695	40.61233071
2280.4000000	46.97240164	40.90149709
2280.5000000	47.14277506	41.18432283
2280.6000000	47.30355319	41.45125346
2280.7000000	47.43443329	41.66842879
2280.8000000	47.54402529	41.85016909
2280.9000000	47.62383586	41.98230979
2281.0000000	47.67342864	42.06411864
2281.1000000	47.70827983	42.12138024
2281.2000000	47.72412517	42.146988
2281.3000000	47.72787578	42.1524514
2281.4000000	47.72400528	42.14521859
2281.5000000	47.70898139	42.11939884
2281.6000000	47.6784607	42.06775073
2281.7000000	47.63508705	41.99467802
2281.8000000	47.56287564	41.87354987
2281.9000000	47.46128252	41.70346448
2282.0000000	47.33683148	41.49529029
2282.1000000	47.1702906	41.21697582
2282.2000000	46.97924056	40.89778744
2282.3000000	46.7682948	40.54538327
2282.4000000	46.54294968	40.16889423
2282.5000000	46.3208274	39.79764963
2282.6000000	46.1032383	39.43381887
2282.7000000	45.91614772	39.12066692
2282.8000000	45.74797593	38.83893895
2282.9000000	45.59793721	38.587367
2283.0000000	45.48118141	38.39120107
2283.1000000	45.37585404	38.2140483
2283.2000000	45.28412845	38.05953233
2283.3000000	45.21058305	37.93528233
2283.4000000	45.14472904	37.82383289
2283.5000000	45.08865166	37.72865987
2283.6000000	45.04760541	37.65851401
2283.7000000	45.0143691	37.60136594
2283.8000000	44.99160392	37.5616475
2283.9000000	44.98017664	37.54080533
2284.0000000	44.97394725	37.52861775
2284.1000000	44.97446582	37.52767077
2284.2000000	44.98015176	37.53533433
2284.3000000	44.98811459	37.54679447
2284.4000000	44.99854049	37.56236012
2284.5000000	45.00972197	37.57918488
2284.6000000	45.02212173	37.59803664
2284.7000000	45.03780019	37.62234463
2284.8000000	45.06414377	37.66440905
2284.9000000	45.10038752	37.72295439
2285.0000000	45.16217945	37.82404234
2285.1000000	45.25059866	37.96947193
2285.2000000	45.35706016	38.14495173
2285.3000000	45.49553493	38.37376402
2285.4000000	45.64232162	38.61645308
2285.5000000	45.79304663	38.86575287
2285.6000000	45.93149774	39.09466816
2285.7000000	46.04770051	39.28658027
2285.8000000	46.1444202	39.44607735
2285.9000000	46.19044275	39.5211497
2286.0000000	46.21081212	39.55349476
2286.1000000	46.20600029	39.54388846
2286.2000000	46.16544135	39.47473147
2286.3000000	46.11526176	39.38954287
2286.4000000	46.05422271	39.2862596
2286.5000000	45.98991504	39.1775213
2286.6000000	45.9287596	39.07401614
2286.7000000	45.87305589	38.97956711
2286.8000000	45.83308264	38.91129099
2286.9000000	45.80242676	38.85850801
2287.0000000	45.78484004	38.82747359
2287.1000000	45.78041082	38.81834398
2287.2000000	45.78042047	38.81660461
2287.3000000	45.78436322	38.82141803
2287.4000000	45.78339929	38.8180644
2287.5000000	45.77747378	38.80645356
2287.6000000	45.76125653	38.77770797
2287.7000000	45.73440327	38.73125393
2287.8000000	45.70159704	38.67489096
2287.9000000	45.66116618	38.60583407
2288.0000000	45.61923162	38.53427544
2288.1000000	45.57742596	38.46292968
2288.2000000	45.54034788	38.39945136
2288.3000000	45.51043539	38.34789846
2288.4000000	45.48617536	38.3057526
2288.5000000	45.47435073	38.28431569
2288.6000000	45.47044866	38.27607633
2288.7000000	45.47262854	38.2779715
2288.8000000	45.48332518	38.2940556
2288.9000000	45.495574	38.31272649
2289.0000000	45.50906436	38.33346425
2289.1000000	45.51998775	38.34992493
2289.2000000	45.52770736	38.36104863
2289.3000000	45.5321803	38.36676637
2289.4000000	45.528636	38.35913497
2289.5000000	45.52141211	38.34538073
2289.6000000	45.50992339	38.32453003
2289.7000000	45.49286751	38.29441355
2289.8000000	45.47395543	38.26121058
2289.9000000	45.45297704	38.22456838
2290.0000000	45.43196019	38.18786132
2290.1000000	45.41171756	38.15244037
2290.2000000	45.39293798	38.11945103
2290.3000000	45.37664466	38.09059667
2290.4000000	45.36166859	38.06393023
2290.5000000	45.34855079	38.0403533
2290.6000000	45.3375509	38.02029975
2290.7000000	45.32834509	38.00323211
2290.8000000	45.32269005	37.99207817
2290.9000000	45.32304658	37.99093864
2291.0000000	45.32783122	37.99717754
2291.1000000	45.34107386	38.01750765
2291.2000000	45.36070932	38.04848975
2291.3000000	45.38387073	38.0853493
2291.4000000	45.4102584	38.12758701
2291.5000000	45.43474003	38.16665375
2291.6000000	45.45724676	38.20243246
2291.7000000	45.47271576	38.22648797
2291.8000000	45.48293106	38.24178944
2291.9000000	45.48906845	38.25029476
2292.0000000	45.48924795	38.24887364
2292.1000000	45.48815303	38.24532759
2292.2000000	45.48601576	38.24004331
2292.3000000	45.48502371	38.23666404
2292.4000000	45.48518744	38.23520716
2292.5000000	45.48652351	38.23570074
2292.6000000	45.48948059	38.23889292
2292.7000000	45.49258452	38.24232957
2292.8000000	45.49578343	38.24592648
2292.9000000	45.49802249	38.24792855
2293.0000000	45.49973206	38.2490524
2293.1000000	45.50083282	38.24916236
2293.2000000	45.50172426	38.2489178
2293.3000000	45.50283522	38.24902794
2293.4000000	45.504314	38.24973854
2293.5000000	45.50655884	38.25171752
2293.6000000	45.50915467	38.2542807
2293.7000000	45.51232172	38.2578011
2293.8000000	45.51583474	38.26190561
2293.9000000	45.51950693	38.26628077
2294.0000000	45.52329331	38.27084747
2294.1000000	45.52732068	38.27581286
2294.2000000	45.53156098	38.28112924
2294.3000000	45.53630174	38.28727675
2294.4000000	45.54148031	38.29415317
2294.5000000	45.54691715	38.30146044
2294.6000000	45.5526346	38.30923522
2294.7000000	45.55821898	38.31678725
2294.8000000	45.56371345	38.32418741
2294.9000000	45.56907325	38.33136098
2295.0000000	45.57491193	38.3393308
2295.1000000	45.58121874	38.34808125
2295.2000000	45.58992075	38.36082549
2295.3000000	45.60104394	38.3776108
2295.4000000	45.61434854	38.39804031
2295.5000000	45.63404661	38.42912757
2295.6000000	45.65764048	38.46670821
2295.7000000	45.68524274	38.51096523
2295.8000000	45.72283545	38.57186124
2295.9000000	45.76852832	38.64624948
2296.0000000	45.82388584	38.7367383
2296.1000000	45.90752895	38.87434466
2296.2000000	46.01083361	39.04471156
2296.3000000	46.14055607	39.25911832
2296.4000000	46.31457856	39.5474016
2296.5000000	46.50784317	39.867876
2296.6000000	46.7247629	40.22791675
2296.7000000	46.94135065	40.58756527
2296.8000000	47.14232441	40.92134274
2296.9000000	47.30974187	41.19932242
2297.0000000	47.41356068	41.37139837
2297.1000000	47.4751019	41.4730348
2297.2000000	47.47169335	41.46640888
2297.3000000	47.4265464	41.39014586
2297.4000000	47.3655662	41.28740127
2297.5000000	47.30432366	41.1841542
2297.6000000	47.27472547	41.13364159
2297.7000000	47.27008514	41.12477836
2297.8000000	47.30868144	41.18800978
2297.9000000	47.36657674	41.28343245
2298.0000000	47.43392564	41.39461641
2298.1000000	47.4983585	41.50093376
2298.2000000	47.54179214	41.57224225
2298.3000000	47.56765131	41.61423717
2298.4000000	47.54859955	41.58137505
2298.5000000	47.50699905	41.51091224
2298.6000000	47.4452318	41.40681715
2298.7000000	47.36073841	41.26482262
2298.8000000	47.27820356	41.12604679
2298.9000000	47.19882601	40.99249454
2299.0000000	47.15198214	40.91312919
2299.1000000	47.13002127	40.87523704
2299.2000000	47.13782271	40.88697533
2299.3000000	47.19300451	40.97771016
2299.4000000	47.26743218	41.10058358
2299.5000000	47.36360387	41.25975533
2299.6000000	47.46993682	41.43591725
2299.7000000	47.57351726	41.60754078
2299.8000000	47.67016132	41.76764014
2299.9000000	47.75013458	41.89998536
2300.0000000	47.82027842	42.01596786
2300.1000000	47.87698926	42.10958
2300.2000000	47.92356568	42.18631454
2300.3000000	47.964737	42.25404928
2300.4000000	47.99897574	42.31023767
2300.5000000	48.02560475	42.35375019
2300.6000000	48.04651807	42.38774243
2300.7000000	48.05606448	42.40279897
2300.8000000	48.05433158	42.39906492
2300.9000000	48.04459162	42.38198836
2301.0000000	48.02182812	42.3432048
2301.1000000	47.99409751	42.29612825
2301.2000000	47.96360398	42.24442501
2301.3000000	47.93722262	42.1995506
2301.4000000	47.91920299	42.16859496
2301.5000000	47.90948166	42.1514698
2301.6000000	47.9170176	42.16311415
2301.7000000	47.93448913	42.19133676
2301.8000000	47.95986899	42.23275762
2301.9000000	47.99780878	42.29511948
2302.0000000	48.03781835	42.36093767
2302.1000000	48.08019628	42.43070411
2302.2000000	48.11852234	42.49372167
2302.3000000	48.14941899	42.54436415
2302.4000000	48.17098401	42.57946305
2302.5000000	48.16845335	42.57441493
2302.6000000	48.15254408	42.54706441
2302.7000000	48.11865701	42.48972876
2302.8000000	48.07093236	42.40929089
2302.9000000	48.02250338	42.32763321
2303.0000000	47.97910158	42.25432162
2303.1000000	47.95729058	42.21698652
2303.2000000	47.95163371	42.20660002
2303.3000000	47.96842529	42.23366554
2303.4000000	48.00108299	42.28720913
2303.5000000	48.03833018	42.34842884
2303.6000000	48.07748411	42.41284109
2303.7000000	48.10569885	42.45902577
2303.8000000	48.12455272	42.48960385
2303.9000000	48.1244116	42.48852162
2304.0000000	48.10825692	42.4607509
2304.1000000	48.08197482	42.416103
2304.2000000	48.04071392	42.34649504
2304.3000000	47.99607069	42.27124313
2304.4000000	47.94938674	42.19257157
2304.5000000	47.91082883	42.12740708
2304.6000000	47.88402655	42.0817976
2304.7000000	47.86875493	42.05538336
2304.8000000	47.87685011	42.0679023
2304.9000000	47.89493152	42.09708001
2305.0000000	47.9214747	42.14038633
2305.1000000	47.95053326	42.18791202
2305.2000000	47.97540926	42.22848884
2305.3000000	47.99418976	42.2589073
2305.4000000	48.00218971	42.27134358
2305.5000000	48.00597194	42.27672339
2305.6000000	48.00682317	42.27719552
2305.7000000	48.0082996	42.27870515
2305.8000000	48.01254375	42.28484609
2305.9000000	48.01810581	42.29320934
2306.0000000	48.02050238	42.296314
2306.1000000	48.01888049	42.29272971
2306.2000000	48.01086617	42.27848986
2306.3000000	47.99371923	42.24901986
2306.4000000	47.97168627	42.21139228
2306.5000000	47.94349825	42.16349389
2306.6000000	47.91119005	42.10871708
2306.7000000	47.87726264	42.05123132
2306.8000000	47.84193681	41.99140735
2306.9000000	47.80720768	41.93256952
2307.0000000	47.77312025	41.87479271
2307.1000000	47.74131038	41.82080555
2307.2000000	47.71269368	41.7721394
2307.3000000	47.68635752	41.72727494
2307.4000000	47.6640985	41.68919755
2307.5000000	47.64304386	41.65310662
2307.6000000	47.62221466	41.61736114
2307.7000000	47.59928271	41.57808643
2307.8000000	47.56971486	41.52774961
2307.9000000	47.53471748	41.46838346
2308.0000000	47.4725977	41.36385937
2308.1000000	47.38837162	41.22253159
2308.2000000	47.28125419	41.04307095
2308.3000000	47.12825863	40.7871556
2308.4000000	46.95725414	40.50117691
2308.5000000	46.76681737	40.18272133
2308.6000000	46.57486762	39.86161783
2308.7000000	46.39609177	39.56233447
2308.8000000	46.2369107	39.2956028
2308.9000000	46.13015204	39.11614141
2309.0000000	46.05277847	38.98560156
2309.1000000	46.01525989	38.92142792
2309.2000000	46.02176189	38.93056062
2309.3000000	46.04522599	38.9679367
2309.4000000	46.08762852	39.0368529
2309.5000000	46.13419009	39.11269486
2309.6000000	46.17926216	39.1860551
2309.7000000	46.21840047	39.24953315
2309.8000000	46.25079844	39.3017903
2309.9000000	46.28162666	39.3514442
2310.0000000	46.31431821	39.40421714
2310.1000000	46.36208405	39.48211739
2310.2000000	46.42299008	39.58192807
2310.3000000	46.51465915	39.73300713
2310.4000000	46.63449904	39.9310477
2310.5000000	46.77230142	40.15906411
2310.6000000	46.93564257	40.429695
2310.7000000	47.09821484	40.69913314
2310.8000000	47.25608135	40.96081969
2310.9000000	47.37862503	41.1637407
2311.0000000	47.46117878	41.30010058
2311.1000000	47.50941652	41.37932631
2311.2000000	47.48350758	41.33504261
2311.3000000	47.42691674	41.23963357
2311.4000000	47.34066401	41.09477054
2311.5000000	47.24050007	40.92667303
2311.6000000	47.15574517	40.78417051
2311.7000000	47.090819	40.67463367
2311.8000000	47.09276642	40.67646447
2311.9000000	47.13232386	40.7409706
2312.0000000	47.21677173	40.88033081
2312.1000000	47.34708219	41.09618363
2312.2000000	47.48764147	41.32919986
2312.3000000	47.63580389	41.57495378
2312.4000000	47.76871515	41.7953496
2312.5000000	47.88575133	41.98933138
2312.6000000	47.97855553	42.14296671
2312.7000000	48.03854967	42.24195837
2312.8000000	48.07941774	42.30909622
2312.9000000	48.09199715	42.32910174
2313.0000000	48.08060161	42.30914262
2313.1000000	48.05661311	42.26816906
2313.2000000	48.01911681	42.20464778
2313.3000000	47.98153865	42.14094348
2313.4000000	47.94754672	42.08317125
2313.5000000	47.92892527	42.0509781
2313.6000000	47.93195016	42.05485869
2313.7000000	47.95086301	42.08524291
2313.8000000	47.99367472	42.15548042
2313.9000000	48.0460469	42.2416843
2314.0000000	48.10323779	42.33594678
2314.1000000	48.15595266	42.42277247
2314.2000000	48.19341374	42.48419899
2314.3000000	48.21778791	42.52383565
2314.4000000	48.19862344	42.49094258
2314.5000000	48.14942459	42.40800429
2314.6000000	48.0690897	42.27315313
2314.7000000	47.93144991	42.04276064
2314.8000000	47.77190576	41.7757768
2314.9000000	47.58918791	41.47006228
2315.0000000	47.40248293	41.15758286
2315.1000000	47.23128968	40.87084366
2315.2000000	47.08351588	40.62305976
2315.4000000	46.96418181	40.42102354
2315.5000000	46.98700929	40.45749136
2315.6000000	47.08549157	40.62008024
2315.7000000	47.21638797	40.83676784
2315.8000000	47.38507096	41.1164919
2315.9000000	47.56432545	41.41390434
2316.0000000	47.73675316	41.70001076
2316.1000000	47.88790291	41.95071875
2316.2000000	47.99441954	42.12709012
2316.3000000	48.06948046	42.25105405
2316.4000000	48.0919137	42.28731838
2316.5000000	48.07104673	42.25140516
2316.6000000	48.02343265	42.17087999
2316.7000000	47.93988226	42.03042832
2316.8000000	47.83983916	41.8624542
2316.9000000	47.73000433	41.67814525
2317.0000000	47.60486798	41.4683374
2317.1000000	47.46775189	41.23856583
2317.2000000	47.31881594	40.98908258
2317.3000000	47.14908723	40.70492192
2317.4000000	46.96757819	40.40107858
2317.5000000	46.77626954	40.08084257
2317.6000000	46.58353726	39.7581718
2317.7000000	46.39974845	39.45034947
2317.8000000	46.22441342	39.15658162
2317.9000000	46.08997231	38.93091121
2318.0000000	45.97900346	38.74432721
2318.1000000	45.89641768	38.60501254
2318.2000000	45.86122734	38.54463681
2318.3000000	45.84377696	38.51381173
2318.4000000	45.84721015	38.51777816
2318.5000000	45.86677985	38.54863142
2318.6000000	45.89094	38.58713889
2318.7000000	45.91956374	38.63308455
2318.8000000	45.94999944	38.6820475
2318.9000000	45.98090542	38.73179225
2319.0000000	46.01219429	38.78217604
2319.1000000	46.04295251	38.83168242
2319.2000000	46.07230215	38.87885231
2319.3000000	46.09836823	38.92056261
2319.4000000	46.11706768	38.9500071
2319.5000000	46.13035998	38.97044059
2319.6000000	46.13347071	38.97390061
2319.7000000	46.12887853	38.96450595
2319.8000000	46.12025964	38.94837778
2319.9000000	46.10824709	38.92657701
2320.0000000	46.09879188	38.90902976
2320.1000000	46.09179873	38.89559141
2320.2000000	46.09266983	38.89526745
2320.3000000	46.09850945	38.90323624
2320.4000000	46.10791747	38.9171626
2320.5000000	46.12030154	38.9360561
2320.6000000	46.13153363	38.95303719
2320.7000000	46.14170177	38.96824724
2320.8000000	46.14734907	38.97592355
2320.9000000	46.15152316	38.98113825
2321.0000000	46.15424121	38.98391858
2321.1000000	46.1625264	38.99596447
2321.2000000	46.18110037	39.0251444
2321.3000000	46.21167165	39.07430967
2321.4000000	46.28268535	39.19084504
2321.5000000	46.38145549	39.35363785
2321.6000000	46.51589231	39.57590508
2321.7000000	46.70910655	39.89619835
2321.8000000	46.92710649	40.25794065
2321.9000000	47.17428223	40.66844698
2322.0000000	47.42700974	41.08833521
2322.1000000	47.66319919	41.48076904
2322.2000000	47.86780325	41.82064164
2322.3000000	48.00265882	42.04433901
2322.4000000	48.08854477	42.18645565
2322.5000000	48.09343756	42.19362339
2322.6000000	48.01548993	42.06274752
2322.7000000	47.88809145	41.84944194
2322.8000000	47.68975515	41.51789535
2322.9000000	47.45608464	41.12740144
2323.0000000	47.20439084	40.70678707
2323.1000000	46.95326839	40.28702361
2323.2000000	46.7313065	39.91574065
2323.3000000	46.53481215	39.58680811
2323.4000000	46.40846553	39.37467048
2323.5000000	46.33389856	39.24875686
2323.6000000	46.30000828	39.19059426
2323.7000000	46.33102458	39.24055916
2323.8000000	46.38007644	39.3206093
2323.9000000	46.44358393	39.42479865
2324.0000000	46.49756074	39.5131704
2324.1000000	46.53146167	39.56814365
2324.2000000	46.54515552	39.5894695
2324.3000000	46.51648855	39.54022182
2324.4000000	46.47812555	39.47477957
2324.5000000	46.42964476	39.39242231
2324.6000000	46.40296393	39.34631942
2324.7000000	46.4016259	39.34239374
2324.8000000	46.4347898	39.39593118
2324.9000000	46.52165524	39.53893821
2325.0000000	46.62550467	39.71028245
2325.1000000	46.74720697	39.91143403
2325.2000000	46.85208317	40.08464512
2325.3000000	46.93511244	40.22155026
2325.4000000	46.97695591	40.28991905
2325.5000000	46.96184505	40.26345059
2325.6000000	46.91589322	40.18560636
2325.7000000	46.8287587	40.0391247
2325.8000000	46.72657201	39.86749716
2325.9000000	46.62183323	39.69153432
2326.0000000	46.52832348	39.53419996
2326.1000000	46.45503644	39.41050614
2326.2000000	46.3948616	39.30863892
2326.3000000	46.35513644	39.24083537
2326.4000000	46.32133987	39.18291137
2326.5000000	46.29036972	39.12969389
2326.6000000	46.25598131	39.07077551
2326.7000000	46.21693441	39.00408621
2326.8000000	46.17433329	38.93146451
2326.9000000	46.12823663	38.85301003
2327.0000000	46.08371105	38.77716437
2327.1000000	46.04066011	38.70376949
2327.2000000	46.00721623	38.64637121
2327.3000000	45.98090262	38.60084357
2327.4000000	45.96192007	38.56752022
2327.5000000	45.95964968	38.56202671
2327.6000000	45.96564919	38.57030419
2327.7000000	45.98118647	38.59446764
2327.8000000	46.0099688	38.64069435
2327.9000000	46.04264502	38.69341082
2328.0000000	46.07955412	38.75318289
2328.1000000	46.1139308	38.80874368
2328.2000000	46.14336574	38.85608097
2328.3000000	46.16459078	38.88974975
2328.4000000	46.16982911	38.89679197
2328.5000000	46.16615575	38.88898436
2328.6000000	46.14958912	38.85968673
2328.7000000	46.12698416	38.8203081
2328.8000000	46.10519283	38.78225653
2328.9000000	46.09059576	38.75615863
2329.0000000	46.09456637	38.7609626
2329.1000000	46.11127468	38.78696859
2329.2000000	46.1507956	38.85097486
2329.3000000	46.20072269	38.93234952
2329.4000000	46.25376749	39.01898317
2329.5000000	46.29891562	39.09254404
2329.6000000	46.32235427	39.13001165
2329.7000000	46.32828889	39.13835417
2329.8000000	46.29380686	39.07936743
2329.9000000	46.23723545	38.98353992
2330.0000000	46.16421651	38.8602495
2330.1000000	46.0771076	38.71342947
2330.2000000	45.99524383	38.57530675
2330.3000000	45.91771104	38.44438634
2330.4000000	45.86720205	38.35847861
2330.5000000	45.83106035	38.29650738
2330.6000000	45.81030178	38.26016106
2330.7000000	45.81031783	38.25841524
2330.8000000	45.81533312	38.26499382
2330.9000000	45.82557274	38.28027473
2331.0000000	45.83853705	38.30009916
2331.1000000	45.85281374	38.3221181
2331.2000000	45.86886568	38.34710372
2331.3000000	45.88891932	38.37876418
2331.4000000	45.91111363	38.41399936
2331.5000000	45.93622777	38.45410585
2331.6000000	45.96267094	38.49643156
2331.7000000	45.98811137	38.53708956
2331.8000000	46.01058797	38.57281048
2331.9000000	46.02502616	38.59513958
2332.0000000	46.03376761	38.60797514
2332.1000000	46.03248674	38.60411063
2332.2000000	46.02218722	38.58521475
2332.3000000	46.00702347	38.55820386
2332.4000000	45.98590688	38.5212617
2332.5000000	45.96432074	38.48351858
2332.6000000	45.94315889	38.44646452
2332.7000000	45.92578525	38.41570819
2332.8000000	45.91227839	38.39139073
2332.9000000	45.9014861	38.3716028
2333.0000000	45.89556838	38.35994637
2333.1000000	45.89132587	38.35109178
2333.2000000	45.8884601	38.34453623
2333.3000000	45.88599043	38.33863794
2333.4000000	45.88398535	38.33349987
2333.5000000	45.88257696	38.32932899
2333.6000000	45.884775	38.33113178
2333.7000000	45.89124819	38.34002591
2333.8000000	45.90157357	38.35532567
2333.9000000	45.92513219	38.39267588
2334.0000000	45.95593598	38.44211662
2334.1000000	45.995722	38.50654441
2334.2000000	46.04689994	38.58996819
2334.3000000	46.10029191	38.67709381
2334.4000000	46.15553869	38.76731147
2334.5000000	46.20509619	38.84804231
2334.6000000	46.24950969	38.92018179
2334.7000000	46.28595385	38.97901648
2334.8000000	46.31371784	39.02336733
2334.9000000	46.33921574	39.06393306
2335.0000000	46.36412491	39.10352712
2335.1000000	46.39856349	39.15901685
2335.2000000	46.44101875	39.22788711
2335.3000000	46.49918073	39.32294477
2335.4000000	46.57115485	39.44102917
2335.5000000	46.64890067	39.5687443
2335.6000000	46.73032919	39.70261228
2335.7000000	46.8005302	39.81781402
2335.8000000	46.86053249	39.91608362
2335.9000000	46.89206932	39.96700613
2336.0000000	46.90022856	39.97904587
2336.1000000	46.89194464	39.9637268
2336.2000000	46.86582875	39.91870799
2336.3000000	46.84810546	39.8876448
2336.4000000	46.83948219	39.87169696
2336.5000000	46.87886878	39.93566664
2336.6000000	46.95236038	40.05640245
2336.7000000	47.05598621	40.22733203
2336.8000000	47.20243967	40.46965044
2336.9000000	47.34658552	40.70822242
2337.0000000	47.48865759	40.94346364
2337.1000000	47.57351401	41.08352314
2337.2000000	47.61251667	41.14729629
2337.3000000	47.59321068	41.11397667
2337.4000000	47.47799673	40.92087254
2337.5000000	47.32277166	40.66106034
2337.6000000	47.1203242	40.32249298
2337.7000000	46.89798799	39.95068232
2337.8000000	46.68012099	39.58620735
2337.9000000	46.47957162	39.25049692
2338.0000000	46.32456383	38.99059573
2338.1000000	46.19570663	38.77422837
2338.2000000	46.10912816	38.62826962
2338.3000000	46.05625001	38.53843675
2338.4000000	46.01910008	38.47479589
2338.5000000	45.99908106	38.43968188
2338.6000000	45.98301852	38.411151
2338.7000000	45.96786095	38.38411987
2338.8000000	45.95008284	38.35271636
2338.9000000	45.92936418	38.31640864
2339.0000000	45.90710096	38.27752442
2339.1000000	45.88474955	38.23849332
2339.2000000	45.8669677	38.20707754
2339.3000000	45.85349375	38.18284429
2339.4000000	45.85416647	38.18218058
2339.5000000	45.86610601	38.20028698
2339.6000000	45.88715974	38.23357426
2339.7000000	45.92269921	38.29098752
2339.8000000	45.96096133	38.35293618
2339.9000000	46.00143079	38.41856643
2340.0000000	46.03656179	38.4753142
2340.1000000	46.06596227	38.52252885
2340.2000000	46.08937028	38.55977414
2340.3000000	46.10198968	38.57906067
2340.4000000	46.11163893	38.59340853
2340.5000000	46.11809939	38.60244922
2340.6000000	46.1255388	38.61311897
2340.7000000	46.13540018	38.62781704
2340.8000000	46.14877234	38.64835686
2340.9000000	46.1685124	38.67950271
2341.0000000	46.19131585	38.71575766
2341.1000000	46.21835194	38.75907371
2341.2000000	46.24817648	38.80704451
2341.3000000	46.2781133	38.85520861
2341.4000000	46.30672927	38.90117508
2341.5000000	46.32858156	38.93587667
2341.6000000	46.34466604	38.96097193
2341.7000000	46.34922441	38.96686953
2341.8000000	46.34061874	38.95083979
2341.9000000	46.32371979	38.92099397
2342.0000000	46.29381119	38.86947656
2342.1000000	46.25827291	38.80858048
2342.2000000	46.22006564	38.74323805
2342.3000000	46.18339856	38.68046032
2342.4000000	46.15310047	38.62828945
2342.5000000	46.12817831	38.58507003
2342.6000000	46.11680705	38.56441603
2342.7000000	46.11445844	38.55878318
2342.8000000	46.11950632	38.56546137
2342.9000000	46.13743753	38.59358915
2343.0000000	46.16172146	38.63229008
2343.1000000	46.19166779	38.68041552
2343.2000000	46.233603	38.7485039
2343.3000000	46.28031849	38.82455142
2343.4000000	46.33212623	38.9090838
2343.5000000	46.38847081	39.00118509
2343.6000000	46.44181017	39.08830368
2343.7000000	46.49119513	39.1688662
2343.8000000	46.51990023	39.21501416
2343.9000000	46.53235811	39.23412106
2344.0000000	46.52195592	39.21515596
2344.1000000	46.47579554	39.13661773
2344.2000000	46.41255178	39.02959874
2344.3000000	46.32675139	38.8849783
2344.4000000	46.22965006	38.72150709
2344.5000000	46.13177493	38.55672693
2344.6000000	46.04056434	38.40303589
2344.7000000	45.97066526	38.28483652
2344.8000000	45.9152824	38.19081436
2344.9000000	45.8860546	38.14035623
2345.0000000	45.87576141	38.12143557
2345.1000000	45.87538729	38.11903341
2345.2000000	45.88417916	38.13189171
2345.3000000	45.89083514	38.1411846
2345.4000000	45.89489625	38.14614958
2345.5000000	45.8904401	38.13692782
2345.6000000	45.8807631	38.11901713
2345.7000000	45.86751819	38.09517721
2345.8000000	45.85247903	38.06836471
2345.9000000	45.8397325	38.04538328
2346.0000000	45.82926784	38.02620766
2346.1000000	45.82421399	38.01604448
2346.2000000	45.82081836	38.00864277
2346.3000000	45.81881824	38.00356664
2346.4000000	45.81629816	37.99762735
2346.5000000	45.81293697	37.99029173
2346.6000000	45.80857765	37.98130087
2346.7000000	45.80694652	37.97686405
2346.8000000	45.81040477	37.98091784
2346.9000000	45.82030884	37.99573
2347.0000000	45.84807778	38.04033047
2347.1000000	45.88593057	38.10176563
2347.2000000	45.93766511	38.18635901
2347.3000000	46.00263762	38.2930294
2347.4000000	46.07079721	38.40502673
2347.5000000	46.14081483	38.52012951
2347.6000000	46.2050879	38.62566599
2347.7000000	46.26481677	38.72362364
2347.8000000	46.31682189	38.80869049
2347.9000000	46.36186225	38.88211218
2348.0000000	46.40285586	38.94873979
2348.1000000	46.43828335	39.00604524
2348.2000000	46.46761326	39.05315889
2348.3000000	46.49170368	39.09152427
2348.4000000	46.50429811	39.1107275
2348.5000000	46.50196677	39.10505676
2348.6000000	46.48824325	39.08039967
2348.7000000	46.45084348	39.01630466
2348.8000000	46.39848459	38.92730213
2348.9000000	46.33506174	38.81988763
2349.0000000	46.26010711	38.69328298
2349.1000000	46.18663977	38.56916848
2349.2000000	46.11497861	38.44806959
2349.3000000	46.05915666	38.35335533
2349.4000000	46.01437743	38.27703446
2349.5000000	45.98012201	38.21824146
