7523.814819084137	19178.603461186456	-1521.1578947368423
7523.814819084137	19178.695017611004	-1521.1578947368423
7523.814819084137	19178.786574035556	-1521.1578947368423
7523.814819084137	19178.878130460103	-1521.1578947368423
7523.814819084137	19178.969686884655	-1521.1578947368423
7523.814819084137	19179.061243309206	-1521.1578947368423
7523.814819084137	19179.152799733754	-1521.1578947368423
7523.814819084137	19179.244356158306	-1521.1578947368423
7523.814819084137	19179.335912582854	-1521.1578947368423
7523.814819084137	19179.427469007405	-1521.1578947368423
7523.814819084137	19179.519025431953	-1521.1578947368423
7523.814819084137	19179.610581856505	-1521.1578947368423
7523.814819084137	19179.702138281056	-1521.1578947368423
7523.814819084137	19179.793694705604	-1521.1578947368423
7523.814819084137	19179.885251130156	-1521.1578947368423
7523.814819084137	19179.976807554704	-1521.1578947368423
7523.814819084137	19180.068363979255	-1521.1578947368423
7523.814819084137	19180.159920403807	-1521.1578947368423
7523.814819084137	19180.251476828354	-1521.1578947368423
7523.814819084137	19180.343033252906	-1521.1578947368423
7523.814819084137	19180.434589677454	-1521.1578947368423
7523.814819084137	19180.526146102005	-1521.1578947368423
7523.814819084137	19180.617702526553	-1521.1578947368423
7523.814819084137	19180.709258951105	-1521.1578947368423
7523.814819084137	19180.800815375656	-1521.1578947368423
7523.814819084137	19180.892371800204	-1521.1578947368423
7523.814819084137	19180.983928224756	-1521.1578947368423
7523.814819084137	19181.075484649304	-1521.1578947368423
7523.814819084137	19181.167041073855	-1521.1578947368423
7523.814819084137	19181.258597498407	-1521.1578947368423
7523.814819084137	19181.350153922955	-1521.1578947368423
7523.814819084137	19181.441710347506	-1521.1578947368423
7523.814819084137	19181.533266772054	-1521.1578947368423
7523.814819084137	19181.624823196606	-1521.1578947368423
7523.814819084137	19181.716379621153	-1521.1578947368423
7523.814819084137	19181.807936045705	-885.6666666666667
7523.814819084137	19181.899492470257	-1297.8771929824563
7523.814819084137	19181.991048894804	-1521.1578947368423
7523.814819084137	19182.082605319356	-1521.1578947368423
7523.814819084137	19182.174161743904	-1521.1578947368423
7523.814819084137	19182.265718168455	-1521.1578947368423
7523.814819084137	19182.357274593007	-1521.1578947368423
7523.814819084137	19182.448831017555	-1521.1578947368423
7523.814819084137	19182.540387442106	-1521.1578947368423
7523.814819084137	19182.631943866654	-1306.4649122807018
7523.814819084137	19182.723500291206	-1521.1578947368423
7523.814819084137	19182.815056715757	-1521.1578947368423
7523.814819084137	19182.906613140305	-1521.1578947368423
7523.814819084137	19182.998169564857	-1521.1578947368423
7523.814819084137	19183.089725989405	-1521.1578947368423
7523.814819084137	19183.181282413956	-1521.1578947368423
7523.814819084137	19183.272838838504	-1521.1578947368423
7523.814819084137	19183.364395263055	-1521.1578947368423
7523.814819084137	19183.455951687607	-1521.1578947368423
7523.814819084137	19183.547508112155	-1521.1578947368423
7523.814819084137	19183.639064536706	-1521.1578947368423
7523.814819084137	19183.730620961254	-1521.1578947368423
7523.814819084137	19183.822177385806	-1521.1578947368423
7523.814819084137	19183.913733810357	-1521.1578947368423
7523.814819084137	19184.005290234905	-1521.1578947368423
7523.814819084137	19184.096846659457	-1521.1578947368423
7523.814819084137	19184.188403084005	-1521.1578947368423
7523.814819084137	19184.279959508556	-1521.1578947368423
7523.814819084137	19184.371515933104	-1521.1578947368423
7523.814819084137	19184.463072357656	-1521.1578947368423
7523.814819084137	19184.554628782207	-1521.1578947368423
7523.814819084137	19184.646185206755	-1521.1578947368423
7523.814819084137	19184.737741631307	-1521.1578947368423
7523.814819084137	19184.829298055854	-1521.1578947368423
7523.814819084137	19184.920854480406	-1521.1578947368423
7523.814819084137	19185.012410904958	-1521.1578947368423
7523.814819084137	19185.103967329505	-1521.1578947368423
7523.814819084137	19185.195523754057	-1521.1578947368423
7523.814819084137	19185.287080178605	-1521.1578947368423
7523.814819084137	19185.378636603156	-1521.1578947368423
7523.814819084137	19185.470193027704	-1521.1578947368423
7523.814819084137	19185.561749452256	-1521.1578947368423
7523.814819084137	19185.653305876807	-1521.1578947368423
7523.814819084137	19185.744862301355	-1521.1578947368423
7523.814819084137	19185.836418725907	-1521.1578947368423
7523.814819084137	19185.927975150455	-1521.1578947368423
7523.814819084137	19186.019531575006	-1521.1578947368423
7523.814819084137	19186.111087999558	-1521.1578947368423
7523.814819084137	19186.202644424106	-1521.1578947368423
7523.814819084137	19186.294200848657	-1521.1578947368423
7523.814819084137	19186.385757273205	-1521.1578947368423
7523.814819084137	19186.477313697756	-1521.1578947368423
7523.814819084137	19186.568870122304	-1521.1578947368423
7523.814819084137	19186.660426546856	-1521.1578947368423
7523.814819084137	19186.751982971407	-1521.1578947368423
7523.814819084137	19186.843539395955	-1521.1578947368423
7523.814819084137	19186.935095820507	-1521.1578947368423
7523.814819084137	19187.026652245055	-1521.1578947368423
7523.814819084137	19187.118208669606	-1521.1578947368423
7523.814819084137	19187.209765094158	-1521.1578947368423
7523.814819084137	19187.301321518706	-1521.1578947368423
7523.814819084137	19187.392877943257	-1521.1578947368423
7523.814819084137	19187.484434367805	-1521.1578947368423
7523.814819084137	19187.575990792357	-1521.1578947368423
7514.629638168272	19178.603461186456	-1521.1578947368423
7514.629638168272	19178.695017611004	-1521.1578947368423
7514.629638168272	19178.786574035556	-1521.1578947368423
7514.629638168272	19178.878130460103	-1521.1578947368423
7514.629638168272	19178.969686884655	-1521.1578947368423
7514.629638168272	19179.061243309206	-1521.1578947368423
7514.629638168272	19179.152799733754	-1521.1578947368423
7514.629638168272	19179.244356158306	-1521.1578947368423
7514.629638168272	19179.335912582854	-1521.1578947368423
7514.629638168272	19179.427469007405	-1521.1578947368423
7514.629638168272	19179.519025431953	-1521.1578947368423
7514.629638168272	19179.610581856505	-1521.1578947368423
7514.629638168272	19179.702138281056	-1521.1578947368423
7514.629638168272	19179.793694705604	-1521.1578947368423
7514.629638168272	19179.885251130156	-1521.1578947368423
7514.629638168272	19179.976807554704	-1521.1578947368423
7514.629638168272	19180.068363979255	-1521.1578947368423
7514.629638168272	19180.159920403807	-1521.1578947368423
7514.629638168272	19180.251476828354	-1521.1578947368423
7514.629638168272	19180.343033252906	-1521.1578947368423
7514.629638168272	19180.434589677454	-1521.1578947368423
7514.629638168272	19180.526146102005	-1521.1578947368423
7514.629638168272	19180.617702526553	-1521.1578947368423
7514.629638168272	19180.709258951105	-1521.1578947368423
7514.629638168272	19180.800815375656	-1521.1578947368423
7514.629638168272	19180.892371800204	-1521.1578947368423
7514.629638168272	19180.983928224756	-1521.1578947368423
7514.629638168272	19181.075484649304	-1521.1578947368423
7514.629638168272	19181.167041073855	-1521.1578947368423
7514.629638168272	19181.258597498407	-1521.1578947368423
7514.629638168272	19181.350153922955	-1521.1578947368423
7514.629638168272	19181.441710347506	-1521.1578947368423
7514.629638168272	19181.533266772054	-1521.1578947368423
7514.629638168272	19181.624823196606	-1521.1578947368423
7514.629638168272	19181.716379621153	-1521.1578947368423
7514.629638168272	19181.807936045705	-881.3728070175439
7514.629638168272	19181.899492470257	-417.6359649122807
7514.629638168272	19181.991048894804	-430.51754385964915
7514.629638168272	19182.082605319356	-993.0131578947369
7514.629638168272	19182.174161743904	-675.2675438596491
7514.629638168272	19182.265718168455	-482.04385964912285
7514.629638168272	19182.357274593007	-482.04385964912285
7514.629638168272	19182.448831017555	-984.4254385964913
7514.629638168272	19182.540387442106	-885.6666666666667
7514.629638168272	19182.631943866654	-675.2675438596491
7514.629638168272	19182.723500291206	-340.3464912280702
7514.629638168272	19182.815056715757	-1027.3640350877195
7514.629638168272	19182.906613140305	-868.4912280701755
7514.629638168272	19182.998169564857	-1001.6008771929825
7514.629638168272	19183.089725989405	-748.2631578947369
7514.629638168272	19183.181282413956	-1018.7763157894738
7514.629638168272	19183.272838838504	-1014.4824561403509
7514.629638168272	19183.364395263055	-1091.7719298245615
7514.629638168272	19183.455951687607	-1040.2456140350878
7514.629638168272	19183.547508112155	-1177.6491228070176
7514.629638168272	19183.639064536706	-1143.2982456140353
7514.629638168272	19183.730620961254	-1113.2412280701756
7514.629638168272	19183.822177385806	-1194.8245614035088
7514.629638168272	19183.913733810357	-868.4912280701755
7514.629638168272	19184.005290234905	-1212.0
7514.629638168272	19184.096846659457	-1229.1754385964914
7514.629638168272	19184.188403084005	-1254.938596491228
7514.629638168272	19184.279959508556	-1272.1140350877195
7514.629638168272	19184.371515933104	-1302.171052631579
7514.629638168272	19184.463072357656	-2186.7061403508774
7514.629638168272	19184.554628782207	-1323.640350877193
7514.629638168272	19184.646185206755	-2083.6535087719303
7514.629638168272	19184.737741631307	-1521.1578947368423
7514.629638168272	19184.829298055854	-1744.4385964912283
7514.629638168272	19184.920854480406	-2186.7061403508774
7514.629638168272	19185.012410904958	-662.3859649122808
7514.629638168272	19185.103967329505	-1521.1578947368423
7514.629638168272	19185.195523754057	-1521.1578947368423
7514.629638168272	19185.287080178605	-1521.1578947368423
7514.629638168272	19185.378636603156	-1744.4385964912283
7514.629638168272	19185.470193027704	-2186.7061403508774
7514.629638168272	19185.561749452256	-1521.1578947368423
7514.629638168272	19185.653305876807	-1521.1578947368423
7514.629638168272	19185.744862301355	-1297.8771929824563
7514.629638168272	19185.836418725907	-1521.1578947368423
7514.629638168272	19185.927975150455	-1521.1578947368423
7514.629638168272	19186.019531575006	-1521.1578947368423
7514.629638168272	19186.111087999558	-1521.1578947368423
7514.629638168272	19186.202644424106	-1521.1578947368423
7514.629638168272	19186.294200848657	-761.1447368421053
7514.629638168272	19186.385757273205	-1521.1578947368423
7514.629638168272	19186.477313697756	-1521.1578947368423
7514.629638168272	19186.568870122304	-1521.1578947368423
7514.629638168272	19186.660426546856	-1521.1578947368423
7514.629638168272	19186.751982971407	-1306.4649122807018
7514.629638168272	19186.843539395955	-1521.1578947368423
7514.629638168272	19186.935095820507	-2186.7061403508774
7514.629638168272	19187.026652245055	-1521.1578947368423
7514.629638168272	19187.118208669606	-1984.8947368421054
7514.629638168272	19187.209765094158	-1529.7456140350878
7514.629638168272	19187.301321518706	-1521.1578947368423
7514.629638168272	19187.392877943257	-1984.8947368421054
7514.629638168272	19187.484434367805	-1521.1578947368423
7514.629638168272	19187.575990792357	-1521.1578947368423
7505.444457252409	19178.603461186456	-1521.1578947368423
7505.444457252409	19178.695017611004	-1521.1578947368423
7505.444457252409	19178.786574035556	-1521.1578947368423
7505.444457252409	19178.878130460103	-1521.1578947368423
7505.444457252409	19178.969686884655	-1521.1578947368423
7505.444457252409	19179.061243309206	-1521.1578947368423
7505.444457252409	19179.152799733754	-1521.1578947368423
7505.444457252409	19179.244356158306	-1521.1578947368423
7505.444457252409	19179.335912582854	-1521.1578947368423
7505.444457252409	19179.427469007405	-1521.1578947368423
7505.444457252409	19179.519025431953	-1521.1578947368423
7505.444457252409	19179.610581856505	-1521.1578947368423
7505.444457252409	19179.702138281056	-1521.1578947368423
7505.444457252409	19179.793694705604	-1521.1578947368423
7505.444457252409	19179.885251130156	-1521.1578947368423
7505.444457252409	19179.976807554704	-1521.1578947368423
7505.444457252409	19180.068363979255	-1521.1578947368423
7505.444457252409	19180.159920403807	-1521.1578947368423
7505.444457252409	19180.251476828354	-1521.1578947368423
7505.444457252409	19180.343033252906	-1521.1578947368423
7505.444457252409	19180.434589677454	-1521.1578947368423
7505.444457252409	19180.526146102005	-1521.1578947368423
7505.444457252409	19180.617702526553	-1521.1578947368423
7505.444457252409	19180.709258951105	-1521.1578947368423
7505.444457252409	19180.800815375656	-1521.1578947368423
7505.444457252409	19180.892371800204	-1521.1578947368423
7505.444457252409	19180.983928224756	-1521.1578947368423
7505.444457252409	19181.075484649304	-1521.1578947368423
7505.444457252409	19181.167041073855	-1521.1578947368423
7505.444457252409	19181.258597498407	-1521.1578947368423
7505.444457252409	19181.350153922955	-1521.1578947368423
7505.444457252409	19181.441710347506	-1521.1578947368423
7505.444457252409	19181.533266772054	-1521.1578947368423
7505.444457252409	19181.624823196606	-1521.1578947368423
7505.444457252409	19181.716379621153	-2186.7061403508774
7505.444457252409	19181.807936045705	-417.6359649122807
7505.444457252409	19181.899492470257	-709.6184210526317
7505.444457252409	19181.991048894804	-675.2675438596491
7505.444457252409	19182.082605319356	-950.0745614035088
7505.444457252409	19182.174161743904	-512.1008771929825
7505.444457252409	19182.265718168455	-520.688596491228
7505.444457252409	19182.357274593007	-881.3728070175439
7505.444457252409	19182.448831017555	-885.6666666666667
7505.444457252409	19182.540387442106	-885.6666666666667
7505.444457252409	19182.631943866654	-885.6666666666667
7505.444457252409	19182.723500291206	-748.2631578947369
7505.444457252409	19182.815056715757	-859.9035087719299
7505.444457252409	19182.906613140305	-1066.0087719298247
7505.444457252409	19182.998169564857	-391.8728070175439
7505.444457252409	19183.089725989405	-1044.5394736842106
7505.444457252409	19183.181282413956	-1053.127192982456
7505.444457252409	19183.272838838504	-868.4912280701755
7505.444457252409	19183.364395263055	-1096.0657894736842
7505.444457252409	19183.455951687607	-1104.6535087719299
7505.444457252409	19183.547508112155	-1147.592105263158
7505.444457252409	19183.639064536706	-1126.122807017544
7505.444457252409	19183.730620961254	-1169.061403508772
7505.444457252409	19183.822177385806	-1190.530701754386
7505.444457252409	19183.913733810357	-1199.1184210526317
7505.444457252409	19184.005290234905	-1220.5877192982457
7505.444457252409	19184.096846659457	-1276.407894736842
7505.444457252409	19184.188403084005	-1250.6447368421054
7505.444457252409	19184.279959508556	-1267.8201754385966
7505.444457252409	19184.371515933104	-1521.1578947368423
7505.444457252409	19184.463072357656	-1302.171052631579
7505.444457252409	19184.554628782207	-1306.4649122807018
7505.444457252409	19184.646185206755	-1327.9342105263158
7505.444457252409	19184.737741631307	-722.5
7505.444457252409	19184.829298055854	-2178.1184210526317
7505.444457252409	19184.920854480406	-1899.0175438596493
7505.444457252409	19185.012410904958	-1521.1578947368423
7505.444457252409	19185.103967329505	-1521.1578947368423
7505.444457252409	19185.195523754057	-1744.4385964912283
7505.444457252409	19185.287080178605	-1521.1578947368423
7505.444457252409	19185.378636603156	-1899.0175438596493
7505.444457252409	19185.470193027704	-2186.7061403508774
7505.444457252409	19185.561749452256	-1521.1578947368423
7505.444457252409	19185.653305876807	-670.9736842105264
7505.444457252409	19185.744862301355	-1521.1578947368423
7505.444457252409	19185.836418725907	-1521.1578947368423
7505.444457252409	19185.927975150455	-1306.4649122807018
7505.444457252409	19186.019531575006	-1521.1578947368423
7505.444457252409	19186.111087999558	-1521.1578947368423
7505.444457252409	19186.202644424106	-2178.1184210526317
7505.444457252409	19186.294200848657	-1521.1578947368423
7505.444457252409	19186.385757273205	-1521.1578947368423
7505.444457252409	19186.477313697756	-1521.1578947368423
7505.444457252409	19186.568870122304	-1521.1578947368423
7505.444457252409	19186.660426546856	-1521.1578947368423
7505.444457252409	19186.751982971407	-1521.1578947368423
7505.444457252409	19186.843539395955	-1521.1578947368423
7505.444457252409	19186.935095820507	-1521.1578947368423
7505.444457252409	19187.026652245055	-1984.8947368421054
7505.444457252409	19187.118208669606	-1521.1578947368423
7505.444457252409	19187.209765094158	-1521.1578947368423
7505.444457252409	19187.301321518706	-1521.1578947368423
7505.444457252409	19187.392877943257	-1984.8947368421054
7505.444457252409	19187.484434367805	-1521.1578947368423
7505.444457252409	19187.575990792357	-1521.1578947368423
7496.259276336545	19178.603461186456	-1521.1578947368423
7496.259276336545	19178.695017611004	-1521.1578947368423
7496.259276336545	19178.786574035556	-1521.1578947368423
7496.259276336545	19178.878130460103	-1521.1578947368423
7496.259276336545	19178.969686884655	-1521.1578947368423
7496.259276336545	19179.061243309206	-1521.1578947368423
7496.259276336545	19179.152799733754	-1521.1578947368423
7496.259276336545	19179.244356158306	-1521.1578947368423
7496.259276336545	19179.335912582854	-1521.1578947368423
7496.259276336545	19179.427469007405	-1521.1578947368423
7496.259276336545	19179.519025431953	-1521.1578947368423
7496.259276336545	19179.610581856505	-1521.1578947368423
7496.259276336545	19179.702138281056	-1521.1578947368423
7496.259276336545	19179.793694705604	-1521.1578947368423
7496.259276336545	19179.885251130156	-1521.1578947368423
7496.259276336545	19179.976807554704	-1521.1578947368423
7496.259276336545	19180.068363979255	-1521.1578947368423
7496.259276336545	19180.159920403807	-1521.1578947368423
7496.259276336545	19180.251476828354	-1521.1578947368423
7496.259276336545	19180.343033252906	-1521.1578947368423
7496.259276336545	19180.434589677454	-1521.1578947368423
7496.259276336545	19180.526146102005	-1521.1578947368423
7496.259276336545	19180.617702526553	-1521.1578947368423
7496.259276336545	19180.709258951105	-1521.1578947368423
7496.259276336545	19180.800815375656	-1521.1578947368423
7496.259276336545	19180.892371800204	-1521.1578947368423
7496.259276336545	19180.983928224756	-1521.1578947368423
7496.259276336545	19181.075484649304	-1521.1578947368423
7496.259276336545	19181.167041073855	-1521.1578947368423
7496.259276336545	19181.258597498407	-1521.1578947368423
7496.259276336545	19181.350153922955	-1521.1578947368423
7496.259276336545	19181.441710347506	-1521.1578947368423
7496.259276336545	19181.533266772054	-1521.1578947368423
7496.259276336545	19181.624823196606	-1521.1578947368423
7496.259276336545	19181.716379621153	-885.6666666666667
7496.259276336545	19181.807936045705	-430.51754385964915
7496.259276336545	19181.899492470257	-915.7236842105264
7496.259276336545	19181.991048894804	-254.46929824561403
7496.259276336545	19182.082605319356	-1005.8947368421053
7496.259276336545	19182.174161743904	-1005.8947368421053
7496.259276336545	19182.265718168455	-1031.657894736842
7496.259276336545	19182.357274593007	-1027.3640350877195
7496.259276336545	19182.448831017555	-645.2105263157895
7496.259276336545	19182.540387442106	-1001.6008771929825
7496.259276336545	19182.631943866654	-752.5570175438597
7496.259276336545	19182.723500291206	-482.04385964912285
7496.259276336545	19182.815056715757	-868.4912280701755
7496.259276336545	19182.906613140305	-482.04385964912285
7496.259276336545	19182.998169564857	-924.311403508772
7496.259276336545	19183.089725989405	-885.6666666666667
7496.259276336545	19183.181282413956	-1053.127192982456
7496.259276336545	19183.272838838504	-1061.7149122807018
7496.259276336545	19183.364395263055	-1108.9473684210527
7496.259276336545	19183.455951687607	-1104.6535087719299
7496.259276336545	19183.547508112155	-1156.1798245614036
7496.259276336545	19183.639064536706	-1143.2982456140353
7496.259276336545	19183.730620961254	-1194.8245614035088
7496.259276336545	19183.822177385806	-1216.2938596491229
7496.259276336545	19183.913733810357	-1267.8201754385966
7496.259276336545	19184.005290234905	-1212.0
7496.259276336545	19184.096846659457	-1263.5263157894738
7496.259276336545	19184.188403084005	-1284.9956140350878
7496.259276336545	19184.279959508556	-718.2061403508771
7496.259276336545	19184.371515933104	-2186.7061403508774
7496.259276336545	19184.463072357656	-2178.1184210526317
7496.259276336545	19184.554628782207	-1744.4385964912283
7496.259276336545	19184.646185206755	-1293.5833333333335
7496.259276336545	19184.737741631307	-1521.1578947368423
7496.259276336545	19184.829298055854	-1521.1578947368423
7496.259276336545	19184.920854480406	-1521.1578947368423
7496.259276336545	19185.012410904958	-1521.1578947368423
7496.259276336545	19185.103967329505	-2178.1184210526317
7496.259276336545	19185.195523754057	-756.8508771929825
7496.259276336545	19185.287080178605	-1323.640350877193
7496.259276336545	19185.378636603156	-1521.1578947368423
7496.259276336545	19185.470193027704	-1984.8947368421054
7496.259276336545	19185.561749452256	-1521.1578947368423
7496.259276336545	19185.653305876807	-1521.1578947368423
7496.259276336545	19185.744862301355	-1521.1578947368423
7496.259276336545	19185.836418725907	-254.46929824561403
7496.259276336545	19185.927975150455	-1521.1578947368423
7496.259276336545	19186.019531575006	-1521.1578947368423
7496.259276336545	19186.111087999558	-1521.1578947368423
7496.259276336545	19186.202644424106	-1521.1578947368423
7496.259276336545	19186.294200848657	-2186.7061403508774
7496.259276336545	19186.385757273205	-1521.1578947368423
7496.259276336545	19186.477313697756	-1521.1578947368423
7496.259276336545	19186.568870122304	-1521.1578947368423
7496.259276336545	19186.660426546856	-1521.1578947368423
7496.259276336545	19186.751982971407	-1521.1578947368423
7496.259276336545	19186.843539395955	-1521.1578947368423
7496.259276336545	19186.935095820507	-1984.8947368421054
7496.259276336545	19187.026652245055	-1984.8947368421054
7496.259276336545	19187.118208669606	-1521.1578947368423
7496.259276336545	19187.209765094158	-1521.1578947368423
7496.259276336545	19187.301321518706	-1984.8947368421054
7496.259276336545	19187.392877943257	-1521.1578947368423
7496.259276336545	19187.484434367805	-1521.1578947368423
7496.259276336545	19187.575990792357	-1521.1578947368423
7487.074095420681	19178.603461186456	-1521.1578947368423
7487.074095420681	19178.695017611004	-1521.1578947368423
7487.074095420681	19178.786574035556	-1521.1578947368423
7487.074095420681	19178.878130460103	-1521.1578947368423
7487.074095420681	19178.969686884655	-1521.1578947368423
7487.074095420681	19179.061243309206	-1521.1578947368423
7487.074095420681	19179.152799733754	-1521.1578947368423
7487.074095420681	19179.244356158306	-1521.1578947368423
7487.074095420681	19179.335912582854	-1521.1578947368423
7487.074095420681	19179.427469007405	-1521.1578947368423
7487.074095420681	19179.519025431953	-1521.1578947368423
7487.074095420681	19179.610581856505	-1521.1578947368423
7487.074095420681	19179.702138281056	-1521.1578947368423
7487.074095420681	19179.793694705604	-1521.1578947368423
7487.074095420681	19179.885251130156	-1521.1578947368423
7487.074095420681	19179.976807554704	-1521.1578947368423
7487.074095420681	19180.068363979255	-1521.1578947368423
7487.074095420681	19180.159920403807	-1521.1578947368423
7487.074095420681	19180.251476828354	-1521.1578947368423
7487.074095420681	19180.343033252906	-1521.1578947368423
7487.074095420681	19180.434589677454	-1521.1578947368423
7487.074095420681	19180.526146102005	-1521.1578947368423
7487.074095420681	19180.617702526553	-1521.1578947368423
7487.074095420681	19180.709258951105	-1521.1578947368423
7487.074095420681	19180.800815375656	-1521.1578947368423
7487.074095420681	19180.892371800204	-1521.1578947368423
7487.074095420681	19180.983928224756	-1521.1578947368423
7487.074095420681	19181.075484649304	-1521.1578947368423
7487.074095420681	19181.167041073855	-1521.1578947368423
7487.074095420681	19181.258597498407	-1521.1578947368423
7487.074095420681	19181.350153922955	-1521.1578947368423
7487.074095420681	19181.441710347506	-1521.1578947368423
7487.074095420681	19181.533266772054	-1521.1578947368423
7487.074095420681	19181.624823196606	-2178.1184210526317
7487.074095420681	19181.716379621153	-993.0131578947369
7487.074095420681	19181.807936045705	-512.1008771929825
7487.074095420681	19181.899492470257	-537.8640350877193
7487.074095420681	19181.991048894804	-885.6666666666667
7487.074095420681	19182.082605319356	-404.75438596491233
7487.074095420681	19182.174161743904	-885.6666666666667
7487.074095420681	19182.265718168455	-885.6666666666667
7487.074095420681	19182.357274593007	-877.0789473684212
7487.074095420681	19182.448831017555	-1005.8947368421053
7487.074095420681	19182.540387442106	-1001.6008771929825
7487.074095420681	19182.631943866654	-847.0219298245614
7487.074095420681	19182.723500291206	-825.5526315789474
7487.074095420681	19182.815056715757	-825.5526315789474
7487.074095420681	19182.906613140305	-975.8377192982457
7487.074095420681	19182.998169564857	-885.6666666666667
7487.074095420681	19183.089725989405	-1005.8947368421053
7487.074095420681	19183.181282413956	-1096.0657894736842
7487.074095420681	19183.272838838504	-1074.5964912280701
7487.074095420681	19183.364395263055	-1104.6535087719299
7487.074095420681	19183.455951687607	-1139.0043859649122
7487.074095420681	19183.547508112155	-1147.592105263158
7487.074095420681	19183.639064536706	-1181.9429824561403
7487.074095420681	19183.730620961254	-1199.1184210526317
7487.074095420681	19183.822177385806	-1212.0
7487.074095420681	19183.913733810357	-1254.938596491228
7487.074095420681	19184.005290234905	-1284.9956140350878
7487.074095420681	19184.096846659457	-842.7280701754387
7487.074095420681	19184.188403084005	-2186.7061403508774
7487.074095420681	19184.279959508556	-1293.5833333333335
7487.074095420681	19184.371515933104	-2178.1184210526317
7487.074095420681	19184.463072357656	-1529.7456140350878
7487.074095420681	19184.554628782207	-1521.1578947368423
7487.074095420681	19184.646185206755	-1744.4385964912283
7487.074095420681	19184.737741631307	-1521.1578947368423
7487.074095420681	19184.829298055854	-2083.6535087719303
7487.074095420681	19184.920854480406	-1521.1578947368423
7487.074095420681	19185.012410904958	-383.28508771929825
7487.074095420681	19185.103967329505	-1521.1578947368423
7487.074095420681	19185.195523754057	-1744.4385964912283
7487.074095420681	19185.287080178605	-1744.4385964912283
7487.074095420681	19185.378636603156	-1529.7456140350878
7487.074095420681	19185.470193027704	-1701.5000000000002
7487.074095420681	19185.561749452256	-1521.1578947368423
7487.074095420681	19185.653305876807	-1521.1578947368423
7487.074095420681	19185.744862301355	-1984.8947368421054
7487.074095420681	19185.836418725907	-1521.1578947368423
7487.074095420681	19185.927975150455	-1701.5000000000002
7487.074095420681	19186.019531575006	-2118.004385964912
7487.074095420681	19186.111087999558	-1521.1578947368423
7487.074095420681	19186.202644424106	-1323.640350877193
7487.074095420681	19186.294200848657	-1521.1578947368423
7487.074095420681	19186.385757273205	-1521.1578947368423
7487.074095420681	19186.477313697756	-1984.8947368421054
7487.074095420681	19186.568870122304	-907.1359649122808
7487.074095420681	19186.660426546856	-1521.1578947368423
7487.074095420681	19186.751982971407	-1899.0175438596493
7487.074095420681	19186.843539395955	-1984.8947368421054
7487.074095420681	19186.935095820507	-1529.7456140350878
7487.074095420681	19187.026652245055	-1521.1578947368423
7487.074095420681	19187.118208669606	-1521.1578947368423
7487.074095420681	19187.209765094158	-1984.8947368421054
7487.074095420681	19187.301321518706	-1521.1578947368423
7487.074095420681	19187.392877943257	-1521.1578947368423
7487.074095420681	19187.484434367805	-1521.1578947368423
7487.074095420681	19187.575990792357	-1306.4649122807018
7477.888914504817	19178.603461186456	-1521.1578947368423
7477.888914504817	19178.695017611004	-1521.1578947368423
7477.888914504817	19178.786574035556	-1521.1578947368423
7477.888914504817	19178.878130460103	-1521.1578947368423
7477.888914504817	19178.969686884655	-1521.1578947368423
7477.888914504817	19179.061243309206	-1521.1578947368423
7477.888914504817	19179.152799733754	-1521.1578947368423
7477.888914504817	19179.244356158306	-1521.1578947368423
7477.888914504817	19179.335912582854	-1521.1578947368423
7477.888914504817	19179.427469007405	-1521.1578947368423
7477.888914504817	19179.519025431953	-1521.1578947368423
7477.888914504817	19179.610581856505	-1521.1578947368423
7477.888914504817	19179.702138281056	-1521.1578947368423
7477.888914504817	19179.793694705604	-1521.1578947368423
7477.888914504817	19179.885251130156	-1521.1578947368423
7477.888914504817	19179.976807554704	-1521.1578947368423
7477.888914504817	19180.068363979255	-1521.1578947368423
7477.888914504817	19180.159920403807	-1521.1578947368423
7477.888914504817	19180.251476828354	-1521.1578947368423
7477.888914504817	19180.343033252906	-1521.1578947368423
7477.888914504817	19180.434589677454	-1521.1578947368423
7477.888914504817	19180.526146102005	-1521.1578947368423
7477.888914504817	19180.617702526553	-1521.1578947368423
7477.888914504817	19180.709258951105	-1521.1578947368423
7477.888914504817	19180.800815375656	-1521.1578947368423
7477.888914504817	19180.892371800204	-1521.1578947368423
7477.888914504817	19180.983928224756	-1521.1578947368423
7477.888914504817	19181.075484649304	-1521.1578947368423
7477.888914504817	19181.167041073855	-1521.1578947368423
7477.888914504817	19181.258597498407	-1521.1578947368423
7477.888914504817	19181.350153922955	-1521.1578947368423
7477.888914504817	19181.441710347506	-1521.1578947368423
7477.888914504817	19181.533266772054	-1521.1578947368423
7477.888914504817	19181.624823196606	-881.3728070175439
7477.888914504817	19181.716379621153	-881.3728070175439
7477.888914504817	19181.807936045705	-370.40350877192986
7477.888914504817	19181.899492470257	-885.6666666666667
7477.888914504817	19181.991048894804	-993.0131578947369
7477.888914504817	19182.082605319356	-885.6666666666667
7477.888914504817	19182.174161743904	-580.8026315789474
7477.888914504817	19182.265718168455	-885.6666666666667
7477.888914504817	19182.357274593007	-881.3728070175439
7477.888914504817	19182.448831017555	-1005.8947368421053
7477.888914504817	19182.540387442106	-430.51754385964915
7477.888914504817	19182.631943866654	-1005.8947368421053
7477.888914504817	19182.723500291206	-1066.0087719298247
7477.888914504817	19182.815056715757	-1040.2456140350878
7477.888914504817	19182.906613140305	-881.3728070175439
7477.888914504817	19182.998169564857	-1027.3640350877195
7477.888914504817	19183.089725989405	-1078.8903508771932
7477.888914504817	19183.181282413956	-1078.8903508771932
7477.888914504817	19183.272838838504	-1126.122807017544
7477.888914504817	19183.364395263055	-1113.2412280701756
7477.888914504817	19183.455951687607	-1164.7675438596493
7477.888914504817	19183.547508112155	-1164.7675438596493
7477.888914504817	19183.639064536706	-1194.8245614035088
7477.888914504817	19183.730620961254	-1199.1184210526317
7477.888914504817	19183.822177385806	-1242.0570175438597
7477.888914504817	19183.913733810357	-1267.8201754385966
7477.888914504817	19184.005290234905	-1276.407894736842
7477.888914504817	19184.096846659457	-1302.171052631579
7477.888914504817	19184.188403084005	-1310.7587719298247
7477.888914504817	19184.279959508556	-1521.1578947368423
7477.888914504817	19184.371515933104	-1744.4385964912283
7477.888914504817	19184.463072357656	-1701.5000000000002
7477.888914504817	19184.554628782207	-1740.1447368421054
7477.888914504817	19184.646185206755	-1327.9342105263158
7477.888914504817	19184.737741631307	-2186.7061403508774
7477.888914504817	19184.829298055854	-2118.004385964912
7477.888914504817	19184.920854480406	-1521.1578947368423
7477.888914504817	19185.012410904958	-1744.4385964912283
7477.888914504817	19185.103967329505	-1323.640350877193
7477.888914504817	19185.195523754057	-1521.1578947368423
7477.888914504817	19185.287080178605	-430.51754385964915
7477.888914504817	19185.378636603156	-1984.8947368421054
7477.888914504817	19185.470193027704	-1521.1578947368423
7477.888914504817	19185.561749452256	-1899.0175438596493
7477.888914504817	19185.653305876807	-1521.1578947368423
7477.888914504817	19185.744862301355	-1306.4649122807018
7477.888914504817	19185.836418725907	-945.780701754386
7477.888914504817	19185.927975150455	-1521.1578947368423
7477.888914504817	19186.019531575006	-1521.1578947368423
7477.888914504817	19186.111087999558	-1521.1578947368423
7477.888914504817	19186.202644424106	-1521.1578947368423
7477.888914504817	19186.294200848657	-1521.1578947368423
7477.888914504817	19186.385757273205	-1521.1578947368423
7477.888914504817	19186.477313697756	-1521.1578947368423
7477.888914504817	19186.568870122304	-1521.1578947368423
7477.888914504817	19186.660426546856	-1521.1578947368423
7477.888914504817	19186.751982971407	-1521.1578947368423
7477.888914504817	19186.843539395955	-1521.1578947368423
7477.888914504817	19186.935095820507	-1521.1578947368423
7477.888914504817	19187.026652245055	-1521.1578947368423
7477.888914504817	19187.118208669606	-1984.8947368421054
7477.888914504817	19187.209765094158	-928.6052631578948
7477.888914504817	19187.301321518706	-1984.8947368421054
7477.888914504817	19187.392877943257	-1521.1578947368423
7477.888914504817	19187.484434367805	-1521.1578947368423
7477.888914504817	19187.575990792357	-1521.1578947368423
7468.703733588954	19178.603461186456	-1521.1578947368423
7468.703733588954	19178.695017611004	-1521.1578947368423
7468.703733588954	19178.786574035556	-1521.1578947368423
7468.703733588954	19178.878130460103	-1521.1578947368423
7468.703733588954	19178.969686884655	-1521.1578947368423
7468.703733588954	19179.061243309206	-1521.1578947368423
7468.703733588954	19179.152799733754	-1521.1578947368423
7468.703733588954	19179.244356158306	-1521.1578947368423
7468.703733588954	19179.335912582854	-1521.1578947368423
7468.703733588954	19179.427469007405	-1521.1578947368423
7468.703733588954	19179.519025431953	-1521.1578947368423
7468.703733588954	19179.610581856505	-1521.1578947368423
7468.703733588954	19179.702138281056	-1521.1578947368423
7468.703733588954	19179.793694705604	-1521.1578947368423
7468.703733588954	19179.885251130156	-1521.1578947368423
7468.703733588954	19179.976807554704	-1521.1578947368423
7468.703733588954	19180.068363979255	-1521.1578947368423
7468.703733588954	19180.159920403807	-1521.1578947368423
7468.703733588954	19180.251476828354	-1521.1578947368423
7468.703733588954	19180.343033252906	-1521.1578947368423
7468.703733588954	19180.434589677454	-1521.1578947368423
7468.703733588954	19180.526146102005	-1521.1578947368423
7468.703733588954	19180.617702526553	-1521.1578947368423
7468.703733588954	19180.709258951105	-1521.1578947368423
7468.703733588954	19180.800815375656	-1521.1578947368423
7468.703733588954	19180.892371800204	-1521.1578947368423
7468.703733588954	19180.983928224756	-1521.1578947368423
7468.703733588954	19181.075484649304	-1521.1578947368423
7468.703733588954	19181.167041073855	-1521.1578947368423
7468.703733588954	19181.258597498407	-1521.1578947368423
7468.703733588954	19181.350153922955	-1521.1578947368423
7468.703733588954	19181.441710347506	-1521.1578947368423
7468.703733588954	19181.533266772054	-885.6666666666667
7468.703733588954	19181.624823196606	-885.6666666666667
7468.703733588954	19181.716379621153	-993.0131578947369
7468.703733588954	19181.807936045705	-975.8377192982457
7468.703733588954	19181.899492470257	-993.0131578947369
7468.703733588954	19181.991048894804	-993.0131578947369
7468.703733588954	19182.082605319356	-1001.6008771929825
7468.703733588954	19182.174161743904	-971.5438596491229
7468.703733588954	19182.265718168455	-984.4254385964913
7468.703733588954	19182.357274593007	-868.4912280701755
7468.703733588954	19182.448831017555	-868.4912280701755
7468.703733588954	19182.540387442106	-752.5570175438597
7468.703733588954	19182.631943866654	-666.6798245614036
7468.703733588954	19182.723500291206	-920.0175438596492
7468.703733588954	19182.815056715757	-993.0131578947369
7468.703733588954	19182.906613140305	-1027.3640350877195
7468.703733588954	19182.998169564857	-1104.6535087719299
7468.703733588954	19183.089725989405	-1096.0657894736842
7468.703733588954	19183.181282413956	-1104.6535087719299
7468.703733588954	19183.272838838504	-1117.5350877192982
7468.703733588954	19183.364395263055	-1130.4166666666667
7468.703733588954	19183.455951687607	-1177.6491228070176
7468.703733588954	19183.547508112155	-881.3728070175439
7468.703733588954	19183.639064536706	-1177.6491228070176
7468.703733588954	19183.730620961254	-1250.6447368421054
7468.703733588954	19183.822177385806	-1254.938596491228
7468.703733588954	19183.913733810357	-1284.9956140350878
7468.703733588954	19184.005290234905	-1302.171052631579
7468.703733588954	19184.096846659457	-2178.1184210526317
7468.703733588954	19184.188403084005	-1323.640350877193
7468.703733588954	19184.279959508556	-1744.4385964912283
7468.703733588954	19184.371515933104	-1521.1578947368423
7468.703733588954	19184.463072357656	-2083.6535087719303
7468.703733588954	19184.554628782207	-2178.1184210526317
7468.703733588954	19184.646185206755	-1521.1578947368423
7468.703733588954	19184.737741631307	-293.1140350877193
7468.703733588954	19184.829298055854	-1323.640350877193
7468.703733588954	19184.920854480406	-1521.1578947368423
7468.703733588954	19185.012410904958	-1521.1578947368423
7468.703733588954	19185.103967329505	-1521.1578947368423
7468.703733588954	19185.195523754057	-1521.1578947368423
7468.703733588954	19185.287080178605	-1984.8947368421054
7468.703733588954	19185.378636603156	-1521.1578947368423
7468.703733588954	19185.470193027704	-1521.1578947368423
7468.703733588954	19185.561749452256	-1327.9342105263158
7468.703733588954	19185.653305876807	-1521.1578947368423
7468.703733588954	19185.744862301355	-1521.1578947368423
7468.703733588954	19185.836418725907	-1521.1578947368423
7468.703733588954	19185.927975150455	-2186.7061403508774
7468.703733588954	19186.019531575006	-1521.1578947368423
7468.703733588954	19186.111087999558	-1521.1578947368423
7468.703733588954	19186.202644424106	-1521.1578947368423
7468.703733588954	19186.294200848657	-1984.8947368421054
7468.703733588954	19186.385757273205	-1521.1578947368423
7468.703733588954	19186.477313697756	-2178.1184210526317
7468.703733588954	19186.568870122304	-1521.1578947368423
7468.703733588954	19186.660426546856	-1521.1578947368423
7468.703733588954	19186.751982971407	-1984.8947368421054
7468.703733588954	19186.843539395955	-2191.0
7468.703733588954	19186.935095820507	-1521.1578947368423
7468.703733588954	19187.026652245055	-1984.8947368421054
7468.703733588954	19187.118208669606	-1521.1578947368423
7468.703733588954	19187.209765094158	-1521.1578947368423
7468.703733588954	19187.301321518706	-1521.1578947368423
7468.703733588954	19187.392877943257	-1521.1578947368423
7468.703733588954	19187.484434367805	-1899.0175438596493
7468.703733588954	19187.575990792357	-1521.1578947368423
7459.518552673089	19178.603461186456	-1521.1578947368423
7459.518552673089	19178.695017611004	-1521.1578947368423
7459.518552673089	19178.786574035556	-1521.1578947368423
7459.518552673089	19178.878130460103	-1521.1578947368423
7459.518552673089	19178.969686884655	-1521.1578947368423
7459.518552673089	19179.061243309206	-1521.1578947368423
7459.518552673089	19179.152799733754	-1521.1578947368423
7459.518552673089	19179.244356158306	-1521.1578947368423
7459.518552673089	19179.335912582854	-1521.1578947368423
7459.518552673089	19179.427469007405	-1521.1578947368423
7459.518552673089	19179.519025431953	-1521.1578947368423
7459.518552673089	19179.610581856505	-1521.1578947368423
7459.518552673089	19179.702138281056	-1521.1578947368423
7459.518552673089	19179.793694705604	-1521.1578947368423
7459.518552673089	19179.885251130156	-1521.1578947368423
7459.518552673089	19179.976807554704	-1521.1578947368423
7459.518552673089	19180.068363979255	-1521.1578947368423
7459.518552673089	19180.159920403807	-1521.1578947368423
7459.518552673089	19180.251476828354	-1521.1578947368423
7459.518552673089	19180.343033252906	-1521.1578947368423
7459.518552673089	19180.434589677454	-1521.1578947368423
7459.518552673089	19180.526146102005	-1521.1578947368423
7459.518552673089	19180.617702526553	-1521.1578947368423
7459.518552673089	19180.709258951105	-1521.1578947368423
7459.518552673089	19180.800815375656	-1521.1578947368423
7459.518552673089	19180.892371800204	-1521.1578947368423
7459.518552673089	19180.983928224756	-1521.1578947368423
7459.518552673089	19181.075484649304	-1521.1578947368423
7459.518552673089	19181.167041073855	-1521.1578947368423
7459.518552673089	19181.258597498407	-1521.1578947368423
7459.518552673089	19181.350153922955	-1521.1578947368423
7459.518552673089	19181.441710347506	-885.6666666666667
7459.518552673089	19181.533266772054	-726.7938596491229
7459.518552673089	19181.624823196606	-885.6666666666667
7459.518552673089	19181.716379621153	-675.2675438596491
7459.518552673089	19181.807936045705	-984.4254385964913
7459.518552673089	19181.899492470257	-1001.6008771929825
7459.518552673089	19181.991048894804	-1018.7763157894738
7459.518552673089	19182.082605319356	-993.0131578947369
7459.518552673089	19182.174161743904	-482.04385964912285
7459.518552673089	19182.265718168455	-911.4298245614036
7459.518552673089	19182.357274593007	-1018.7763157894738
7459.518552673089	19182.448831017555	-881.3728070175439
7459.518552673089	19182.540387442106	-718.2061403508771
7459.518552673089	19182.631943866654	-975.8377192982457
7459.518552673089	19182.723500291206	-1066.0087719298247
7459.518552673089	19182.815056715757	-1040.2456140350878
7459.518552673089	19182.906613140305	-1027.3640350877195
7459.518552673089	19182.998169564857	-1117.5350877192982
7459.518552673089	19183.089725989405	-881.3728070175439
7459.518552673089	19183.181282413956	-1126.122807017544
7459.518552673089	19183.272838838504	-1177.6491228070176
7459.518552673089	19183.364395263055	-1143.2982456140353
7459.518552673089	19183.455951687607	-881.3728070175439
7459.518552673089	19183.547508112155	-1220.5877192982457
7459.518552673089	19183.639064536706	-1250.6447368421054
7459.518552673089	19183.730620961254	-1246.3508771929826
7459.518552673089	19183.822177385806	-1272.1140350877195
7459.518552673089	19183.913733810357	-1302.171052631579
7459.518552673089	19184.005290234905	-2178.1184210526317
7459.518552673089	19184.096846659457	-1323.640350877193
7459.518552673089	19184.188403084005	-1521.1578947368423
7459.518552673089	19184.279959508556	-2178.1184210526317
7459.518552673089	19184.371515933104	-1521.1578947368423
7459.518552673089	19184.463072357656	-2178.1184210526317
7459.518552673089	19184.554628782207	-1521.1578947368423
7459.518552673089	19184.646185206755	-2186.7061403508774
7459.518552673089	19184.737741631307	-1521.1578947368423
7459.518552673089	19184.829298055854	-1701.5000000000002
7459.518552673089	19184.920854480406	-1521.1578947368423
7459.518552673089	19185.012410904958	-1327.9342105263158
7459.518552673089	19185.103967329505	-2186.7061403508774
7459.518552673089	19185.195523754057	-1984.8947368421054
7459.518552673089	19185.287080178605	-1521.1578947368423
7459.518552673089	19185.378636603156	-1521.1578947368423
7459.518552673089	19185.470193027704	-1521.1578947368423
7459.518552673089	19185.561749452256	-1521.1578947368423
7459.518552673089	19185.653305876807	-1521.1578947368423
7459.518552673089	19185.744862301355	-1521.1578947368423
7459.518552673089	19185.836418725907	-1306.4649122807018
7459.518552673089	19185.927975150455	-1521.1578947368423
7459.518552673089	19186.019531575006	-1521.1578947368423
7459.518552673089	19186.111087999558	-1521.1578947368423
7459.518552673089	19186.202644424106	-1521.1578947368423
7459.518552673089	19186.294200848657	-1521.1578947368423
7459.518552673089	19186.385757273205	-1306.4649122807018
7459.518552673089	19186.477313697756	-1521.1578947368423
7459.518552673089	19186.568870122304	-774.0263157894738
7459.518552673089	19186.660426546856	-1521.1578947368423
7459.518552673089	19186.751982971407	-1521.1578947368423
7459.518552673089	19186.843539395955	-1521.1578947368423
7459.518552673089	19186.935095820507	-1984.8947368421054
7459.518552673089	19187.026652245055	-2118.004385964912
7459.518552673089	19187.118208669606	-1521.1578947368423
7459.518552673089	19187.209765094158	-1521.1578947368423
7459.518552673089	19187.301321518706	-1521.1578947368423
7459.518552673089	19187.392877943257	-1521.1578947368423
7459.518552673089	19187.484434367805	-1521.1578947368423
7459.518552673089	19187.575990792357	-1521.1578947368423
7450.333371757226	19178.603461186456	-1521.1578947368423
7450.333371757226	19178.695017611004	-1521.1578947368423
7450.333371757226	19178.786574035556	-1521.1578947368423
7450.333371757226	19178.878130460103	-1521.1578947368423
7450.333371757226	19178.969686884655	-1521.1578947368423
7450.333371757226	19179.061243309206	-1521.1578947368423
7450.333371757226	19179.152799733754	-1521.1578947368423
7450.333371757226	19179.244356158306	-1521.1578947368423
7450.333371757226	19179.335912582854	-1521.1578947368423
7450.333371757226	19179.427469007405	-1521.1578947368423
7450.333371757226	19179.519025431953	-1521.1578947368423
7450.333371757226	19179.610581856505	-1521.1578947368423
7450.333371757226	19179.702138281056	-1521.1578947368423
7450.333371757226	19179.793694705604	-1521.1578947368423
7450.333371757226	19179.885251130156	-1521.1578947368423
7450.333371757226	19179.976807554704	-1521.1578947368423
7450.333371757226	19180.068363979255	-1521.1578947368423
7450.333371757226	19180.159920403807	-1521.1578947368423
7450.333371757226	19180.251476828354	-1521.1578947368423
7450.333371757226	19180.343033252906	-1521.1578947368423
7450.333371757226	19180.434589677454	-1521.1578947368423
7450.333371757226	19180.526146102005	-1521.1578947368423
7450.333371757226	19180.617702526553	-1521.1578947368423
7450.333371757226	19180.709258951105	-1521.1578947368423
7450.333371757226	19180.800815375656	-1521.1578947368423
7450.333371757226	19180.892371800204	-1521.1578947368423
7450.333371757226	19180.983928224756	-1521.1578947368423
7450.333371757226	19181.075484649304	-1521.1578947368423
7450.333371757226	19181.167041073855	-1521.1578947368423
7450.333371757226	19181.258597498407	-1521.1578947368423
7450.333371757226	19181.350153922955	-825.5526315789474
7450.333371757226	19181.441710347506	-675.2675438596491
7450.333371757226	19181.533266772054	-662.3859649122808
7450.333371757226	19181.624823196606	-885.6666666666667
7450.333371757226	19181.716379621153	-993.0131578947369
7450.333371757226	19181.807936045705	-340.3464912280702
7450.333371757226	19181.899492470257	-984.4254385964913
7450.333371757226	19181.991048894804	-1053.127192982456
7450.333371757226	19182.082605319356	-774.0263157894738
7450.333371757226	19182.174161743904	-889.9605263157895
7450.333371757226	19182.265718168455	-752.5570175438597
7450.333371757226	19182.357274593007	-765.4385964912282
7450.333371757226	19182.448831017555	-1044.5394736842106
7450.333371757226	19182.540387442106	-958.6622807017544
7450.333371757226	19182.631943866654	-494.92543859649123
7450.333371757226	19182.723500291206	-520.688596491228
7450.333371757226	19182.815056715757	-1074.5964912280701
7450.333371757226	19182.906613140305	-1078.8903508771932
7450.333371757226	19182.998169564857	-1186.2368421052633
7450.333371757226	19183.089725989405	-1117.5350877192982
7450.333371757226	19183.181282413956	-1147.592105263158
7450.333371757226	19183.272838838504	-1186.2368421052633
7450.333371757226	19183.364395263055	-1220.5877192982457
7450.333371757226	19183.455951687607	-1212.0
7450.333371757226	19183.547508112155	-1220.5877192982457
7450.333371757226	19183.639064536706	-1220.5877192982457
7450.333371757226	19183.730620961254	-2191.0
7450.333371757226	19183.822177385806	-1276.407894736842
7450.333371757226	19183.913733810357	-2186.7061403508774
7450.333371757226	19184.005290234905	-1327.9342105263158
7450.333371757226	19184.096846659457	-1521.1578947368423
7450.333371757226	19184.188403084005	-2083.6535087719303
7450.333371757226	19184.279959508556	-1297.8771929824563
7450.333371757226	19184.371515933104	-2178.1184210526317
7450.333371757226	19184.463072357656	-2186.7061403508774
7450.333371757226	19184.554628782207	-1323.640350877193
7450.333371757226	19184.646185206755	-1521.1578947368423
7450.333371757226	19184.737741631307	-1744.4385964912283
7450.333371757226	19184.829298055854	-1521.1578947368423
7450.333371757226	19184.920854480406	-1521.1578947368423
7450.333371757226	19185.012410904958	-1984.8947368421054
7450.333371757226	19185.103967329505	-1521.1578947368423
7450.333371757226	19185.195523754057	-1521.1578947368423
7450.333371757226	19185.287080178605	-254.46929824561403
7450.333371757226	19185.378636603156	-1521.1578947368423
7450.333371757226	19185.470193027704	-1899.0175438596493
7450.333371757226	19185.561749452256	-2178.1184210526317
7450.333371757226	19185.653305876807	-1521.1578947368423
7450.333371757226	19185.744862301355	-2178.1184210526317
7450.333371757226	19185.836418725907	-1521.1578947368423
7450.333371757226	19185.927975150455	-434.81140350877195
7450.333371757226	19186.019531575006	-1521.1578947368423
7450.333371757226	19186.111087999558	-1521.1578947368423
7450.333371757226	19186.202644424106	-1521.1578947368423
7450.333371757226	19186.294200848657	-1899.0175438596493
7450.333371757226	19186.385757273205	-1521.1578947368423
7450.333371757226	19186.477313697756	-1521.1578947368423
7450.333371757226	19186.568870122304	-1521.1578947368423
7450.333371757226	19186.660426546856	-1984.8947368421054
7450.333371757226	19186.751982971407	-1521.1578947368423
7450.333371757226	19186.843539395955	-1521.1578947368423
7450.333371757226	19186.935095820507	-2186.7061403508774
7450.333371757226	19187.026652245055	-1521.1578947368423
7450.333371757226	19187.118208669606	-1521.1578947368423
7450.333371757226	19187.209765094158	-1521.1578947368423
7450.333371757226	19187.301321518706	-1521.1578947368423
7450.333371757226	19187.392877943257	-1521.1578947368423
7450.333371757226	19187.484434367805	-1521.1578947368423
7450.333371757226	19187.575990792357	-2178.1184210526317
7441.148190841362	19178.603461186456	-1521.1578947368423
7441.148190841362	19178.695017611004	-1521.1578947368423
7441.148190841362	19178.786574035556	-1521.1578947368423
7441.148190841362	19178.878130460103	-1521.1578947368423
7441.148190841362	19178.969686884655	-1521.1578947368423
7441.148190841362	19179.061243309206	-1521.1578947368423
7441.148190841362	19179.152799733754	-1521.1578947368423
7441.148190841362	19179.244356158306	-1521.1578947368423
7441.148190841362	19179.335912582854	-1521.1578947368423
7441.148190841362	19179.427469007405	-1521.1578947368423
7441.148190841362	19179.519025431953	-1521.1578947368423
7441.148190841362	19179.610581856505	-1521.1578947368423
7441.148190841362	19179.702138281056	-1521.1578947368423
7441.148190841362	19179.793694705604	-1521.1578947368423
7441.148190841362	19179.885251130156	-1521.1578947368423
7441.148190841362	19179.976807554704	-1521.1578947368423
7441.148190841362	19180.068363979255	-1521.1578947368423
7441.148190841362	19180.159920403807	-1521.1578947368423
7441.148190841362	19180.251476828354	-1521.1578947368423
7441.148190841362	19180.343033252906	-1521.1578947368423
7441.148190841362	19180.434589677454	-1521.1578947368423
7441.148190841362	19180.526146102005	-1521.1578947368423
7441.148190841362	19180.617702526553	-1521.1578947368423
7441.148190841362	19180.709258951105	-1521.1578947368423
7441.148190841362	19180.800815375656	-1521.1578947368423
7441.148190841362	19180.892371800204	-1521.1578947368423
7441.148190841362	19180.983928224756	-1521.1578947368423
7441.148190841362	19181.075484649304	-1521.1578947368423
7441.148190841362	19181.167041073855	-1521.1578947368423
7441.148190841362	19181.258597498407	-842.7280701754387
7441.148190841362	19181.350153922955	-993.0131578947369
7441.148190841362	19181.441710347506	-658.0921052631579
7441.148190841362	19181.533266772054	-993.0131578947369
7441.148190841362	19181.624823196606	-413.3421052631579
7441.148190841362	19181.716379621153	-1018.7763157894738
7441.148190841362	19181.807936045705	-1001.6008771929825
7441.148190841362	19181.899492470257	-434.81140350877195
7441.148190841362	19181.991048894804	-885.6666666666667
7441.148190841362	19182.082605319356	-1018.7763157894738
7441.148190841362	19182.174161743904	-881.3728070175439
7441.148190841362	19182.265718168455	-1018.7763157894738
7441.148190841362	19182.357274593007	-885.6666666666667
7441.148190841362	19182.448831017555	-434.81140350877195
7441.148190841362	19182.540387442106	-993.0131578947369
7441.148190841362	19182.631943866654	-881.3728070175439
7441.148190841362	19182.723500291206	-1040.2456140350878
7441.148190841362	19182.815056715757	-1104.6535087719299
7441.148190841362	19182.906613140305	-1087.4780701754387
7441.148190841362	19182.998169564857	-1117.5350877192982
7441.148190841362	19183.089725989405	-1177.6491228070176
7441.148190841362	19183.181282413956	-1169.061403508772
7441.148190841362	19183.272838838504	-1173.3552631578948
7441.148190841362	19183.364395263055	-1212.0
7441.148190841362	19183.455951687607	-1220.5877192982457
7441.148190841362	19183.547508112155	-1250.6447368421054
7441.148190841362	19183.639064536706	-1267.8201754385966
7441.148190841362	19183.730620961254	-1267.8201754385966
7441.148190841362	19183.822177385806	-1293.5833333333335
7441.148190841362	19183.913733810357	-1521.1578947368423
7441.148190841362	19184.005290234905	-2118.004385964912
7441.148190841362	19184.096846659457	-1701.5000000000002
7441.148190841362	19184.188403084005	-701.030701754386
7441.148190841362	19184.279959508556	-572.2149122807018
7441.148190841362	19184.371515933104	-2178.1184210526317
7441.148190841362	19184.463072357656	-1521.1578947368423
7441.148190841362	19184.554628782207	-1521.1578947368423
7441.148190841362	19184.646185206755	-1521.1578947368423
7441.148190841362	19184.737741631307	-1744.4385964912283
7441.148190841362	19184.829298055854	-1521.1578947368423
7441.148190841362	19184.920854480406	-1306.4649122807018
7441.148190841362	19185.012410904958	-1521.1578947368423
7441.148190841362	19185.103967329505	-1521.1578947368423
7441.148190841362	19185.195523754057	-1297.8771929824563
7441.148190841362	19185.287080178605	-1521.1578947368423
7441.148190841362	19185.378636603156	-1521.1578947368423
7441.148190841362	19185.470193027704	-2118.004385964912
7441.148190841362	19185.561749452256	-1521.1578947368423
7441.148190841362	19185.653305876807	-2118.004385964912
7441.148190841362	19185.744862301355	-1521.1578947368423
7441.148190841362	19185.836418725907	-739.6754385964913
7441.148190841362	19185.927975150455	-1521.1578947368423
7441.148190841362	19186.019531575006	-2178.1184210526317
7441.148190841362	19186.111087999558	-1521.1578947368423
7441.148190841362	19186.202644424106	-1521.1578947368423
7441.148190841362	19186.294200848657	-1521.1578947368423
7441.148190841362	19186.385757273205	-761.1447368421053
7441.148190841362	19186.477313697756	-1521.1578947368423
7441.148190841362	19186.568870122304	-1521.1578947368423
7441.148190841362	19186.660426546856	-1521.1578947368423
7441.148190841362	19186.751982971407	-1521.1578947368423
7441.148190841362	19186.843539395955	-1521.1578947368423
7441.148190841362	19186.935095820507	-1984.8947368421054
7441.148190841362	19187.026652245055	-1521.1578947368423
7441.148190841362	19187.118208669606	-1521.1578947368423
7441.148190841362	19187.209765094158	-1521.1578947368423
7441.148190841362	19187.301321518706	-1521.1578947368423
7441.148190841362	19187.392877943257	-1521.1578947368423
7441.148190841362	19187.484434367805	-2178.1184210526317
7441.148190841362	19187.575990792357	-1521.1578947368423
7431.963009925498	19178.603461186456	-1521.1578947368423
7431.963009925498	19178.695017611004	-1521.1578947368423
7431.963009925498	19178.786574035556	-1521.1578947368423
7431.963009925498	19178.878130460103	-1521.1578947368423
7431.963009925498	19178.969686884655	-1521.1578947368423
7431.963009925498	19179.061243309206	-1521.1578947368423
7431.963009925498	19179.152799733754	-1521.1578947368423
7431.963009925498	19179.244356158306	-1521.1578947368423
7431.963009925498	19179.335912582854	-1521.1578947368423
7431.963009925498	19179.427469007405	-1521.1578947368423
7431.963009925498	19179.519025431953	-1521.1578947368423
7431.963009925498	19179.610581856505	-1521.1578947368423
7431.963009925498	19179.702138281056	-1521.1578947368423
7431.963009925498	19179.793694705604	-1521.1578947368423
7431.963009925498	19179.885251130156	-1521.1578947368423
7431.963009925498	19179.976807554704	-1521.1578947368423
7431.963009925498	19180.068363979255	-1521.1578947368423
7431.963009925498	19180.159920403807	-1521.1578947368423
7431.963009925498	19180.251476828354	-1521.1578947368423
7431.963009925498	19180.343033252906	-1521.1578947368423
7431.963009925498	19180.434589677454	-1521.1578947368423
7431.963009925498	19180.526146102005	-1521.1578947368423
7431.963009925498	19180.617702526553	-1521.1578947368423
7431.963009925498	19180.709258951105	-1521.1578947368423
7431.963009925498	19180.800815375656	-1521.1578947368423
7431.963009925498	19180.892371800204	-1521.1578947368423
7431.963009925498	19180.983928224756	-1521.1578947368423
7431.963009925498	19181.075484649304	-1521.1578947368423
7431.963009925498	19181.167041073855	-2178.1184210526317
7431.963009925498	19181.258597498407	-945.780701754386
7431.963009925498	19181.350153922955	-997.3070175438597
7431.963009925498	19181.441710347506	-585.0964912280701
7431.963009925498	19181.533266772054	-984.4254385964913
7431.963009925498	19181.624823196606	-885.6666666666667
7431.963009925498	19181.716379621153	-520.688596491228
7431.963009925498	19181.807936045705	-1001.6008771929825
7431.963009925498	19181.899492470257	-1005.8947368421053
7431.963009925498	19181.991048894804	-868.4912280701755
7431.963009925498	19182.082605319356	-675.2675438596491
7431.963009925498	19182.174161743904	-881.3728070175439
7431.963009925498	19182.265718168455	-782.6140350877193
7431.963009925498	19182.357274593007	-885.6666666666667
7431.963009925498	19182.448831017555	-881.3728070175439
7431.963009925498	19182.540387442106	-520.688596491228
7431.963009925498	19182.631943866654	-1005.8947368421053
7431.963009925498	19182.723500291206	-1078.8903508771932
7431.963009925498	19182.815056715757	-1066.0087719298247
7431.963009925498	19182.906613140305	-1104.6535087719299
7431.963009925498	19182.998169564857	-1199.1184210526317
7431.963009925498	19183.089725989405	-1181.9429824561403
7431.963009925498	19183.181282413956	-1181.9429824561403
7431.963009925498	19183.272838838504	-1181.9429824561403
7431.963009925498	19183.364395263055	-1237.7631578947369
7431.963009925498	19183.455951687607	-1216.2938596491229
7431.963009925498	19183.547508112155	-1263.5263157894738
7431.963009925498	19183.639064536706	-834.140350877193
7431.963009925498	19183.730620961254	-1315.0526315789475
7431.963009925498	19183.822177385806	-1521.1578947368423
7431.963009925498	19183.913733810357	-1521.1578947368423
7431.963009925498	19184.005290234905	-524.9824561403509
7431.963009925498	19184.096846659457	-945.780701754386
7431.963009925498	19184.188403084005	-2083.6535087719303
7431.963009925498	19184.279959508556	-1521.1578947368423
7431.963009925498	19184.371515933104	-1315.0526315789475
7431.963009925498	19184.463072357656	-1521.1578947368423
7431.963009925498	19184.554628782207	-1984.8947368421054
7431.963009925498	19184.646185206755	-2083.6535087719303
7431.963009925498	19184.737741631307	-383.28508771929825
7431.963009925498	19184.829298055854	-1521.1578947368423
7431.963009925498	19184.920854480406	-1521.1578947368423
7431.963009925498	19185.012410904958	-1701.5000000000002
7431.963009925498	19185.103967329505	-1521.1578947368423
7431.963009925498	19185.195523754057	-1327.9342105263158
7431.963009925498	19185.287080178605	-1521.1578947368423
7431.963009925498	19185.378636603156	-2186.7061403508774
7431.963009925498	19185.470193027704	-1521.1578947368423
7431.963009925498	19185.561749452256	-1521.1578947368423
7431.963009925498	19185.653305876807	-1521.1578947368423
7431.963009925498	19185.744862301355	-1521.1578947368423
7431.963009925498	19185.836418725907	-1521.1578947368423
7431.963009925498	19185.927975150455	-1521.1578947368423
7431.963009925498	19186.019531575006	-1521.1578947368423
7431.963009925498	19186.111087999558	-2186.7061403508774
7431.963009925498	19186.202644424106	-1529.7456140350878
7431.963009925498	19186.294200848657	-1521.1578947368423
7431.963009925498	19186.385757273205	-1521.1578947368423
7431.963009925498	19186.477313697756	-1984.8947368421054
7431.963009925498	19186.568870122304	-1521.1578947368423
7431.963009925498	19186.660426546856	-1521.1578947368423
7431.963009925498	19186.751982971407	-2118.004385964912
7431.963009925498	19186.843539395955	-1521.1578947368423
7431.963009925498	19186.935095820507	-1521.1578947368423
7431.963009925498	19187.026652245055	-1521.1578947368423
7431.963009925498	19187.118208669606	-1521.1578947368423
7431.963009925498	19187.209765094158	-1521.1578947368423
7431.963009925498	19187.301321518706	-1521.1578947368423
7431.963009925498	19187.392877943257	-1521.1578947368423
7431.963009925498	19187.484434367805	-1521.1578947368423
7431.963009925498	19187.575990792357	-1521.1578947368423
7422.777829009634	19178.603461186456	-1521.1578947368423
7422.777829009634	19178.695017611004	-1521.1578947368423
7422.777829009634	19178.786574035556	-1521.1578947368423
7422.777829009634	19178.878130460103	-1521.1578947368423
7422.777829009634	19178.969686884655	-1521.1578947368423
7422.777829009634	19179.061243309206	-1521.1578947368423
7422.777829009634	19179.152799733754	-1521.1578947368423
7422.777829009634	19179.244356158306	-1521.1578947368423
7422.777829009634	19179.335912582854	-1521.1578947368423
7422.777829009634	19179.427469007405	-1521.1578947368423
7422.777829009634	19179.519025431953	-1521.1578947368423
7422.777829009634	19179.610581856505	-1521.1578947368423
7422.777829009634	19179.702138281056	-1521.1578947368423
7422.777829009634	19179.793694705604	-1521.1578947368423
7422.777829009634	19179.885251130156	-1521.1578947368423
7422.777829009634	19179.976807554704	-1521.1578947368423
7422.777829009634	19180.068363979255	-1521.1578947368423
7422.777829009634	19180.159920403807	-1521.1578947368423
7422.777829009634	19180.251476828354	-1521.1578947368423
7422.777829009634	19180.343033252906	-1521.1578947368423
7422.777829009634	19180.434589677454	-1521.1578947368423
7422.777829009634	19180.526146102005	-1521.1578947368423
7422.777829009634	19180.617702526553	-1521.1578947368423
7422.777829009634	19180.709258951105	-1521.1578947368423
7422.777829009634	19180.800815375656	-1521.1578947368423
7422.777829009634	19180.892371800204	-1521.1578947368423
7422.777829009634	19180.983928224756	-1521.1578947368423
7422.777829009634	19181.075484649304	-1521.1578947368423
7422.777829009634	19181.167041073855	-885.6666666666667
7422.777829009634	19181.258597498407	-971.5438596491229
7422.777829009634	19181.350153922955	-460.5745614035088
7422.777829009634	19181.441710347506	-683.8552631578948
7422.777829009634	19181.533266772054	-881.3728070175439
7422.777829009634	19181.624823196606	-520.688596491228
7422.777829009634	19181.716379621153	-993.0131578947369
7422.777829009634	19181.807936045705	-1070.3026315789475
7422.777829009634	19181.899492470257	-937.1929824561404
7422.777829009634	19181.991048894804	-1027.3640350877195
7422.777829009634	19182.082605319356	-881.3728070175439
7422.777829009634	19182.174161743904	-868.4912280701755
7422.777829009634	19182.265718168455	-761.1447368421053
7422.777829009634	19182.357274593007	-340.3464912280702
7422.777829009634	19182.448831017555	-1005.8947368421053
7422.777829009634	19182.540387442106	-885.6666666666667
7422.777829009634	19182.631943866654	-1070.3026315789475
7422.777829009634	19182.723500291206	-1066.0087719298247
7422.777829009634	19182.815056715757	-1104.6535087719299
7422.777829009634	19182.906613140305	-1104.6535087719299
7422.777829009634	19182.998169564857	-1199.1184210526317
7422.777829009634	19183.089725989405	-1190.530701754386
7422.777829009634	19183.181282413956	-1181.9429824561403
7422.777829009634	19183.272838838504	-1181.9429824561403
7422.777829009634	19183.364395263055	-1229.1754385964914
7422.777829009634	19183.455951687607	-1263.5263157894738
7422.777829009634	19183.547508112155	-756.8508771929825
7422.777829009634	19183.639064536706	-692.4429824561404
7422.777829009634	19183.730620961254	-2186.7061403508774
7422.777829009634	19183.822177385806	-434.81140350877195
7422.777829009634	19183.913733810357	-1302.171052631579
7422.777829009634	19184.005290234905	-1521.1578947368423
7422.777829009634	19184.096846659457	-1521.1578947368423
7422.777829009634	19184.188403084005	-1701.5000000000002
7422.777829009634	19184.279959508556	-1740.1447368421054
7422.777829009634	19184.371515933104	-1521.1578947368423
7422.777829009634	19184.463072357656	-1521.1578947368423
7422.777829009634	19184.554628782207	-2191.0
7422.777829009634	19184.646185206755	-2178.1184210526317
7422.777829009634	19184.737741631307	-1521.1578947368423
7422.777829009634	19184.829298055854	-1984.8947368421054
7422.777829009634	19184.920854480406	-1521.1578947368423
7422.777829009634	19185.012410904958	-945.780701754386
7422.777829009634	19185.103967329505	-1521.1578947368423
7422.777829009634	19185.195523754057	-1521.1578947368423
7422.777829009634	19185.287080178605	-1701.5000000000002
7422.777829009634	19185.378636603156	-1521.1578947368423
7422.777829009634	19185.470193027704	-1521.1578947368423
7422.777829009634	19185.561749452256	-1899.0175438596493
7422.777829009634	19185.653305876807	-1521.1578947368423
7422.777829009634	19185.744862301355	-1521.1578947368423
7422.777829009634	19185.836418725907	-1521.1578947368423
7422.777829009634	19185.927975150455	-1323.640350877193
7422.777829009634	19186.019531575006	-881.3728070175439
7422.777829009634	19186.111087999558	-1521.1578947368423
7422.777829009634	19186.202644424106	-1984.8947368421054
7422.777829009634	19186.294200848657	-1521.1578947368423
7422.777829009634	19186.385757273205	-1521.1578947368423
7422.777829009634	19186.477313697756	-1521.1578947368423
7422.777829009634	19186.568870122304	-1521.1578947368423
7422.777829009634	19186.660426546856	-2186.7061403508774
7422.777829009634	19186.751982971407	-1984.8947368421054
7422.777829009634	19186.843539395955	-1984.8947368421054
7422.777829009634	19186.935095820507	-1521.1578947368423
7422.777829009634	19187.026652245055	-1521.1578947368423
7422.777829009634	19187.118208669606	-1521.1578947368423
7422.777829009634	19187.209765094158	-1521.1578947368423
7422.777829009634	19187.301321518706	-2186.7061403508774
7422.777829009634	19187.392877943257	-1521.1578947368423
7422.777829009634	19187.484434367805	-1521.1578947368423
7422.777829009634	19187.575990792357	-1521.1578947368423
7413.592648093771	19178.603461186456	-1521.1578947368423
7413.592648093771	19178.695017611004	-1521.1578947368423
7413.592648093771	19178.786574035556	-1521.1578947368423
7413.592648093771	19178.878130460103	-1521.1578947368423
7413.592648093771	19178.969686884655	-1521.1578947368423
7413.592648093771	19179.061243309206	-1521.1578947368423
7413.592648093771	19179.152799733754	-1521.1578947368423
7413.592648093771	19179.244356158306	-1521.1578947368423
7413.592648093771	19179.335912582854	-1521.1578947368423
7413.592648093771	19179.427469007405	-1521.1578947368423
7413.592648093771	19179.519025431953	-1521.1578947368423
7413.592648093771	19179.610581856505	-1521.1578947368423
7413.592648093771	19179.702138281056	-1521.1578947368423
7413.592648093771	19179.793694705604	-1521.1578947368423
7413.592648093771	19179.885251130156	-1521.1578947368423
7413.592648093771	19179.976807554704	-1521.1578947368423
7413.592648093771	19180.068363979255	-1521.1578947368423
7413.592648093771	19180.159920403807	-1521.1578947368423
7413.592648093771	19180.251476828354	-1521.1578947368423
7413.592648093771	19180.343033252906	-1521.1578947368423
7413.592648093771	19180.434589677454	-1521.1578947368423
7413.592648093771	19180.526146102005	-1521.1578947368423
7413.592648093771	19180.617702526553	-1521.1578947368423
7413.592648093771	19180.709258951105	-1521.1578947368423
7413.592648093771	19180.800815375656	-1521.1578947368423
7413.592648093771	19180.892371800204	-1521.1578947368423
7413.592648093771	19180.983928224756	-1521.1578947368423
7413.592648093771	19181.075484649304	-748.2631578947369
7413.592648093771	19181.167041073855	-993.0131578947369
7413.592648093771	19181.258597498407	-885.6666666666667
7413.592648093771	19181.350153922955	-993.0131578947369
7413.592648093771	19181.441710347506	-984.4254385964913
7413.592648093771	19181.533266772054	-885.6666666666667
7413.592648093771	19181.624823196606	-885.6666666666667
7413.592648093771	19181.716379621153	-881.3728070175439
7413.592648093771	19181.807936045705	-885.6666666666667
7413.592648093771	19181.899492470257	-1014.4824561403509
7413.592648093771	19181.991048894804	-993.0131578947369
7413.592648093771	19182.082605319356	-885.6666666666667
7413.592648093771	19182.174161743904	-795.4956140350878
7413.592648093771	19182.265718168455	-748.2631578947369
7413.592648093771	19182.357274593007	-233.0
7413.592648093771	19182.448831017555	-1117.5350877192982
7413.592648093771	19182.540387442106	-1104.6535087719299
7413.592648093771	19182.631943866654	-1117.5350877192982
7413.592648093771	19182.723500291206	-1117.5350877192982
7413.592648093771	19182.815056715757	-1139.0043859649122
7413.592648093771	19182.906613140305	-1181.9429824561403
7413.592648093771	19182.998169564857	-1177.6491228070176
7413.592648093771	19183.089725989405	-1207.7061403508774
7413.592648093771	19183.181282413956	-1199.1184210526317
7413.592648093771	19183.272838838504	-1246.3508771929826
7413.592648093771	19183.364395263055	-1284.9956140350878
7413.592648093771	19183.455951687607	-1284.9956140350878
7413.592648093771	19183.547508112155	-1272.1140350877195
7413.592648093771	19183.639064536706	-1297.8771929824563
7413.592648093771	19183.730620961254	-1744.4385964912283
7413.592648093771	19183.822177385806	-2083.6535087719303
7413.592648093771	19183.913733810357	-1323.640350877193
7413.592648093771	19184.005290234905	-2186.7061403508774
7413.592648093771	19184.096846659457	-1521.1578947368423
7413.592648093771	19184.188403084005	-1521.1578947368423
7413.592648093771	19184.279959508556	-1521.1578947368423
7413.592648093771	19184.371515933104	-1984.8947368421054
7413.592648093771	19184.463072357656	-864.1973684210527
7413.592648093771	19184.554628782207	-1521.1578947368423
7413.592648093771	19184.646185206755	-1984.8947368421054
7413.592648093771	19184.737741631307	-1984.8947368421054
7413.592648093771	19184.829298055854	-692.4429824561404
7413.592648093771	19184.920854480406	-1521.1578947368423
7413.592648093771	19185.012410904958	-1521.1578947368423
7413.592648093771	19185.103967329505	-1521.1578947368423
7413.592648093771	19185.195523754057	-1521.1578947368423
7413.592648093771	19185.287080178605	-1521.1578947368423
7413.592648093771	19185.378636603156	-1521.1578947368423
7413.592648093771	19185.470193027704	-1521.1578947368423
7413.592648093771	19185.561749452256	-1521.1578947368423
7413.592648093771	19185.653305876807	-1521.1578947368423
7413.592648093771	19185.744862301355	-1984.8947368421054
7413.592648093771	19185.836418725907	-1521.1578947368423
7413.592648093771	19185.927975150455	-795.4956140350878
7413.592648093771	19186.019531575006	-1529.7456140350878
7413.592648093771	19186.111087999558	-1984.8947368421054
7413.592648093771	19186.202644424106	-1521.1578947368423
7413.592648093771	19186.294200848657	-1521.1578947368423
7413.592648093771	19186.385757273205	-1521.1578947368423
7413.592648093771	19186.477313697756	-1521.1578947368423
7413.592648093771	19186.568870122304	-2178.1184210526317
7413.592648093771	19186.660426546856	-1521.1578947368423
7413.592648093771	19186.751982971407	-1521.1578947368423
7413.592648093771	19186.843539395955	-1521.1578947368423
7413.592648093771	19186.935095820507	-1521.1578947368423
7413.592648093771	19187.026652245055	-1521.1578947368423
7413.592648093771	19187.118208669606	-1521.1578947368423
7413.592648093771	19187.209765094158	-2083.6535087719303
7413.592648093771	19187.301321518706	-1521.1578947368423
7413.592648093771	19187.392877943257	-1521.1578947368423
7413.592648093771	19187.484434367805	-1521.1578947368423
7413.592648093771	19187.575990792357	-1899.0175438596493
7404.407467177906	19178.603461186456	-1521.1578947368423
7404.407467177906	19178.695017611004	-1521.1578947368423
7404.407467177906	19178.786574035556	-1521.1578947368423
7404.407467177906	19178.878130460103	-1521.1578947368423
7404.407467177906	19178.969686884655	-1521.1578947368423
7404.407467177906	19179.061243309206	-1521.1578947368423
7404.407467177906	19179.152799733754	-1521.1578947368423
7404.407467177906	19179.244356158306	-1521.1578947368423
7404.407467177906	19179.335912582854	-1521.1578947368423
7404.407467177906	19179.427469007405	-1521.1578947368423
7404.407467177906	19179.519025431953	-1521.1578947368423
7404.407467177906	19179.610581856505	-1521.1578947368423
7404.407467177906	19179.702138281056	-1521.1578947368423
7404.407467177906	19179.793694705604	-1521.1578947368423
7404.407467177906	19179.885251130156	-1521.1578947368423
7404.407467177906	19179.976807554704	-1521.1578947368423
7404.407467177906	19180.068363979255	-1521.1578947368423
7404.407467177906	19180.159920403807	-1521.1578947368423
7404.407467177906	19180.251476828354	-1521.1578947368423
7404.407467177906	19180.343033252906	-1521.1578947368423
7404.407467177906	19180.434589677454	-1521.1578947368423
7404.407467177906	19180.526146102005	-1521.1578947368423
7404.407467177906	19180.617702526553	-1521.1578947368423
7404.407467177906	19180.709258951105	-1521.1578947368423
7404.407467177906	19180.800815375656	-1521.1578947368423
7404.407467177906	19180.892371800204	-1521.1578947368423
7404.407467177906	19180.983928224756	-816.9649122807018
7404.407467177906	19181.075484649304	-460.5745614035088
7404.407467177906	19181.167041073855	-885.6666666666667
7404.407467177906	19181.258597498407	-885.6666666666667
7404.407467177906	19181.350153922955	-1005.8947368421053
7404.407467177906	19181.441710347506	-1005.8947368421053
7404.407467177906	19181.533266772054	-1018.7763157894738
7404.407467177906	19181.624823196606	-885.6666666666667
7404.407467177906	19181.716379621153	-619.4473684210527
7404.407467177906	19181.807936045705	-383.28508771929825
7404.407467177906	19181.899492470257	-434.81140350877195
7404.407467177906	19181.991048894804	-889.9605263157895
7404.407467177906	19182.082605319356	-692.4429824561404
7404.407467177906	19182.174161743904	-1018.7763157894738
7404.407467177906	19182.265718168455	-881.3728070175439
7404.407467177906	19182.357274593007	-993.0131578947369
7404.407467177906	19182.448831017555	-1027.3640350877195
7404.407467177906	19182.540387442106	-1096.0657894736842
7404.407467177906	19182.631943866654	-1104.6535087719299
7404.407467177906	19182.723500291206	-1156.1798245614036
7404.407467177906	19182.815056715757	-881.3728070175439
7404.407467177906	19182.906613140305	-1156.1798245614036
7404.407467177906	19182.998169564857	-1212.0
7404.407467177906	19183.089725989405	-1212.0
7404.407467177906	19183.181282413956	-1233.469298245614
7404.407467177906	19183.272838838504	-1276.407894736842
7404.407467177906	19183.364395263055	-1284.9956140350878
7404.407467177906	19183.455951687607	-1302.171052631579
7404.407467177906	19183.547508112155	-2178.1184210526317
7404.407467177906	19183.639064536706	-1327.9342105263158
7404.407467177906	19183.730620961254	-1521.1578947368423
7404.407467177906	19183.822177385806	-1521.1578947368423
7404.407467177906	19183.913733810357	-1744.4385964912283
7404.407467177906	19184.005290234905	-1521.1578947368423
7404.407467177906	19184.096846659457	-1327.9342105263158
7404.407467177906	19184.188403084005	-1899.0175438596493
7404.407467177906	19184.279959508556	-1521.1578947368423
7404.407467177906	19184.371515933104	-1744.4385964912283
7404.407467177906	19184.463072357656	-1521.1578947368423
7404.407467177906	19184.554628782207	-1521.1578947368423
7404.407467177906	19184.646185206755	-2186.7061403508774
7404.407467177906	19184.737741631307	-1521.1578947368423
7404.407467177906	19184.829298055854	-1521.1578947368423
7404.407467177906	19184.920854480406	-1521.1578947368423
7404.407467177906	19185.012410904958	-829.8464912280702
7404.407467177906	19185.103967329505	-1521.1578947368423
7404.407467177906	19185.195523754057	-1521.1578947368423
7404.407467177906	19185.287080178605	-1521.1578947368423
7404.407467177906	19185.378636603156	-1521.1578947368423
7404.407467177906	19185.470193027704	-1521.1578947368423
7404.407467177906	19185.561749452256	-1521.1578947368423
7404.407467177906	19185.653305876807	-1899.0175438596493
7404.407467177906	19185.744862301355	-1521.1578947368423
7404.407467177906	19185.836418725907	-2178.1184210526317
7404.407467177906	19185.927975150455	-1521.1578947368423
7404.407467177906	19186.019531575006	-1521.1578947368423
7404.407467177906	19186.111087999558	-1984.8947368421054
7404.407467177906	19186.202644424106	-2118.004385964912
7404.407467177906	19186.294200848657	-1521.1578947368423
7404.407467177906	19186.385757273205	-1521.1578947368423
7404.407467177906	19186.477313697756	-1984.8947368421054
7404.407467177906	19186.568870122304	-1984.8947368421054
7404.407467177906	19186.660426546856	-1521.1578947368423
7404.407467177906	19186.751982971407	-1521.1578947368423
7404.407467177906	19186.843539395955	-2186.7061403508774
7404.407467177906	19186.935095820507	-1521.1578947368423
7404.407467177906	19187.026652245055	-1521.1578947368423
7404.407467177906	19187.118208669606	-1521.1578947368423
7404.407467177906	19187.209765094158	-1521.1578947368423
7404.407467177906	19187.301321518706	-1521.1578947368423
7404.407467177906	19187.392877943257	-1521.1578947368423
7404.407467177906	19187.484434367805	-1984.8947368421054
7404.407467177906	19187.575990792357	-1984.8947368421054
7395.222286262043	19178.603461186456	-1521.1578947368423
7395.222286262043	19178.695017611004	-1521.1578947368423
7395.222286262043	19178.786574035556	-1521.1578947368423
7395.222286262043	19178.878130460103	-1521.1578947368423
7395.222286262043	19178.969686884655	-1521.1578947368423
7395.222286262043	19179.061243309206	-1521.1578947368423
7395.222286262043	19179.152799733754	-1521.1578947368423
7395.222286262043	19179.244356158306	-1521.1578947368423
7395.222286262043	19179.335912582854	-1521.1578947368423
7395.222286262043	19179.427469007405	-1521.1578947368423
7395.222286262043	19179.519025431953	-1521.1578947368423
7395.222286262043	19179.610581856505	-1521.1578947368423
7395.222286262043	19179.702138281056	-1521.1578947368423
7395.222286262043	19179.793694705604	-1521.1578947368423
7395.222286262043	19179.885251130156	-1521.1578947368423
7395.222286262043	19179.976807554704	-1521.1578947368423
7395.222286262043	19180.068363979255	-1521.1578947368423
7395.222286262043	19180.159920403807	-1521.1578947368423
7395.222286262043	19180.251476828354	-1521.1578947368423
7395.222286262043	19180.343033252906	-1521.1578947368423
7395.222286262043	19180.434589677454	-1521.1578947368423
7395.222286262043	19180.526146102005	-1521.1578947368423
7395.222286262043	19180.617702526553	-1521.1578947368423
7395.222286262043	19180.709258951105	-1521.1578947368423
7395.222286262043	19180.800815375656	-1521.1578947368423
7395.222286262043	19180.892371800204	-834.140350877193
7395.222286262043	19180.983928224756	-984.4254385964913
7395.222286262043	19181.075484649304	-885.6666666666667
7395.222286262043	19181.167041073855	-885.6666666666667
7395.222286262043	19181.258597498407	-1005.8947368421053
7395.222286262043	19181.350153922955	-993.0131578947369
7395.222286262043	19181.441710347506	-885.6666666666667
7395.222286262043	19181.533266772054	-1053.127192982456
7395.222286262043	19181.624823196606	-881.3728070175439
7395.222286262043	19181.716379621153	-838.4342105263158
7395.222286262043	19181.807936045705	-885.6666666666667
7395.222286262043	19181.899492470257	-924.311403508772
7395.222286262043	19181.991048894804	-1018.7763157894738
7395.222286262043	19182.082605319356	-692.4429824561404
7395.222286262043	19182.174161743904	-984.4254385964913
7395.222286262043	19182.265718168455	-666.6798245614036
7395.222286262043	19182.357274593007	-881.3728070175439
7395.222286262043	19182.448831017555	-1040.2456140350878
7395.222286262043	19182.540387442106	-881.3728070175439
7395.222286262043	19182.631943866654	-1104.6535087719299
7395.222286262043	19182.723500291206	-1147.592105263158
7395.222286262043	19182.815056715757	-1194.8245614035088
7395.222286262043	19182.906613140305	-1181.9429824561403
7395.222286262043	19182.998169564857	-1220.5877192982457
7395.222286262043	19183.089725989405	-1242.0570175438597
7395.222286262043	19183.181282413956	-1267.8201754385966
7395.222286262043	19183.272838838504	-1284.9956140350878
7395.222286262043	19183.364395263055	-1306.4649122807018
7395.222286262043	19183.455951687607	-2178.1184210526317
7395.222286262043	19183.547508112155	-1521.1578947368423
7395.222286262043	19183.639064536706	-1521.1578947368423
7395.222286262043	19183.730620961254	-1521.1578947368423
7395.222286262043	19183.822177385806	-1521.1578947368423
7395.222286262043	19183.913733810357	-1740.1447368421054
7395.222286262043	19184.005290234905	-2186.7061403508774
7395.222286262043	19184.096846659457	-2186.7061403508774
7395.222286262043	19184.188403084005	-1744.4385964912283
7395.222286262043	19184.279959508556	-1899.0175438596493
7395.222286262043	19184.371515933104	-2186.7061403508774
7395.222286262043	19184.463072357656	-1984.8947368421054
7395.222286262043	19184.554628782207	-1521.1578947368423
7395.222286262043	19184.646185206755	-1984.8947368421054
7395.222286262043	19184.737741631307	-1984.8947368421054
7395.222286262043	19184.829298055854	-2186.7061403508774
7395.222286262043	19184.920854480406	-1521.1578947368423
7395.222286262043	19185.012410904958	-1899.0175438596493
7395.222286262043	19185.103967329505	-1521.1578947368423
7395.222286262043	19185.195523754057	-1521.1578947368423
7395.222286262043	19185.287080178605	-1521.1578947368423
7395.222286262043	19185.378636603156	-1521.1578947368423
7395.222286262043	19185.470193027704	-1521.1578947368423
7395.222286262043	19185.561749452256	-1984.8947368421054
7395.222286262043	19185.653305876807	-1521.1578947368423
7395.222286262043	19185.744862301355	-1521.1578947368423
7395.222286262043	19185.836418725907	-1521.1578947368423
7395.222286262043	19185.927975150455	-2186.7061403508774
7395.222286262043	19186.019531575006	-1521.1578947368423
7395.222286262043	19186.111087999558	-2178.1184210526317
7395.222286262043	19186.202644424106	-1521.1578947368423
7395.222286262043	19186.294200848657	-1984.8947368421054
7395.222286262043	19186.385757273205	-1521.1578947368423
7395.222286262043	19186.477313697756	-1521.1578947368423
7395.222286262043	19186.568870122304	-1521.1578947368423
7395.222286262043	19186.660426546856	-1521.1578947368423
7395.222286262043	19186.751982971407	-1323.640350877193
7395.222286262043	19186.843539395955	-1521.1578947368423
7395.222286262043	19186.935095820507	-1521.1578947368423
7395.222286262043	19187.026652245055	-1521.1578947368423
7395.222286262043	19187.118208669606	-2186.7061403508774
7395.222286262043	19187.209765094158	-1521.1578947368423
7395.222286262043	19187.301321518706	-1521.1578947368423
7395.222286262043	19187.392877943257	-1521.1578947368423
7395.222286262043	19187.484434367805	-1529.7456140350878
7395.222286262043	19187.575990792357	-1521.1578947368423
7386.0371053461795	19178.603461186456	-1521.1578947368423
7386.0371053461795	19178.695017611004	-1521.1578947368423
7386.0371053461795	19178.786574035556	-1521.1578947368423
7386.0371053461795	19178.878130460103	-1521.1578947368423
7386.0371053461795	19178.969686884655	-1521.1578947368423
7386.0371053461795	19179.061243309206	-1521.1578947368423
7386.0371053461795	19179.152799733754	-1521.1578947368423
7386.0371053461795	19179.244356158306	-1521.1578947368423
7386.0371053461795	19179.335912582854	-1521.1578947368423
7386.0371053461795	19179.427469007405	-1521.1578947368423
7386.0371053461795	19179.519025431953	-1521.1578947368423
7386.0371053461795	19179.610581856505	-1521.1578947368423
7386.0371053461795	19179.702138281056	-1521.1578947368423
7386.0371053461795	19179.793694705604	-1521.1578947368423
7386.0371053461795	19179.885251130156	-1521.1578947368423
7386.0371053461795	19179.976807554704	-1521.1578947368423
7386.0371053461795	19180.068363979255	-1521.1578947368423
7386.0371053461795	19180.159920403807	-1521.1578947368423
7386.0371053461795	19180.251476828354	-1521.1578947368423
7386.0371053461795	19180.343033252906	-1521.1578947368423
7386.0371053461795	19180.434589677454	-1521.1578947368423
7386.0371053461795	19180.526146102005	-1521.1578947368423
7386.0371053461795	19180.617702526553	-1521.1578947368423
7386.0371053461795	19180.709258951105	-1521.1578947368423
7386.0371053461795	19180.800815375656	-834.140350877193
7386.0371053461795	19180.892371800204	-885.6666666666667
7386.0371053461795	19180.983928224756	-885.6666666666667
7386.0371053461795	19181.075484649304	-971.5438596491229
7386.0371053461795	19181.167041073855	-980.1315789473684
7386.0371053461795	19181.258597498407	-524.9824561403509
7386.0371053461795	19181.350153922955	-1066.0087719298247
7386.0371053461795	19181.441710347506	-1018.7763157894738
7386.0371053461795	19181.533266772054	-434.81140350877195
7386.0371053461795	19181.624823196606	-1027.3640350877195
7386.0371053461795	19181.716379621153	-881.3728070175439
7386.0371053461795	19181.807936045705	-881.3728070175439
7386.0371053461795	19181.899492470257	-748.2631578947369
7386.0371053461795	19181.991048894804	-383.28508771929825
7386.0371053461795	19182.082605319356	-1027.3640350877195
7386.0371053461795	19182.174161743904	-868.4912280701755
7386.0371053461795	19182.265718168455	-1066.0087719298247
7386.0371053461795	19182.357274593007	-1035.951754385965
7386.0371053461795	19182.448831017555	-868.4912280701755
7386.0371053461795	19182.540387442106	-1156.1798245614036
7386.0371053461795	19182.631943866654	-1143.2982456140353
7386.0371053461795	19182.723500291206	-1164.7675438596493
7386.0371053461795	19182.815056715757	-885.6666666666667
7386.0371053461795	19182.906613140305	-1220.5877192982457
7386.0371053461795	19182.998169564857	-1237.7631578947369
7386.0371053461795	19183.089725989405	-1250.6447368421054
7386.0371053461795	19183.181282413956	-1276.407894736842
7386.0371053461795	19183.272838838504	-2191.0
7386.0371053461795	19183.364395263055	-2186.7061403508774
7386.0371053461795	19183.455951687607	-2178.1184210526317
7386.0371053461795	19183.547508112155	-1293.5833333333335
7386.0371053461795	19183.639064536706	-2178.1184210526317
7386.0371053461795	19183.730620961254	-658.0921052631579
7386.0371053461795	19183.822177385806	-233.0
7386.0371053461795	19183.913733810357	-1521.1578947368423
7386.0371053461795	19184.005290234905	-1521.1578947368423
7386.0371053461795	19184.096846659457	-1744.4385964912283
7386.0371053461795	19184.188403084005	-1899.0175438596493
7386.0371053461795	19184.279959508556	-1323.640350877193
7386.0371053461795	19184.371515933104	-1744.4385964912283
7386.0371053461795	19184.463072357656	-1984.8947368421054
7386.0371053461795	19184.554628782207	-1521.1578947368423
7386.0371053461795	19184.646185206755	-1984.8947368421054
7386.0371053461795	19184.737741631307	-2178.1184210526317
7386.0371053461795	19184.829298055854	-1521.1578947368423
7386.0371053461795	19184.920854480406	-1521.1578947368423
7386.0371053461795	19185.012410904958	-1521.1578947368423
7386.0371053461795	19185.103967329505	-1521.1578947368423
7386.0371053461795	19185.195523754057	-2186.7061403508774
7386.0371053461795	19185.287080178605	-1521.1578947368423
7386.0371053461795	19185.378636603156	-1521.1578947368423
7386.0371053461795	19185.470193027704	-1521.1578947368423
7386.0371053461795	19185.561749452256	-1521.1578947368423
7386.0371053461795	19185.653305876807	-1327.9342105263158
7386.0371053461795	19185.744862301355	-1521.1578947368423
7386.0371053461795	19185.836418725907	-2118.004385964912
7386.0371053461795	19185.927975150455	-1521.1578947368423
7386.0371053461795	19186.019531575006	-1521.1578947368423
7386.0371053461795	19186.111087999558	-1521.1578947368423
7386.0371053461795	19186.202644424106	-1521.1578947368423
7386.0371053461795	19186.294200848657	-1521.1578947368423
7386.0371053461795	19186.385757273205	-1521.1578947368423
7386.0371053461795	19186.477313697756	-1521.1578947368423
7386.0371053461795	19186.568870122304	-1521.1578947368423
7386.0371053461795	19186.660426546856	-1521.1578947368423
7386.0371053461795	19186.751982971407	-1521.1578947368423
7386.0371053461795	19186.843539395955	-1521.1578947368423
7386.0371053461795	19186.935095820507	-1521.1578947368423
7386.0371053461795	19187.026652245055	-1521.1578947368423
7386.0371053461795	19187.118208669606	-1740.1447368421054
7386.0371053461795	19187.209765094158	-1521.1578947368423
7386.0371053461795	19187.301321518706	-1521.1578947368423
7386.0371053461795	19187.392877943257	-1984.8947368421054
7386.0371053461795	19187.484434367805	-1521.1578947368423
7386.0371053461795	19187.575990792357	-1984.8947368421054
7376.851924430315	19178.603461186456	-1521.1578947368423
7376.851924430315	19178.695017611004	-1521.1578947368423
7376.851924430315	19178.786574035556	-1521.1578947368423
7376.851924430315	19178.878130460103	-1521.1578947368423
7376.851924430315	19178.969686884655	-1521.1578947368423
7376.851924430315	19179.061243309206	-1521.1578947368423
7376.851924430315	19179.152799733754	-1521.1578947368423
7376.851924430315	19179.244356158306	-1521.1578947368423
7376.851924430315	19179.335912582854	-1521.1578947368423
7376.851924430315	19179.427469007405	-1521.1578947368423
7376.851924430315	19179.519025431953	-1521.1578947368423
7376.851924430315	19179.610581856505	-1521.1578947368423
7376.851924430315	19179.702138281056	-1521.1578947368423
7376.851924430315	19179.793694705604	-1521.1578947368423
7376.851924430315	19179.885251130156	-1521.1578947368423
7376.851924430315	19179.976807554704	-1521.1578947368423
7376.851924430315	19180.068363979255	-1521.1578947368423
7376.851924430315	19180.159920403807	-1521.1578947368423
7376.851924430315	19180.251476828354	-1521.1578947368423
7376.851924430315	19180.343033252906	-1521.1578947368423
7376.851924430315	19180.434589677454	-1521.1578947368423
7376.851924430315	19180.526146102005	-1521.1578947368423
7376.851924430315	19180.617702526553	-1521.1578947368423
7376.851924430315	19180.709258951105	-2118.004385964912
7376.851924430315	19180.800815375656	-1005.8947368421053
7376.851924430315	19180.892371800204	-391.8728070175439
7376.851924430315	19180.983928224756	-993.0131578947369
7376.851924430315	19181.075484649304	-885.6666666666667
7376.851924430315	19181.167041073855	-580.8026315789474
7376.851924430315	19181.258597498407	-993.0131578947369
7376.851924430315	19181.350153922955	-1001.6008771929825
7376.851924430315	19181.441710347506	-340.3464912280702
7376.851924430315	19181.533266772054	-391.8728070175439
7376.851924430315	19181.624823196606	-945.780701754386
7376.851924430315	19181.716379621153	-993.0131578947369
7376.851924430315	19181.807936045705	-881.3728070175439
7376.851924430315	19181.899492470257	-975.8377192982457
7376.851924430315	19181.991048894804	-383.28508771929825
7376.851924430315	19182.082605319356	-993.0131578947369
7376.851924430315	19182.174161743904	-988.7192982456141
7376.851924430315	19182.265718168455	-868.4912280701755
7376.851924430315	19182.357274593007	-1074.5964912280701
7376.851924430315	19182.448831017555	-881.3728070175439
7376.851924430315	19182.540387442106	-1139.0043859649122
7376.851924430315	19182.631943866654	-1164.7675438596493
7376.851924430315	19182.723500291206	-1181.9429824561403
7376.851924430315	19182.815056715757	-1233.469298245614
7376.851924430315	19182.906613140305	-1233.469298245614
7376.851924430315	19182.998169564857	-1276.407894736842
7376.851924430315	19183.089725989405	-1276.407894736842
7376.851924430315	19183.181282413956	-2178.1184210526317
7376.851924430315	19183.272838838504	-2186.7061403508774
7376.851924430315	19183.364395263055	-1293.5833333333335
7376.851924430315	19183.455951687607	-413.3421052631579
7376.851924430315	19183.547508112155	-2178.1184210526317
7376.851924430315	19183.639064536706	-1284.9956140350878
7376.851924430315	19183.730620961254	-2178.1184210526317
7376.851924430315	19183.822177385806	-1701.5000000000002
7376.851924430315	19183.913733810357	-1521.1578947368423
7376.851924430315	19184.005290234905	-1984.8947368421054
7376.851924430315	19184.096846659457	-2083.6535087719303
7376.851924430315	19184.188403084005	-782.6140350877193
7376.851924430315	19184.279959508556	-1521.1578947368423
7376.851924430315	19184.371515933104	-1984.8947368421054
7376.851924430315	19184.463072357656	-1521.1578947368423
7376.851924430315	19184.554628782207	-2178.1184210526317
7376.851924430315	19184.646185206755	-1521.1578947368423
7376.851924430315	19184.737741631307	-1521.1578947368423
7376.851924430315	19184.829298055854	-1984.8947368421054
7376.851924430315	19184.920854480406	-1521.1578947368423
7376.851924430315	19185.012410904958	-1521.1578947368423
7376.851924430315	19185.103967329505	-2186.7061403508774
7376.851924430315	19185.195523754057	-1521.1578947368423
7376.851924430315	19185.287080178605	-1521.1578947368423
7376.851924430315	19185.378636603156	-2178.1184210526317
7376.851924430315	19185.470193027704	-1521.1578947368423
7376.851924430315	19185.561749452256	-838.4342105263158
7376.851924430315	19185.653305876807	-1521.1578947368423
7376.851924430315	19185.744862301355	-1521.1578947368423
7376.851924430315	19185.836418725907	-1521.1578947368423
7376.851924430315	19185.927975150455	-1521.1578947368423
7376.851924430315	19186.019531575006	-1521.1578947368423
7376.851924430315	19186.111087999558	-1984.8947368421054
7376.851924430315	19186.202644424106	-1315.0526315789475
7376.851924430315	19186.294200848657	-1984.8947368421054
7376.851924430315	19186.385757273205	-1521.1578947368423
7376.851924430315	19186.477313697756	-1521.1578947368423
7376.851924430315	19186.568870122304	-1521.1578947368423
7376.851924430315	19186.660426546856	-1521.1578947368423
7376.851924430315	19186.751982971407	-1521.1578947368423
7376.851924430315	19186.843539395955	-1521.1578947368423
7376.851924430315	19186.935095820507	-1984.8947368421054
7376.851924430315	19187.026652245055	-1521.1578947368423
7376.851924430315	19187.118208669606	-1521.1578947368423
7376.851924430315	19187.209765094158	-692.4429824561404
7376.851924430315	19187.301321518706	-1984.8947368421054
7376.851924430315	19187.392877943257	-1521.1578947368423
7376.851924430315	19187.484434367805	-1701.5000000000002
7376.851924430315	19187.575990792357	-1521.1578947368423
7367.666743514452	19178.603461186456	-1521.1578947368423
7367.666743514452	19178.695017611004	-1521.1578947368423
7367.666743514452	19178.786574035556	-1521.1578947368423
7367.666743514452	19178.878130460103	-1521.1578947368423
7367.666743514452	19178.969686884655	-1521.1578947368423
7367.666743514452	19179.061243309206	-1521.1578947368423
7367.666743514452	19179.152799733754	-1521.1578947368423
7367.666743514452	19179.244356158306	-1521.1578947368423
7367.666743514452	19179.335912582854	-1521.1578947368423
7367.666743514452	19179.427469007405	-1521.1578947368423
7367.666743514452	19179.519025431953	-1521.1578947368423
7367.666743514452	19179.610581856505	-1521.1578947368423
7367.666743514452	19179.702138281056	-1521.1578947368423
7367.666743514452	19179.793694705604	-1521.1578947368423
7367.666743514452	19179.885251130156	-1521.1578947368423
7367.666743514452	19179.976807554704	-1521.1578947368423
7367.666743514452	19180.068363979255	-1521.1578947368423
7367.666743514452	19180.159920403807	-1521.1578947368423
7367.666743514452	19180.251476828354	-1521.1578947368423
7367.666743514452	19180.343033252906	-1521.1578947368423
7367.666743514452	19180.434589677454	-1521.1578947368423
7367.666743514452	19180.526146102005	-1521.1578947368423
7367.666743514452	19180.617702526553	-1521.1578947368423
7367.666743514452	19180.709258951105	-885.6666666666667
7367.666743514452	19180.800815375656	-340.3464912280702
7367.666743514452	19180.892371800204	-967.2500000000001
7367.666743514452	19180.983928224756	-868.4912280701755
7367.666743514452	19181.075484649304	-434.81140350877195
7367.666743514452	19181.167041073855	-993.0131578947369
7367.666743514452	19181.258597498407	-993.0131578947369
7367.666743514452	19181.350153922955	-619.4473684210527
7367.666743514452	19181.441710347506	-1005.8947368421053
7367.666743514452	19181.533266772054	-881.3728070175439
7367.666743514452	19181.624823196606	-726.7938596491229
7367.666743514452	19181.716379621153	-885.6666666666667
7367.666743514452	19181.807936045705	-945.780701754386
7367.666743514452	19181.899492470257	-722.5
7367.666743514452	19181.991048894804	-1027.3640350877195
7367.666743514452	19182.082605319356	-1066.0087719298247
7367.666743514452	19182.174161743904	-1027.3640350877195
7367.666743514452	19182.265718168455	-1117.5350877192982
7367.666743514452	19182.357274593007	-1113.2412280701756
7367.666743514452	19182.448831017555	-1139.0043859649122
7367.666743514452	19182.540387442106	-1169.061403508772
7367.666743514452	19182.631943866654	-1173.3552631578948
7367.666743514452	19182.723500291206	-1203.4122807017543
7367.666743514452	19182.815056715757	-1212.0
7367.666743514452	19182.906613140305	-1233.469298245614
7367.666743514452	19182.998169564857	-1246.3508771929826
7367.666743514452	19183.089725989405	-2191.0
7367.666743514452	19183.181282413956	-2178.1184210526317
7367.666743514452	19183.272838838504	-2178.1184210526317
7367.666743514452	19183.364395263055	-1744.4385964912283
7367.666743514452	19183.455951687607	-2083.6535087719303
7367.666743514452	19183.547508112155	-1744.4385964912283
7367.666743514452	19183.639064536706	-1521.1578947368423
7367.666743514452	19183.730620961254	-1701.5000000000002
7367.666743514452	19183.822177385806	-1521.1578947368423
7367.666743514452	19183.913733810357	-1521.1578947368423
7367.666743514452	19184.005290234905	-1521.1578947368423
7367.666743514452	19184.096846659457	-1306.4649122807018
7367.666743514452	19184.188403084005	-1521.1578947368423
7367.666743514452	19184.279959508556	-1744.4385964912283
7367.666743514452	19184.371515933104	-1529.7456140350878
7367.666743514452	19184.463072357656	-2118.004385964912
7367.666743514452	19184.554628782207	-1521.1578947368423
7367.666743514452	19184.646185206755	-1521.1578947368423
7367.666743514452	19184.737741631307	-816.9649122807018
7367.666743514452	19184.829298055854	-1521.1578947368423
7367.666743514452	19184.920854480406	-1899.0175438596493
7367.666743514452	19185.012410904958	-1521.1578947368423
7367.666743514452	19185.103967329505	-1521.1578947368423
7367.666743514452	19185.195523754057	-1521.1578947368423
7367.666743514452	19185.287080178605	-1521.1578947368423
7367.666743514452	19185.378636603156	-1521.1578947368423
7367.666743514452	19185.470193027704	-1521.1578947368423
7367.666743514452	19185.561749452256	-1521.1578947368423
7367.666743514452	19185.653305876807	-1529.7456140350878
7367.666743514452	19185.744862301355	-1984.8947368421054
7367.666743514452	19185.836418725907	-1521.1578947368423
7367.666743514452	19185.927975150455	-1521.1578947368423
7367.666743514452	19186.019531575006	-1521.1578947368423
7367.666743514452	19186.111087999558	-2178.1184210526317
7367.666743514452	19186.202644424106	-1521.1578947368423
7367.666743514452	19186.294200848657	-1521.1578947368423
7367.666743514452	19186.385757273205	-1521.1578947368423
7367.666743514452	19186.477313697756	-2186.7061403508774
7367.666743514452	19186.568870122304	-1521.1578947368423
7367.666743514452	19186.660426546856	-1521.1578947368423
7367.666743514452	19186.751982971407	-761.1447368421053
7367.666743514452	19186.843539395955	-1740.1447368421054
7367.666743514452	19186.935095820507	-1521.1578947368423
7367.666743514452	19187.026652245055	-1521.1578947368423
7367.666743514452	19187.118208669606	-1521.1578947368423
7367.666743514452	19187.209765094158	-1521.1578947368423
7367.666743514452	19187.301321518706	-1521.1578947368423
7367.666743514452	19187.392877943257	-1701.5000000000002
7367.666743514452	19187.484434367805	-1744.4385964912283
7367.666743514452	19187.575990792357	-1740.1447368421054
7358.4815625985875	19178.603461186456	-1521.1578947368423
7358.4815625985875	19178.695017611004	-1521.1578947368423
7358.4815625985875	19178.786574035556	-1521.1578947368423
7358.4815625985875	19178.878130460103	-1521.1578947368423
7358.4815625985875	19178.969686884655	-1521.1578947368423
7358.4815625985875	19179.061243309206	-1521.1578947368423
7358.4815625985875	19179.152799733754	-1521.1578947368423
7358.4815625985875	19179.244356158306	-1521.1578947368423
7358.4815625985875	19179.335912582854	-1521.1578947368423
7358.4815625985875	19179.427469007405	-1521.1578947368423
7358.4815625985875	19179.519025431953	-1521.1578947368423
7358.4815625985875	19179.610581856505	-1521.1578947368423
7358.4815625985875	19179.702138281056	-1521.1578947368423
7358.4815625985875	19179.793694705604	-1521.1578947368423
7358.4815625985875	19179.885251130156	-1521.1578947368423
7358.4815625985875	19179.976807554704	-1521.1578947368423
7358.4815625985875	19180.068363979255	-1521.1578947368423
7358.4815625985875	19180.159920403807	-1521.1578947368423
7358.4815625985875	19180.251476828354	-1521.1578947368423
7358.4815625985875	19180.343033252906	-1521.1578947368423
7358.4815625985875	19180.434589677454	-1521.1578947368423
7358.4815625985875	19180.526146102005	-1521.1578947368423
7358.4815625985875	19180.617702526553	-885.6666666666667
7358.4815625985875	19180.709258951105	-881.3728070175439
7358.4815625985875	19180.800815375656	-885.6666666666667
7358.4815625985875	19180.892371800204	-885.6666666666667
7358.4815625985875	19180.983928224756	-881.3728070175439
7358.4815625985875	19181.075484649304	-993.0131578947369
7358.4815625985875	19181.167041073855	-885.6666666666667
7358.4815625985875	19181.258597498407	-945.780701754386
7358.4815625985875	19181.350153922955	-885.6666666666667
7358.4815625985875	19181.441710347506	-795.4956140350878
7358.4815625985875	19181.533266772054	-825.5526315789474
7358.4815625985875	19181.624823196606	-816.9649122807018
7358.4815625985875	19181.716379621153	-847.0219298245614
7358.4815625985875	19181.807936045705	-653.7982456140351
7358.4815625985875	19181.899492470257	-1001.6008771929825
7358.4815625985875	19181.991048894804	-1096.0657894736842
7358.4815625985875	19182.082605319356	-1031.657894736842
7358.4815625985875	19182.174161743904	-881.3728070175439
7358.4815625985875	19182.265718168455	-1139.0043859649122
7358.4815625985875	19182.357274593007	-1139.0043859649122
7358.4815625985875	19182.448831017555	-1164.7675438596493
7358.4815625985875	19182.540387442106	-1177.6491228070176
7358.4815625985875	19182.631943866654	-1194.8245614035088
7358.4815625985875	19182.723500291206	-1212.0
7358.4815625985875	19182.815056715757	-1242.0570175438597
7358.4815625985875	19182.906613140305	-1267.8201754385966
7358.4815625985875	19182.998169564857	-1254.938596491228
7358.4815625985875	19183.089725989405	-1289.2894736842106
7358.4815625985875	19183.181282413956	-2178.1184210526317
7358.4815625985875	19183.272838838504	-2178.1184210526317
7358.4815625985875	19183.364395263055	-1744.4385964912283
7358.4815625985875	19183.455951687607	-1740.1447368421054
7358.4815625985875	19183.547508112155	-1521.1578947368423
7358.4815625985875	19183.639064536706	-1701.5000000000002
7358.4815625985875	19183.730620961254	-1521.1578947368423
7358.4815625985875	19183.822177385806	-1701.5000000000002
7358.4815625985875	19183.913733810357	-434.81140350877195
7358.4815625985875	19184.005290234905	-1701.5000000000002
7358.4815625985875	19184.096846659457	-1744.4385964912283
7358.4815625985875	19184.188403084005	-1521.1578947368423
7358.4815625985875	19184.279959508556	-2178.1184210526317
7358.4815625985875	19184.371515933104	-2178.1184210526317
7358.4815625985875	19184.463072357656	-1521.1578947368423
7358.4815625985875	19184.554628782207	-1521.1578947368423
7358.4815625985875	19184.646185206755	-752.5570175438597
7358.4815625985875	19184.737741631307	-1521.1578947368423
7358.4815625985875	19184.829298055854	-1521.1578947368423
7358.4815625985875	19184.920854480406	-1521.1578947368423
7358.4815625985875	19185.012410904958	-1521.1578947368423
7358.4815625985875	19185.103967329505	-1521.1578947368423
7358.4815625985875	19185.195523754057	-1521.1578947368423
7358.4815625985875	19185.287080178605	-1521.1578947368423
7358.4815625985875	19185.378636603156	-1521.1578947368423
7358.4815625985875	19185.470193027704	-1701.5000000000002
7358.4815625985875	19185.561749452256	-1521.1578947368423
7358.4815625985875	19185.653305876807	-1984.8947368421054
7358.4815625985875	19185.744862301355	-1521.1578947368423
7358.4815625985875	19185.836418725907	-1521.1578947368423
7358.4815625985875	19185.927975150455	-1521.1578947368423
7358.4815625985875	19186.019531575006	-1984.8947368421054
7358.4815625985875	19186.111087999558	-1521.1578947368423
7358.4815625985875	19186.202644424106	-1521.1578947368423
7358.4815625985875	19186.294200848657	-1521.1578947368423
7358.4815625985875	19186.385757273205	-1740.1447368421054
7358.4815625985875	19186.477313697756	-1521.1578947368423
7358.4815625985875	19186.568870122304	-1521.1578947368423
7358.4815625985875	19186.660426546856	-1302.171052631579
7358.4815625985875	19186.751982971407	-1744.4385964912283
7358.4815625985875	19186.843539395955	-1521.1578947368423
7358.4815625985875	19186.935095820507	-1521.1578947368423
7358.4815625985875	19187.026652245055	-1521.1578947368423
7358.4815625985875	19187.118208669606	-1521.1578947368423
7358.4815625985875	19187.209765094158	-1984.8947368421054
7358.4815625985875	19187.301321518706	-1984.8947368421054
7358.4815625985875	19187.392877943257	-1521.1578947368423
7358.4815625985875	19187.484434367805	-1740.1447368421054
7358.4815625985875	19187.575990792357	-1521.1578947368423
7349.296381682724	19178.603461186456	-1521.1578947368423
7349.296381682724	19178.695017611004	-1521.1578947368423
7349.296381682724	19178.786574035556	-1521.1578947368423
7349.296381682724	19178.878130460103	-1521.1578947368423
7349.296381682724	19178.969686884655	-1521.1578947368423
7349.296381682724	19179.061243309206	-1521.1578947368423
7349.296381682724	19179.152799733754	-1521.1578947368423
7349.296381682724	19179.244356158306	-1521.1578947368423
7349.296381682724	19179.335912582854	-1521.1578947368423
7349.296381682724	19179.427469007405	-1521.1578947368423
7349.296381682724	19179.519025431953	-1521.1578947368423
7349.296381682724	19179.610581856505	-1521.1578947368423
7349.296381682724	19179.702138281056	-1521.1578947368423
7349.296381682724	19179.793694705604	-1521.1578947368423
7349.296381682724	19179.885251130156	-1521.1578947368423
7349.296381682724	19179.976807554704	-1521.1578947368423
7349.296381682724	19180.068363979255	-1521.1578947368423
7349.296381682724	19180.159920403807	-1521.1578947368423
7349.296381682724	19180.251476828354	-1521.1578947368423
7349.296381682724	19180.343033252906	-1984.8947368421054
7349.296381682724	19180.434589677454	-885.6666666666667
7349.296381682724	19180.526146102005	-885.6666666666667
7349.296381682724	19180.617702526553	-421.9298245614035
7349.296381682724	19180.709258951105	-984.4254385964913
7349.296381682724	19180.800815375656	-881.3728070175439
7349.296381682724	19180.892371800204	-1018.7763157894738
7349.296381682724	19180.983928224756	-383.28508771929825
7349.296381682724	19181.075484649304	-885.6666666666667
7349.296381682724	19181.167041073855	-559.3333333333334
7349.296381682724	19181.258597498407	-404.75438596491233
7349.296381682724	19181.350153922955	-1053.127192982456
7349.296381682724	19181.441710347506	-722.5
7349.296381682724	19181.533266772054	-743.969298245614
7349.296381682724	19181.624823196606	-254.46929824561403
7349.296381682724	19181.716379621153	-482.04385964912285
7349.296381682724	19181.807936045705	-1001.6008771929825
7349.296381682724	19181.899492470257	-1027.3640350877195
7349.296381682724	19181.991048894804	-1027.3640350877195
7349.296381682724	19182.082605319356	-881.3728070175439
7349.296381682724	19182.174161743904	-1066.0087719298247
7349.296381682724	19182.265718168455	-1117.5350877192982
7349.296381682724	19182.357274593007	-1186.2368421052633
7349.296381682724	19182.448831017555	-1177.6491228070176
7349.296381682724	19182.540387442106	-1263.5263157894738
7349.296381682724	19182.631943866654	-1212.0
7349.296381682724	19182.723500291206	-1220.5877192982457
7349.296381682724	19182.815056715757	-1246.3508771929826
7349.296381682724	19182.906613140305	-1272.1140350877195
7349.296381682724	19182.998169564857	-1302.171052631579
7349.296381682724	19183.089725989405	-1327.9342105263158
7349.296381682724	19183.181282413956	-1521.1578947368423
7349.296381682724	19183.272838838504	-1521.1578947368423
7349.296381682724	19183.364395263055	-1521.1578947368423
7349.296381682724	19183.455951687607	-2178.1184210526317
7349.296381682724	19183.547508112155	-2083.6535087719303
7349.296381682724	19183.639064536706	-1701.5000000000002
7349.296381682724	19183.730620961254	-2083.6535087719303
7349.296381682724	19183.822177385806	-2178.1184210526317
7349.296381682724	19183.913733810357	-1521.1578947368423
7349.296381682724	19184.005290234905	-1521.1578947368423
7349.296381682724	19184.096846659457	-1984.8947368421054
7349.296381682724	19184.188403084005	-1899.0175438596493
7349.296381682724	19184.279959508556	-1701.5000000000002
7349.296381682724	19184.371515933104	-1521.1578947368423
7349.296381682724	19184.463072357656	-1984.8947368421054
7349.296381682724	19184.554628782207	-2186.7061403508774
7349.296381682724	19184.646185206755	-1521.1578947368423
7349.296381682724	19184.737741631307	-1521.1578947368423
7349.296381682724	19184.829298055854	-1529.7456140350878
7349.296381682724	19184.920854480406	-1521.1578947368423
7349.296381682724	19185.012410904958	-1521.1578947368423
7349.296381682724	19185.103967329505	-1521.1578947368423
7349.296381682724	19185.195523754057	-1521.1578947368423
7349.296381682724	19185.287080178605	-1521.1578947368423
7349.296381682724	19185.378636603156	-1323.640350877193
7349.296381682724	19185.470193027704	-1521.1578947368423
7349.296381682724	19185.561749452256	-1521.1578947368423
7349.296381682724	19185.653305876807	-1984.8947368421054
7349.296381682724	19185.744862301355	-1302.171052631579
7349.296381682724	19185.836418725907	-1521.1578947368423
7349.296381682724	19185.927975150455	-1984.8947368421054
7349.296381682724	19186.019531575006	-1521.1578947368423
7349.296381682724	19186.111087999558	-1521.1578947368423
7349.296381682724	19186.202644424106	-1521.1578947368423
7349.296381682724	19186.294200848657	-1521.1578947368423
7349.296381682724	19186.385757273205	-1521.1578947368423
7349.296381682724	19186.477313697756	-1521.1578947368423
7349.296381682724	19186.568870122304	-782.6140350877193
7349.296381682724	19186.660426546856	-1740.1447368421054
7349.296381682724	19186.751982971407	-1521.1578947368423
7349.296381682724	19186.843539395955	-1521.1578947368423
7349.296381682724	19186.935095820507	-1984.8947368421054
7349.296381682724	19187.026652245055	-1521.1578947368423
7349.296381682724	19187.118208669606	-1529.7456140350878
7349.296381682724	19187.209765094158	-1744.4385964912283
7349.296381682724	19187.301321518706	-1740.1447368421054
7349.296381682724	19187.392877943257	-1740.1447368421054
7349.296381682724	19187.484434367805	-1521.1578947368423
7349.296381682724	19187.575990792357	-2178.1184210526317
7340.11120076686	19178.603461186456	-1521.1578947368423
7340.11120076686	19178.695017611004	-1521.1578947368423
7340.11120076686	19178.786574035556	-1521.1578947368423
7340.11120076686	19178.878130460103	-1521.1578947368423
7340.11120076686	19178.969686884655	-1521.1578947368423
7340.11120076686	19179.061243309206	-1521.1578947368423
7340.11120076686	19179.152799733754	-1521.1578947368423
7340.11120076686	19179.244356158306	-1521.1578947368423
7340.11120076686	19179.335912582854	-1521.1578947368423
7340.11120076686	19179.427469007405	-1521.1578947368423
7340.11120076686	19179.519025431953	-1521.1578947368423
7340.11120076686	19179.610581856505	-1521.1578947368423
7340.11120076686	19179.702138281056	-1521.1578947368423
7340.11120076686	19179.793694705604	-1521.1578947368423
7340.11120076686	19179.885251130156	-1521.1578947368423
7340.11120076686	19179.976807554704	-1521.1578947368423
7340.11120076686	19180.068363979255	-1521.1578947368423
7340.11120076686	19180.159920403807	-1521.1578947368423
7340.11120076686	19180.251476828354	-1521.1578947368423
7340.11120076686	19180.343033252906	-1521.1578947368423
7340.11120076686	19180.434589677454	-2186.7061403508774
7340.11120076686	19180.526146102005	-881.3728070175439
7340.11120076686	19180.617702526553	-1027.3640350877195
7340.11120076686	19180.709258951105	-451.9868421052632
7340.11120076686	19180.800815375656	-984.4254385964913
7340.11120076686	19180.892371800204	-1040.2456140350878
7340.11120076686	19180.983928224756	-993.0131578947369
7340.11120076686	19181.075484649304	-885.6666666666667
7340.11120076686	19181.167041073855	-1005.8947368421053
7340.11120076686	19181.258597498407	-993.0131578947369
7340.11120076686	19181.350153922955	-666.6798245614036
7340.11120076686	19181.441710347506	-765.4385964912282
7340.11120076686	19181.533266772054	-937.1929824561404
7340.11120076686	19181.624823196606	-692.4429824561404
7340.11120076686	19181.716379621153	-980.1315789473684
7340.11120076686	19181.807936045705	-1040.2456140350878
7340.11120076686	19181.899492470257	-1044.5394736842106
7340.11120076686	19181.991048894804	-1126.122807017544
7340.11120076686	19182.082605319356	-1126.122807017544
7340.11120076686	19182.174161743904	-1130.4166666666667
7340.11120076686	19182.265718168455	-1164.7675438596493
7340.11120076686	19182.357274593007	-1181.9429824561403
7340.11120076686	19182.448831017555	-1212.0
7340.11120076686	19182.540387442106	-1212.0
7340.11120076686	19182.631943866654	-1233.469298245614
7340.11120076686	19182.723500291206	-1246.3508771929826
7340.11120076686	19182.815056715757	-1276.407894736842
7340.11120076686	19182.906613140305	-1289.2894736842106
7340.11120076686	19182.998169564857	-2186.7061403508774
7340.11120076686	19183.089725989405	-2083.6535087719303
7340.11120076686	19183.181282413956	-1744.4385964912283
7340.11120076686	19183.272838838504	-2083.6535087719303
7340.11120076686	19183.364395263055	-1984.8947368421054
7340.11120076686	19183.455951687607	-2186.7061403508774
7340.11120076686	19183.547508112155	-2178.1184210526317
7340.11120076686	19183.639064536706	-2178.1184210526317
7340.11120076686	19183.730620961254	-1744.4385964912283
7340.11120076686	19183.822177385806	-1521.1578947368423
7340.11120076686	19183.913733810357	-1984.8947368421054
7340.11120076686	19184.005290234905	-1984.8947368421054
7340.11120076686	19184.096846659457	-1521.1578947368423
7340.11120076686	19184.188403084005	-1984.8947368421054
7340.11120076686	19184.279959508556	-1984.8947368421054
7340.11120076686	19184.371515933104	-1323.640350877193
7340.11120076686	19184.463072357656	-2178.1184210526317
7340.11120076686	19184.554628782207	-1521.1578947368423
7340.11120076686	19184.646185206755	-1701.5000000000002
7340.11120076686	19184.737741631307	-1521.1578947368423
7340.11120076686	19184.829298055854	-1521.1578947368423
7340.11120076686	19184.920854480406	-1521.1578947368423
7340.11120076686	19185.012410904958	-1521.1578947368423
7340.11120076686	19185.103967329505	-1521.1578947368423
7340.11120076686	19185.195523754057	-1984.8947368421054
7340.11120076686	19185.287080178605	-1521.1578947368423
7340.11120076686	19185.378636603156	-1521.1578947368423
7340.11120076686	19185.470193027704	-2186.7061403508774
7340.11120076686	19185.561749452256	-1521.1578947368423
7340.11120076686	19185.653305876807	-1521.1578947368423
7340.11120076686	19185.744862301355	-1521.1578947368423
7340.11120076686	19185.836418725907	-1529.7456140350878
7340.11120076686	19185.927975150455	-1521.1578947368423
7340.11120076686	19186.019531575006	-1521.1578947368423
7340.11120076686	19186.111087999558	-1984.8947368421054
7340.11120076686	19186.202644424106	-1521.1578947368423
7340.11120076686	19186.294200848657	-1521.1578947368423
7340.11120076686	19186.385757273205	-1521.1578947368423
7340.11120076686	19186.477313697756	-804.0833333333334
7340.11120076686	19186.568870122304	-1521.1578947368423
7340.11120076686	19186.660426546856	-1521.1578947368423
7340.11120076686	19186.751982971407	-1521.1578947368423
7340.11120076686	19186.843539395955	-1984.8947368421054
7340.11120076686	19186.935095820507	-1521.1578947368423
7340.11120076686	19187.026652245055	-1521.1578947368423
7340.11120076686	19187.118208669606	-1521.1578947368423
7340.11120076686	19187.209765094158	-2083.6535087719303
7340.11120076686	19187.301321518706	-1521.1578947368423
7340.11120076686	19187.392877943257	-1521.1578947368423
7340.11120076686	19187.484434367805	-245.8815789473684
7340.11120076686	19187.575990792357	-1521.1578947368423
7330.926019850996	19178.603461186456	-1521.1578947368423
7330.926019850996	19178.695017611004	-1521.1578947368423
7330.926019850996	19178.786574035556	-1521.1578947368423
7330.926019850996	19178.878130460103	-1521.1578947368423
7330.926019850996	19178.969686884655	-1521.1578947368423
7330.926019850996	19179.061243309206	-1521.1578947368423
7330.926019850996	19179.152799733754	-1521.1578947368423
7330.926019850996	19179.244356158306	-1521.1578947368423
7330.926019850996	19179.335912582854	-1521.1578947368423
7330.926019850996	19179.427469007405	-1521.1578947368423
7330.926019850996	19179.519025431953	-1521.1578947368423
7330.926019850996	19179.610581856505	-1521.1578947368423
7330.926019850996	19179.702138281056	-1521.1578947368423
7330.926019850996	19179.793694705604	-1521.1578947368423
7330.926019850996	19179.885251130156	-1521.1578947368423
7330.926019850996	19179.976807554704	-1521.1578947368423
7330.926019850996	19180.068363979255	-1521.1578947368423
7330.926019850996	19180.159920403807	-1521.1578947368423
7330.926019850996	19180.251476828354	-1521.1578947368423
7330.926019850996	19180.343033252906	-1521.1578947368423
7330.926019850996	19180.434589677454	-881.3728070175439
7330.926019850996	19180.526146102005	-1001.6008771929825
7330.926019850996	19180.617702526553	-1001.6008771929825
7330.926019850996	19180.709258951105	-1001.6008771929825
7330.926019850996	19180.800815375656	-1031.657894736842
7330.926019850996	19180.892371800204	-1027.3640350877195
7330.926019850996	19180.983928224756	-1001.6008771929825
7330.926019850996	19181.075484649304	-524.9824561403509
7330.926019850996	19181.167041073855	-993.0131578947369
7330.926019850996	19181.258597498407	-881.3728070175439
7330.926019850996	19181.350153922955	-752.5570175438597
7330.926019850996	19181.441710347506	-1070.3026315789475
7330.926019850996	19181.533266772054	-666.6798245614036
7330.926019850996	19181.624823196606	-520.688596491228
7330.926019850996	19181.716379621153	-1040.2456140350878
7330.926019850996	19181.807936045705	-1031.657894736842
7330.926019850996	19181.899492470257	-1104.6535087719299
7330.926019850996	19181.991048894804	-1100.3596491228072
7330.926019850996	19182.082605319356	-1096.0657894736842
7330.926019850996	19182.174161743904	-1181.9429824561403
7330.926019850996	19182.265718168455	-1186.2368421052633
7330.926019850996	19182.357274593007	-1220.5877192982457
7330.926019850996	19182.448831017555	-1233.469298245614
7330.926019850996	19182.540387442106	-1224.8815789473686
7330.926019850996	19182.631943866654	-1276.407894736842
7330.926019850996	19182.723500291206	-1276.407894736842
7330.926019850996	19182.815056715757	-1284.9956140350878
7330.926019850996	19182.906613140305	-2178.1184210526317
7330.926019850996	19182.998169564857	-2186.7061403508774
7330.926019850996	19183.089725989405	-2186.7061403508774
7330.926019850996	19183.181282413956	-2178.1184210526317
7330.926019850996	19183.272838838504	-1284.9956140350878
7330.926019850996	19183.364395263055	-2178.1184210526317
7330.926019850996	19183.455951687607	-1521.1578947368423
7330.926019850996	19183.547508112155	-1984.8947368421054
7330.926019850996	19183.639064536706	-1984.8947368421054
7330.926019850996	19183.730620961254	-1744.4385964912283
7330.926019850996	19183.822177385806	-1521.1578947368423
7330.926019850996	19183.913733810357	-2083.6535087719303
7330.926019850996	19184.005290234905	-1521.1578947368423
7330.926019850996	19184.096846659457	-1521.1578947368423
7330.926019850996	19184.188403084005	-1521.1578947368423
7330.926019850996	19184.279959508556	-1521.1578947368423
7330.926019850996	19184.371515933104	-1521.1578947368423
7330.926019850996	19184.463072357656	-1521.1578947368423
7330.926019850996	19184.554628782207	-2186.7061403508774
7330.926019850996	19184.646185206755	-1521.1578947368423
7330.926019850996	19184.737741631307	-1521.1578947368423
7330.926019850996	19184.829298055854	-1521.1578947368423
7330.926019850996	19184.920854480406	-1521.1578947368423
7330.926019850996	19185.012410904958	-1521.1578947368423
7330.926019850996	19185.103967329505	-1521.1578947368423
7330.926019850996	19185.195523754057	-1521.1578947368423
7330.926019850996	19185.287080178605	-1521.1578947368423
7330.926019850996	19185.378636603156	-1521.1578947368423
7330.926019850996	19185.470193027704	-1521.1578947368423
7330.926019850996	19185.561749452256	-1984.8947368421054
7330.926019850996	19185.653305876807	-1521.1578947368423
7330.926019850996	19185.744862301355	-1521.1578947368423
7330.926019850996	19185.836418725907	-1521.1578947368423
7330.926019850996	19185.927975150455	-1521.1578947368423
7330.926019850996	19186.019531575006	-1521.1578947368423
7330.926019850996	19186.111087999558	-1521.1578947368423
7330.926019850996	19186.202644424106	-1521.1578947368423
7330.926019850996	19186.294200848657	-1744.4385964912283
7330.926019850996	19186.385757273205	-709.6184210526317
7330.926019850996	19186.477313697756	-1740.1447368421054
7330.926019850996	19186.568870122304	-1521.1578947368423
7330.926019850996	19186.660426546856	-2178.1184210526317
7330.926019850996	19186.751982971407	-1521.1578947368423
7330.926019850996	19186.843539395955	-1521.1578947368423
7330.926019850996	19186.935095820507	-1701.5000000000002
7330.926019850996	19187.026652245055	-1521.1578947368423
7330.926019850996	19187.118208669606	-1521.1578947368423
7330.926019850996	19187.209765094158	-1521.1578947368423
7330.926019850996	19187.301321518706	-1521.1578947368423
7330.926019850996	19187.392877943257	-1521.1578947368423
7330.926019850996	19187.484434367805	-1521.1578947368423
7330.926019850996	19187.575990792357	-1521.1578947368423
7321.740838935132	19178.603461186456	-1521.1578947368423
7321.740838935132	19178.695017611004	-1521.1578947368423
7321.740838935132	19178.786574035556	-1521.1578947368423
7321.740838935132	19178.878130460103	-1521.1578947368423
7321.740838935132	19178.969686884655	-1521.1578947368423
7321.740838935132	19179.061243309206	-1521.1578947368423
7321.740838935132	19179.152799733754	-1521.1578947368423
7321.740838935132	19179.244356158306	-1521.1578947368423
7321.740838935132	19179.335912582854	-1521.1578947368423
7321.740838935132	19179.427469007405	-1521.1578947368423
7321.740838935132	19179.519025431953	-1521.1578947368423
7321.740838935132	19179.610581856505	-1521.1578947368423
7321.740838935132	19179.702138281056	-1521.1578947368423
7321.740838935132	19179.793694705604	-1521.1578947368423
7321.740838935132	19179.885251130156	-1521.1578947368423
7321.740838935132	19179.976807554704	-1521.1578947368423
7321.740838935132	19180.068363979255	-1521.1578947368423
7321.740838935132	19180.159920403807	-1521.1578947368423
7321.740838935132	19180.251476828354	-1521.1578947368423
7321.740838935132	19180.343033252906	-885.6666666666667
7321.740838935132	19180.434589677454	-988.7192982456141
7321.740838935132	19180.526146102005	-993.0131578947369
7321.740838935132	19180.617702526553	-1027.3640350877195
7321.740838935132	19180.709258951105	-1001.6008771929825
7321.740838935132	19180.800815375656	-524.9824561403509
7321.740838935132	19180.892371800204	-881.3728070175439
7321.740838935132	19180.983928224756	-1044.5394736842106
7321.740838935132	19181.075484649304	-735.3815789473684
7321.740838935132	19181.167041073855	-881.3728070175439
7321.740838935132	19181.258597498407	-945.780701754386
7321.740838935132	19181.350153922955	-881.3728070175439
7321.740838935132	19181.441710347506	-520.688596491228
7321.740838935132	19181.533266772054	-1074.5964912280701
7321.740838935132	19181.624823196606	-1005.8947368421053
7321.740838935132	19181.716379621153	-1066.0087719298247
7321.740838935132	19181.807936045705	-1087.4780701754387
7321.740838935132	19181.899492470257	-1083.1842105263158
7321.740838935132	19181.991048894804	-1121.8289473684213
7321.740838935132	19182.082605319356	-1151.8859649122808
7321.740838935132	19182.174161743904	-1181.9429824561403
7321.740838935132	19182.265718168455	-885.6666666666667
7321.740838935132	19182.357274593007	-1164.7675438596493
7321.740838935132	19182.448831017555	-1254.938596491228
7321.740838935132	19182.540387442106	-1250.6447368421054
7321.740838935132	19182.631943866654	-1276.407894736842
7321.740838935132	19182.723500291206	-1284.9956140350878
7321.740838935132	19182.815056715757	-1263.5263157894738
7321.740838935132	19182.906613140305	-1302.171052631579
7321.740838935132	19182.998169564857	-434.81140350877195
7321.740838935132	19183.089725989405	-2178.1184210526317
7321.740838935132	19183.181282413956	-1276.407894736842
7321.740838935132	19183.272838838504	-1521.1578947368423
7321.740838935132	19183.364395263055	-1744.4385964912283
7321.740838935132	19183.455951687607	-1521.1578947368423
7321.740838935132	19183.547508112155	-1521.1578947368423
7321.740838935132	19183.639064536706	-2178.1184210526317
7321.740838935132	19183.730620961254	-1899.0175438596493
7321.740838935132	19183.822177385806	-1521.1578947368423
7321.740838935132	19183.913733810357	-1744.4385964912283
7321.740838935132	19184.005290234905	-1984.8947368421054
7321.740838935132	19184.096846659457	-1984.8947368421054
7321.740838935132	19184.188403084005	-945.780701754386
7321.740838935132	19184.279959508556	-1521.1578947368423
7321.740838935132	19184.371515933104	-1521.1578947368423
7321.740838935132	19184.463072357656	-2186.7061403508774
7321.740838935132	19184.554628782207	-1521.1578947368423
7321.740838935132	19184.646185206755	-1521.1578947368423
7321.740838935132	19184.737741631307	-1521.1578947368423
7321.740838935132	19184.829298055854	-1521.1578947368423
7321.740838935132	19184.920854480406	-1521.1578947368423
7321.740838935132	19185.012410904958	-1984.8947368421054
7321.740838935132	19185.103967329505	-1521.1578947368423
7321.740838935132	19185.195523754057	-1327.9342105263158
7321.740838935132	19185.287080178605	-1521.1578947368423
7321.740838935132	19185.378636603156	-1701.5000000000002
7321.740838935132	19185.470193027704	-1323.640350877193
7321.740838935132	19185.561749452256	-1521.1578947368423
7321.740838935132	19185.653305876807	-1984.8947368421054
7321.740838935132	19185.744862301355	-1984.8947368421054
7321.740838935132	19185.836418725907	-1984.8947368421054
7321.740838935132	19185.927975150455	-1521.1578947368423
7321.740838935132	19186.019531575006	-1740.1447368421054
7321.740838935132	19186.111087999558	-1984.8947368421054
7321.740838935132	19186.202644424106	-1521.1578947368423
7321.740838935132	19186.294200848657	-816.9649122807018
7321.740838935132	19186.385757273205	-1521.1578947368423
7321.740838935132	19186.477313697756	-1521.1578947368423
7321.740838935132	19186.568870122304	-1521.1578947368423
7321.740838935132	19186.660426546856	-1521.1578947368423
7321.740838935132	19186.751982971407	-1521.1578947368423
7321.740838935132	19186.843539395955	-1521.1578947368423
7321.740838935132	19186.935095820507	-1740.1447368421054
7321.740838935132	19187.026652245055	-1740.1447368421054
7321.740838935132	19187.118208669606	-1521.1578947368423
7321.740838935132	19187.209765094158	-2118.004385964912
7321.740838935132	19187.301321518706	-1521.1578947368423
7321.740838935132	19187.392877943257	-1521.1578947368423
7321.740838935132	19187.484434367805	-1521.1578947368423
7321.740838935132	19187.575990792357	-1744.4385964912283
7312.555658019269	19178.603461186456	-1521.1578947368423
7312.555658019269	19178.695017611004	-1521.1578947368423
7312.555658019269	19178.786574035556	-1521.1578947368423
7312.555658019269	19178.878130460103	-1521.1578947368423
7312.555658019269	19178.969686884655	-1521.1578947368423
7312.555658019269	19179.061243309206	-1521.1578947368423
7312.555658019269	19179.152799733754	-1521.1578947368423
7312.555658019269	19179.244356158306	-1521.1578947368423
7312.555658019269	19179.335912582854	-1521.1578947368423
7312.555658019269	19179.427469007405	-1521.1578947368423
7312.555658019269	19179.519025431953	-1521.1578947368423
7312.555658019269	19179.610581856505	-1521.1578947368423
7312.555658019269	19179.702138281056	-1521.1578947368423
7312.555658019269	19179.793694705604	-1521.1578947368423
7312.555658019269	19179.885251130156	-1521.1578947368423
7312.555658019269	19179.976807554704	-1521.1578947368423
7312.555658019269	19180.068363979255	-1521.1578947368423
7312.555658019269	19180.159920403807	-1521.1578947368423
7312.555658019269	19180.251476828354	-911.4298245614036
7312.555658019269	19180.343033252906	-370.40350877192986
7312.555658019269	19180.434589677454	-881.3728070175439
7312.555658019269	19180.526146102005	-881.3728070175439
7312.555658019269	19180.617702526553	-1027.3640350877195
7312.555658019269	19180.709258951105	-1027.3640350877195
7312.555658019269	19180.800815375656	-881.3728070175439
7312.555658019269	19180.892371800204	-885.6666666666667
7312.555658019269	19180.983928224756	-692.4429824561404
7312.555658019269	19181.075484649304	-404.75438596491233
7312.555658019269	19181.167041073855	-877.0789473684212
7312.555658019269	19181.258597498407	-907.1359649122808
7312.555658019269	19181.350153922955	-1001.6008771929825
7312.555658019269	19181.441710347506	-1040.2456140350878
7312.555658019269	19181.533266772054	-1018.7763157894738
7312.555658019269	19181.624823196606	-1096.0657894736842
7312.555658019269	19181.716379621153	-1078.8903508771932
7312.555658019269	19181.807936045705	-885.6666666666667
7312.555658019269	19181.899492470257	-1121.8289473684213
7312.555658019269	19181.991048894804	-1156.1798245614036
7312.555658019269	19182.082605319356	-1177.6491228070176
7312.555658019269	19182.174161743904	-881.3728070175439
7312.555658019269	19182.265718168455	-1237.7631578947369
7312.555658019269	19182.357274593007	-1233.469298245614
7312.555658019269	19182.448831017555	-1237.7631578947369
7312.555658019269	19182.540387442106	-1267.8201754385966
7312.555658019269	19182.631943866654	-1302.171052631579
7312.555658019269	19182.723500291206	-1276.407894736842
7312.555658019269	19182.815056715757	-2186.7061403508774
7312.555658019269	19182.906613140305	-2178.1184210526317
7312.555658019269	19182.998169564857	-1521.1578947368423
7312.555658019269	19183.089725989405	-2191.0
7312.555658019269	19183.181282413956	-2186.7061403508774
7312.555658019269	19183.272838838504	-1521.1578947368423
7312.555658019269	19183.364395263055	-1521.1578947368423
7312.555658019269	19183.455951687607	-1521.1578947368423
7312.555658019269	19183.547508112155	-1521.1578947368423
7312.555658019269	19183.639064536706	-2178.1184210526317
7312.555658019269	19183.730620961254	-1521.1578947368423
7312.555658019269	19183.822177385806	-1984.8947368421054
7312.555658019269	19183.913733810357	-1984.8947368421054
7312.555658019269	19184.005290234905	-1521.1578947368423
7312.555658019269	19184.096846659457	-1521.1578947368423
7312.555658019269	19184.188403084005	-1521.1578947368423
7312.555658019269	19184.279959508556	-1521.1578947368423
7312.555658019269	19184.371515933104	-1521.1578947368423
7312.555658019269	19184.463072357656	-1521.1578947368423
7312.555658019269	19184.554628782207	-1521.1578947368423
7312.555658019269	19184.646185206755	-1521.1578947368423
7312.555658019269	19184.737741631307	-1521.1578947368423
7312.555658019269	19184.829298055854	-1521.1578947368423
7312.555658019269	19184.920854480406	-851.3157894736843
7312.555658019269	19185.012410904958	-2178.1184210526317
7312.555658019269	19185.103967329505	-1327.9342105263158
7312.555658019269	19185.195523754057	-1521.1578947368423
7312.555658019269	19185.287080178605	-1529.7456140350878
7312.555658019269	19185.378636603156	-1984.8947368421054
7312.555658019269	19185.470193027704	-1323.640350877193
7312.555658019269	19185.561749452256	-1521.1578947368423
7312.555658019269	19185.653305876807	-1521.1578947368423
7312.555658019269	19185.744862301355	-1521.1578947368423
7312.555658019269	19185.836418725907	-1521.1578947368423
7312.555658019269	19185.927975150455	-1521.1578947368423
7312.555658019269	19186.019531575006	-1521.1578947368423
7312.555658019269	19186.111087999558	-1521.1578947368423
7312.555658019269	19186.202644424106	-1323.640350877193
7312.555658019269	19186.294200848657	-1744.4385964912283
7312.555658019269	19186.385757273205	-1521.1578947368423
7312.555658019269	19186.477313697756	-2186.7061403508774
7312.555658019269	19186.568870122304	-1984.8947368421054
7312.555658019269	19186.660426546856	-1521.1578947368423
7312.555658019269	19186.751982971407	-1740.1447368421054
7312.555658019269	19186.843539395955	-1521.1578947368423
7312.555658019269	19186.935095820507	-1521.1578947368423
7312.555658019269	19187.026652245055	-1521.1578947368423
7312.555658019269	19187.118208669606	-1521.1578947368423
7312.555658019269	19187.209765094158	-1521.1578947368423
7312.555658019269	19187.301321518706	-1521.1578947368423
7312.555658019269	19187.392877943257	-1744.4385964912283
7312.555658019269	19187.484434367805	-1521.1578947368423
7312.555658019269	19187.575990792357	-1521.1578947368423
7303.3704771034045	19178.603461186456	-1521.1578947368423
7303.3704771034045	19178.695017611004	-1521.1578947368423
7303.3704771034045	19178.786574035556	-1521.1578947368423
7303.3704771034045	19178.878130460103	-1521.1578947368423
7303.3704771034045	19178.969686884655	-1521.1578947368423
7303.3704771034045	19179.061243309206	-1521.1578947368423
7303.3704771034045	19179.152799733754	-1521.1578947368423
7303.3704771034045	19179.244356158306	-1521.1578947368423
7303.3704771034045	19179.335912582854	-1521.1578947368423
7303.3704771034045	19179.427469007405	-1521.1578947368423
7303.3704771034045	19179.519025431953	-1521.1578947368423
7303.3704771034045	19179.610581856505	-1521.1578947368423
7303.3704771034045	19179.702138281056	-1521.1578947368423
7303.3704771034045	19179.793694705604	-1521.1578947368423
7303.3704771034045	19179.885251130156	-1521.1578947368423
7303.3704771034045	19179.976807554704	-1521.1578947368423
7303.3704771034045	19180.068363979255	-1521.1578947368423
7303.3704771034045	19180.159920403807	-2178.1184210526317
7303.3704771034045	19180.251476828354	-739.6754385964913
7303.3704771034045	19180.343033252906	-1005.8947368421053
7303.3704771034045	19180.434589677454	-993.0131578947369
7303.3704771034045	19180.526146102005	-885.6666666666667
7303.3704771034045	19180.617702526553	-881.3728070175439
7303.3704771034045	19180.709258951105	-1035.951754385965
7303.3704771034045	19180.800815375656	-1014.4824561403509
7303.3704771034045	19180.892371800204	-993.0131578947369
7303.3704771034045	19180.983928224756	-868.4912280701755
7303.3704771034045	19181.075484649304	-881.3728070175439
7303.3704771034045	19181.167041073855	-945.780701754386
7303.3704771034045	19181.258597498407	-692.4429824561404
7303.3704771034045	19181.350153922955	-520.688596491228
7303.3704771034045	19181.441710347506	-1074.5964912280701
7303.3704771034045	19181.533266772054	-885.6666666666667
7303.3704771034045	19181.624823196606	-1066.0087719298247
7303.3704771034045	19181.716379621153	-1066.0087719298247
7303.3704771034045	19181.807936045705	-885.6666666666667
7303.3704771034045	19181.899492470257	-1139.0043859649122
7303.3704771034045	19181.991048894804	-1151.8859649122808
7303.3704771034045	19182.082605319356	-1199.1184210526317
7303.3704771034045	19182.174161743904	-885.6666666666667
7303.3704771034045	19182.265718168455	-881.3728070175439
7303.3704771034045	19182.357274593007	-1233.469298245614
7303.3704771034045	19182.448831017555	-1293.5833333333335
7303.3704771034045	19182.540387442106	-1284.9956140350878
7303.3704771034045	19182.631943866654	-2186.7061403508774
7303.3704771034045	19182.723500291206	-2186.7061403508774
7303.3704771034045	19182.815056715757	-1521.1578947368423
7303.3704771034045	19182.906613140305	-314.58333333333337
7303.3704771034045	19182.998169564857	-748.2631578947369
7303.3704771034045	19183.089725989405	-2178.1184210526317
7303.3704771034045	19183.181282413956	-1323.640350877193
7303.3704771034045	19183.272838838504	-2186.7061403508774
7303.3704771034045	19183.364395263055	-1744.4385964912283
7303.3704771034045	19183.455951687607	-1521.1578947368423
7303.3704771034045	19183.547508112155	-2191.0
7303.3704771034045	19183.639064536706	-1521.1578947368423
7303.3704771034045	19183.730620961254	-1744.4385964912283
7303.3704771034045	19183.822177385806	-1521.1578947368423
7303.3704771034045	19183.913733810357	-2083.6535087719303
7303.3704771034045	19184.005290234905	-1521.1578947368423
7303.3704771034045	19184.096846659457	-1521.1578947368423
7303.3704771034045	19184.188403084005	-1521.1578947368423
7303.3704771034045	19184.279959508556	-1521.1578947368423
7303.3704771034045	19184.371515933104	-1521.1578947368423
7303.3704771034045	19184.463072357656	-1521.1578947368423
7303.3704771034045	19184.554628782207	-1521.1578947368423
7303.3704771034045	19184.646185206755	-1521.1578947368423
7303.3704771034045	19184.737741631307	-1521.1578947368423
7303.3704771034045	19184.829298055854	-1521.1578947368423
7303.3704771034045	19184.920854480406	-1521.1578947368423
7303.3704771034045	19185.012410904958	-993.0131578947369
7303.3704771034045	19185.103967329505	-1521.1578947368423
7303.3704771034045	19185.195523754057	-1521.1578947368423
7303.3704771034045	19185.287080178605	-1521.1578947368423
7303.3704771034045	19185.378636603156	-1984.8947368421054
7303.3704771034045	19185.470193027704	-1521.1578947368423
7303.3704771034045	19185.561749452256	-1984.8947368421054
7303.3704771034045	19185.653305876807	-2186.7061403508774
7303.3704771034045	19185.744862301355	-1521.1578947368423
7303.3704771034045	19185.836418725907	-1521.1578947368423
7303.3704771034045	19185.927975150455	-1521.1578947368423
7303.3704771034045	19186.019531575006	-1521.1578947368423
7303.3704771034045	19186.111087999558	-1740.1447368421054
7303.3704771034045	19186.202644424106	-1744.4385964912283
7303.3704771034045	19186.294200848657	-1740.1447368421054
7303.3704771034045	19186.385757273205	-1521.1578947368423
7303.3704771034045	19186.477313697756	-1521.1578947368423
7303.3704771034045	19186.568870122304	-1984.8947368421054
7303.3704771034045	19186.660426546856	-645.2105263157895
7303.3704771034045	19186.751982971407	-1744.4385964912283
7303.3704771034045	19186.843539395955	-1740.1447368421054
7303.3704771034045	19186.935095820507	-1521.1578947368423
7303.3704771034045	19187.026652245055	-1521.1578947368423
7303.3704771034045	19187.118208669606	-1521.1578947368423
7303.3704771034045	19187.209765094158	-1521.1578947368423
7303.3704771034045	19187.301321518706	-1744.4385964912283
7303.3704771034045	19187.392877943257	-1521.1578947368423
7303.3704771034045	19187.484434367805	-1521.1578947368423
7303.3704771034045	19187.575990792357	-1521.1578947368423
7294.185296187541	19178.603461186456	-1521.1578947368423
7294.185296187541	19178.695017611004	-1521.1578947368423
7294.185296187541	19178.786574035556	-1521.1578947368423
7294.185296187541	19178.878130460103	-1521.1578947368423
7294.185296187541	19178.969686884655	-1521.1578947368423
7294.185296187541	19179.061243309206	-1521.1578947368423
7294.185296187541	19179.152799733754	-1521.1578947368423
7294.185296187541	19179.244356158306	-1521.1578947368423
7294.185296187541	19179.335912582854	-1521.1578947368423
7294.185296187541	19179.427469007405	-1521.1578947368423
7294.185296187541	19179.519025431953	-1521.1578947368423
7294.185296187541	19179.610581856505	-1521.1578947368423
7294.185296187541	19179.702138281056	-1521.1578947368423
7294.185296187541	19179.793694705604	-1521.1578947368423
7294.185296187541	19179.885251130156	-1521.1578947368423
7294.185296187541	19179.976807554704	-1521.1578947368423
7294.185296187541	19180.068363979255	-1521.1578947368423
7294.185296187541	19180.159920403807	-928.6052631578948
7294.185296187541	19180.251476828354	-666.6798245614036
7294.185296187541	19180.343033252906	-885.6666666666667
7294.185296187541	19180.434589677454	-361.8157894736842
7294.185296187541	19180.526146102005	-1031.657894736842
7294.185296187541	19180.617702526553	-1005.8947368421053
7294.185296187541	19180.709258951105	-885.6666666666667
7294.185296187541	19180.800815375656	-1040.2456140350878
7294.185296187541	19180.892371800204	-340.3464912280702
7294.185296187541	19180.983928224756	-482.04385964912285
7294.185296187541	19181.075484649304	-765.4385964912282
7294.185296187541	19181.167041073855	-1005.8947368421053
7294.185296187541	19181.258597498407	-993.0131578947369
7294.185296187541	19181.350153922955	-1066.0087719298247
7294.185296187541	19181.441710347506	-1040.2456140350878
7294.185296187541	19181.533266772054	-1023.0701754385966
7294.185296187541	19181.624823196606	-1096.0657894736842
7294.185296187541	19181.716379621153	-1108.9473684210527
7294.185296187541	19181.807936045705	-1130.4166666666667
7294.185296187541	19181.899492470257	-1164.7675438596493
7294.185296187541	19181.991048894804	-1181.9429824561403
7294.185296187541	19182.082605319356	-1212.0
7294.185296187541	19182.174161743904	-1212.0
7294.185296187541	19182.265718168455	-1233.469298245614
7294.185296187541	19182.357274593007	-1276.407894736842
7294.185296187541	19182.448831017555	-829.8464912280702
7294.185296187541	19182.540387442106	-1297.8771929824563
7294.185296187541	19182.631943866654	-1293.5833333333335
7294.185296187541	19182.723500291206	-494.92543859649123
7294.185296187541	19182.815056715757	-383.28508771929825
7294.185296187541	19182.906613140305	-1272.1140350877195
7294.185296187541	19182.998169564857	-2186.7061403508774
7294.185296187541	19183.089725989405	-1701.5000000000002
7294.185296187541	19183.181282413956	-1327.9342105263158
7294.185296187541	19183.272838838504	-2186.7061403508774
7294.185296187541	19183.364395263055	-1521.1578947368423
7294.185296187541	19183.455951687607	-2083.6535087719303
7294.185296187541	19183.547508112155	-1899.0175438596493
7294.185296187541	19183.639064536706	-1297.8771929824563
7294.185296187541	19183.730620961254	-1521.1578947368423
7294.185296187541	19183.822177385806	-1899.0175438596493
7294.185296187541	19183.913733810357	-1521.1578947368423
7294.185296187541	19184.005290234905	-1984.8947368421054
7294.185296187541	19184.096846659457	-945.780701754386
7294.185296187541	19184.188403084005	-1521.1578947368423
7294.185296187541	19184.279959508556	-1521.1578947368423
7294.185296187541	19184.371515933104	-1521.1578947368423
7294.185296187541	19184.463072357656	-1521.1578947368423
7294.185296187541	19184.554628782207	-1984.8947368421054
7294.185296187541	19184.646185206755	-1521.1578947368423
7294.185296187541	19184.737741631307	-1521.1578947368423
7294.185296187541	19184.829298055854	-1521.1578947368423
7294.185296187541	19184.920854480406	-2191.0
7294.185296187541	19185.012410904958	-1521.1578947368423
7294.185296187541	19185.103967329505	-1323.640350877193
7294.185296187541	19185.195523754057	-1521.1578947368423
7294.185296187541	19185.287080178605	-1521.1578947368423
7294.185296187541	19185.378636603156	-1521.1578947368423
7294.185296187541	19185.470193027704	-1984.8947368421054
7294.185296187541	19185.561749452256	-1521.1578947368423
7294.185296187541	19185.653305876807	-1521.1578947368423
7294.185296187541	19185.744862301355	-2186.7061403508774
7294.185296187541	19185.836418725907	-1521.1578947368423
7294.185296187541	19185.927975150455	-1521.1578947368423
7294.185296187541	19186.019531575006	-1740.1447368421054
7294.185296187541	19186.111087999558	-1521.1578947368423
7294.185296187541	19186.202644424106	-1521.1578947368423
7294.185296187541	19186.294200848657	-1984.8947368421054
7294.185296187541	19186.385757273205	-1521.1578947368423
7294.185296187541	19186.477313697756	-1302.171052631579
7294.185296187541	19186.568870122304	-1521.1578947368423
7294.185296187541	19186.660426546856	-1740.1447368421054
7294.185296187541	19186.751982971407	-1521.1578947368423
7294.185296187541	19186.843539395955	-1521.1578947368423
7294.185296187541	19186.935095820507	-1521.1578947368423
7294.185296187541	19187.026652245055	-1984.8947368421054
7294.185296187541	19187.118208669606	-1521.1578947368423
7294.185296187541	19187.209765094158	-1984.8947368421054
7294.185296187541	19187.301321518706	-1521.1578947368423
7294.185296187541	19187.392877943257	-1521.1578947368423
7294.185296187541	19187.484434367805	-1521.1578947368423
7294.185296187541	19187.575990792357	-1521.1578947368423
7285.000115271677	19178.603461186456	-1521.1578947368423
7285.000115271677	19178.695017611004	-1521.1578947368423
7285.000115271677	19178.786574035556	-1521.1578947368423
7285.000115271677	19178.878130460103	-1521.1578947368423
7285.000115271677	19178.969686884655	-1521.1578947368423
7285.000115271677	19179.061243309206	-1521.1578947368423
7285.000115271677	19179.152799733754	-1521.1578947368423
7285.000115271677	19179.244356158306	-1521.1578947368423
7285.000115271677	19179.335912582854	-1521.1578947368423
7285.000115271677	19179.427469007405	-1521.1578947368423
7285.000115271677	19179.519025431953	-1521.1578947368423
7285.000115271677	19179.610581856505	-1521.1578947368423
7285.000115271677	19179.702138281056	-1521.1578947368423
7285.000115271677	19179.793694705604	-1521.1578947368423
7285.000115271677	19179.885251130156	-1521.1578947368423
7285.000115271677	19179.976807554704	-1984.8947368421054
7285.000115271677	19180.068363979255	-885.6666666666667
7285.000115271677	19180.159920403807	-885.6666666666667
7285.000115271677	19180.251476828354	-1040.2456140350878
7285.000115271677	19180.343033252906	-993.0131578947369
7285.000115271677	19180.434589677454	-1053.127192982456
7285.000115271677	19180.526146102005	-1040.2456140350878
7285.000115271677	19180.617702526553	-885.6666666666667
7285.000115271677	19180.709258951105	-722.5
7285.000115271677	19180.800815375656	-482.04385964912285
7285.000115271677	19180.892371800204	-692.4429824561404
7285.000115271677	19180.983928224756	-855.609649122807
7285.000115271677	19181.075484649304	-881.3728070175439
7285.000115271677	19181.167041073855	-761.1447368421053
7285.000115271677	19181.258597498407	-348.9342105263158
7285.000115271677	19181.350153922955	-1027.3640350877195
7285.000115271677	19181.441710347506	-1104.6535087719299
7285.000115271677	19181.533266772054	-1078.8903508771932
7285.000115271677	19181.624823196606	-1117.5350877192982
7285.000115271677	19181.716379621153	-1147.592105263158
7285.000115271677	19181.807936045705	-1156.1798245614036
7285.000115271677	19181.899492470257	-1181.9429824561403
7285.000115271677	19181.991048894804	-1199.1184210526317
7285.000115271677	19182.082605319356	-1224.8815789473686
7285.000115271677	19182.174161743904	-1229.1754385964914
7285.000115271677	19182.265718168455	-1263.5263157894738
7285.000115271677	19182.357274593007	-808.3771929824562
7285.000115271677	19182.448831017555	-1297.8771929824563
7285.000115271677	19182.540387442106	-658.0921052631579
7285.000115271677	19182.631943866654	-494.92543859649123
7285.000115271677	19182.723500291206	-383.28508771929825
7285.000115271677	19182.815056715757	-816.9649122807018
7285.000115271677	19182.906613140305	-984.4254385964913
7285.000115271677	19182.998169564857	-2186.7061403508774
7285.000115271677	19183.089725989405	-1521.1578947368423
7285.000115271677	19183.181282413956	-1521.1578947368423
7285.000115271677	19183.272838838504	-2186.7061403508774
7285.000115271677	19183.364395263055	-1740.1447368421054
7285.000115271677	19183.455951687607	-1521.1578947368423
7285.000115271677	19183.547508112155	-1521.1578947368423
7285.000115271677	19183.639064536706	-1984.8947368421054
7285.000115271677	19183.730620961254	-1521.1578947368423
7285.000115271677	19183.822177385806	-2186.7061403508774
7285.000115271677	19183.913733810357	-1521.1578947368423
7285.000115271677	19184.005290234905	-816.9649122807018
7285.000115271677	19184.096846659457	-1521.1578947368423
7285.000115271677	19184.188403084005	-2186.7061403508774
7285.000115271677	19184.279959508556	-1521.1578947368423
7285.000115271677	19184.371515933104	-1521.1578947368423
7285.000115271677	19184.463072357656	-1521.1578947368423
7285.000115271677	19184.554628782207	-1521.1578947368423
7285.000115271677	19184.646185206755	-2186.7061403508774
7285.000115271677	19184.737741631307	-1521.1578947368423
7285.000115271677	19184.829298055854	-1984.8947368421054
7285.000115271677	19184.920854480406	-1521.1578947368423
7285.000115271677	19185.012410904958	-1529.7456140350878
7285.000115271677	19185.103967329505	-1521.1578947368423
7285.000115271677	19185.195523754057	-1984.8947368421054
7285.000115271677	19185.287080178605	-1521.1578947368423
7285.000115271677	19185.378636603156	-1984.8947368421054
7285.000115271677	19185.470193027704	-2178.1184210526317
7285.000115271677	19185.561749452256	-1521.1578947368423
7285.000115271677	19185.653305876807	-2178.1184210526317
7285.000115271677	19185.744862301355	-1521.1578947368423
7285.000115271677	19185.836418725907	-1984.8947368421054
7285.000115271677	19185.927975150455	-1521.1578947368423
7285.000115271677	19186.019531575006	-1744.4385964912283
7285.000115271677	19186.111087999558	-1306.4649122807018
7285.000115271677	19186.202644424106	-1521.1578947368423
7285.000115271677	19186.294200848657	-1740.1447368421054
7285.000115271677	19186.385757273205	-1306.4649122807018
7285.000115271677	19186.477313697756	-868.4912280701755
7285.000115271677	19186.568870122304	-1284.9956140350878
7285.000115271677	19186.660426546856	-1899.0175438596493
7285.000115271677	19186.751982971407	-1521.1578947368423
7285.000115271677	19186.843539395955	-1521.1578947368423
7285.000115271677	19186.935095820507	-1521.1578947368423
7285.000115271677	19187.026652245055	-1521.1578947368423
7285.000115271677	19187.118208669606	-1744.4385964912283
7285.000115271677	19187.209765094158	-1740.1447368421054
7285.000115271677	19187.301321518706	-1521.1578947368423
7285.000115271677	19187.392877943257	-1521.1578947368423
7285.000115271677	19187.484434367805	-1521.1578947368423
7285.000115271677	19187.575990792357	-1521.1578947368423
7275.814934355813	19178.603461186456	-1521.1578947368423
7275.814934355813	19178.695017611004	-1521.1578947368423
7275.814934355813	19178.786574035556	-1521.1578947368423
7275.814934355813	19178.878130460103	-1521.1578947368423
7275.814934355813	19178.969686884655	-1521.1578947368423
7275.814934355813	19179.061243309206	-1521.1578947368423
7275.814934355813	19179.152799733754	-1521.1578947368423
7275.814934355813	19179.244356158306	-1521.1578947368423
7275.814934355813	19179.335912582854	-1521.1578947368423
7275.814934355813	19179.427469007405	-1521.1578947368423
7275.814934355813	19179.519025431953	-1521.1578947368423
7275.814934355813	19179.610581856505	-1521.1578947368423
7275.814934355813	19179.702138281056	-1521.1578947368423
7275.814934355813	19179.793694705604	-1521.1578947368423
7275.814934355813	19179.885251130156	-1521.1578947368423
7275.814934355813	19179.976807554704	-885.6666666666667
7275.814934355813	19180.068363979255	-417.6359649122807
7275.814934355813	19180.159920403807	-885.6666666666667
7275.814934355813	19180.251476828354	-1044.5394736842106
7275.814934355813	19180.343033252906	-993.0131578947369
7275.814934355813	19180.434589677454	-937.1929824561404
7275.814934355813	19180.526146102005	-885.6666666666667
7275.814934355813	19180.617702526553	-885.6666666666667
7275.814934355813	19180.709258951105	-881.3728070175439
7275.814934355813	19180.800815375656	-885.6666666666667
7275.814934355813	19180.892371800204	-881.3728070175439
7275.814934355813	19180.983928224756	-855.609649122807
7275.814934355813	19181.075484649304	-675.2675438596491
7275.814934355813	19181.167041073855	-967.2500000000001
7275.814934355813	19181.258597498407	-881.3728070175439
7275.814934355813	19181.350153922955	-1087.4780701754387
7275.814934355813	19181.441710347506	-1083.1842105263158
7275.814934355813	19181.533266772054	-1117.5350877192982
7275.814934355813	19181.624823196606	-1139.0043859649122
7275.814934355813	19181.716379621153	-1164.7675438596493
7275.814934355813	19181.807936045705	-1156.1798245614036
7275.814934355813	19181.899492470257	-1199.1184210526317
7275.814934355813	19181.991048894804	-1212.0
7275.814934355813	19182.082605319356	-1242.0570175438597
7275.814934355813	19182.174161743904	-1267.8201754385966
7275.814934355813	19182.265718168455	-1276.407894736842
7275.814934355813	19182.357274593007	-2178.1184210526317
7275.814934355813	19182.448831017555	-2178.1184210526317
7275.814934355813	19182.540387442106	-1521.1578947368423
7275.814934355813	19182.631943866654	-2178.1184210526317
7275.814934355813	19182.723500291206	-2191.0
7275.814934355813	19182.815056715757	-2178.1184210526317
7275.814934355813	19182.906613140305	-1744.4385964912283
7275.814934355813	19182.998169564857	-2178.1184210526317
7275.814934355813	19183.089725989405	-1521.1578947368423
7275.814934355813	19183.181282413956	-1521.1578947368423
7275.814934355813	19183.272838838504	-1521.1578947368423
7275.814934355813	19183.364395263055	-1984.8947368421054
7275.814934355813	19183.455951687607	-945.780701754386
7275.814934355813	19183.547508112155	-1984.8947368421054
7275.814934355813	19183.639064536706	-1521.1578947368423
7275.814934355813	19183.730620961254	-1272.1140350877195
7275.814934355813	19183.822177385806	-1521.1578947368423
7275.814934355813	19183.913733810357	-1521.1578947368423
7275.814934355813	19184.005290234905	-1521.1578947368423
7275.814934355813	19184.096846659457	-1701.5000000000002
7275.814934355813	19184.188403084005	-1521.1578947368423
7275.814934355813	19184.279959508556	-1521.1578947368423
7275.814934355813	19184.371515933104	-1521.1578947368423
7275.814934355813	19184.463072357656	-1521.1578947368423
7275.814934355813	19184.554628782207	-1521.1578947368423
7275.814934355813	19184.646185206755	-1521.1578947368423
7275.814934355813	19184.737741631307	-2178.1184210526317
7275.814934355813	19184.829298055854	-1521.1578947368423
7275.814934355813	19184.920854480406	-1521.1578947368423
7275.814934355813	19185.012410904958	-1521.1578947368423
7275.814934355813	19185.103967329505	-1521.1578947368423
7275.814934355813	19185.195523754057	-1521.1578947368423
7275.814934355813	19185.287080178605	-1984.8947368421054
7275.814934355813	19185.378636603156	-1521.1578947368423
7275.814934355813	19185.470193027704	-1521.1578947368423
7275.814934355813	19185.561749452256	-2178.1184210526317
7275.814934355813	19185.653305876807	-1521.1578947368423
7275.814934355813	19185.744862301355	-1521.1578947368423
7275.814934355813	19185.836418725907	-1297.8771929824563
7275.814934355813	19185.927975150455	-1744.4385964912283
7275.814934355813	19186.019531575006	-1521.1578947368423
7275.814934355813	19186.111087999558	-1984.8947368421054
7275.814934355813	19186.202644424106	-1740.1447368421054
7275.814934355813	19186.294200848657	-2186.7061403508774
7275.814934355813	19186.385757273205	-1740.1447368421054
7275.814934355813	19186.477313697756	-1740.1447368421054
7275.814934355813	19186.568870122304	-1521.1578947368423
7275.814934355813	19186.660426546856	-1302.171052631579
7275.814934355813	19186.751982971407	-735.3815789473684
7275.814934355813	19186.843539395955	-855.609649122807
7275.814934355813	19186.935095820507	-1521.1578947368423
7275.814934355813	19187.026652245055	-1899.0175438596493
7275.814934355813	19187.118208669606	-383.28508771929825
7275.814934355813	19187.209765094158	-1521.1578947368423
7275.814934355813	19187.301321518706	-1521.1578947368423
7275.814934355813	19187.392877943257	-1521.1578947368423
7275.814934355813	19187.484434367805	-1521.1578947368423
7275.814934355813	19187.575990792357	-670.9736842105264
7266.629753439949	19178.603461186456	-1521.1578947368423
7266.629753439949	19178.695017611004	-1521.1578947368423
7266.629753439949	19178.786574035556	-1521.1578947368423
7266.629753439949	19178.878130460103	-1521.1578947368423
7266.629753439949	19178.969686884655	-1521.1578947368423
7266.629753439949	19179.061243309206	-1521.1578947368423
7266.629753439949	19179.152799733754	-1521.1578947368423
7266.629753439949	19179.244356158306	-1521.1578947368423
7266.629753439949	19179.335912582854	-1521.1578947368423
7266.629753439949	19179.427469007405	-1521.1578947368423
7266.629753439949	19179.519025431953	-1521.1578947368423
7266.629753439949	19179.610581856505	-1521.1578947368423
7266.629753439949	19179.702138281056	-1521.1578947368423
7266.629753439949	19179.793694705604	-1521.1578947368423
7266.629753439949	19179.885251130156	-1521.1578947368423
7266.629753439949	19179.976807554704	-993.0131578947369
7266.629753439949	19180.068363979255	-975.8377192982457
7266.629753439949	19180.159920403807	-1018.7763157894738
7266.629753439949	19180.251476828354	-1035.951754385965
7266.629753439949	19180.343033252906	-993.0131578947369
7266.629753439949	19180.434589677454	-1018.7763157894738
7266.629753439949	19180.526146102005	-1040.2456140350878
7266.629753439949	19180.617702526553	-945.780701754386
7266.629753439949	19180.709258951105	-881.3728070175439
7266.629753439949	19180.800815375656	-984.4254385964913
7266.629753439949	19180.892371800204	-881.3728070175439
7266.629753439949	19180.983928224756	-524.9824561403509
7266.629753439949	19181.075484649304	-1031.657894736842
7266.629753439949	19181.167041073855	-1040.2456140350878
7266.629753439949	19181.258597498407	-1027.3640350877195
7266.629753439949	19181.350153922955	-1057.421052631579
7266.629753439949	19181.441710347506	-1117.5350877192982
7266.629753439949	19181.533266772054	-1130.4166666666667
7266.629753439949	19181.624823196606	-1143.2982456140353
7266.629753439949	19181.716379621153	-1207.7061403508774
7266.629753439949	19181.807936045705	-1220.5877192982457
7266.629753439949	19181.899492470257	-1199.1184210526317
7266.629753439949	19181.991048894804	-1242.0570175438597
7266.629753439949	19182.082605319356	-1250.6447368421054
7266.629753439949	19182.174161743904	-1276.407894736842
7266.629753439949	19182.265718168455	-1302.171052631579
7266.629753439949	19182.357274593007	-1319.3464912280704
7266.629753439949	19182.448831017555	-1521.1578947368423
7266.629753439949	19182.540387442106	-1984.8947368421054
7266.629753439949	19182.631943866654	-2118.004385964912
7266.629753439949	19182.723500291206	-1327.9342105263158
7266.629753439949	19182.815056715757	-1521.1578947368423
7266.629753439949	19182.906613140305	-2178.1184210526317
7266.629753439949	19182.998169564857	-1521.1578947368423
7266.629753439949	19183.089725989405	-1521.1578947368423
7266.629753439949	19183.181282413956	-2083.6535087719303
7266.629753439949	19183.272838838504	-1899.0175438596493
7266.629753439949	19183.364395263055	-2178.1184210526317
7266.629753439949	19183.455951687607	-1521.1578947368423
7266.629753439949	19183.547508112155	-1521.1578947368423
7266.629753439949	19183.639064536706	-1521.1578947368423
7266.629753439949	19183.730620961254	-1521.1578947368423
7266.629753439949	19183.822177385806	-1521.1578947368423
7266.629753439949	19183.913733810357	-1521.1578947368423
7266.629753439949	19184.005290234905	-1521.1578947368423
7266.629753439949	19184.096846659457	-1521.1578947368423
7266.629753439949	19184.188403084005	-1521.1578947368423
7266.629753439949	19184.279959508556	-2178.1184210526317
7266.629753439949	19184.371515933104	-1521.1578947368423
7266.629753439949	19184.463072357656	-2083.6535087719303
7266.629753439949	19184.554628782207	-1521.1578947368423
7266.629753439949	19184.646185206755	-834.140350877193
7266.629753439949	19184.737741631307	-1521.1578947368423
7266.629753439949	19184.829298055854	-1521.1578947368423
7266.629753439949	19184.920854480406	-1521.1578947368423
7266.629753439949	19185.012410904958	-2178.1184210526317
7266.629753439949	19185.103967329505	-1521.1578947368423
7266.629753439949	19185.195523754057	-1521.1578947368423
7266.629753439949	19185.287080178605	-1521.1578947368423
7266.629753439949	19185.378636603156	-1521.1578947368423
7266.629753439949	19185.470193027704	-1521.1578947368423
7266.629753439949	19185.561749452256	-1521.1578947368423
7266.629753439949	19185.653305876807	-1984.8947368421054
7266.629753439949	19185.744862301355	-1521.1578947368423
7266.629753439949	19185.836418725907	-1521.1578947368423
7266.629753439949	19185.927975150455	-1306.4649122807018
7266.629753439949	19186.019531575006	-1521.1578947368423
7266.629753439949	19186.111087999558	-1740.1447368421054
7266.629753439949	19186.202644424106	-1521.1578947368423
7266.629753439949	19186.294200848657	-1740.1447368421054
7266.629753439949	19186.385757273205	-1521.1578947368423
7266.629753439949	19186.477313697756	-1521.1578947368423
7266.629753439949	19186.568870122304	-1521.1578947368423
7266.629753439949	19186.660426546856	-1521.1578947368423
7266.629753439949	19186.751982971407	-1521.1578947368423
7266.629753439949	19186.843539395955	-1521.1578947368423
7266.629753439949	19186.935095820507	-834.140350877193
7266.629753439949	19187.026652245055	-1250.6447368421054
7266.629753439949	19187.118208669606	-692.4429824561404
7266.629753439949	19187.209765094158	-872.7850877192983
7266.629753439949	19187.301321518706	-872.7850877192983
7266.629753439949	19187.392877943257	-2191.0
7266.629753439949	19187.484434367805	-1302.171052631579
7266.629753439949	19187.575990792357	-2083.6535087719303
7257.444572524086	19178.603461186456	-1521.1578947368423
7257.444572524086	19178.695017611004	-1521.1578947368423
7257.444572524086	19178.786574035556	-1521.1578947368423
7257.444572524086	19178.878130460103	-1521.1578947368423
7257.444572524086	19178.969686884655	-1521.1578947368423
7257.444572524086	19179.061243309206	-1521.1578947368423
7257.444572524086	19179.152799733754	-1521.1578947368423
7257.444572524086	19179.244356158306	-1521.1578947368423
7257.444572524086	19179.335912582854	-1521.1578947368423
7257.444572524086	19179.427469007405	-1521.1578947368423
7257.444572524086	19179.519025431953	-1521.1578947368423
7257.444572524086	19179.610581856505	-1521.1578947368423
7257.444572524086	19179.702138281056	-1521.1578947368423
7257.444572524086	19179.793694705604	-1521.1578947368423
7257.444572524086	19179.885251130156	-885.6666666666667
7257.444572524086	19179.976807554704	-396.1666666666667
7257.444572524086	19180.068363979255	-885.6666666666667
7257.444572524086	19180.159920403807	-1018.7763157894738
7257.444572524086	19180.251476828354	-1005.8947368421053
7257.444572524086	19180.343033252906	-537.8640350877193
7257.444572524086	19180.434589677454	-1014.4824561403509
7257.444572524086	19180.526146102005	-993.0131578947369
7257.444572524086	19180.617702526553	-881.3728070175439
7257.444572524086	19180.709258951105	-705.3245614035088
7257.444572524086	19180.800815375656	-881.3728070175439
7257.444572524086	19180.892371800204	-1040.2456140350878
7257.444572524086	19180.983928224756	-881.3728070175439
7257.444572524086	19181.075484649304	-975.8377192982457
7257.444572524086	19181.167041073855	-1014.4824561403509
7257.444572524086	19181.258597498407	-1061.7149122807018
7257.444572524086	19181.350153922955	-885.6666666666667
7257.444572524086	19181.441710347506	-1126.122807017544
7257.444572524086	19181.533266772054	-1151.8859649122808
7257.444572524086	19181.624823196606	-1181.9429824561403
7257.444572524086	19181.716379621153	-868.4912280701755
7257.444572524086	19181.807936045705	-1220.5877192982457
7257.444572524086	19181.899492470257	-1242.0570175438597
7257.444572524086	19181.991048894804	-1250.6447368421054
7257.444572524086	19182.082605319356	-1254.938596491228
7257.444572524086	19182.174161743904	-2178.1184210526317
7257.444572524086	19182.265718168455	-1302.171052631579
7257.444572524086	19182.357274593007	-1521.1578947368423
7257.444572524086	19182.448831017555	-1521.1578947368423
7257.444572524086	19182.540387442106	-1521.1578947368423
7257.444572524086	19182.631943866654	-2083.6535087719303
7257.444572524086	19182.723500291206	-1701.5000000000002
7257.444572524086	19182.815056715757	-1521.1578947368423
7257.444572524086	19182.906613140305	-1521.1578947368423
7257.444572524086	19182.998169564857	-2118.004385964912
7257.444572524086	19183.089725989405	-1521.1578947368423
7257.444572524086	19183.181282413956	-2186.7061403508774
7257.444572524086	19183.272838838504	-1323.640350877193
7257.444572524086	19183.364395263055	-1984.8947368421054
7257.444572524086	19183.455951687607	-1521.1578947368423
7257.444572524086	19183.547508112155	-1984.8947368421054
7257.444572524086	19183.639064536706	-1521.1578947368423
7257.444572524086	19183.730620961254	-1521.1578947368423
7257.444572524086	19183.822177385806	-1323.640350877193
7257.444572524086	19183.913733810357	-1521.1578947368423
7257.444572524086	19184.005290234905	-1521.1578947368423
7257.444572524086	19184.096846659457	-1521.1578947368423
7257.444572524086	19184.188403084005	-1899.0175438596493
7257.444572524086	19184.279959508556	-1521.1578947368423
7257.444572524086	19184.371515933104	-1529.7456140350878
7257.444572524086	19184.463072357656	-1521.1578947368423
7257.444572524086	19184.554628782207	-2186.7061403508774
7257.444572524086	19184.646185206755	-1521.1578947368423
7257.444572524086	19184.737741631307	-1521.1578947368423
7257.444572524086	19184.829298055854	-1984.8947368421054
7257.444572524086	19184.920854480406	-1984.8947368421054
7257.444572524086	19185.012410904958	-1521.1578947368423
7257.444572524086	19185.103967329505	-1984.8947368421054
7257.444572524086	19185.195523754057	-1521.1578947368423
7257.444572524086	19185.287080178605	-1984.8947368421054
7257.444572524086	19185.378636603156	-1521.1578947368423
7257.444572524086	19185.470193027704	-1521.1578947368423
7257.444572524086	19185.561749452256	-2118.004385964912
7257.444572524086	19185.653305876807	-1521.1578947368423
7257.444572524086	19185.744862301355	-1521.1578947368423
7257.444572524086	19185.836418725907	-1521.1578947368423
7257.444572524086	19185.927975150455	-1521.1578947368423
7257.444572524086	19186.019531575006	-1521.1578947368423
7257.444572524086	19186.111087999558	-675.2675438596491
7257.444572524086	19186.202644424106	-1740.1447368421054
7257.444572524086	19186.294200848657	-1521.1578947368423
7257.444572524086	19186.385757273205	-1521.1578947368423
7257.444572524086	19186.477313697756	-1323.640350877193
7257.444572524086	19186.568870122304	-1521.1578947368423
7257.444572524086	19186.660426546856	-1521.1578947368423
7257.444572524086	19186.751982971407	-1521.1578947368423
7257.444572524086	19186.843539395955	-1521.1578947368423
7257.444572524086	19186.935095820507	-361.8157894736842
7257.444572524086	19187.026652245055	-1521.1578947368423
7257.444572524086	19187.118208669606	-1521.1578947368423
7257.444572524086	19187.209765094158	-1521.1578947368423
7257.444572524086	19187.301321518706	-1521.1578947368423
7257.444572524086	19187.392877943257	-2178.1184210526317
7257.444572524086	19187.484434367805	-1984.8947368421054
7257.444572524086	19187.575990792357	-1323.640350877193
7248.259391608222	19178.603461186456	-1521.1578947368423
7248.259391608222	19178.695017611004	-1521.1578947368423
7248.259391608222	19178.786574035556	-1521.1578947368423
7248.259391608222	19178.878130460103	-1521.1578947368423
7248.259391608222	19178.969686884655	-1521.1578947368423
7248.259391608222	19179.061243309206	-1521.1578947368423
7248.259391608222	19179.152799733754	-1521.1578947368423
7248.259391608222	19179.244356158306	-1521.1578947368423
7248.259391608222	19179.335912582854	-1521.1578947368423
7248.259391608222	19179.427469007405	-1521.1578947368423
7248.259391608222	19179.519025431953	-1521.1578947368423
7248.259391608222	19179.610581856505	-1521.1578947368423
7248.259391608222	19179.702138281056	-1521.1578947368423
7248.259391608222	19179.793694705604	-885.6666666666667
7248.259391608222	19179.885251130156	-1040.2456140350878
7248.259391608222	19179.976807554704	-482.04385964912285
7248.259391608222	19180.068363979255	-1044.5394736842106
7248.259391608222	19180.159920403807	-619.4473684210527
7248.259391608222	19180.251476828354	-881.3728070175439
7248.259391608222	19180.343033252906	-1005.8947368421053
7248.259391608222	19180.434589677454	-993.0131578947369
7248.259391608222	19180.526146102005	-765.4385964912282
7248.259391608222	19180.617702526553	-829.8464912280702
7248.259391608222	19180.709258951105	-340.3464912280702
7248.259391608222	19180.800815375656	-692.4429824561404
7248.259391608222	19180.892371800204	-1018.7763157894738
7248.259391608222	19180.983928224756	-1066.0087719298247
7248.259391608222	19181.075484649304	-1096.0657894736842
7248.259391608222	19181.167041073855	-1070.3026315789475
7248.259391608222	19181.258597498407	-1139.0043859649122
7248.259391608222	19181.350153922955	-1087.4780701754387
7248.259391608222	19181.441710347506	-1143.2982456140353
7248.259391608222	19181.533266772054	-1181.9429824561403
7248.259391608222	19181.624823196606	-1220.5877192982457
7248.259391608222	19181.716379621153	-1186.2368421052633
7248.259391608222	19181.807936045705	-1250.6447368421054
7248.259391608222	19181.899492470257	-1250.6447368421054
7248.259391608222	19181.991048894804	-1302.171052631579
7248.259391608222	19182.082605319356	-2191.0
7248.259391608222	19182.174161743904	-2186.7061403508774
7248.259391608222	19182.265718168455	-1521.1578947368423
7248.259391608222	19182.357274593007	-1521.1578947368423
7248.259391608222	19182.448831017555	-1521.1578947368423
7248.259391608222	19182.540387442106	-1744.4385964912283
7248.259391608222	19182.631943866654	-1521.1578947368423
7248.259391608222	19182.723500291206	-1744.4385964912283
7248.259391608222	19182.815056715757	-1744.4385964912283
7248.259391608222	19182.906613140305	-1306.4649122807018
7248.259391608222	19182.998169564857	-1302.171052631579
7248.259391608222	19183.089725989405	-2083.6535087719303
7248.259391608222	19183.181282413956	-1984.8947368421054
7248.259391608222	19183.272838838504	-1984.8947368421054
7248.259391608222	19183.364395263055	-1521.1578947368423
7248.259391608222	19183.455951687607	-1327.9342105263158
7248.259391608222	19183.547508112155	-1521.1578947368423
7248.259391608222	19183.639064536706	-1521.1578947368423
7248.259391608222	19183.730620961254	-1701.5000000000002
7248.259391608222	19183.822177385806	-1521.1578947368423
7248.259391608222	19183.913733810357	-1521.1578947368423
7248.259391608222	19184.005290234905	-1521.1578947368423
7248.259391608222	19184.096846659457	-1521.1578947368423
7248.259391608222	19184.188403084005	-1521.1578947368423
7248.259391608222	19184.279959508556	-2191.0
7248.259391608222	19184.371515933104	-1521.1578947368423
7248.259391608222	19184.463072357656	-1521.1578947368423
7248.259391608222	19184.554628782207	-1521.1578947368423
7248.259391608222	19184.646185206755	-1521.1578947368423
7248.259391608222	19184.737741631307	-1521.1578947368423
7248.259391608222	19184.829298055854	-1521.1578947368423
7248.259391608222	19184.920854480406	-1521.1578947368423
7248.259391608222	19185.012410904958	-1521.1578947368423
7248.259391608222	19185.103967329505	-1521.1578947368423
7248.259391608222	19185.195523754057	-1521.1578947368423
7248.259391608222	19185.287080178605	-1521.1578947368423
7248.259391608222	19185.378636603156	-1521.1578947368423
7248.259391608222	19185.470193027704	-1521.1578947368423
7248.259391608222	19185.561749452256	-1315.0526315789475
7248.259391608222	19185.653305876807	-1521.1578947368423
7248.259391608222	19185.744862301355	-1521.1578947368423
7248.259391608222	19185.836418725907	-1521.1578947368423
7248.259391608222	19185.927975150455	-1521.1578947368423
7248.259391608222	19186.019531575006	-2186.7061403508774
7248.259391608222	19186.111087999558	-1521.1578947368423
7248.259391608222	19186.202644424106	-1521.1578947368423
7248.259391608222	19186.294200848657	-1984.8947368421054
7248.259391608222	19186.385757273205	-1521.1578947368423
7248.259391608222	19186.477313697756	-1521.1578947368423
7248.259391608222	19186.568870122304	-1521.1578947368423
7248.259391608222	19186.660426546856	-1744.4385964912283
7248.259391608222	19186.751982971407	-1521.1578947368423
7248.259391608222	19186.843539395955	-1521.1578947368423
7248.259391608222	19186.935095820507	-1521.1578947368423
7248.259391608222	19187.026652245055	-1521.1578947368423
7248.259391608222	19187.118208669606	-1521.1578947368423
7248.259391608222	19187.209765094158	-1521.1578947368423
7248.259391608222	19187.301321518706	-1740.1447368421054
7248.259391608222	19187.392877943257	-1521.1578947368423
7248.259391608222	19187.484434367805	-1521.1578947368423
7248.259391608222	19187.575990792357	-1521.1578947368423
7239.074210692358	19178.603461186456	-1521.1578947368423
7239.074210692358	19178.695017611004	-1521.1578947368423
7239.074210692358	19178.786574035556	-1521.1578947368423
7239.074210692358	19178.878130460103	-1521.1578947368423
7239.074210692358	19178.969686884655	-1521.1578947368423
7239.074210692358	19179.061243309206	-1521.1578947368423
7239.074210692358	19179.152799733754	-1521.1578947368423
7239.074210692358	19179.244356158306	-1521.1578947368423
7239.074210692358	19179.335912582854	-1521.1578947368423
7239.074210692358	19179.427469007405	-1521.1578947368423
7239.074210692358	19179.519025431953	-1521.1578947368423
7239.074210692358	19179.610581856505	-1521.1578947368423
7239.074210692358	19179.702138281056	-1899.0175438596493
7239.074210692358	19179.793694705604	-984.4254385964913
7239.074210692358	19179.885251130156	-233.0
7239.074210692358	19179.976807554704	-1044.5394736842106
7239.074210692358	19180.068363979255	-1040.2456140350878
7239.074210692358	19180.159920403807	-825.5526315789474
7239.074210692358	19180.251476828354	-1053.127192982456
7239.074210692358	19180.343033252906	-692.4429824561404
7239.074210692358	19180.434589677454	-885.6666666666667
7239.074210692358	19180.526146102005	-413.3421052631579
7239.074210692358	19180.617702526553	-945.780701754386
7239.074210692358	19180.709258951105	-975.8377192982457
7239.074210692358	19180.800815375656	-967.2500000000001
7239.074210692358	19180.892371800204	-881.3728070175439
7239.074210692358	19180.983928224756	-881.3728070175439
7239.074210692358	19181.075484649304	-1048.8333333333335
7239.074210692358	19181.167041073855	-881.3728070175439
7239.074210692358	19181.258597498407	-1156.1798245614036
7239.074210692358	19181.350153922955	-1108.9473684210527
7239.074210692358	19181.441710347506	-1169.061403508772
7239.074210692358	19181.533266772054	-1233.469298245614
7239.074210692358	19181.624823196606	-1181.9429824561403
7239.074210692358	19181.716379621153	-868.4912280701755
7239.074210692358	19181.807936045705	-1254.938596491228
7239.074210692358	19181.899492470257	-1276.407894736842
7239.074210692358	19181.991048894804	-1306.4649122807018
7239.074210692358	19182.082605319356	-1284.9956140350878
7239.074210692358	19182.174161743904	-1744.4385964912283
7239.074210692358	19182.265718168455	-1521.1578947368423
7239.074210692358	19182.357274593007	-1521.1578947368423
7239.074210692358	19182.448831017555	-1521.1578947368423
7239.074210692358	19182.540387442106	-1521.1578947368423
7239.074210692358	19182.631943866654	-1744.4385964912283
7239.074210692358	19182.723500291206	-1521.1578947368423
7239.074210692358	19182.815056715757	-2186.7061403508774
7239.074210692358	19182.906613140305	-701.030701754386
7239.074210692358	19182.998169564857	-1521.1578947368423
7239.074210692358	19183.089725989405	-1744.4385964912283
7239.074210692358	19183.181282413956	-1521.1578947368423
7239.074210692358	19183.272838838504	-1521.1578947368423
7239.074210692358	19183.364395263055	-1521.1578947368423
7239.074210692358	19183.455951687607	-1521.1578947368423
7239.074210692358	19183.547508112155	-1521.1578947368423
7239.074210692358	19183.639064536706	-1521.1578947368423
7239.074210692358	19183.730620961254	-1521.1578947368423
7239.074210692358	19183.822177385806	-1521.1578947368423
7239.074210692358	19183.913733810357	-1521.1578947368423
7239.074210692358	19184.005290234905	-1521.1578947368423
7239.074210692358	19184.096846659457	-1521.1578947368423
7239.074210692358	19184.188403084005	-1521.1578947368423
7239.074210692358	19184.279959508556	-1521.1578947368423
7239.074210692358	19184.371515933104	-1521.1578947368423
7239.074210692358	19184.463072357656	-1521.1578947368423
7239.074210692358	19184.554628782207	-1521.1578947368423
7239.074210692358	19184.646185206755	-1984.8947368421054
7239.074210692358	19184.737741631307	-1521.1578947368423
7239.074210692358	19184.829298055854	-1521.1578947368423
7239.074210692358	19184.920854480406	-1984.8947368421054
7239.074210692358	19185.012410904958	-1521.1578947368423
7239.074210692358	19185.103967329505	-1521.1578947368423
7239.074210692358	19185.195523754057	-1521.1578947368423
7239.074210692358	19185.287080178605	-1521.1578947368423
7239.074210692358	19185.378636603156	-1740.1447368421054
7239.074210692358	19185.470193027704	-1744.4385964912283
7239.074210692358	19185.561749452256	-1521.1578947368423
7239.074210692358	19185.653305876807	-1521.1578947368423
7239.074210692358	19185.744862301355	-1521.1578947368423
7239.074210692358	19185.836418725907	-1521.1578947368423
7239.074210692358	19185.927975150455	-1521.1578947368423
7239.074210692358	19186.019531575006	-1740.1447368421054
7239.074210692358	19186.111087999558	-1740.1447368421054
7239.074210692358	19186.202644424106	-1521.1578947368423
7239.074210692358	19186.294200848657	-1521.1578947368423
7239.074210692358	19186.385757273205	-1521.1578947368423
7239.074210692358	19186.477313697756	-1744.4385964912283
7239.074210692358	19186.568870122304	-1521.1578947368423
7239.074210692358	19186.660426546856	-1521.1578947368423
7239.074210692358	19186.751982971407	-1521.1578947368423
7239.074210692358	19186.843539395955	-1521.1578947368423
7239.074210692358	19186.935095820507	-1521.1578947368423
7239.074210692358	19187.026652245055	-1521.1578947368423
7239.074210692358	19187.118208669606	-1521.1578947368423
7239.074210692358	19187.209765094158	-1521.1578947368423
7239.074210692358	19187.301321518706	-1521.1578947368423
7239.074210692358	19187.392877943257	-1744.4385964912283
7239.074210692358	19187.484434367805	-1744.4385964912283
7239.074210692358	19187.575990792357	-885.6666666666667
7229.889029776495	19178.603461186456	-1521.1578947368423
7229.889029776495	19178.695017611004	-1521.1578947368423
7229.889029776495	19178.786574035556	-1521.1578947368423
7229.889029776495	19178.878130460103	-1521.1578947368423
7229.889029776495	19178.969686884655	-1521.1578947368423
7229.889029776495	19179.061243309206	-1521.1578947368423
7229.889029776495	19179.152799733754	-1521.1578947368423
7229.889029776495	19179.244356158306	-1521.1578947368423
7229.889029776495	19179.335912582854	-1521.1578947368423
7229.889029776495	19179.427469007405	-1521.1578947368423
7229.889029776495	19179.519025431953	-1521.1578947368423
7229.889029776495	19179.610581856505	-1521.1578947368423
7229.889029776495	19179.702138281056	-847.0219298245614
7229.889029776495	19179.793694705604	-881.3728070175439
7229.889029776495	19179.885251130156	-421.9298245614035
7229.889029776495	19179.976807554704	-1001.6008771929825
7229.889029776495	19180.068363979255	-885.6666666666667
7229.889029776495	19180.159920403807	-881.3728070175439
7229.889029776495	19180.251476828354	-692.4429824561404
7229.889029776495	19180.343033252906	-1001.6008771929825
7229.889029776495	19180.434589677454	-881.3728070175439
7229.889029776495	19180.526146102005	-855.609649122807
7229.889029776495	19180.617702526553	-829.8464912280702
7229.889029776495	19180.709258951105	-1018.7763157894738
7229.889029776495	19180.800815375656	-881.3728070175439
7229.889029776495	19180.892371800204	-1040.2456140350878
7229.889029776495	19180.983928224756	-1018.7763157894738
7229.889029776495	19181.075484649304	-1066.0087719298247
7229.889029776495	19181.167041073855	-1164.7675438596493
7229.889029776495	19181.258597498407	-1164.7675438596493
7229.889029776495	19181.350153922955	-1177.6491228070176
7229.889029776495	19181.441710347506	-1181.9429824561403
7229.889029776495	19181.533266772054	-1186.2368421052633
7229.889029776495	19181.624823196606	-1212.0
7229.889029776495	19181.716379621153	-1267.8201754385966
7229.889029776495	19181.807936045705	-1293.5833333333335
7229.889029776495	19181.899492470257	-1302.171052631579
7229.889029776495	19181.991048894804	-1701.5000000000002
7229.889029776495	19182.082605319356	-1521.1578947368423
7229.889029776495	19182.174161743904	-1521.1578947368423
7229.889029776495	19182.265718168455	-1744.4385964912283
7229.889029776495	19182.357274593007	-1744.4385964912283
7229.889029776495	19182.448831017555	-1521.1578947368423
7229.889029776495	19182.540387442106	-2083.6535087719303
7229.889029776495	19182.631943866654	-1521.1578947368423
7229.889029776495	19182.723500291206	-2118.004385964912
7229.889029776495	19182.815056715757	-752.5570175438597
7229.889029776495	19182.906613140305	-2083.6535087719303
7229.889029776495	19182.998169564857	-1984.8947368421054
7229.889029776495	19183.089725989405	-1521.1578947368423
7229.889029776495	19183.181282413956	-1521.1578947368423
7229.889029776495	19183.272838838504	-2118.004385964912
7229.889029776495	19183.364395263055	-2178.1184210526317
7229.889029776495	19183.455951687607	-1984.8947368421054
7229.889029776495	19183.547508112155	-2191.0
7229.889029776495	19183.639064536706	-1521.1578947368423
7229.889029776495	19183.730620961254	-1521.1578947368423
7229.889029776495	19183.822177385806	-1521.1578947368423
7229.889029776495	19183.913733810357	-1521.1578947368423
7229.889029776495	19184.005290234905	-1521.1578947368423
7229.889029776495	19184.096846659457	-1521.1578947368423
7229.889029776495	19184.188403084005	-1521.1578947368423
7229.889029776495	19184.279959508556	-1521.1578947368423
7229.889029776495	19184.371515933104	-1521.1578947368423
7229.889029776495	19184.463072357656	-2178.1184210526317
7229.889029776495	19184.554628782207	-1521.1578947368423
7229.889029776495	19184.646185206755	-1521.1578947368423
7229.889029776495	19184.737741631307	-1521.1578947368423
7229.889029776495	19184.829298055854	-1984.8947368421054
7229.889029776495	19184.920854480406	-1521.1578947368423
7229.889029776495	19185.012410904958	-1521.1578947368423
7229.889029776495	19185.103967329505	-1521.1578947368423
7229.889029776495	19185.195523754057	-1521.1578947368423
7229.889029776495	19185.287080178605	-1521.1578947368423
7229.889029776495	19185.378636603156	-1744.4385964912283
7229.889029776495	19185.470193027704	-1744.4385964912283
7229.889029776495	19185.561749452256	-1521.1578947368423
7229.889029776495	19185.653305876807	-1984.8947368421054
7229.889029776495	19185.744862301355	-1984.8947368421054
7229.889029776495	19185.836418725907	-1984.8947368421054
7229.889029776495	19185.927975150455	-1521.1578947368423
7229.889029776495	19186.019531575006	-1521.1578947368423
7229.889029776495	19186.111087999558	-1521.1578947368423
7229.889029776495	19186.202644424106	-1899.0175438596493
7229.889029776495	19186.294200848657	-1744.4385964912283
7229.889029776495	19186.385757273205	-1744.4385964912283
7229.889029776495	19186.477313697756	-1521.1578947368423
7229.889029776495	19186.568870122304	-1744.4385964912283
7229.889029776495	19186.660426546856	-1521.1578947368423
7229.889029776495	19186.751982971407	-1521.1578947368423
7229.889029776495	19186.843539395955	-1521.1578947368423
7229.889029776495	19186.935095820507	-1984.8947368421054
7229.889029776495	19187.026652245055	-1521.1578947368423
7229.889029776495	19187.118208669606	-1521.1578947368423
7229.889029776495	19187.209765094158	-1521.1578947368423
7229.889029776495	19187.301321518706	-1744.4385964912283
7229.889029776495	19187.392877943257	-1521.1578947368423
7229.889029776495	19187.484434367805	-1263.5263157894738
7229.889029776495	19187.575990792357	-2186.7061403508774
7220.70384886063	19178.603461186456	-1521.1578947368423
7220.70384886063	19178.695017611004	-1521.1578947368423
7220.70384886063	19178.786574035556	-1521.1578947368423
7220.70384886063	19178.878130460103	-1521.1578947368423
7220.70384886063	19178.969686884655	-1521.1578947368423
7220.70384886063	19179.061243309206	-1521.1578947368423
7220.70384886063	19179.152799733754	-1521.1578947368423
7220.70384886063	19179.244356158306	-1521.1578947368423
7220.70384886063	19179.335912582854	-1521.1578947368423
7220.70384886063	19179.427469007405	-1521.1578947368423
7220.70384886063	19179.519025431953	-1521.1578947368423
7220.70384886063	19179.610581856505	-885.6666666666667
7220.70384886063	19179.702138281056	-1027.3640350877195
7220.70384886063	19179.793694705604	-984.4254385964913
7220.70384886063	19179.885251130156	-885.6666666666667
7220.70384886063	19179.976807554704	-434.81140350877195
7220.70384886063	19180.068363979255	-993.0131578947369
7220.70384886063	19180.159920403807	-1053.127192982456
7220.70384886063	19180.251476828354	-885.6666666666667
7220.70384886063	19180.343033252906	-1104.6535087719299
7220.70384886063	19180.434589677454	-855.609649122807
7220.70384886063	19180.526146102005	-816.9649122807018
7220.70384886063	19180.617702526553	-722.5
7220.70384886063	19180.709258951105	-1139.0043859649122
7220.70384886063	19180.800815375656	-1040.2456140350878
7220.70384886063	19180.892371800204	-868.4912280701755
7220.70384886063	19180.983928224756	-1096.0657894736842
7220.70384886063	19181.075484649304	-1113.2412280701756
7220.70384886063	19181.167041073855	-1147.592105263158
7220.70384886063	19181.258597498407	-1181.9429824561403
7220.70384886063	19181.350153922955	-1212.0
7220.70384886063	19181.441710347506	-1220.5877192982457
7220.70384886063	19181.533266772054	-1237.7631578947369
7220.70384886063	19181.624823196606	-881.3728070175439
7220.70384886063	19181.716379621153	-2191.0
7220.70384886063	19181.807936045705	-2191.0
7220.70384886063	19181.899492470257	-1306.4649122807018
7220.70384886063	19181.991048894804	-1306.4649122807018
7220.70384886063	19182.082605319356	-1293.5833333333335
7220.70384886063	19182.174161743904	-2083.6535087719303
7220.70384886063	19182.265718168455	-2186.7061403508774
7220.70384886063	19182.357274593007	-1521.1578947368423
7220.70384886063	19182.448831017555	-1521.1578947368423
7220.70384886063	19182.540387442106	-2178.1184210526317
7220.70384886063	19182.631943866654	-1521.1578947368423
7220.70384886063	19182.723500291206	-1297.8771929824563
7220.70384886063	19182.815056715757	-1744.4385964912283
7220.70384886063	19182.906613140305	-1744.4385964912283
7220.70384886063	19182.998169564857	-1529.7456140350878
7220.70384886063	19183.089725989405	-1521.1578947368423
7220.70384886063	19183.181282413956	-2178.1184210526317
7220.70384886063	19183.272838838504	-1740.1447368421054
7220.70384886063	19183.364395263055	-1521.1578947368423
7220.70384886063	19183.455951687607	-1521.1578947368423
7220.70384886063	19183.547508112155	-1521.1578947368423
7220.70384886063	19183.639064536706	-2186.7061403508774
7220.70384886063	19183.730620961254	-1521.1578947368423
7220.70384886063	19183.822177385806	-1521.1578947368423
7220.70384886063	19183.913733810357	-1521.1578947368423
7220.70384886063	19184.005290234905	-1521.1578947368423
7220.70384886063	19184.096846659457	-2186.7061403508774
7220.70384886063	19184.188403084005	-1521.1578947368423
7220.70384886063	19184.279959508556	-1521.1578947368423
7220.70384886063	19184.371515933104	-1315.0526315789475
7220.70384886063	19184.463072357656	-1521.1578947368423
7220.70384886063	19184.554628782207	-1984.8947368421054
7220.70384886063	19184.646185206755	-1521.1578947368423
7220.70384886063	19184.737741631307	-1984.8947368421054
7220.70384886063	19184.829298055854	-1984.8947368421054
7220.70384886063	19184.920854480406	-1521.1578947368423
7220.70384886063	19185.012410904958	-1521.1578947368423
7220.70384886063	19185.103967329505	-1521.1578947368423
7220.70384886063	19185.195523754057	-1740.1447368421054
7220.70384886063	19185.287080178605	-1740.1447368421054
7220.70384886063	19185.378636603156	-1521.1578947368423
7220.70384886063	19185.470193027704	-2178.1184210526317
7220.70384886063	19185.561749452256	-1521.1578947368423
7220.70384886063	19185.653305876807	-1521.1578947368423
7220.70384886063	19185.744862301355	-1984.8947368421054
7220.70384886063	19185.836418725907	-1744.4385964912283
7220.70384886063	19185.927975150455	-1740.1447368421054
7220.70384886063	19186.019531575006	-1521.1578947368423
7220.70384886063	19186.111087999558	-1521.1578947368423
7220.70384886063	19186.202644424106	-1521.1578947368423
7220.70384886063	19186.294200848657	-1521.1578947368423
7220.70384886063	19186.385757273205	-2083.6535087719303
7220.70384886063	19186.477313697756	-1521.1578947368423
7220.70384886063	19186.568870122304	-1521.1578947368423
7220.70384886063	19186.660426546856	-1521.1578947368423
7220.70384886063	19186.751982971407	-1521.1578947368423
7220.70384886063	19186.843539395955	-1521.1578947368423
7220.70384886063	19186.935095820507	-1323.640350877193
7220.70384886063	19187.026652245055	-1521.1578947368423
7220.70384886063	19187.118208669606	-1744.4385964912283
7220.70384886063	19187.209765094158	-1744.4385964912283
7220.70384886063	19187.301321518706	-1521.1578947368423
7220.70384886063	19187.392877943257	-1521.1578947368423
7220.70384886063	19187.484434367805	-2186.7061403508774
7220.70384886063	19187.575990792357	-1521.1578947368423
7211.518667944767	19178.603461186456	-1521.1578947368423
7211.518667944767	19178.695017611004	-1521.1578947368423
7211.518667944767	19178.786574035556	-1521.1578947368423
7211.518667944767	19178.878130460103	-1521.1578947368423
7211.518667944767	19178.969686884655	-1521.1578947368423
7211.518667944767	19179.061243309206	-1521.1578947368423
7211.518667944767	19179.152799733754	-1521.1578947368423
7211.518667944767	19179.244356158306	-1521.1578947368423
7211.518667944767	19179.335912582854	-1521.1578947368423
7211.518667944767	19179.427469007405	-1521.1578947368423
7211.518667944767	19179.519025431953	-885.6666666666667
7211.518667944767	19179.610581856505	-881.3728070175439
7211.518667944767	19179.702138281056	-1040.2456140350878
7211.518667944767	19179.793694705604	-512.1008771929825
7211.518667944767	19179.885251130156	-1040.2456140350878
7211.518667944767	19179.976807554704	-885.6666666666667
7211.518667944767	19180.068363979255	-1040.2456140350878
7211.518667944767	19180.159920403807	-1053.127192982456
7211.518667944767	19180.251476828354	-795.4956140350878
7211.518667944767	19180.343033252906	-692.4429824561404
7211.518667944767	19180.434589677454	-877.0789473684212
7211.518667944767	19180.526146102005	-997.3070175438597
7211.518667944767	19180.617702526553	-1027.3640350877195
7211.518667944767	19180.709258951105	-1014.4824561403509
7211.518667944767	19180.800815375656	-885.6666666666667
7211.518667944767	19180.892371800204	-1087.4780701754387
7211.518667944767	19180.983928224756	-881.3728070175439
7211.518667944767	19181.075484649304	-1147.592105263158
7211.518667944767	19181.167041073855	-1173.3552631578948
7211.518667944767	19181.258597498407	-1181.9429824561403
7211.518667944767	19181.350153922955	-1203.4122807017543
7211.518667944767	19181.441710347506	-1233.469298245614
7211.518667944767	19181.533266772054	-1250.6447368421054
7211.518667944767	19181.624823196606	-834.140350877193
7211.518667944767	19181.716379621153	-2186.7061403508774
7211.518667944767	19181.807936045705	-653.7982456140351
7211.518667944767	19181.899492470257	-314.58333333333337
7211.518667944767	19181.991048894804	-1521.1578947368423
7211.518667944767	19182.082605319356	-1744.4385964912283
7211.518667944767	19182.174161743904	-739.6754385964913
7211.518667944767	19182.265718168455	-1323.640350877193
7211.518667944767	19182.357274593007	-645.2105263157895
7211.518667944767	19182.448831017555	-572.2149122807018
7211.518667944767	19182.540387442106	-1744.4385964912283
7211.518667944767	19182.631943866654	-1302.171052631579
7211.518667944767	19182.723500291206	-1744.4385964912283
7211.518667944767	19182.815056715757	-1701.5000000000002
7211.518667944767	19182.906613140305	-2178.1184210526317
7211.518667944767	19182.998169564857	-241.58771929824562
7211.518667944767	19183.089725989405	-1521.1578947368423
7211.518667944767	19183.181282413956	-1521.1578947368423
7211.518667944767	19183.272838838504	-1323.640350877193
7211.518667944767	19183.364395263055	-1323.640350877193
7211.518667944767	19183.455951687607	-1984.8947368421054
7211.518667944767	19183.547508112155	-2186.7061403508774
7211.518667944767	19183.639064536706	-1521.1578947368423
7211.518667944767	19183.730620961254	-1297.8771929824563
7211.518667944767	19183.822177385806	-1521.1578947368423
7211.518667944767	19183.913733810357	-1521.1578947368423
7211.518667944767	19184.005290234905	-2186.7061403508774
7211.518667944767	19184.096846659457	-1521.1578947368423
7211.518667944767	19184.188403084005	-1521.1578947368423
7211.518667944767	19184.279959508556	-1521.1578947368423
7211.518667944767	19184.371515933104	-1521.1578947368423
7211.518667944767	19184.463072357656	-1521.1578947368423
7211.518667944767	19184.554628782207	-1521.1578947368423
7211.518667944767	19184.646185206755	-1984.8947368421054
7211.518667944767	19184.737741631307	-1899.0175438596493
7211.518667944767	19184.829298055854	-1521.1578947368423
7211.518667944767	19184.920854480406	-2178.1184210526317
7211.518667944767	19185.012410904958	-1521.1578947368423
7211.518667944767	19185.103967329505	-1984.8947368421054
7211.518667944767	19185.195523754057	-1521.1578947368423
7211.518667944767	19185.287080178605	-1744.4385964912283
7211.518667944767	19185.378636603156	-1521.1578947368423
7211.518667944767	19185.470193027704	-1984.8947368421054
7211.518667944767	19185.561749452256	-1521.1578947368423
7211.518667944767	19185.653305876807	-1521.1578947368423
7211.518667944767	19185.744862301355	-692.4429824561404
7211.518667944767	19185.836418725907	-1521.1578947368423
7211.518667944767	19185.927975150455	-1521.1578947368423
7211.518667944767	19186.019531575006	-1984.8947368421054
7211.518667944767	19186.111087999558	-1521.1578947368423
7211.518667944767	19186.202644424106	-1744.4385964912283
7211.518667944767	19186.294200848657	-1521.1578947368423
7211.518667944767	19186.385757273205	-1744.4385964912283
7211.518667944767	19186.477313697756	-1521.1578947368423
7211.518667944767	19186.568870122304	-1521.1578947368423
7211.518667944767	19186.660426546856	-1521.1578947368423
7211.518667944767	19186.751982971407	-1521.1578947368423
7211.518667944767	19186.843539395955	-868.4912280701755
7211.518667944767	19186.935095820507	-1521.1578947368423
7211.518667944767	19187.026652245055	-1744.4385964912283
7211.518667944767	19187.118208669606	-1744.4385964912283
7211.518667944767	19187.209765094158	-1521.1578947368423
7211.518667944767	19187.301321518706	-1744.4385964912283
7211.518667944767	19187.392877943257	-2186.7061403508774
7211.518667944767	19187.484434367805	-1521.1578947368423
7211.518667944767	19187.575990792357	-1744.4385964912283
7202.333487028903	19178.603461186456	-1521.1578947368423
7202.333487028903	19178.695017611004	-1521.1578947368423
7202.333487028903	19178.786574035556	-1521.1578947368423
7202.333487028903	19178.878130460103	-1521.1578947368423
7202.333487028903	19178.969686884655	-1521.1578947368423
7202.333487028903	19179.061243309206	-1521.1578947368423
7202.333487028903	19179.152799733754	-1521.1578947368423
7202.333487028903	19179.244356158306	-1521.1578947368423
7202.333487028903	19179.335912582854	-1521.1578947368423
7202.333487028903	19179.427469007405	-885.6666666666667
7202.333487028903	19179.519025431953	-885.6666666666667
7202.333487028903	19179.610581856505	-984.4254385964913
7202.333487028903	19179.702138281056	-1005.8947368421053
7202.333487028903	19179.793694705604	-1027.3640350877195
7202.333487028903	19179.885251130156	-1074.5964912280701
7202.333487028903	19179.976807554704	-1053.127192982456
7202.333487028903	19180.068363979255	-924.311403508772
7202.333487028903	19180.159920403807	-816.9649122807018
7202.333487028903	19180.251476828354	-383.28508771929825
7202.333487028903	19180.343033252906	-619.4473684210527
7202.333487028903	19180.434589677454	-881.3728070175439
7202.333487028903	19180.526146102005	-1074.5964912280701
7202.333487028903	19180.617702526553	-1044.5394736842106
7202.333487028903	19180.709258951105	-1096.0657894736842
7202.333487028903	19180.800815375656	-1061.7149122807018
7202.333487028903	19180.892371800204	-1126.122807017544
7202.333487028903	19180.983928224756	-1139.0043859649122
7202.333487028903	19181.075484649304	-1160.4736842105262
7202.333487028903	19181.167041073855	-1181.9429824561403
7202.333487028903	19181.258597498407	-1212.0
7202.333487028903	19181.350153922955	-1237.7631578947369
7202.333487028903	19181.441710347506	-1233.469298245614
7202.333487028903	19181.533266772054	-1250.6447368421054
7202.333487028903	19181.624823196606	-1284.9956140350878
7202.333487028903	19181.716379621153	-2191.0
7202.333487028903	19181.807936045705	-2186.7061403508774
7202.333487028903	19181.899492470257	-1899.0175438596493
7202.333487028903	19181.991048894804	-2178.1184210526317
7202.333487028903	19182.082605319356	-709.6184210526317
7202.333487028903	19182.174161743904	-1521.1578947368423
7202.333487028903	19182.265718168455	-2083.6535087719303
7202.333487028903	19182.357274593007	-1740.1447368421054
7202.333487028903	19182.448831017555	-1744.4385964912283
7202.333487028903	19182.540387442106	-1744.4385964912283
7202.333487028903	19182.631943866654	-2083.6535087719303
7202.333487028903	19182.723500291206	-1521.1578947368423
7202.333487028903	19182.815056715757	-361.8157894736842
7202.333487028903	19182.906613140305	-1744.4385964912283
7202.333487028903	19182.998169564857	-1521.1578947368423
7202.333487028903	19183.089725989405	-1521.1578947368423
7202.333487028903	19183.181282413956	-1302.171052631579
7202.333487028903	19183.272838838504	-1984.8947368421054
7202.333487028903	19183.364395263055	-1521.1578947368423
7202.333487028903	19183.455951687607	-2178.1184210526317
7202.333487028903	19183.547508112155	-1521.1578947368423
7202.333487028903	19183.639064536706	-1306.4649122807018
7202.333487028903	19183.730620961254	-1521.1578947368423
7202.333487028903	19183.822177385806	-1521.1578947368423
7202.333487028903	19183.913733810357	-1521.1578947368423
7202.333487028903	19184.005290234905	-1984.8947368421054
7202.333487028903	19184.096846659457	-1529.7456140350878
7202.333487028903	19184.188403084005	-2178.1184210526317
7202.333487028903	19184.279959508556	-1984.8947368421054
7202.333487028903	19184.371515933104	-1984.8947368421054
7202.333487028903	19184.463072357656	-1521.1578947368423
7202.333487028903	19184.554628782207	-1984.8947368421054
7202.333487028903	19184.646185206755	-1521.1578947368423
7202.333487028903	19184.737741631307	-1521.1578947368423
7202.333487028903	19184.829298055854	-1521.1578947368423
7202.333487028903	19184.920854480406	-1521.1578947368423
7202.333487028903	19185.012410904958	-1984.8947368421054
7202.333487028903	19185.103967329505	-2186.7061403508774
7202.333487028903	19185.195523754057	-1521.1578947368423
7202.333487028903	19185.287080178605	-1521.1578947368423
7202.333487028903	19185.378636603156	-1521.1578947368423
7202.333487028903	19185.470193027704	-1521.1578947368423
7202.333487028903	19185.561749452256	-1899.0175438596493
7202.333487028903	19185.653305876807	-2186.7061403508774
7202.333487028903	19185.744862301355	-1521.1578947368423
7202.333487028903	19185.836418725907	-1521.1578947368423
7202.333487028903	19185.927975150455	-2083.6535087719303
7202.333487028903	19186.019531575006	-1521.1578947368423
7202.333487028903	19186.111087999558	-1744.4385964912283
7202.333487028903	19186.202644424106	-1521.1578947368423
7202.333487028903	19186.294200848657	-1521.1578947368423
7202.333487028903	19186.385757273205	-1521.1578947368423
7202.333487028903	19186.477313697756	-1521.1578947368423
7202.333487028903	19186.568870122304	-1521.1578947368423
7202.333487028903	19186.660426546856	-1521.1578947368423
7202.333487028903	19186.751982971407	-1521.1578947368423
7202.333487028903	19186.843539395955	-1521.1578947368423
7202.333487028903	19186.935095820507	-1744.4385964912283
7202.333487028903	19187.026652245055	-1744.4385964912283
7202.333487028903	19187.118208669606	-1521.1578947368423
7202.333487028903	19187.209765094158	-1744.4385964912283
7202.333487028903	19187.301321518706	-2178.1184210526317
7202.333487028903	19187.392877943257	-1521.1578947368423
7202.333487028903	19187.484434367805	-1744.4385964912283
7202.333487028903	19187.575990792357	-1740.1447368421054
7193.148306113039	19178.603461186456	-1521.1578947368423
7193.148306113039	19178.695017611004	-1521.1578947368423
7193.148306113039	19178.786574035556	-1521.1578947368423
7193.148306113039	19178.878130460103	-1521.1578947368423
7193.148306113039	19178.969686884655	-1521.1578947368423
7193.148306113039	19179.061243309206	-1521.1578947368423
7193.148306113039	19179.152799733754	-1521.1578947368423
7193.148306113039	19179.244356158306	-1521.1578947368423
7193.148306113039	19179.335912582854	-885.6666666666667
7193.148306113039	19179.427469007405	-1005.8947368421053
7193.148306113039	19179.519025431953	-585.0964912280701
7193.148306113039	19179.610581856505	-1001.6008771929825
7193.148306113039	19179.702138281056	-975.8377192982457
7193.148306113039	19179.793694705604	-1001.6008771929825
7193.148306113039	19179.885251130156	-391.8728070175439
7193.148306113039	19179.976807554704	-662.3859649122808
7193.148306113039	19180.068363979255	-829.8464912280702
7193.148306113039	19180.159920403807	-872.7850877192983
7193.148306113039	19180.251476828354	-855.609649122807
7193.148306113039	19180.343033252906	-958.6622807017544
7193.148306113039	19180.434589677454	-993.0131578947369
7193.148306113039	19180.526146102005	-980.1315789473684
7193.148306113039	19180.617702526553	-1066.0087719298247
7193.148306113039	19180.709258951105	-868.4912280701755
7193.148306113039	19180.800815375656	-1108.9473684210527
7193.148306113039	19180.892371800204	-1156.1798245614036
7193.148306113039	19180.983928224756	-1173.3552631578948
7193.148306113039	19181.075484649304	-1207.7061403508774
7193.148306113039	19181.167041073855	-1199.1184210526317
7193.148306113039	19181.258597498407	-1220.5877192982457
7193.148306113039	19181.350153922955	-1220.5877192982457
7193.148306113039	19181.441710347506	-1284.9956140350878
7193.148306113039	19181.533266772054	-1280.701754385965
7193.148306113039	19181.624823196606	-2191.0
7193.148306113039	19181.716379621153	-2178.1184210526317
7193.148306113039	19181.807936045705	-2178.1184210526317
7193.148306113039	19181.899492470257	-1521.1578947368423
7193.148306113039	19181.991048894804	-1323.640350877193
7193.148306113039	19182.082605319356	-1521.1578947368423
7193.148306113039	19182.174161743904	-1521.1578947368423
7193.148306113039	19182.265718168455	-1701.5000000000002
7193.148306113039	19182.357274593007	-1521.1578947368423
7193.148306113039	19182.448831017555	-1521.1578947368423
7193.148306113039	19182.540387442106	-2083.6535087719303
7193.148306113039	19182.631943866654	-1984.8947368421054
7193.148306113039	19182.723500291206	-241.58771929824562
7193.148306113039	19182.815056715757	-1521.1578947368423
7193.148306113039	19182.906613140305	-1521.1578947368423
7193.148306113039	19182.998169564857	-1521.1578947368423
7193.148306113039	19183.089725989405	-1315.0526315789475
7193.148306113039	19183.181282413956	-1521.1578947368423
7193.148306113039	19183.272838838504	-1521.1578947368423
7193.148306113039	19183.364395263055	-1521.1578947368423
7193.148306113039	19183.455951687607	-1521.1578947368423
7193.148306113039	19183.547508112155	-2191.0
7193.148306113039	19183.639064536706	-1521.1578947368423
7193.148306113039	19183.730620961254	-1701.5000000000002
7193.148306113039	19183.822177385806	-1521.1578947368423
7193.148306113039	19183.913733810357	-1701.5000000000002
7193.148306113039	19184.005290234905	-1521.1578947368423
7193.148306113039	19184.096846659457	-1984.8947368421054
7193.148306113039	19184.188403084005	-1984.8947368421054
7193.148306113039	19184.279959508556	-1521.1578947368423
7193.148306113039	19184.371515933104	-1521.1578947368423
7193.148306113039	19184.463072357656	-1984.8947368421054
7193.148306113039	19184.554628782207	-1521.1578947368423
7193.148306113039	19184.646185206755	-1984.8947368421054
7193.148306113039	19184.737741631307	-2186.7061403508774
7193.148306113039	19184.829298055854	-1521.1578947368423
7193.148306113039	19184.920854480406	-1984.8947368421054
7193.148306113039	19185.012410904958	-1899.0175438596493
7193.148306113039	19185.103967329505	-1521.1578947368423
7193.148306113039	19185.195523754057	-1521.1578947368423
7193.148306113039	19185.287080178605	-1899.0175438596493
7193.148306113039	19185.378636603156	-1521.1578947368423
7193.148306113039	19185.470193027704	-1984.8947368421054
7193.148306113039	19185.561749452256	-1984.8947368421054
7193.148306113039	19185.653305876807	-1740.1447368421054
7193.148306113039	19185.744862301355	-1521.1578947368423
7193.148306113039	19185.836418725907	-2178.1184210526317
7193.148306113039	19185.927975150455	-1521.1578947368423
7193.148306113039	19186.019531575006	-1521.1578947368423
7193.148306113039	19186.111087999558	-1744.4385964912283
7193.148306113039	19186.202644424106	-1529.7456140350878
7193.148306113039	19186.294200848657	-1521.1578947368423
7193.148306113039	19186.385757273205	-1521.1578947368423
7193.148306113039	19186.477313697756	-1521.1578947368423
7193.148306113039	19186.568870122304	-1984.8947368421054
7193.148306113039	19186.660426546856	-1521.1578947368423
7193.148306113039	19186.751982971407	-1521.1578947368423
7193.148306113039	19186.843539395955	-1744.4385964912283
7193.148306113039	19186.935095820507	-1744.4385964912283
7193.148306113039	19187.026652245055	-1521.1578947368423
7193.148306113039	19187.118208669606	-1984.8947368421054
7193.148306113039	19187.209765094158	-1899.0175438596493
7193.148306113039	19187.301321518706	-1521.1578947368423
7193.148306113039	19187.392877943257	-1521.1578947368423
7193.148306113039	19187.484434367805	-1740.1447368421054
7193.148306113039	19187.575990792357	-1521.1578947368423
7183.963125197175	19178.603461186456	-1521.1578947368423
7183.963125197175	19178.695017611004	-1521.1578947368423
7183.963125197175	19178.786574035556	-1521.1578947368423
7183.963125197175	19178.878130460103	-1521.1578947368423
7183.963125197175	19178.969686884655	-1521.1578947368423
7183.963125197175	19179.061243309206	-1521.1578947368423
7183.963125197175	19179.152799733754	-1984.8947368421054
7183.963125197175	19179.244356158306	-855.609649122807
7183.963125197175	19179.335912582854	-520.688596491228
7183.963125197175	19179.427469007405	-984.4254385964913
7183.963125197175	19179.519025431953	-1040.2456140350878
7183.963125197175	19179.610581856505	-881.3728070175439
7183.963125197175	19179.702138281056	-885.6666666666667
7183.963125197175	19179.793694705604	-885.6666666666667
7183.963125197175	19179.885251130156	-254.46929824561403
7183.963125197175	19179.976807554704	-881.3728070175439
7183.963125197175	19180.068363979255	-795.4956140350878
7183.963125197175	19180.159920403807	-816.9649122807018
7183.963125197175	19180.251476828354	-709.6184210526317
7183.963125197175	19180.343033252906	-1001.6008771929825
7183.963125197175	19180.434589677454	-1057.421052631579
7183.963125197175	19180.526146102005	-1018.7763157894738
7183.963125197175	19180.617702526553	-1117.5350877192982
7183.963125197175	19180.709258951105	-1117.5350877192982
7183.963125197175	19180.800815375656	-1113.2412280701756
7183.963125197175	19180.892371800204	-881.3728070175439
7183.963125197175	19180.983928224756	-1207.7061403508774
7183.963125197175	19181.075484649304	-1190.530701754386
7183.963125197175	19181.167041073855	-1212.0
7183.963125197175	19181.258597498407	-1220.5877192982457
7183.963125197175	19181.350153922955	-1254.938596491228
7183.963125197175	19181.441710347506	-1284.9956140350878
7183.963125197175	19181.533266772054	-1293.5833333333335
7183.963125197175	19181.624823196606	-2178.1184210526317
7183.963125197175	19181.716379621153	-1744.4385964912283
7183.963125197175	19181.807936045705	-1521.1578947368423
7183.963125197175	19181.899492470257	-2118.004385964912
7183.963125197175	19181.991048894804	-1327.9342105263158
7183.963125197175	19182.082605319356	-1521.1578947368423
7183.963125197175	19182.174161743904	-1521.1578947368423
7183.963125197175	19182.265718168455	-2083.6535087719303
7183.963125197175	19182.357274593007	-1744.4385964912283
7183.963125197175	19182.448831017555	-1521.1578947368423
7183.963125197175	19182.540387442106	-1302.171052631579
7183.963125197175	19182.631943866654	-2186.7061403508774
7183.963125197175	19182.723500291206	-1521.1578947368423
7183.963125197175	19182.815056715757	-1521.1578947368423
7183.963125197175	19182.906613140305	-1984.8947368421054
7183.963125197175	19182.998169564857	-1521.1578947368423
7183.963125197175	19183.089725989405	-1521.1578947368423
7183.963125197175	19183.181282413956	-1521.1578947368423
7183.963125197175	19183.272838838504	-1521.1578947368423
7183.963125197175	19183.364395263055	-1521.1578947368423
7183.963125197175	19183.455951687607	-1521.1578947368423
7183.963125197175	19183.547508112155	-1521.1578947368423
7183.963125197175	19183.639064536706	-1521.1578947368423
7183.963125197175	19183.730620961254	-1521.1578947368423
7183.963125197175	19183.822177385806	-1521.1578947368423
7183.963125197175	19183.913733810357	-1521.1578947368423
7183.963125197175	19184.005290234905	-1521.1578947368423
7183.963125197175	19184.096846659457	-1984.8947368421054
7183.963125197175	19184.188403084005	-1521.1578947368423
7183.963125197175	19184.279959508556	-1521.1578947368423
7183.963125197175	19184.371515933104	-1984.8947368421054
7183.963125197175	19184.463072357656	-1521.1578947368423
7183.963125197175	19184.554628782207	-1521.1578947368423
7183.963125197175	19184.646185206755	-2178.1184210526317
7183.963125197175	19184.737741631307	-1521.1578947368423
7183.963125197175	19184.829298055854	-1984.8947368421054
7183.963125197175	19184.920854480406	-2186.7061403508774
7183.963125197175	19185.012410904958	-1521.1578947368423
7183.963125197175	19185.103967329505	-1521.1578947368423
7183.963125197175	19185.195523754057	-958.6622807017544
7183.963125197175	19185.287080178605	-1521.1578947368423
7183.963125197175	19185.378636603156	-1521.1578947368423
7183.963125197175	19185.470193027704	-1521.1578947368423
7183.963125197175	19185.561749452256	-1740.1447368421054
7183.963125197175	19185.653305876807	-1521.1578947368423
7183.963125197175	19185.744862301355	-1521.1578947368423
7183.963125197175	19185.836418725907	-1740.1447368421054
7183.963125197175	19185.927975150455	-1521.1578947368423
7183.963125197175	19186.019531575006	-1744.4385964912283
7183.963125197175	19186.111087999558	-1302.171052631579
7183.963125197175	19186.202644424106	-1521.1578947368423
7183.963125197175	19186.294200848657	-1521.1578947368423
7183.963125197175	19186.385757273205	-1521.1578947368423
7183.963125197175	19186.477313697756	-1521.1578947368423
7183.963125197175	19186.568870122304	-2083.6535087719303
7183.963125197175	19186.660426546856	-1521.1578947368423
7183.963125197175	19186.751982971407	-1984.8947368421054
7183.963125197175	19186.843539395955	-1744.4385964912283
7183.963125197175	19186.935095820507	-1521.1578947368423
7183.963125197175	19187.026652245055	-1744.4385964912283
7183.963125197175	19187.118208669606	-1315.0526315789475
7183.963125197175	19187.209765094158	-1521.1578947368423
7183.963125197175	19187.301321518706	-1521.1578947368423
7183.963125197175	19187.392877943257	-1744.4385964912283
7183.963125197175	19187.484434367805	-1521.1578947368423
7183.963125197175	19187.575990792357	-1521.1578947368423
7174.777944281312	19178.603461186456	-1521.1578947368423
7174.777944281312	19178.695017611004	-1521.1578947368423
7174.777944281312	19178.786574035556	-1521.1578947368423
7174.777944281312	19178.878130460103	-1521.1578947368423
7174.777944281312	19178.969686884655	-2118.004385964912
7174.777944281312	19179.061243309206	-2186.7061403508774
7174.777944281312	19179.152799733754	-885.6666666666667
7174.777944281312	19179.244356158306	-653.7982456140351
7174.777944281312	19179.335912582854	-980.1315789473684
7174.777944281312	19179.427469007405	-1031.657894736842
7174.777944281312	19179.519025431953	-885.6666666666667
7174.777944281312	19179.610581856505	-1014.4824561403509
7174.777944281312	19179.702138281056	-868.4912280701755
7174.777944281312	19179.793694705604	-662.3859649122808
7174.777944281312	19179.885251130156	-937.1929824561404
7174.777944281312	19179.976807554704	-645.2105263157895
7174.777944281312	19180.068363979255	-928.6052631578948
7174.777944281312	19180.159920403807	-928.6052631578948
7174.777944281312	19180.251476828354	-993.0131578947369
7174.777944281312	19180.343033252906	-1040.2456140350878
7174.777944281312	19180.434589677454	-1066.0087719298247
7174.777944281312	19180.526146102005	-1070.3026315789475
7174.777944281312	19180.617702526553	-1169.061403508772
7174.777944281312	19180.709258951105	-1147.592105263158
7174.777944281312	19180.800815375656	-1151.8859649122808
7174.777944281312	19180.892371800204	-885.6666666666667
7174.777944281312	19180.983928224756	-1233.469298245614
7174.777944281312	19181.075484649304	-1237.7631578947369
7174.777944281312	19181.167041073855	-1220.5877192982457
7174.777944281312	19181.258597498407	-1224.8815789473686
7174.777944281312	19181.350153922955	-1302.171052631579
7174.777944281312	19181.441710347506	-1293.5833333333335
7174.777944281312	19181.533266772054	-2083.6535087719303
7174.777944281312	19181.624823196606	-1521.1578947368423
7174.777944281312	19181.716379621153	-1744.4385964912283
7174.777944281312	19181.807936045705	-1899.0175438596493
7174.777944281312	19181.899492470257	-1744.4385964912283
7174.777944281312	19181.991048894804	-1327.9342105263158
7174.777944281312	19182.082605319356	-1302.171052631579
7174.777944281312	19182.174161743904	-2083.6535087719303
7174.777944281312	19182.265718168455	-2118.004385964912
7174.777944281312	19182.357274593007	-2178.1184210526317
7174.777944281312	19182.448831017555	-1521.1578947368423
7174.777944281312	19182.540387442106	-1984.8947368421054
7174.777944281312	19182.631943866654	-1521.1578947368423
7174.777944281312	19182.723500291206	-1521.1578947368423
7174.777944281312	19182.815056715757	-2083.6535087719303
7174.777944281312	19182.906613140305	-1521.1578947368423
7174.777944281312	19182.998169564857	-1521.1578947368423
7174.777944281312	19183.089725989405	-2186.7061403508774
7174.777944281312	19183.181282413956	-1521.1578947368423
7174.777944281312	19183.272838838504	-1521.1578947368423
7174.777944281312	19183.364395263055	-718.2061403508771
7174.777944281312	19183.455951687607	-1521.1578947368423
7174.777944281312	19183.547508112155	-1521.1578947368423
7174.777944281312	19183.639064536706	-1521.1578947368423
7174.777944281312	19183.730620961254	-2178.1184210526317
7174.777944281312	19183.822177385806	-1521.1578947368423
7174.777944281312	19183.913733810357	-1521.1578947368423
7174.777944281312	19184.005290234905	-1984.8947368421054
7174.777944281312	19184.096846659457	-774.0263157894738
7174.777944281312	19184.188403084005	-1521.1578947368423
7174.777944281312	19184.279959508556	-1984.8947368421054
7174.777944281312	19184.371515933104	-1521.1578947368423
7174.777944281312	19184.463072357656	-1521.1578947368423
7174.777944281312	19184.554628782207	-1984.8947368421054
7174.777944281312	19184.646185206755	-1521.1578947368423
7174.777944281312	19184.737741631307	-1521.1578947368423
7174.777944281312	19184.829298055854	-1740.1447368421054
7174.777944281312	19184.920854480406	-1521.1578947368423
7174.777944281312	19185.012410904958	-1521.1578947368423
7174.777944281312	19185.103967329505	-1744.4385964912283
7174.777944281312	19185.195523754057	-1521.1578947368423
7174.777944281312	19185.287080178605	-1521.1578947368423
7174.777944281312	19185.378636603156	-2186.7061403508774
7174.777944281312	19185.470193027704	-1740.1447368421054
7174.777944281312	19185.561749452256	-1521.1578947368423
7174.777944281312	19185.653305876807	-1521.1578947368423
7174.777944281312	19185.744862301355	-1521.1578947368423
7174.777944281312	19185.836418725907	-1521.1578947368423
7174.777944281312	19185.927975150455	-1521.1578947368423
7174.777944281312	19186.019531575006	-1740.1447368421054
7174.777944281312	19186.111087999558	-1521.1578947368423
7174.777944281312	19186.202644424106	-1521.1578947368423
7174.777944281312	19186.294200848657	-1521.1578947368423
7174.777944281312	19186.385757273205	-1521.1578947368423
7174.777944281312	19186.477313697756	-868.4912280701755
7174.777944281312	19186.568870122304	-1521.1578947368423
7174.777944281312	19186.660426546856	-1744.4385964912283
7174.777944281312	19186.751982971407	-1744.4385964912283
7174.777944281312	19186.843539395955	-1521.1578947368423
7174.777944281312	19186.935095820507	-1984.8947368421054
7174.777944281312	19187.026652245055	-2178.1184210526317
7174.777944281312	19187.118208669606	-1521.1578947368423
7174.777944281312	19187.209765094158	-1744.4385964912283
7174.777944281312	19187.301321518706	-1740.1447368421054
7174.777944281312	19187.392877943257	-1740.1447368421054
7174.777944281312	19187.484434367805	-1521.1578947368423
7174.777944281312	19187.575990792357	-1521.1578947368423
7165.592763365447	19178.603461186456	-1521.1578947368423
7165.592763365447	19178.695017611004	-1521.1578947368423
7165.592763365447	19178.786574035556	-1521.1578947368423
7165.592763365447	19178.878130460103	-1521.1578947368423
7165.592763365447	19178.969686884655	-2118.004385964912
7165.592763365447	19179.061243309206	-885.6666666666667
7165.592763365447	19179.152799733754	-520.688596491228
7165.592763365447	19179.244356158306	-580.8026315789474
7165.592763365447	19179.335912582854	-885.6666666666667
7165.592763365447	19179.427469007405	-1001.6008771929825
7165.592763365447	19179.519025431953	-383.28508771929825
7165.592763365447	19179.610581856505	-993.0131578947369
7165.592763365447	19179.702138281056	-743.969298245614
7165.592763365447	19179.793694705604	-885.6666666666667
7165.592763365447	19179.885251130156	-834.140350877193
7165.592763365447	19179.976807554704	-881.3728070175439
7165.592763365447	19180.068363979255	-1040.2456140350878
7165.592763365447	19180.159920403807	-881.3728070175439
7165.592763365447	19180.251476828354	-1035.951754385965
7165.592763365447	19180.343033252906	-1053.127192982456
7165.592763365447	19180.434589677454	-1070.3026315789475
7165.592763365447	19180.526146102005	-868.4912280701755
7165.592763365447	19180.617702526553	-1104.6535087719299
7165.592763365447	19180.709258951105	-1143.2982456140353
7165.592763365447	19180.800815375656	-1181.9429824561403
7165.592763365447	19180.892371800204	-868.4912280701755
7165.592763365447	19180.983928224756	-885.6666666666667
7165.592763365447	19181.075484649304	-1220.5877192982457
7165.592763365447	19181.167041073855	-1254.938596491228
7165.592763365447	19181.258597498407	-825.5526315789474
7165.592763365447	19181.350153922955	-825.5526315789474
7165.592763365447	19181.441710347506	-1306.4649122807018
7165.592763365447	19181.533266772054	-1323.640350877193
7165.592763365447	19181.624823196606	-1744.4385964912283
7165.592763365447	19181.716379621153	-1521.1578947368423
7165.592763365447	19181.807936045705	-834.140350877193
7165.592763365447	19181.899492470257	-2118.004385964912
7165.592763365447	19181.991048894804	-396.1666666666667
7165.592763365447	19182.082605319356	-1521.1578947368423
7165.592763365447	19182.174161743904	-2186.7061403508774
7165.592763365447	19182.265718168455	-1744.4385964912283
7165.592763365447	19182.357274593007	-1744.4385964912283
7165.592763365447	19182.448831017555	-1984.8947368421054
7165.592763365447	19182.540387442106	-1521.1578947368423
7165.592763365447	19182.631943866654	-1521.1578947368423
7165.592763365447	19182.723500291206	-1521.1578947368423
7165.592763365447	19182.815056715757	-1899.0175438596493
7165.592763365447	19182.906613140305	-2178.1184210526317
7165.592763365447	19182.998169564857	-1521.1578947368423
7165.592763365447	19183.089725989405	-1521.1578947368423
7165.592763365447	19183.181282413956	-1521.1578947368423
7165.592763365447	19183.272838838504	-2118.004385964912
7165.592763365447	19183.364395263055	-1521.1578947368423
7165.592763365447	19183.455951687607	-2178.1184210526317
7165.592763365447	19183.547508112155	-1529.7456140350878
7165.592763365447	19183.639064536706	-1984.8947368421054
7165.592763365447	19183.730620961254	-1521.1578947368423
7165.592763365447	19183.822177385806	-1521.1578947368423
7165.592763365447	19183.913733810357	-1521.1578947368423
7165.592763365447	19184.005290234905	-2118.004385964912
7165.592763365447	19184.096846659457	-1521.1578947368423
7165.592763365447	19184.188403084005	-1521.1578947368423
7165.592763365447	19184.279959508556	-1521.1578947368423
7165.592763365447	19184.371515933104	-1521.1578947368423
7165.592763365447	19184.463072357656	-718.2061403508771
7165.592763365447	19184.554628782207	-1521.1578947368423
7165.592763365447	19184.646185206755	-1521.1578947368423
7165.592763365447	19184.737741631307	-834.140350877193
7165.592763365447	19184.829298055854	-1521.1578947368423
7165.592763365447	19184.920854480406	-1521.1578947368423
7165.592763365447	19185.012410904958	-2178.1184210526317
7165.592763365447	19185.103967329505	-1984.8947368421054
7165.592763365447	19185.195523754057	-1521.1578947368423
7165.592763365447	19185.287080178605	-1521.1578947368423
7165.592763365447	19185.378636603156	-1740.1447368421054
7165.592763365447	19185.470193027704	-1521.1578947368423
7165.592763365447	19185.561749452256	-1323.640350877193
7165.592763365447	19185.653305876807	-1521.1578947368423
7165.592763365447	19185.744862301355	-1744.4385964912283
7165.592763365447	19185.836418725907	-1521.1578947368423
7165.592763365447	19185.927975150455	-2186.7061403508774
7165.592763365447	19186.019531575006	-1521.1578947368423
7165.592763365447	19186.111087999558	-1521.1578947368423
7165.592763365447	19186.202644424106	-1521.1578947368423
7165.592763365447	19186.294200848657	-1521.1578947368423
7165.592763365447	19186.385757273205	-1984.8947368421054
7165.592763365447	19186.477313697756	-1744.4385964912283
7165.592763365447	19186.568870122304	-1521.1578947368423
7165.592763365447	19186.660426546856	-1744.4385964912283
7165.592763365447	19186.751982971407	-1521.1578947368423
7165.592763365447	19186.843539395955	-1744.4385964912283
7165.592763365447	19186.935095820507	-1323.640350877193
7165.592763365447	19187.026652245055	-1521.1578947368423
7165.592763365447	19187.118208669606	-1744.4385964912283
7165.592763365447	19187.209765094158	-1744.4385964912283
7165.592763365447	19187.301321518706	-1740.1447368421054
7165.592763365447	19187.392877943257	-1521.1578947368423
7165.592763365447	19187.484434367805	-1521.1578947368423
7165.592763365447	19187.575990792357	-1521.1578947368423
7156.407582449584	19178.603461186456	-1521.1578947368423
7156.407582449584	19178.695017611004	-1521.1578947368423
7156.407582449584	19178.786574035556	-1521.1578947368423
7156.407582449584	19178.878130460103	-1521.1578947368423
7156.407582449584	19178.969686884655	-885.6666666666667
7156.407582449584	19179.061243309206	-885.6666666666667
7156.407582449584	19179.152799733754	-881.3728070175439
7156.407582449584	19179.244356158306	-1001.6008771929825
7156.407582449584	19179.335912582854	-980.1315789473684
7156.407582449584	19179.427469007405	-1027.3640350877195
7156.407582449584	19179.519025431953	-885.6666666666667
7156.407582449584	19179.610581856505	-816.9649122807018
7156.407582449584	19179.702138281056	-855.609649122807
7156.407582449584	19179.793694705604	-902.8421052631579
7156.407582449584	19179.885251130156	-868.4912280701755
7156.407582449584	19179.976807554704	-881.3728070175439
7156.407582449584	19180.068363979255	-984.4254385964913
7156.407582449584	19180.159920403807	-1053.127192982456
7156.407582449584	19180.251476828354	-1035.951754385965
7156.407582449584	19180.343033252906	-1044.5394736842106
7156.407582449584	19180.434589677454	-881.3728070175439
7156.407582449584	19180.526146102005	-1113.2412280701756
7156.407582449584	19180.617702526553	-1143.2982456140353
7156.407582449584	19180.709258951105	-1173.3552631578948
7156.407582449584	19180.800815375656	-885.6666666666667
7156.407582449584	19180.892371800204	-1212.0
7156.407582449584	19180.983928224756	-1220.5877192982457
7156.407582449584	19181.075484649304	-1212.0
7156.407582449584	19181.167041073855	-1302.171052631579
7156.407582449584	19181.258597498407	-1276.407894736842
7156.407582449584	19181.350153922955	-1302.171052631579
7156.407582449584	19181.441710347506	-645.2105263157895
7156.407582449584	19181.533266772054	-1744.4385964912283
7156.407582449584	19181.624823196606	-1744.4385964912283
7156.407582449584	19181.716379621153	-2191.0
7156.407582449584	19181.807936045705	-537.8640350877193
7156.407582449584	19181.899492470257	-2083.6535087719303
7156.407582449584	19181.991048894804	-1521.1578947368423
7156.407582449584	19182.082605319356	-1521.1578947368423
7156.407582449584	19182.174161743904	-1521.1578947368423
7156.407582449584	19182.265718168455	-1521.1578947368423
7156.407582449584	19182.357274593007	-1521.1578947368423
7156.407582449584	19182.448831017555	-2118.004385964912
7156.407582449584	19182.540387442106	-1521.1578947368423
7156.407582449584	19182.631943866654	-1521.1578947368423
7156.407582449584	19182.723500291206	-1521.1578947368423
7156.407582449584	19182.815056715757	-1306.4649122807018
7156.407582449584	19182.906613140305	-1521.1578947368423
7156.407582449584	19182.998169564857	-1521.1578947368423
7156.407582449584	19183.089725989405	-1701.5000000000002
7156.407582449584	19183.181282413956	-1521.1578947368423
7156.407582449584	19183.272838838504	-1521.1578947368423
7156.407582449584	19183.364395263055	-1521.1578947368423
7156.407582449584	19183.455951687607	-1521.1578947368423
7156.407582449584	19183.547508112155	-1899.0175438596493
7156.407582449584	19183.639064536706	-1521.1578947368423
7156.407582449584	19183.730620961254	-1521.1578947368423
7156.407582449584	19183.822177385806	-1521.1578947368423
7156.407582449584	19183.913733810357	-1521.1578947368423
7156.407582449584	19184.005290234905	-1521.1578947368423
7156.407582449584	19184.096846659457	-1521.1578947368423
7156.407582449584	19184.188403084005	-1521.1578947368423
7156.407582449584	19184.279959508556	-1521.1578947368423
7156.407582449584	19184.371515933104	-1521.1578947368423
7156.407582449584	19184.463072357656	-1521.1578947368423
7156.407582449584	19184.554628782207	-1521.1578947368423
7156.407582449584	19184.646185206755	-782.6140350877193
7156.407582449584	19184.737741631307	-1740.1447368421054
7156.407582449584	19184.829298055854	-1521.1578947368423
7156.407582449584	19184.920854480406	-1521.1578947368423
7156.407582449584	19185.012410904958	-1521.1578947368423
7156.407582449584	19185.103967329505	-1521.1578947368423
7156.407582449584	19185.195523754057	-1740.1447368421054
7156.407582449584	19185.287080178605	-1521.1578947368423
7156.407582449584	19185.378636603156	-1521.1578947368423
7156.407582449584	19185.470193027704	-1984.8947368421054
7156.407582449584	19185.561749452256	-1521.1578947368423
7156.407582449584	19185.653305876807	-1744.4385964912283
7156.407582449584	19185.744862301355	-1521.1578947368423
7156.407582449584	19185.836418725907	-1521.1578947368423
7156.407582449584	19185.927975150455	-1521.1578947368423
7156.407582449584	19186.019531575006	-1521.1578947368423
7156.407582449584	19186.111087999558	-1521.1578947368423
7156.407582449584	19186.202644424106	-1521.1578947368423
7156.407582449584	19186.294200848657	-1984.8947368421054
7156.407582449584	19186.385757273205	-2178.1184210526317
7156.407582449584	19186.477313697756	-1521.1578947368423
7156.407582449584	19186.568870122304	-1744.4385964912283
7156.407582449584	19186.660426546856	-1521.1578947368423
7156.407582449584	19186.751982971407	-1744.4385964912283
7156.407582449584	19186.843539395955	-2186.7061403508774
7156.407582449584	19186.935095820507	-1521.1578947368423
7156.407582449584	19187.026652245055	-1744.4385964912283
7156.407582449584	19187.118208669606	-1740.1447368421054
7156.407582449584	19187.209765094158	-1521.1578947368423
7156.407582449584	19187.301321518706	-1521.1578947368423
7156.407582449584	19187.392877943257	-1521.1578947368423
7156.407582449584	19187.484434367805	-1521.1578947368423
7156.407582449584	19187.575990792357	-1521.1578947368423
7147.22240153372	19178.603461186456	-1521.1578947368423
7147.22240153372	19178.695017611004	-1521.1578947368423
7147.22240153372	19178.786574035556	-1521.1578947368423
7147.22240153372	19178.878130460103	-877.0789473684212
7147.22240153372	19178.969686884655	-829.8464912280702
7147.22240153372	19179.061243309206	-885.6666666666667
7147.22240153372	19179.152799733754	-881.3728070175439
7147.22240153372	19179.244356158306	-881.3728070175439
7147.22240153372	19179.335912582854	-482.04385964912285
7147.22240153372	19179.427469007405	-868.4912280701755
7147.22240153372	19179.519025431953	-1027.3640350877195
7147.22240153372	19179.610581856505	-692.4429824561404
7147.22240153372	19179.702138281056	-726.7938596491229
7147.22240153372	19179.793694705604	-842.7280701754387
7147.22240153372	19179.885251130156	-722.5
7147.22240153372	19179.976807554704	-984.4254385964913
7147.22240153372	19180.068363979255	-993.0131578947369
7147.22240153372	19180.159920403807	-1104.6535087719299
7147.22240153372	19180.251476828354	-1074.5964912280701
7147.22240153372	19180.343033252906	-868.4912280701755
7147.22240153372	19180.434589677454	-1126.122807017544
7147.22240153372	19180.526146102005	-1156.1798245614036
7147.22240153372	19180.617702526553	-1164.7675438596493
7147.22240153372	19180.709258951105	-1199.1184210526317
7147.22240153372	19180.800815375656	-1212.0
7147.22240153372	19180.892371800204	-1212.0
7147.22240153372	19180.983928224756	-1233.469298245614
7147.22240153372	19181.075484649304	-1250.6447368421054
7147.22240153372	19181.167041073855	-1276.407894736842
7147.22240153372	19181.258597498407	-1302.171052631579
7147.22240153372	19181.350153922955	-2178.1184210526317
7147.22240153372	19181.441710347506	-1521.1578947368423
7147.22240153372	19181.533266772054	-1323.640350877193
7147.22240153372	19181.624823196606	-1521.1578947368423
7147.22240153372	19181.716379621153	-2083.6535087719303
7147.22240153372	19181.807936045705	-2178.1184210526317
7147.22240153372	19181.899492470257	-1521.1578947368423
7147.22240153372	19181.991048894804	-2083.6535087719303
7147.22240153372	19182.082605319356	-1521.1578947368423
7147.22240153372	19182.174161743904	-1744.4385964912283
7147.22240153372	19182.265718168455	-2186.7061403508774
7147.22240153372	19182.357274593007	-1529.7456140350878
7147.22240153372	19182.448831017555	-1521.1578947368423
7147.22240153372	19182.540387442106	-1521.1578947368423
7147.22240153372	19182.631943866654	-1521.1578947368423
7147.22240153372	19182.723500291206	-774.0263157894738
7147.22240153372	19182.815056715757	-1521.1578947368423
7147.22240153372	19182.906613140305	-1521.1578947368423
7147.22240153372	19182.998169564857	-1521.1578947368423
7147.22240153372	19183.089725989405	-1521.1578947368423
7147.22240153372	19183.181282413956	-1521.1578947368423
7147.22240153372	19183.272838838504	-1521.1578947368423
7147.22240153372	19183.364395263055	-1521.1578947368423
7147.22240153372	19183.455951687607	-829.8464912280702
7147.22240153372	19183.547508112155	-1521.1578947368423
7147.22240153372	19183.639064536706	-1521.1578947368423
7147.22240153372	19183.730620961254	-1984.8947368421054
7147.22240153372	19183.822177385806	-2186.7061403508774
7147.22240153372	19183.913733810357	-1984.8947368421054
7147.22240153372	19184.005290234905	-1984.8947368421054
7147.22240153372	19184.096846659457	-1521.1578947368423
7147.22240153372	19184.188403084005	-1521.1578947368423
7147.22240153372	19184.279959508556	-1521.1578947368423
7147.22240153372	19184.371515933104	-1521.1578947368423
7147.22240153372	19184.463072357656	-1521.1578947368423
7147.22240153372	19184.554628782207	-1297.8771929824563
7147.22240153372	19184.646185206755	-1744.4385964912283
7147.22240153372	19184.737741631307	-1521.1578947368423
7147.22240153372	19184.829298055854	-1984.8947368421054
7147.22240153372	19184.920854480406	-1984.8947368421054
7147.22240153372	19185.012410904958	-1521.1578947368423
7147.22240153372	19185.103967329505	-314.58333333333337
7147.22240153372	19185.195523754057	-1521.1578947368423
7147.22240153372	19185.287080178605	-1521.1578947368423
7147.22240153372	19185.378636603156	-1521.1578947368423
7147.22240153372	19185.470193027704	-1521.1578947368423
7147.22240153372	19185.561749452256	-1744.4385964912283
7147.22240153372	19185.653305876807	-1521.1578947368423
7147.22240153372	19185.744862301355	-1302.171052631579
7147.22240153372	19185.836418725907	-1521.1578947368423
7147.22240153372	19185.927975150455	-1521.1578947368423
7147.22240153372	19186.019531575006	-1521.1578947368423
7147.22240153372	19186.111087999558	-1521.1578947368423
7147.22240153372	19186.202644424106	-1521.1578947368423
7147.22240153372	19186.294200848657	-739.6754385964913
7147.22240153372	19186.385757273205	-1521.1578947368423
7147.22240153372	19186.477313697756	-1521.1578947368423
7147.22240153372	19186.568870122304	-1744.4385964912283
7147.22240153372	19186.660426546856	-1521.1578947368423
7147.22240153372	19186.751982971407	-1315.0526315789475
7147.22240153372	19186.843539395955	-1521.1578947368423
7147.22240153372	19186.935095820507	-1740.1447368421054
7147.22240153372	19187.026652245055	-1740.1447368421054
7147.22240153372	19187.118208669606	-1521.1578947368423
7147.22240153372	19187.209765094158	-1521.1578947368423
7147.22240153372	19187.301321518706	-1521.1578947368423
7147.22240153372	19187.392877943257	-1521.1578947368423
7147.22240153372	19187.484434367805	-1521.1578947368423
7147.22240153372	19187.575990792357	-1521.1578947368423
7138.037220617856	19178.603461186456	-1521.1578947368423
7138.037220617856	19178.695017611004	-1521.1578947368423
7138.037220617856	19178.786574035556	-885.6666666666667
7138.037220617856	19178.878130460103	-451.9868421052632
7138.037220617856	19178.969686884655	-619.4473684210527
7138.037220617856	19179.061243309206	-1018.7763157894738
7138.037220617856	19179.152799733754	-885.6666666666667
7138.037220617856	19179.244356158306	-993.0131578947369
7138.037220617856	19179.335912582854	-885.6666666666667
7138.037220617856	19179.427469007405	-1018.7763157894738
7138.037220617856	19179.519025431953	-701.030701754386
7138.037220617856	19179.610581856505	-645.2105263157895
7138.037220617856	19179.702138281056	-1005.8947368421053
7138.037220617856	19179.793694705604	-662.3859649122808
7138.037220617856	19179.885251130156	-993.0131578947369
7138.037220617856	19179.976807554704	-881.3728070175439
7138.037220617856	19180.068363979255	-1074.5964912280701
7138.037220617856	19180.159920403807	-1074.5964912280701
7138.037220617856	19180.251476828354	-1126.122807017544
7138.037220617856	19180.343033252906	-1104.6535087719299
7138.037220617856	19180.434589677454	-1130.4166666666667
7138.037220617856	19180.526146102005	-1151.8859649122808
7138.037220617856	19180.617702526553	-1177.6491228070176
7138.037220617856	19180.709258951105	-1199.1184210526317
7138.037220617856	19180.800815375656	-1207.7061403508774
7138.037220617856	19180.892371800204	-1242.0570175438597
7138.037220617856	19180.983928224756	-1254.938596491228
7138.037220617856	19181.075484649304	-1276.407894736842
7138.037220617856	19181.167041073855	-1302.171052631579
7138.037220617856	19181.258597498407	-2178.1184210526317
7138.037220617856	19181.350153922955	-1521.1578947368423
7138.037220617856	19181.441710347506	-2083.6535087719303
7138.037220617856	19181.533266772054	-1521.1578947368423
7138.037220617856	19181.624823196606	-2178.1184210526317
7138.037220617856	19181.716379621153	-1521.1578947368423
7138.037220617856	19181.807936045705	-1521.1578947368423
7138.037220617856	19181.899492470257	-1521.1578947368423
7138.037220617856	19181.991048894804	-1521.1578947368423
7138.037220617856	19182.082605319356	-1237.7631578947369
7138.037220617856	19182.174161743904	-2118.004385964912
7138.037220617856	19182.265718168455	-1323.640350877193
7138.037220617856	19182.357274593007	-1521.1578947368423
7138.037220617856	19182.448831017555	-1521.1578947368423
7138.037220617856	19182.540387442106	-1984.8947368421054
7138.037220617856	19182.631943866654	-825.5526315789474
7138.037220617856	19182.723500291206	-1521.1578947368423
7138.037220617856	19182.815056715757	-1521.1578947368423
7138.037220617856	19182.906613140305	-2178.1184210526317
7138.037220617856	19182.998169564857	-1521.1578947368423
7138.037220617856	19183.089725989405	-1521.1578947368423
7138.037220617856	19183.181282413956	-1521.1578947368423
7138.037220617856	19183.272838838504	-1521.1578947368423
7138.037220617856	19183.364395263055	-2186.7061403508774
7138.037220617856	19183.455951687607	-1701.5000000000002
7138.037220617856	19183.547508112155	-1521.1578947368423
7138.037220617856	19183.639064536706	-1984.8947368421054
7138.037220617856	19183.730620961254	-1276.407894736842
7138.037220617856	19183.822177385806	-1521.1578947368423
7138.037220617856	19183.913733810357	-2178.1184210526317
7138.037220617856	19184.005290234905	-1521.1578947368423
7138.037220617856	19184.096846659457	-718.2061403508771
7138.037220617856	19184.188403084005	-1521.1578947368423
7138.037220617856	19184.279959508556	-1521.1578947368423
7138.037220617856	19184.371515933104	-1984.8947368421054
7138.037220617856	19184.463072357656	-1521.1578947368423
7138.037220617856	19184.554628782207	-1521.1578947368423
7138.037220617856	19184.646185206755	-1521.1578947368423
7138.037220617856	19184.737741631307	-1521.1578947368423
7138.037220617856	19184.829298055854	-1521.1578947368423
7138.037220617856	19184.920854480406	-1521.1578947368423
7138.037220617856	19185.012410904958	-2083.6535087719303
7138.037220617856	19185.103967329505	-1744.4385964912283
7138.037220617856	19185.195523754057	-1740.1447368421054
7138.037220617856	19185.287080178605	-1521.1578947368423
7138.037220617856	19185.378636603156	-1521.1578947368423
7138.037220617856	19185.470193027704	-1744.4385964912283
7138.037220617856	19185.561749452256	-1521.1578947368423
7138.037220617856	19185.653305876807	-1323.640350877193
7138.037220617856	19185.744862301355	-1521.1578947368423
7138.037220617856	19185.836418725907	-1521.1578947368423
7138.037220617856	19185.927975150455	-1521.1578947368423
7138.037220617856	19186.019531575006	-1521.1578947368423
7138.037220617856	19186.111087999558	-1521.1578947368423
7138.037220617856	19186.202644424106	-752.5570175438597
7138.037220617856	19186.294200848657	-1521.1578947368423
7138.037220617856	19186.385757273205	-1521.1578947368423
7138.037220617856	19186.477313697756	-1744.4385964912283
7138.037220617856	19186.568870122304	-1521.1578947368423
7138.037220617856	19186.660426546856	-1899.0175438596493
7138.037220617856	19186.751982971407	-2083.6535087719303
7138.037220617856	19186.843539395955	-1744.4385964912283
7138.037220617856	19186.935095820507	-1744.4385964912283
7138.037220617856	19187.026652245055	-1740.1447368421054
7138.037220617856	19187.118208669606	-1521.1578947368423
7138.037220617856	19187.209765094158	-1521.1578947368423
7138.037220617856	19187.301321518706	-1521.1578947368423
7138.037220617856	19187.392877943257	-1521.1578947368423
7138.037220617856	19187.484434367805	-1744.4385964912283
7138.037220617856	19187.575990792357	-1744.4385964912283
7128.852039701992	19178.603461186456	-1521.1578947368423
7128.852039701992	19178.695017611004	-761.1447368421053
7128.852039701992	19178.786574035556	-885.6666666666667
7128.852039701992	19178.878130460103	-885.6666666666667
7128.852039701992	19178.969686884655	-1035.951754385965
7128.852039701992	19179.061243309206	-881.3728070175439
7128.852039701992	19179.152799733754	-451.9868421052632
7128.852039701992	19179.244356158306	-1018.7763157894738
7128.852039701992	19179.335912582854	-1014.4824561403509
7128.852039701992	19179.427469007405	-881.3728070175439
7128.852039701992	19179.519025431953	-881.3728070175439
7128.852039701992	19179.610581856505	-945.780701754386
7128.852039701992	19179.702138281056	-881.3728070175439
7128.852039701992	19179.793694705604	-1027.3640350877195
7128.852039701992	19179.885251130156	-885.6666666666667
7128.852039701992	19179.976807554704	-1040.2456140350878
7128.852039701992	19180.068363979255	-1074.5964912280701
7128.852039701992	19180.159920403807	-1087.4780701754387
7128.852039701992	19180.251476828354	-1121.8289473684213
7128.852039701992	19180.343033252906	-1147.592105263158
7128.852039701992	19180.434589677454	-1156.1798245614036
7128.852039701992	19180.526146102005	-1186.2368421052633
7128.852039701992	19180.617702526553	-1194.8245614035088
7128.852039701992	19180.709258951105	-1212.0
7128.852039701992	19180.800815375656	-1242.0570175438597
7128.852039701992	19180.892371800204	-1254.938596491228
7128.852039701992	19180.983928224756	-1272.1140350877195
7128.852039701992	19181.075484649304	-1284.9956140350878
7128.852039701992	19181.167041073855	-2178.1184210526317
7128.852039701992	19181.258597498407	-1327.9342105263158
7128.852039701992	19181.350153922955	-1744.4385964912283
7128.852039701992	19181.441710347506	-1744.4385964912283
7128.852039701992	19181.533266772054	-1521.1578947368423
7128.852039701992	19181.624823196606	-1521.1578947368423
7128.852039701992	19181.716379621153	-1521.1578947368423
7128.852039701992	19181.807936045705	-1521.1578947368423
7128.852039701992	19181.899492470257	-1521.1578947368423
7128.852039701992	19181.991048894804	-1899.0175438596493
7128.852039701992	19182.082605319356	-1521.1578947368423
7128.852039701992	19182.174161743904	-2186.7061403508774
7128.852039701992	19182.265718168455	-1521.1578947368423
7128.852039701992	19182.357274593007	-1984.8947368421054
7128.852039701992	19182.448831017555	-1521.1578947368423
7128.852039701992	19182.540387442106	-1521.1578947368423
7128.852039701992	19182.631943866654	-1521.1578947368423
7128.852039701992	19182.723500291206	-1521.1578947368423
7128.852039701992	19182.815056715757	-1521.1578947368423
7128.852039701992	19182.906613140305	-1521.1578947368423
7128.852039701992	19182.998169564857	-1521.1578947368423
7128.852039701992	19183.089725989405	-1521.1578947368423
7128.852039701992	19183.181282413956	-1521.1578947368423
7128.852039701992	19183.272838838504	-1521.1578947368423
7128.852039701992	19183.364395263055	-1521.1578947368423
7128.852039701992	19183.455951687607	-2118.004385964912
7128.852039701992	19183.547508112155	-1984.8947368421054
7128.852039701992	19183.639064536706	-2178.1184210526317
7128.852039701992	19183.730620961254	-1521.1578947368423
7128.852039701992	19183.822177385806	-752.5570175438597
7128.852039701992	19183.913733810357	-1521.1578947368423
7128.852039701992	19184.005290234905	-1899.0175438596493
7128.852039701992	19184.096846659457	-1521.1578947368423
7128.852039701992	19184.188403084005	-1521.1578947368423
7128.852039701992	19184.279959508556	-1521.1578947368423
7128.852039701992	19184.371515933104	-1744.4385964912283
7128.852039701992	19184.463072357656	-1744.4385964912283
7128.852039701992	19184.554628782207	-1521.1578947368423
7128.852039701992	19184.646185206755	-1521.1578947368423
7128.852039701992	19184.737741631307	-1521.1578947368423
7128.852039701992	19184.829298055854	-1521.1578947368423
7128.852039701992	19184.920854480406	-2178.1184210526317
7128.852039701992	19185.012410904958	-1744.4385964912283
7128.852039701992	19185.103967329505	-2083.6535087719303
7128.852039701992	19185.195523754057	-1521.1578947368423
7128.852039701992	19185.287080178605	-1740.1447368421054
7128.852039701992	19185.378636603156	-1521.1578947368423
7128.852039701992	19185.470193027704	-1744.4385964912283
7128.852039701992	19185.561749452256	-1297.8771929824563
7128.852039701992	19185.653305876807	-1521.1578947368423
7128.852039701992	19185.744862301355	-1521.1578947368423
7128.852039701992	19185.836418725907	-1521.1578947368423
7128.852039701992	19185.927975150455	-1521.1578947368423
7128.852039701992	19186.019531575006	-1521.1578947368423
7128.852039701992	19186.111087999558	-1899.0175438596493
7128.852039701992	19186.202644424106	-1521.1578947368423
7128.852039701992	19186.294200848657	-1984.8947368421054
7128.852039701992	19186.385757273205	-1744.4385964912283
7128.852039701992	19186.477313697756	-1521.1578947368423
7128.852039701992	19186.568870122304	-1521.1578947368423
7128.852039701992	19186.660426546856	-1899.0175438596493
7128.852039701992	19186.751982971407	-1521.1578947368423
7128.852039701992	19186.843539395955	-1744.4385964912283
7128.852039701992	19186.935095820507	-1744.4385964912283
7128.852039701992	19187.026652245055	-1740.1447368421054
7128.852039701992	19187.118208669606	-1521.1578947368423
7128.852039701992	19187.209765094158	-1521.1578947368423
7128.852039701992	19187.301321518706	-1521.1578947368423
7128.852039701992	19187.392877943257	-1984.8947368421054
7128.852039701992	19187.484434367805	-1744.4385964912283
7128.852039701992	19187.575990792357	-1744.4385964912283
7119.666858786129	19178.603461186456	-2186.7061403508774
7119.666858786129	19178.695017611004	-396.1666666666667
7119.666858786129	19178.786574035556	-1001.6008771929825
7119.666858786129	19178.878130460103	-885.6666666666667
7119.666858786129	19178.969686884655	-361.8157894736842
7119.666858786129	19179.061243309206	-975.8377192982457
7119.666858786129	19179.152799733754	-984.4254385964913
7119.666858786129	19179.244356158306	-404.75438596491233
7119.666858786129	19179.335912582854	-666.6798245614036
7119.666858786129	19179.427469007405	-993.0131578947369
7119.666858786129	19179.519025431953	-709.6184210526317
7119.666858786129	19179.610581856505	-975.8377192982457
7119.666858786129	19179.702138281056	-1027.3640350877195
7119.666858786129	19179.793694705604	-1018.7763157894738
7119.666858786129	19179.885251130156	-1014.4824561403509
7119.666858786129	19179.976807554704	-1074.5964912280701
7119.666858786129	19180.068363979255	-1053.127192982456
7119.666858786129	19180.159920403807	-1126.122807017544
7119.666858786129	19180.251476828354	-1151.8859649122808
7119.666858786129	19180.343033252906	-1156.1798245614036
7119.666858786129	19180.434589677454	-1173.3552631578948
7119.666858786129	19180.526146102005	-1199.1184210526317
7119.666858786129	19180.617702526553	-1212.0
7119.666858786129	19180.709258951105	-1233.469298245614
7119.666858786129	19180.800815375656	-1250.6447368421054
7119.666858786129	19180.892371800204	-1272.1140350877195
7119.666858786129	19180.983928224756	-1284.9956140350878
7119.666858786129	19181.075484649304	-2186.7061403508774
7119.666858786129	19181.167041073855	-1306.4649122807018
7119.666858786129	19181.258597498407	-1521.1578947368423
7119.666858786129	19181.350153922955	-1744.4385964912283
7119.666858786129	19181.441710347506	-2083.6535087719303
7119.666858786129	19181.533266772054	-1740.1447368421054
7119.666858786129	19181.624823196606	-1521.1578947368423
7119.666858786129	19181.716379621153	-1984.8947368421054
7119.666858786129	19181.807936045705	-2178.1184210526317
7119.666858786129	19181.899492470257	-1306.4649122807018
7119.666858786129	19181.991048894804	-1521.1578947368423
7119.666858786129	19182.082605319356	-1744.4385964912283
7119.666858786129	19182.174161743904	-1521.1578947368423
7119.666858786129	19182.265718168455	-1984.8947368421054
7119.666858786129	19182.357274593007	-241.58771929824562
7119.666858786129	19182.448831017555	-1521.1578947368423
7119.666858786129	19182.540387442106	-1521.1578947368423
7119.666858786129	19182.631943866654	-1701.5000000000002
7119.666858786129	19182.723500291206	-1521.1578947368423
7119.666858786129	19182.815056715757	-1521.1578947368423
7119.666858786129	19182.906613140305	-2178.1184210526317
7119.666858786129	19182.998169564857	-1521.1578947368423
7119.666858786129	19183.089725989405	-1521.1578947368423
7119.666858786129	19183.181282413956	-1521.1578947368423
7119.666858786129	19183.272838838504	-1701.5000000000002
7119.666858786129	19183.364395263055	-1521.1578947368423
7119.666858786129	19183.455951687607	-1521.1578947368423
7119.666858786129	19183.547508112155	-1521.1578947368423
7119.666858786129	19183.639064536706	-1521.1578947368423
7119.666858786129	19183.730620961254	-2178.1184210526317
7119.666858786129	19183.822177385806	-1521.1578947368423
7119.666858786129	19183.913733810357	-1521.1578947368423
7119.666858786129	19184.005290234905	-1521.1578947368423
7119.666858786129	19184.096846659457	-1521.1578947368423
7119.666858786129	19184.188403084005	-1521.1578947368423
7119.666858786129	19184.279959508556	-1521.1578947368423
7119.666858786129	19184.371515933104	-1521.1578947368423
7119.666858786129	19184.463072357656	-1521.1578947368423
7119.666858786129	19184.554628782207	-1521.1578947368423
7119.666858786129	19184.646185206755	-1521.1578947368423
7119.666858786129	19184.737741631307	-1984.8947368421054
7119.666858786129	19184.829298055854	-284.5263157894737
7119.666858786129	19184.920854480406	-1521.1578947368423
7119.666858786129	19185.012410904958	-1740.1447368421054
7119.666858786129	19185.103967329505	-1521.1578947368423
7119.666858786129	19185.195523754057	-2178.1184210526317
7119.666858786129	19185.287080178605	-1521.1578947368423
7119.666858786129	19185.378636603156	-1744.4385964912283
7119.666858786129	19185.470193027704	-1899.0175438596493
7119.666858786129	19185.561749452256	-1521.1578947368423
7119.666858786129	19185.653305876807	-1521.1578947368423
7119.666858786129	19185.744862301355	-1521.1578947368423
7119.666858786129	19185.836418725907	-1521.1578947368423
7119.666858786129	19185.927975150455	-1984.8947368421054
7119.666858786129	19186.019531575006	-1529.7456140350878
7119.666858786129	19186.111087999558	-1521.1578947368423
7119.666858786129	19186.202644424106	-1521.1578947368423
7119.666858786129	19186.294200848657	-1744.4385964912283
7119.666858786129	19186.385757273205	-1744.4385964912283
7119.666858786129	19186.477313697756	-1521.1578947368423
7119.666858786129	19186.568870122304	-1744.4385964912283
7119.666858786129	19186.660426546856	-2083.6535087719303
7119.666858786129	19186.751982971407	-1521.1578947368423
7119.666858786129	19186.843539395955	-1744.4385964912283
7119.666858786129	19186.935095820507	-1744.4385964912283
7119.666858786129	19187.026652245055	-1744.4385964912283
7119.666858786129	19187.118208669606	-1521.1578947368423
7119.666858786129	19187.209765094158	-1521.1578947368423
7119.666858786129	19187.301321518706	-520.688596491228
7119.666858786129	19187.392877943257	-1744.4385964912283
7119.666858786129	19187.484434367805	-1521.1578947368423
7119.666858786129	19187.575990792357	-1521.1578947368423
7110.481677870264	19178.603461186456	-885.6666666666667
7110.481677870264	19178.695017611004	-233.0
7110.481677870264	19178.786574035556	-619.4473684210527
7110.481677870264	19178.878130460103	-1040.2456140350878
7110.481677870264	19178.969686884655	-993.0131578947369
7110.481677870264	19179.061243309206	-881.3728070175439
7110.481677870264	19179.152799733754	-872.7850877192983
7110.481677870264	19179.244356158306	-924.311403508772
7110.481677870264	19179.335912582854	-816.9649122807018
7110.481677870264	19179.427469007405	-816.9649122807018
7110.481677870264	19179.519025431953	-885.6666666666667
7110.481677870264	19179.610581856505	-765.4385964912282
7110.481677870264	19179.702138281056	-524.9824561403509
7110.481677870264	19179.793694705604	-1014.4824561403509
7110.481677870264	19179.885251130156	-1053.127192982456
7110.481677870264	19179.976807554704	-1104.6535087719299
7110.481677870264	19180.068363979255	-1117.5350877192982
7110.481677870264	19180.159920403807	-1139.0043859649122
7110.481677870264	19180.251476828354	-881.3728070175439
7110.481677870264	19180.343033252906	-1207.7061403508774
7110.481677870264	19180.434589677454	-1199.1184210526317
7110.481677870264	19180.526146102005	-1224.8815789473686
7110.481677870264	19180.617702526553	-1242.0570175438597
7110.481677870264	19180.709258951105	-1276.407894736842
7110.481677870264	19180.800815375656	-1250.6447368421054
7110.481677870264	19180.892371800204	-1293.5833333333335
7110.481677870264	19180.983928224756	-1306.4649122807018
7110.481677870264	19181.075484649304	-2186.7061403508774
7110.481677870264	19181.167041073855	-1744.4385964912283
7110.481677870264	19181.258597498407	-1521.1578947368423
7110.481677870264	19181.350153922955	-2178.1184210526317
7110.481677870264	19181.441710347506	-1521.1578947368423
7110.481677870264	19181.533266772054	-2083.6535087719303
7110.481677870264	19181.624823196606	-1521.1578947368423
7110.481677870264	19181.716379621153	-1521.1578947368423
7110.481677870264	19181.807936045705	-748.2631578947369
7110.481677870264	19181.899492470257	-1323.640350877193
7110.481677870264	19181.991048894804	-1984.8947368421054
7110.481677870264	19182.082605319356	-1521.1578947368423
7110.481677870264	19182.174161743904	-1899.0175438596493
7110.481677870264	19182.265718168455	-2186.7061403508774
7110.481677870264	19182.357274593007	-1272.1140350877195
7110.481677870264	19182.448831017555	-1521.1578947368423
7110.481677870264	19182.540387442106	-1984.8947368421054
7110.481677870264	19182.631943866654	-1521.1578947368423
7110.481677870264	19182.723500291206	-1521.1578947368423
7110.481677870264	19182.815056715757	-1899.0175438596493
7110.481677870264	19182.906613140305	-1521.1578947368423
7110.481677870264	19182.998169564857	-1323.640350877193
7110.481677870264	19183.089725989405	-1521.1578947368423
7110.481677870264	19183.181282413956	-2178.1184210526317
7110.481677870264	19183.272838838504	-1521.1578947368423
7110.481677870264	19183.364395263055	-1984.8947368421054
7110.481677870264	19183.455951687607	-1521.1578947368423
7110.481677870264	19183.547508112155	-1521.1578947368423
7110.481677870264	19183.639064536706	-1984.8947368421054
7110.481677870264	19183.730620961254	-1521.1578947368423
7110.481677870264	19183.822177385806	-1521.1578947368423
7110.481677870264	19183.913733810357	-1521.1578947368423
7110.481677870264	19184.005290234905	-1521.1578947368423
7110.481677870264	19184.096846659457	-1521.1578947368423
7110.481677870264	19184.188403084005	-1521.1578947368423
7110.481677870264	19184.279959508556	-1521.1578947368423
7110.481677870264	19184.371515933104	-1521.1578947368423
7110.481677870264	19184.463072357656	-2118.004385964912
7110.481677870264	19184.554628782207	-1521.1578947368423
7110.481677870264	19184.646185206755	-1521.1578947368423
7110.481677870264	19184.737741631307	-1521.1578947368423
7110.481677870264	19184.829298055854	-1984.8947368421054
7110.481677870264	19184.920854480406	-1740.1447368421054
7110.481677870264	19185.012410904958	-1521.1578947368423
7110.481677870264	19185.103967329505	-1899.0175438596493
7110.481677870264	19185.195523754057	-1521.1578947368423
7110.481677870264	19185.287080178605	-1521.1578947368423
7110.481677870264	19185.378636603156	-1521.1578947368423
7110.481677870264	19185.470193027704	-1521.1578947368423
7110.481677870264	19185.561749452256	-1521.1578947368423
7110.481677870264	19185.653305876807	-1521.1578947368423
7110.481677870264	19185.744862301355	-1521.1578947368423
7110.481677870264	19185.836418725907	-1521.1578947368423
7110.481677870264	19185.927975150455	-1297.8771929824563
7110.481677870264	19186.019531575006	-1521.1578947368423
7110.481677870264	19186.111087999558	-1521.1578947368423
7110.481677870264	19186.202644424106	-1521.1578947368423
7110.481677870264	19186.294200848657	-1744.4385964912283
7110.481677870264	19186.385757273205	-1744.4385964912283
7110.481677870264	19186.477313697756	-1521.1578947368423
7110.481677870264	19186.568870122304	-1984.8947368421054
7110.481677870264	19186.660426546856	-1521.1578947368423
7110.481677870264	19186.751982971407	-1521.1578947368423
7110.481677870264	19186.843539395955	-1521.1578947368423
7110.481677870264	19186.935095820507	-1740.1447368421054
7110.481677870264	19187.026652245055	-1521.1578947368423
7110.481677870264	19187.118208669606	-1521.1578947368423
7110.481677870264	19187.209765094158	-1521.1578947368423
7110.481677870264	19187.301321518706	-1323.640350877193
7110.481677870264	19187.392877943257	-1744.4385964912283
7110.481677870264	19187.484434367805	-1521.1578947368423
7110.481677870264	19187.575990792357	-1521.1578947368423
7101.296496954401	19178.603461186456	-254.46929824561403
7101.296496954401	19178.695017611004	-993.0131578947369
7101.296496954401	19178.786574035556	-1001.6008771929825
7101.296496954401	19178.878130460103	-1031.657894736842
7101.296496954401	19178.969686884655	-881.3728070175439
7101.296496954401	19179.061243309206	-1031.657894736842
7101.296496954401	19179.152799733754	-765.4385964912282
7101.296496954401	19179.244356158306	-868.4912280701755
7101.296496954401	19179.335912582854	-580.8026315789474
7101.296496954401	19179.427469007405	-662.3859649122808
7101.296496954401	19179.519025431953	-1066.0087719298247
7101.296496954401	19179.610581856505	-619.4473684210527
7101.296496954401	19179.702138281056	-1053.127192982456
7101.296496954401	19179.793694705604	-881.3728070175439
7101.296496954401	19179.885251130156	-1091.7719298245615
7101.296496954401	19179.976807554704	-1139.0043859649122
7101.296496954401	19180.068363979255	-1126.122807017544
7101.296496954401	19180.159920403807	-1169.061403508772
7101.296496954401	19180.251476828354	-881.3728070175439
7101.296496954401	19180.343033252906	-1173.3552631578948
7101.296496954401	19180.434589677454	-1216.2938596491229
7101.296496954401	19180.526146102005	-1254.938596491228
7101.296496954401	19180.617702526553	-1263.5263157894738
7101.296496954401	19180.709258951105	-1276.407894736842
7101.296496954401	19180.800815375656	-778.3201754385965
7101.296496954401	19180.892371800204	-1302.171052631579
7101.296496954401	19180.983928224756	-1521.1578947368423
7101.296496954401	19181.075484649304	-1289.2894736842106
7101.296496954401	19181.167041073855	-1997.7763157894738
7101.296496954401	19181.258597498407	-1323.640350877193
7101.296496954401	19181.350153922955	-1744.4385964912283
7101.296496954401	19181.441710347506	-1744.4385964912283
7101.296496954401	19181.533266772054	-1744.4385964912283
7101.296496954401	19181.624823196606	-1899.0175438596493
7101.296496954401	19181.716379621153	-945.780701754386
7101.296496954401	19181.807936045705	-1521.1578947368423
7101.296496954401	19181.899492470257	-1984.8947368421054
7101.296496954401	19181.991048894804	-1521.1578947368423
7101.296496954401	19182.082605319356	-2178.1184210526317
7101.296496954401	19182.174161743904	-1521.1578947368423
7101.296496954401	19182.265718168455	-2118.004385964912
7101.296496954401	19182.357274593007	-1027.3640350877195
7101.296496954401	19182.448831017555	-1984.8947368421054
7101.296496954401	19182.540387442106	-1521.1578947368423
7101.296496954401	19182.631943866654	-1984.8947368421054
7101.296496954401	19182.723500291206	-1521.1578947368423
7101.296496954401	19182.815056715757	-1521.1578947368423
7101.296496954401	19182.906613140305	-1521.1578947368423
7101.296496954401	19182.998169564857	-1521.1578947368423
7101.296496954401	19183.089725989405	-855.609649122807
7101.296496954401	19183.181282413956	-1984.8947368421054
7101.296496954401	19183.272838838504	-1521.1578947368423
7101.296496954401	19183.364395263055	-1521.1578947368423
7101.296496954401	19183.455951687607	-1521.1578947368423
7101.296496954401	19183.547508112155	-1984.8947368421054
7101.296496954401	19183.639064536706	-1521.1578947368423
7101.296496954401	19183.730620961254	-1521.1578947368423
7101.296496954401	19183.822177385806	-1521.1578947368423
7101.296496954401	19183.913733810357	-1521.1578947368423
7101.296496954401	19184.005290234905	-1521.1578947368423
7101.296496954401	19184.096846659457	-1740.1447368421054
7101.296496954401	19184.188403084005	-1521.1578947368423
7101.296496954401	19184.279959508556	-1521.1578947368423
7101.296496954401	19184.371515933104	-2186.7061403508774
7101.296496954401	19184.463072357656	-1984.8947368421054
7101.296496954401	19184.554628782207	-1984.8947368421054
7101.296496954401	19184.646185206755	-1740.1447368421054
7101.296496954401	19184.737741631307	-1521.1578947368423
7101.296496954401	19184.829298055854	-1521.1578947368423
7101.296496954401	19184.920854480406	-1521.1578947368423
7101.296496954401	19185.012410904958	-1306.4649122807018
7101.296496954401	19185.103967329505	-1521.1578947368423
7101.296496954401	19185.195523754057	-1744.4385964912283
7101.296496954401	19185.287080178605	-1521.1578947368423
7101.296496954401	19185.378636603156	-1521.1578947368423
7101.296496954401	19185.470193027704	-1521.1578947368423
7101.296496954401	19185.561749452256	-1521.1578947368423
7101.296496954401	19185.653305876807	-1521.1578947368423
7101.296496954401	19185.744862301355	-1521.1578947368423
7101.296496954401	19185.836418725907	-731.0877192982457
7101.296496954401	19185.927975150455	-1744.4385964912283
7101.296496954401	19186.019531575006	-1521.1578947368423
7101.296496954401	19186.111087999558	-1984.8947368421054
7101.296496954401	19186.202644424106	-1744.4385964912283
7101.296496954401	19186.294200848657	-1744.4385964912283
7101.296496954401	19186.385757273205	-1521.1578947368423
7101.296496954401	19186.477313697756	-1521.1578947368423
7101.296496954401	19186.568870122304	-1744.4385964912283
7101.296496954401	19186.660426546856	-1521.1578947368423
7101.296496954401	19186.751982971407	-1521.1578947368423
7101.296496954401	19186.843539395955	-1740.1447368421054
7101.296496954401	19186.935095820507	-1740.1447368421054
7101.296496954401	19187.026652245055	-1521.1578947368423
7101.296496954401	19187.118208669606	-1521.1578947368423
7101.296496954401	19187.209765094158	-1521.1578947368423
7101.296496954401	19187.301321518706	-1521.1578947368423
7101.296496954401	19187.392877943257	-1744.4385964912283
7101.296496954401	19187.484434367805	-1521.1578947368423
7101.296496954401	19187.575990792357	-1521.1578947368423
7092.111316038538	19178.603461186456	-993.0131578947369
7092.111316038538	19178.695017611004	-885.6666666666667
7092.111316038538	19178.786574035556	-993.0131578947369
7092.111316038538	19178.878130460103	-520.688596491228
7092.111316038538	19178.969686884655	-988.7192982456141
7092.111316038538	19179.061243309206	-881.3728070175439
7092.111316038538	19179.152799733754	-881.3728070175439
7092.111316038538	19179.244356158306	-726.7938596491229
7092.111316038538	19179.335912582854	-1074.5964912280701
7092.111316038538	19179.427469007405	-984.4254385964913
7092.111316038538	19179.519025431953	-451.9868421052632
7092.111316038538	19179.610581856505	-1027.3640350877195
7092.111316038538	19179.702138281056	-1074.5964912280701
7092.111316038538	19179.793694705604	-1126.122807017544
7092.111316038538	19179.885251130156	-1126.122807017544
7092.111316038538	19179.976807554704	-1130.4166666666667
7092.111316038538	19180.068363979255	-1164.7675438596493
7092.111316038538	19180.159920403807	-881.3728070175439
7092.111316038538	19180.251476828354	-881.3728070175439
7092.111316038538	19180.343033252906	-1220.5877192982457
7092.111316038538	19180.434589677454	-1237.7631578947369
7092.111316038538	19180.526146102005	-1276.407894736842
7092.111316038538	19180.617702526553	-1224.8815789473686
7092.111316038538	19180.709258951105	-816.9649122807018
7092.111316038538	19180.800815375656	-1521.1578947368423
7092.111316038538	19180.892371800204	-383.28508771929825
7092.111316038538	19180.983928224756	-1521.1578947368423
7092.111316038538	19181.075484649304	-1327.9342105263158
7092.111316038538	19181.167041073855	-1521.1578947368423
7092.111316038538	19181.258597498407	-1521.1578947368423
7092.111316038538	19181.350153922955	-2178.1184210526317
7092.111316038538	19181.441710347506	-1323.640350877193
7092.111316038538	19181.533266772054	-1899.0175438596493
7092.111316038538	19181.624823196606	-945.780701754386
7092.111316038538	19181.716379621153	-1521.1578947368423
7092.111316038538	19181.807936045705	-1744.4385964912283
7092.111316038538	19181.899492470257	-1521.1578947368423
7092.111316038538	19181.991048894804	-1521.1578947368423
7092.111316038538	19182.082605319356	-2178.1184210526317
7092.111316038538	19182.174161743904	-1521.1578947368423
7092.111316038538	19182.265718168455	-1216.2938596491229
7092.111316038538	19182.357274593007	-2178.1184210526317
7092.111316038538	19182.448831017555	-1521.1578947368423
7092.111316038538	19182.540387442106	-2178.1184210526317
7092.111316038538	19182.631943866654	-1521.1578947368423
7092.111316038538	19182.723500291206	-1521.1578947368423
7092.111316038538	19182.815056715757	-1327.9342105263158
7092.111316038538	19182.906613140305	-1521.1578947368423
7092.111316038538	19182.998169564857	-701.030701754386
7092.111316038538	19183.089725989405	-1521.1578947368423
7092.111316038538	19183.181282413956	-1899.0175438596493
7092.111316038538	19183.272838838504	-2186.7061403508774
7092.111316038538	19183.364395263055	-2186.7061403508774
7092.111316038538	19183.455951687607	-2186.7061403508774
7092.111316038538	19183.547508112155	-2186.7061403508774
7092.111316038538	19183.639064536706	-2186.7061403508774
7092.111316038538	19183.730620961254	-2186.7061403508774
7092.111316038538	19183.822177385806	-2186.7061403508774
7092.111316038538	19183.913733810357	-2186.7061403508774
7092.111316038538	19184.005290234905	-2178.1184210526317
7092.111316038538	19184.096846659457	-1740.1447368421054
7092.111316038538	19184.188403084005	-1521.1578947368423
7092.111316038538	19184.279959508556	-2178.1184210526317
7092.111316038538	19184.371515933104	-1521.1578947368423
7092.111316038538	19184.463072357656	-1521.1578947368423
7092.111316038538	19184.554628782207	-1306.4649122807018
7092.111316038538	19184.646185206755	-1521.1578947368423
7092.111316038538	19184.737741631307	-1521.1578947368423
7092.111316038538	19184.829298055854	-1521.1578947368423
7092.111316038538	19184.920854480406	-1521.1578947368423
7092.111316038538	19185.012410904958	-1521.1578947368423
7092.111316038538	19185.103967329505	-1744.4385964912283
7092.111316038538	19185.195523754057	-1521.1578947368423
7092.111316038538	19185.287080178605	-1521.1578947368423
7092.111316038538	19185.378636603156	-1521.1578947368423
7092.111316038538	19185.470193027704	-1521.1578947368423
7092.111316038538	19185.561749452256	-1521.1578947368423
7092.111316038538	19185.653305876807	-1744.4385964912283
7092.111316038538	19185.744862301355	-1529.7456140350878
7092.111316038538	19185.836418725907	-1521.1578947368423
7092.111316038538	19185.927975150455	-1984.8947368421054
7092.111316038538	19186.019531575006	-1744.4385964912283
7092.111316038538	19186.111087999558	-1521.1578947368423
7092.111316038538	19186.202644424106	-1521.1578947368423
7092.111316038538	19186.294200848657	-1521.1578947368423
7092.111316038538	19186.385757273205	-1521.1578947368423
7092.111316038538	19186.477313697756	-1521.1578947368423
7092.111316038538	19186.568870122304	-1744.4385964912283
7092.111316038538	19186.660426546856	-1521.1578947368423
7092.111316038538	19186.751982971407	-1521.1578947368423
7092.111316038538	19186.843539395955	-1740.1447368421054
7092.111316038538	19186.935095820507	-1521.1578947368423
7092.111316038538	19187.026652245055	-1740.1447368421054
7092.111316038538	19187.118208669606	-1521.1578947368423
7092.111316038538	19187.209765094158	-1521.1578947368423
7092.111316038538	19187.301321518706	-1744.4385964912283
7092.111316038538	19187.392877943257	-1521.1578947368423
7092.111316038538	19187.484434367805	-1521.1578947368423
7092.111316038538	19187.575990792357	-1521.1578947368423
7082.926135122673	19178.603461186456	-881.3728070175439
7082.926135122673	19178.695017611004	-1018.7763157894738
7082.926135122673	19178.786574035556	-1044.5394736842106
7082.926135122673	19178.878130460103	-868.4912280701755
7082.926135122673	19178.969686884655	-851.3157894736843
7082.926135122673	19179.061243309206	-404.75438596491233
7082.926135122673	19179.152799733754	-434.81140350877195
7082.926135122673	19179.244356158306	-1066.0087719298247
7082.926135122673	19179.335912582854	-950.0745614035088
7082.926135122673	19179.427469007405	-619.4473684210527
7082.926135122673	19179.519025431953	-1001.6008771929825
7082.926135122673	19179.610581856505	-1066.0087719298247
7082.926135122673	19179.702138281056	-1066.0087719298247
7082.926135122673	19179.793694705604	-1117.5350877192982
7082.926135122673	19179.885251130156	-1134.7105263157896
7082.926135122673	19179.976807554704	-1169.061403508772
7082.926135122673	19180.068363979255	-1181.9429824561403
7082.926135122673	19180.159920403807	-1220.5877192982457
7082.926135122673	19180.251476828354	-1212.0
7082.926135122673	19180.343033252906	-1233.469298245614
7082.926135122673	19180.434589677454	-1254.938596491228
7082.926135122673	19180.526146102005	-1276.407894736842
7082.926135122673	19180.617702526553	-718.2061403508771
7082.926135122673	19180.709258951105	-1302.171052631579
7082.926135122673	19180.800815375656	-1302.171052631579
7082.926135122673	19180.892371800204	-494.92543859649123
7082.926135122673	19180.983928224756	-1302.171052631579
7082.926135122673	19181.075484649304	-752.5570175438597
7082.926135122673	19181.167041073855	-2186.7061403508774
7082.926135122673	19181.258597498407	-2178.1184210526317
7082.926135122673	19181.350153922955	-245.8815789473684
7082.926135122673	19181.441710347506	-2178.1184210526317
7082.926135122673	19181.533266772054	-1284.9956140350878
7082.926135122673	19181.624823196606	-2186.7061403508774
7082.926135122673	19181.716379621153	-1521.1578947368423
7082.926135122673	19181.807936045705	-1984.8947368421054
7082.926135122673	19181.899492470257	-1521.1578947368423
7082.926135122673	19181.991048894804	-2118.004385964912
7082.926135122673	19182.082605319356	-1521.1578947368423
7082.926135122673	19182.174161743904	-1521.1578947368423
7082.926135122673	19182.265718168455	-2178.1184210526317
7082.926135122673	19182.357274593007	-1521.1578947368423
7082.926135122673	19182.448831017555	-1521.1578947368423
7082.926135122673	19182.540387442106	-1521.1578947368423
7082.926135122673	19182.631943866654	-1521.1578947368423
7082.926135122673	19182.723500291206	-1521.1578947368423
7082.926135122673	19182.815056715757	-1521.1578947368423
7082.926135122673	19182.906613140305	-1529.7456140350878
7082.926135122673	19182.998169564857	-1521.1578947368423
7082.926135122673	19183.089725989405	-2186.7061403508774
7082.926135122673	19183.181282413956	-1521.1578947368423
7082.926135122673	19183.272838838504	-2186.7061403508774
7082.926135122673	19183.364395263055	-2186.7061403508774
7082.926135122673	19183.455951687607	-2186.7061403508774
7082.926135122673	19183.547508112155	-2186.7061403508774
7082.926135122673	19183.639064536706	-2186.7061403508774
7082.926135122673	19183.730620961254	-2186.7061403508774
7082.926135122673	19183.822177385806	-2186.7061403508774
7082.926135122673	19183.913733810357	-2186.7061403508774
7082.926135122673	19184.005290234905	-1521.1578947368423
7082.926135122673	19184.096846659457	-1521.1578947368423
7082.926135122673	19184.188403084005	-2178.1184210526317
7082.926135122673	19184.279959508556	-1521.1578947368423
7082.926135122673	19184.371515933104	-1521.1578947368423
7082.926135122673	19184.463072357656	-2186.7061403508774
7082.926135122673	19184.554628782207	-1521.1578947368423
7082.926135122673	19184.646185206755	-1521.1578947368423
7082.926135122673	19184.737741631307	-1521.1578947368423
7082.926135122673	19184.829298055854	-1521.1578947368423
7082.926135122673	19184.920854480406	-1521.1578947368423
7082.926135122673	19185.012410904958	-1744.4385964912283
7082.926135122673	19185.103967329505	-1521.1578947368423
7082.926135122673	19185.195523754057	-1521.1578947368423
7082.926135122673	19185.287080178605	-1521.1578947368423
7082.926135122673	19185.378636603156	-1521.1578947368423
7082.926135122673	19185.470193027704	-1521.1578947368423
7082.926135122673	19185.561749452256	-2118.004385964912
7082.926135122673	19185.653305876807	-1984.8947368421054
7082.926135122673	19185.744862301355	-1521.1578947368423
7082.926135122673	19185.836418725907	-1744.4385964912283
7082.926135122673	19185.927975150455	-1744.4385964912283
7082.926135122673	19186.019531575006	-1521.1578947368423
7082.926135122673	19186.111087999558	-1744.4385964912283
7082.926135122673	19186.202644424106	-1744.4385964912283
7082.926135122673	19186.294200848657	-1744.4385964912283
7082.926135122673	19186.385757273205	-1744.4385964912283
7082.926135122673	19186.477313697756	-1306.4649122807018
7082.926135122673	19186.568870122304	-1521.1578947368423
7082.926135122673	19186.660426546856	-1521.1578947368423
7082.926135122673	19186.751982971407	-1744.4385964912283
7082.926135122673	19186.843539395955	-1740.1447368421054
7082.926135122673	19186.935095820507	-1521.1578947368423
7082.926135122673	19187.026652245055	-1521.1578947368423
7082.926135122673	19187.118208669606	-1521.1578947368423
7082.926135122673	19187.209765094158	-1521.1578947368423
7082.926135122673	19187.301321518706	-1744.4385964912283
7082.926135122673	19187.392877943257	-1521.1578947368423
7082.926135122673	19187.484434367805	-1521.1578947368423
7082.926135122673	19187.575990792357	-1521.1578947368423
7073.74095420681	19178.603461186456	-885.6666666666667
7073.74095420681	19178.695017611004	-1018.7763157894738
7073.74095420681	19178.786574035556	-885.6666666666667
7073.74095420681	19178.878130460103	-662.3859649122808
7073.74095420681	19178.969686884655	-254.46929824561403
7073.74095420681	19179.061243309206	-881.3728070175439
7073.74095420681	19179.152799733754	-675.2675438596491
7073.74095420681	19179.244356158306	-885.6666666666667
7073.74095420681	19179.335912582854	-619.4473684210527
7073.74095420681	19179.427469007405	-1074.5964912280701
7073.74095420681	19179.519025431953	-1087.4780701754387
7073.74095420681	19179.610581856505	-1096.0657894736842
7073.74095420681	19179.702138281056	-1117.5350877192982
7073.74095420681	19179.793694705604	-1181.9429824561403
7073.74095420681	19179.885251130156	-1147.592105263158
7073.74095420681	19179.976807554704	-1212.0
7073.74095420681	19180.068363979255	-881.3728070175439
7073.74095420681	19180.159920403807	-881.3728070175439
7073.74095420681	19180.251476828354	-1233.469298245614
7073.74095420681	19180.343033252906	-1242.0570175438597
7073.74095420681	19180.434589677454	-834.140350877193
7073.74095420681	19180.526146102005	-2191.0
7073.74095420681	19180.617702526553	-1302.171052631579
7073.74095420681	19180.709258951105	-1323.640350877193
7073.74095420681	19180.800815375656	-1306.4649122807018
7073.74095420681	19180.892371800204	-2178.1184210526317
7073.74095420681	19180.983928224756	-2118.004385964912
7073.74095420681	19181.075484649304	-2083.6535087719303
7073.74095420681	19181.167041073855	-1744.4385964912283
7073.74095420681	19181.258597498407	-1521.1578947368423
7073.74095420681	19181.350153922955	-1521.1578947368423
7073.74095420681	19181.441710347506	-2186.7061403508774
7073.74095420681	19181.533266772054	-1521.1578947368423
7073.74095420681	19181.624823196606	-1744.4385964912283
7073.74095420681	19181.716379621153	-1984.8947368421054
7073.74095420681	19181.807936045705	-1521.1578947368423
7073.74095420681	19181.899492470257	-2186.7061403508774
7073.74095420681	19181.991048894804	-1521.1578947368423
7073.74095420681	19182.082605319356	-1521.1578947368423
7073.74095420681	19182.174161743904	-748.2631578947369
7073.74095420681	19182.265718168455	-1521.1578947368423
7073.74095420681	19182.357274593007	-1521.1578947368423
7073.74095420681	19182.448831017555	-1521.1578947368423
7073.74095420681	19182.540387442106	-1521.1578947368423
7073.74095420681	19182.631943866654	-739.6754385964913
7073.74095420681	19182.723500291206	-1521.1578947368423
7073.74095420681	19182.815056715757	-2178.1184210526317
7073.74095420681	19182.906613140305	-1529.7456140350878
7073.74095420681	19182.998169564857	-1521.1578947368423
7073.74095420681	19183.089725989405	-1521.1578947368423
7073.74095420681	19183.181282413956	-859.9035087719299
7073.74095420681	19183.272838838504	-2186.7061403508774
7073.74095420681	19183.364395263055	-2186.7061403508774
7073.74095420681	19183.455951687607	-2186.7061403508774
7073.74095420681	19183.547508112155	-2186.7061403508774
7073.74095420681	19183.639064536706	-2186.7061403508774
7073.74095420681	19183.730620961254	-2186.7061403508774
7073.74095420681	19183.822177385806	-2186.7061403508774
7073.74095420681	19183.913733810357	-2186.7061403508774
7073.74095420681	19184.005290234905	-1521.1578947368423
7073.74095420681	19184.096846659457	-1744.4385964912283
7073.74095420681	19184.188403084005	-1521.1578947368423
7073.74095420681	19184.279959508556	-1521.1578947368423
7073.74095420681	19184.371515933104	-1521.1578947368423
7073.74095420681	19184.463072357656	-1521.1578947368423
7073.74095420681	19184.554628782207	-1740.1447368421054
7073.74095420681	19184.646185206755	-1521.1578947368423
7073.74095420681	19184.737741631307	-1323.640350877193
7073.74095420681	19184.829298055854	-1521.1578947368423
7073.74095420681	19184.920854480406	-1744.4385964912283
7073.74095420681	19185.012410904958	-1521.1578947368423
7073.74095420681	19185.103967329505	-1323.640350877193
7073.74095420681	19185.195523754057	-1521.1578947368423
7073.74095420681	19185.287080178605	-1521.1578947368423
7073.74095420681	19185.378636603156	-1521.1578947368423
7073.74095420681	19185.470193027704	-1521.1578947368423
7073.74095420681	19185.561749452256	-1521.1578947368423
7073.74095420681	19185.653305876807	-1521.1578947368423
7073.74095420681	19185.744862301355	-1744.4385964912283
7073.74095420681	19185.836418725907	-1521.1578947368423
7073.74095420681	19185.927975150455	-1521.1578947368423
7073.74095420681	19186.019531575006	-1744.4385964912283
7073.74095420681	19186.111087999558	-421.9298245614035
7073.74095420681	19186.202644424106	-1744.4385964912283
7073.74095420681	19186.294200848657	-1521.1578947368423
7073.74095420681	19186.385757273205	-1521.1578947368423
7073.74095420681	19186.477313697756	-1521.1578947368423
7073.74095420681	19186.568870122304	-1521.1578947368423
7073.74095420681	19186.660426546856	-1740.1447368421054
7073.74095420681	19186.751982971407	-1740.1447368421054
7073.74095420681	19186.843539395955	-1521.1578947368423
7073.74095420681	19186.935095820507	-1521.1578947368423
7073.74095420681	19187.026652245055	-1521.1578947368423
7073.74095420681	19187.118208669606	-1521.1578947368423
7073.74095420681	19187.209765094158	-1521.1578947368423
7073.74095420681	19187.301321518706	-2186.7061403508774
7073.74095420681	19187.392877943257	-1744.4385964912283
7073.74095420681	19187.484434367805	-1521.1578947368423
7073.74095420681	19187.575990792357	-1521.1578947368423
7064.555773290946	19178.603461186456	-1027.3640350877195
7064.555773290946	19178.695017611004	-885.6666666666667
7064.555773290946	19178.786574035556	-761.1447368421053
7064.555773290946	19178.878130460103	-816.9649122807018
7064.555773290946	19178.969686884655	-915.7236842105264
7064.555773290946	19179.061243309206	-748.2631578947369
7064.555773290946	19179.152799733754	-1027.3640350877195
7064.555773290946	19179.244356158306	-881.3728070175439
7064.555773290946	19179.335912582854	-1087.4780701754387
7064.555773290946	19179.427469007405	-1066.0087719298247
7064.555773290946	19179.519025431953	-1117.5350877192982
7064.555773290946	19179.610581856505	-1156.1798245614036
7064.555773290946	19179.702138281056	-1177.6491228070176
7064.555773290946	19179.793694705604	-1164.7675438596493
7064.555773290946	19179.885251130156	-1173.3552631578948
7064.555773290946	19179.976807554704	-1212.0
7064.555773290946	19180.068363979255	-1233.469298245614
7064.555773290946	19180.159920403807	-1233.469298245614
7064.555773290946	19180.251476828354	-1229.1754385964914
7064.555773290946	19180.343033252906	-1284.9956140350878
7064.555773290946	19180.434589677454	-1276.407894736842
7064.555773290946	19180.526146102005	-1306.4649122807018
7064.555773290946	19180.617702526553	-2186.7061403508774
7064.555773290946	19180.709258951105	-1521.1578947368423
7064.555773290946	19180.800815375656	-2083.6535087719303
7064.555773290946	19180.892371800204	-2191.0
7064.555773290946	19180.983928224756	-1521.1578947368423
7064.555773290946	19181.075484649304	-1323.640350877193
7064.555773290946	19181.167041073855	-1521.1578947368423
7064.555773290946	19181.258597498407	-1984.8947368421054
7064.555773290946	19181.350153922955	-1521.1578947368423
7064.555773290946	19181.441710347506	-1740.1447368421054
7064.555773290946	19181.533266772054	-1744.4385964912283
7064.555773290946	19181.624823196606	-1984.8947368421054
7064.555773290946	19181.716379621153	-2178.1184210526317
7064.555773290946	19181.807936045705	-1521.1578947368423
7064.555773290946	19181.899492470257	-1521.1578947368423
7064.555773290946	19181.991048894804	-2178.1184210526317
7064.555773290946	19182.082605319356	-2178.1184210526317
7064.555773290946	19182.174161743904	-1521.1578947368423
7064.555773290946	19182.265718168455	-1521.1578947368423
7064.555773290946	19182.357274593007	-1521.1578947368423
7064.555773290946	19182.448831017555	-1521.1578947368423
7064.555773290946	19182.540387442106	-1521.1578947368423
7064.555773290946	19182.631943866654	-1521.1578947368423
7064.555773290946	19182.723500291206	-1302.171052631579
7064.555773290946	19182.815056715757	-1521.1578947368423
7064.555773290946	19182.906613140305	-1521.1578947368423
7064.555773290946	19182.998169564857	-1521.1578947368423
7064.555773290946	19183.089725989405	-834.140350877193
7064.555773290946	19183.181282413956	-1521.1578947368423
7064.555773290946	19183.272838838504	-1521.1578947368423
7064.555773290946	19183.364395263055	-1521.1578947368423
7064.555773290946	19183.455951687607	-1521.1578947368423
7064.555773290946	19183.547508112155	-1521.1578947368423
7064.555773290946	19183.639064536706	-1521.1578947368423
7064.555773290946	19183.730620961254	-1521.1578947368423
7064.555773290946	19183.822177385806	-1521.1578947368423
7064.555773290946	19183.913733810357	-1521.1578947368423
7064.555773290946	19184.005290234905	-1521.1578947368423
7064.555773290946	19184.096846659457	-1899.0175438596493
7064.555773290946	19184.188403084005	-1521.1578947368423
7064.555773290946	19184.279959508556	-1521.1578947368423
7064.555773290946	19184.371515933104	-1521.1578947368423
7064.555773290946	19184.463072357656	-1521.1578947368423
7064.555773290946	19184.554628782207	-1521.1578947368423
7064.555773290946	19184.646185206755	-1521.1578947368423
7064.555773290946	19184.737741631307	-1521.1578947368423
7064.555773290946	19184.829298055854	-1744.4385964912283
7064.555773290946	19184.920854480406	-1529.7456140350878
7064.555773290946	19185.012410904958	-1521.1578947368423
7064.555773290946	19185.103967329505	-1521.1578947368423
7064.555773290946	19185.195523754057	-1521.1578947368423
7064.555773290946	19185.287080178605	-1521.1578947368423
7064.555773290946	19185.378636603156	-2186.7061403508774
7064.555773290946	19185.470193027704	-1521.1578947368423
7064.555773290946	19185.561749452256	-1521.1578947368423
7064.555773290946	19185.653305876807	-1744.4385964912283
7064.555773290946	19185.744862301355	-1521.1578947368423
7064.555773290946	19185.836418725907	-1521.1578947368423
7064.555773290946	19185.927975150455	-1744.4385964912283
7064.555773290946	19186.019531575006	-1984.8947368421054
7064.555773290946	19186.111087999558	-1521.1578947368423
7064.555773290946	19186.202644424106	-1521.1578947368423
7064.555773290946	19186.294200848657	-1744.4385964912283
7064.555773290946	19186.385757273205	-1740.1447368421054
7064.555773290946	19186.477313697756	-1740.1447368421054
7064.555773290946	19186.568870122304	-1740.1447368421054
7064.555773290946	19186.660426546856	-1521.1578947368423
7064.555773290946	19186.751982971407	-1521.1578947368423
7064.555773290946	19186.843539395955	-1521.1578947368423
7064.555773290946	19186.935095820507	-1521.1578947368423
7064.555773290946	19187.026652245055	-1521.1578947368423
7064.555773290946	19187.118208669606	-1521.1578947368423
7064.555773290946	19187.209765094158	-1521.1578947368423
7064.555773290946	19187.301321518706	-1302.171052631579
7064.555773290946	19187.392877943257	-1744.4385964912283
7064.555773290946	19187.484434367805	-1521.1578947368423
7064.555773290946	19187.575990792357	-1521.1578947368423
7055.370592375082	19178.603461186456	-752.5570175438597
7055.370592375082	19178.695017611004	-524.9824561403509
7055.370592375082	19178.786574035556	-881.3728070175439
7055.370592375082	19178.878130460103	-945.780701754386
7055.370592375082	19178.969686884655	-709.6184210526317
7055.370592375082	19179.061243309206	-722.5
7055.370592375082	19179.152799733754	-1066.0087719298247
7055.370592375082	19179.244356158306	-881.3728070175439
7055.370592375082	19179.335912582854	-1053.127192982456
7055.370592375082	19179.427469007405	-1117.5350877192982
7055.370592375082	19179.519025431953	-1151.8859649122808
7055.370592375082	19179.610581856505	-1147.592105263158
7055.370592375082	19179.702138281056	-1181.9429824561403
7055.370592375082	19179.793694705604	-1160.4736842105262
7055.370592375082	19179.885251130156	-1181.9429824561403
7055.370592375082	19179.976807554704	-1199.1184210526317
7055.370592375082	19180.068363979255	-1237.7631578947369
7055.370592375082	19180.159920403807	-1250.6447368421054
7055.370592375082	19180.251476828354	-2191.0
7055.370592375082	19180.343033252906	-1984.8947368421054
7055.370592375082	19180.434589677454	-1315.0526315789475
7055.370592375082	19180.526146102005	-2178.1184210526317
7055.370592375082	19180.617702526553	-1521.1578947368423
7055.370592375082	19180.709258951105	-1529.7456140350878
7055.370592375082	19180.800815375656	-2186.7061403508774
7055.370592375082	19180.892371800204	-1744.4385964912283
7055.370592375082	19180.983928224756	-1521.1578947368423
7055.370592375082	19181.075484649304	-1521.1578947368423
7055.370592375082	19181.167041073855	-1744.4385964912283
7055.370592375082	19181.258597498407	-1701.5000000000002
7055.370592375082	19181.350153922955	-1521.1578947368423
7055.370592375082	19181.441710347506	-1521.1578947368423
7055.370592375082	19181.533266772054	-2178.1184210526317
7055.370592375082	19181.624823196606	-2178.1184210526317
7055.370592375082	19181.716379621153	-1521.1578947368423
7055.370592375082	19181.807936045705	-1521.1578947368423
7055.370592375082	19181.899492470257	-829.8464912280702
7055.370592375082	19181.991048894804	-1521.1578947368423
7055.370592375082	19182.082605319356	-1521.1578947368423
7055.370592375082	19182.174161743904	-761.1447368421053
7055.370592375082	19182.265718168455	-1521.1578947368423
7055.370592375082	19182.357274593007	-1521.1578947368423
7055.370592375082	19182.448831017555	-1521.1578947368423
7055.370592375082	19182.540387442106	-1521.1578947368423
7055.370592375082	19182.631943866654	-1521.1578947368423
7055.370592375082	19182.723500291206	-1701.5000000000002
7055.370592375082	19182.815056715757	-2178.1184210526317
7055.370592375082	19182.906613140305	-1984.8947368421054
7055.370592375082	19182.998169564857	-1521.1578947368423
7055.370592375082	19183.089725989405	-1521.1578947368423
7055.370592375082	19183.181282413956	-2178.1184210526317
7055.370592375082	19183.272838838504	-1521.1578947368423
7055.370592375082	19183.364395263055	-1521.1578947368423
7055.370592375082	19183.455951687607	-928.6052631578948
7055.370592375082	19183.547508112155	-1521.1578947368423
7055.370592375082	19183.639064536706	-1521.1578947368423
7055.370592375082	19183.730620961254	-2186.7061403508774
7055.370592375082	19183.822177385806	-1521.1578947368423
7055.370592375082	19183.913733810357	-1521.1578947368423
7055.370592375082	19184.005290234905	-1740.1447368421054
7055.370592375082	19184.096846659457	-1521.1578947368423
7055.370592375082	19184.188403084005	-1521.1578947368423
7055.370592375082	19184.279959508556	-2178.1184210526317
7055.370592375082	19184.371515933104	-1740.1447368421054
7055.370592375082	19184.463072357656	-1521.1578947368423
7055.370592375082	19184.554628782207	-1521.1578947368423
7055.370592375082	19184.646185206755	-1984.8947368421054
7055.370592375082	19184.737741631307	-1521.1578947368423
7055.370592375082	19184.829298055854	-1744.4385964912283
7055.370592375082	19184.920854480406	-1744.4385964912283
7055.370592375082	19185.012410904958	-1521.1578947368423
7055.370592375082	19185.103967329505	-1521.1578947368423
7055.370592375082	19185.195523754057	-1521.1578947368423
7055.370592375082	19185.287080178605	-2191.0
7055.370592375082	19185.378636603156	-1521.1578947368423
7055.370592375082	19185.470193027704	-1521.1578947368423
7055.370592375082	19185.561749452256	-1744.4385964912283
7055.370592375082	19185.653305876807	-1521.1578947368423
7055.370592375082	19185.744862301355	-1521.1578947368423
7055.370592375082	19185.836418725907	-1521.1578947368423
7055.370592375082	19185.927975150455	-1521.1578947368423
7055.370592375082	19186.019531575006	-1744.4385964912283
7055.370592375082	19186.111087999558	-1744.4385964912283
7055.370592375082	19186.202644424106	-1740.1447368421054
7055.370592375082	19186.294200848657	-1521.1578947368423
7055.370592375082	19186.385757273205	-1521.1578947368423
7055.370592375082	19186.477313697756	-1521.1578947368423
7055.370592375082	19186.568870122304	-1521.1578947368423
7055.370592375082	19186.660426546856	-1521.1578947368423
7055.370592375082	19186.751982971407	-1521.1578947368423
7055.370592375082	19186.843539395955	-1521.1578947368423
7055.370592375082	19186.935095820507	-1521.1578947368423
7055.370592375082	19187.026652245055	-1521.1578947368423
7055.370592375082	19187.118208669606	-1521.1578947368423
7055.370592375082	19187.209765094158	-1521.1578947368423
7055.370592375082	19187.301321518706	-2191.0
7055.370592375082	19187.392877943257	-1744.4385964912283
7055.370592375082	19187.484434367805	-1521.1578947368423
7055.370592375082	19187.575990792357	-1521.1578947368423
7046.185411459218	19178.603461186456	-885.6666666666667
7046.185411459218	19178.695017611004	-971.5438596491229
7046.185411459218	19178.786574035556	-881.3728070175439
7046.185411459218	19178.878130460103	-765.4385964912282
7046.185411459218	19178.969686884655	-1074.5964912280701
7046.185411459218	19179.061243309206	-984.4254385964913
7046.185411459218	19179.152799733754	-941.4868421052632
7046.185411459218	19179.244356158306	-1040.2456140350878
7046.185411459218	19179.335912582854	-1035.951754385965
7046.185411459218	19179.427469007405	-1096.0657894736842
7046.185411459218	19179.519025431953	-1147.592105263158
7046.185411459218	19179.610581856505	-1143.2982456140353
7046.185411459218	19179.702138281056	-1173.3552631578948
7046.185411459218	19179.793694705604	-1199.1184210526317
7046.185411459218	19179.885251130156	-1233.469298245614
7046.185411459218	19179.976807554704	-1237.7631578947369
7046.185411459218	19180.068363979255	-864.1973684210527
7046.185411459218	19180.159920403807	-1263.5263157894738
7046.185411459218	19180.251476828354	-1276.407894736842
7046.185411459218	19180.343033252906	-1293.5833333333335
7046.185411459218	19180.434589677454	-2186.7061403508774
7046.185411459218	19180.526146102005	-2178.1184210526317
7046.185411459218	19180.617702526553	-1323.640350877193
7046.185411459218	19180.709258951105	-2178.1184210526317
7046.185411459218	19180.800815375656	-1521.1578947368423
7046.185411459218	19180.892371800204	-1521.1578947368423
7046.185411459218	19180.983928224756	-1521.1578947368423
7046.185411459218	19181.075484649304	-1521.1578947368423
7046.185411459218	19181.167041073855	-1984.8947368421054
7046.185411459218	19181.258597498407	-2191.0
7046.185411459218	19181.350153922955	-1521.1578947368423
7046.185411459218	19181.441710347506	-2178.1184210526317
7046.185411459218	19181.533266772054	-1521.1578947368423
7046.185411459218	19181.624823196606	-1521.1578947368423
7046.185411459218	19181.716379621153	-1984.8947368421054
7046.185411459218	19181.807936045705	-2178.1184210526317
7046.185411459218	19181.899492470257	-1521.1578947368423
7046.185411459218	19181.991048894804	-1984.8947368421054
7046.185411459218	19182.082605319356	-2118.004385964912
7046.185411459218	19182.174161743904	-1521.1578947368423
7046.185411459218	19182.265718168455	-1521.1578947368423
7046.185411459218	19182.357274593007	-1521.1578947368423
7046.185411459218	19182.448831017555	-1984.8947368421054
7046.185411459218	19182.540387442106	-1521.1578947368423
7046.185411459218	19182.631943866654	-1521.1578947368423
7046.185411459218	19182.723500291206	-1521.1578947368423
7046.185411459218	19182.815056715757	-1701.5000000000002
7046.185411459218	19182.906613140305	-1521.1578947368423
7046.185411459218	19182.998169564857	-1521.1578947368423
7046.185411459218	19183.089725989405	-1521.1578947368423
7046.185411459218	19183.181282413956	-1521.1578947368423
7046.185411459218	19183.272838838504	-1521.1578947368423
7046.185411459218	19183.364395263055	-1521.1578947368423
7046.185411459218	19183.455951687607	-1521.1578947368423
7046.185411459218	19183.547508112155	-1521.1578947368423
7046.185411459218	19183.639064536706	-1521.1578947368423
7046.185411459218	19183.730620961254	-1521.1578947368423
7046.185411459218	19183.822177385806	-1744.4385964912283
7046.185411459218	19183.913733810357	-1521.1578947368423
7046.185411459218	19184.005290234905	-1521.1578947368423
7046.185411459218	19184.096846659457	-1521.1578947368423
7046.185411459218	19184.188403084005	-1984.8947368421054
7046.185411459218	19184.279959508556	-1521.1578947368423
7046.185411459218	19184.371515933104	-1740.1447368421054
7046.185411459218	19184.463072357656	-1521.1578947368423
7046.185411459218	19184.554628782207	-2178.1184210526317
7046.185411459218	19184.646185206755	-1984.8947368421054
7046.185411459218	19184.737741631307	-1521.1578947368423
7046.185411459218	19184.829298055854	-1744.4385964912283
7046.185411459218	19184.920854480406	-1521.1578947368423
7046.185411459218	19185.012410904958	-1521.1578947368423
7046.185411459218	19185.103967329505	-1521.1578947368423
7046.185411459218	19185.195523754057	-1521.1578947368423
7046.185411459218	19185.287080178605	-1899.0175438596493
7046.185411459218	19185.378636603156	-1521.1578947368423
7046.185411459218	19185.470193027704	-1744.4385964912283
7046.185411459218	19185.561749452256	-1521.1578947368423
7046.185411459218	19185.653305876807	-1521.1578947368423
7046.185411459218	19185.744862301355	-1984.8947368421054
7046.185411459218	19185.836418725907	-1984.8947368421054
7046.185411459218	19185.927975150455	-1521.1578947368423
7046.185411459218	19186.019531575006	-1744.4385964912283
7046.185411459218	19186.111087999558	-1740.1447368421054
7046.185411459218	19186.202644424106	-1521.1578947368423
7046.185411459218	19186.294200848657	-1521.1578947368423
7046.185411459218	19186.385757273205	-1521.1578947368423
7046.185411459218	19186.477313697756	-1521.1578947368423
7046.185411459218	19186.568870122304	-1521.1578947368423
7046.185411459218	19186.660426546856	-1521.1578947368423
7046.185411459218	19186.751982971407	-1521.1578947368423
7046.185411459218	19186.843539395955	-1521.1578947368423
7046.185411459218	19186.935095820507	-1521.1578947368423
7046.185411459218	19187.026652245055	-1521.1578947368423
7046.185411459218	19187.118208669606	-1521.1578947368423
7046.185411459218	19187.209765094158	-1521.1578947368423
7046.185411459218	19187.301321518706	-1984.8947368421054
7046.185411459218	19187.392877943257	-1744.4385964912283
7046.185411459218	19187.484434367805	-1521.1578947368423
7046.185411459218	19187.575990792357	-1521.1578947368423
7037.0002305433545	19178.603461186456	-619.4473684210527
7037.0002305433545	19178.695017611004	-881.3728070175439
7037.0002305433545	19178.786574035556	-834.140350877193
7037.0002305433545	19178.878130460103	-859.9035087719299
7037.0002305433545	19178.969686884655	-1040.2456140350878
7037.0002305433545	19179.061243309206	-580.8026315789474
7037.0002305433545	19179.152799733754	-1053.127192982456
7037.0002305433545	19179.244356158306	-1117.5350877192982
7037.0002305433545	19179.335912582854	-1096.0657894736842
7037.0002305433545	19179.427469007405	-1130.4166666666667
7037.0002305433545	19179.519025431953	-1173.3552631578948
7037.0002305433545	19179.610581856505	-1190.530701754386
7037.0002305433545	19179.702138281056	-1199.1184210526317
7037.0002305433545	19179.793694705604	-1233.469298245614
7037.0002305433545	19179.885251130156	-1212.0
7037.0002305433545	19179.976807554704	-1254.938596491228
7037.0002305433545	19180.068363979255	-1254.938596491228
7037.0002305433545	19180.159920403807	-1276.407894736842
7037.0002305433545	19180.251476828354	-1297.8771929824563
7037.0002305433545	19180.343033252906	-1284.9956140350878
7037.0002305433545	19180.434589677454	-2178.1184210526317
7037.0002305433545	19180.526146102005	-1302.171052631579
7037.0002305433545	19180.617702526553	-1521.1578947368423
7037.0002305433545	19180.709258951105	-782.6140350877193
7037.0002305433545	19180.800815375656	-421.9298245614035
7037.0002305433545	19180.892371800204	-2118.004385964912
7037.0002305433545	19180.983928224756	-1740.1447368421054
7037.0002305433545	19181.075484649304	-1740.1447368421054
7037.0002305433545	19181.167041073855	-2083.6535087719303
7037.0002305433545	19181.258597498407	-1984.8947368421054
7037.0002305433545	19181.350153922955	-1984.8947368421054
7037.0002305433545	19181.441710347506	-1529.7456140350878
7037.0002305433545	19181.533266772054	-1521.1578947368423
7037.0002305433545	19181.624823196606	-692.4429824561404
7037.0002305433545	19181.716379621153	-2178.1184210526317
7037.0002305433545	19181.807936045705	-1521.1578947368423
7037.0002305433545	19181.899492470257	-1327.9342105263158
7037.0002305433545	19181.991048894804	-1521.1578947368423
7037.0002305433545	19182.082605319356	-1521.1578947368423
7037.0002305433545	19182.174161743904	-1899.0175438596493
7037.0002305433545	19182.265718168455	-1521.1578947368423
7037.0002305433545	19182.357274593007	-1701.5000000000002
7037.0002305433545	19182.448831017555	-1521.1578947368423
7037.0002305433545	19182.540387442106	-816.9649122807018
7037.0002305433545	19182.631943866654	-1521.1578947368423
7037.0002305433545	19182.723500291206	-2178.1184210526317
7037.0002305433545	19182.815056715757	-1521.1578947368423
7037.0002305433545	19182.906613140305	-2178.1184210526317
7037.0002305433545	19182.998169564857	-1521.1578947368423
7037.0002305433545	19183.089725989405	-2118.004385964912
7037.0002305433545	19183.181282413956	-1521.1578947368423
7037.0002305433545	19183.272838838504	-1521.1578947368423
7037.0002305433545	19183.364395263055	-1740.1447368421054
7037.0002305433545	19183.455951687607	-1521.1578947368423
7037.0002305433545	19183.547508112155	-1521.1578947368423
7037.0002305433545	19183.639064536706	-1744.4385964912283
7037.0002305433545	19183.730620961254	-1521.1578947368423
7037.0002305433545	19183.822177385806	-1521.1578947368423
7037.0002305433545	19183.913733810357	-2178.1184210526317
7037.0002305433545	19184.005290234905	-1984.8947368421054
7037.0002305433545	19184.096846659457	-1521.1578947368423
7037.0002305433545	19184.188403084005	-2178.1184210526317
7037.0002305433545	19184.279959508556	-1521.1578947368423
7037.0002305433545	19184.371515933104	-1521.1578947368423
7037.0002305433545	19184.463072357656	-1521.1578947368423
7037.0002305433545	19184.554628782207	-1521.1578947368423
7037.0002305433545	19184.646185206755	-1521.1578947368423
7037.0002305433545	19184.737741631307	-1521.1578947368423
7037.0002305433545	19184.829298055854	-2178.1184210526317
7037.0002305433545	19184.920854480406	-1521.1578947368423
7037.0002305433545	19185.012410904958	-1521.1578947368423
7037.0002305433545	19185.103967329505	-1521.1578947368423
7037.0002305433545	19185.195523754057	-1521.1578947368423
7037.0002305433545	19185.287080178605	-1521.1578947368423
7037.0002305433545	19185.378636603156	-1744.4385964912283
7037.0002305433545	19185.470193027704	-1744.4385964912283
7037.0002305433545	19185.561749452256	-1521.1578947368423
7037.0002305433545	19185.653305876807	-1521.1578947368423
7037.0002305433545	19185.744862301355	-1984.8947368421054
7037.0002305433545	19185.836418725907	-1521.1578947368423
7037.0002305433545	19185.927975150455	-1744.4385964912283
7037.0002305433545	19186.019531575006	-1740.1447368421054
7037.0002305433545	19186.111087999558	-1521.1578947368423
7037.0002305433545	19186.202644424106	-1521.1578947368423
7037.0002305433545	19186.294200848657	-1521.1578947368423
7037.0002305433545	19186.385757273205	-1521.1578947368423
7037.0002305433545	19186.477313697756	-1521.1578947368423
7037.0002305433545	19186.568870122304	-1521.1578947368423
7037.0002305433545	19186.660426546856	-1521.1578947368423
7037.0002305433545	19186.751982971407	-1521.1578947368423
7037.0002305433545	19186.843539395955	-1521.1578947368423
7037.0002305433545	19186.935095820507	-1521.1578947368423
7037.0002305433545	19187.026652245055	-1521.1578947368423
7037.0002305433545	19187.118208669606	-1521.1578947368423
7037.0002305433545	19187.209765094158	-1521.1578947368423
7037.0002305433545	19187.301321518706	-1744.4385964912283
7037.0002305433545	19187.392877943257	-1744.4385964912283
7037.0002305433545	19187.484434367805	-1521.1578947368423
7037.0002305433545	19187.575990792357	-1521.1578947368423
7027.81504962749	19178.603461186456	-1018.7763157894738
7027.81504962749	19178.695017611004	-816.9649122807018
7027.81504962749	19178.786574035556	-885.6666666666667
7027.81504962749	19178.878130460103	-993.0131578947369
7027.81504962749	19178.969686884655	-881.3728070175439
7027.81504962749	19179.061243309206	-1044.5394736842106
7027.81504962749	19179.152799733754	-1091.7719298245615
7027.81504962749	19179.244356158306	-1104.6535087719299
7027.81504962749	19179.335912582854	-1126.122807017544
7027.81504962749	19179.427469007405	-1143.2982456140353
7027.81504962749	19179.519025431953	-881.3728070175439
7027.81504962749	19179.610581856505	-1199.1184210526317
7027.81504962749	19179.702138281056	-1199.1184210526317
7027.81504962749	19179.793694705604	-1276.407894736842
7027.81504962749	19179.885251130156	-1263.5263157894738
7027.81504962749	19179.976807554704	-829.8464912280702
7027.81504962749	19180.068363979255	-1254.938596491228
7027.81504962749	19180.159920403807	-1254.938596491228
7027.81504962749	19180.251476828354	-2186.7061403508774
7027.81504962749	19180.343033252906	-1302.171052631579
7027.81504962749	19180.434589677454	-477.75
7027.81504962749	19180.526146102005	-993.0131578947369
7027.81504962749	19180.617702526553	-834.140350877193
7027.81504962749	19180.709258951105	-2083.6535087719303
7027.81504962749	19180.800815375656	-1984.8947368421054
7027.81504962749	19180.892371800204	-1521.1578947368423
7027.81504962749	19180.983928224756	-1521.1578947368423
7027.81504962749	19181.075484649304	-1521.1578947368423
7027.81504962749	19181.167041073855	-1984.8947368421054
7027.81504962749	19181.258597498407	-1323.640350877193
7027.81504962749	19181.350153922955	-1327.9342105263158
7027.81504962749	19181.441710347506	-2118.004385964912
7027.81504962749	19181.533266772054	-1521.1578947368423
7027.81504962749	19181.624823196606	-1521.1578947368423
7027.81504962749	19181.716379621153	-1521.1578947368423
7027.81504962749	19181.807936045705	-2186.7061403508774
7027.81504962749	19181.899492470257	-1521.1578947368423
7027.81504962749	19181.991048894804	-1521.1578947368423
7027.81504962749	19182.082605319356	-1521.1578947368423
7027.81504962749	19182.174161743904	-1521.1578947368423
7027.81504962749	19182.265718168455	-1521.1578947368423
7027.81504962749	19182.357274593007	-1984.8947368421054
7027.81504962749	19182.448831017555	-1306.4649122807018
7027.81504962749	19182.540387442106	-1521.1578947368423
7027.81504962749	19182.631943866654	-1521.1578947368423
7027.81504962749	19182.723500291206	-1984.8947368421054
7027.81504962749	19182.815056715757	-1521.1578947368423
7027.81504962749	19182.906613140305	-1521.1578947368423
7027.81504962749	19182.998169564857	-1984.8947368421054
7027.81504962749	19183.089725989405	-885.6666666666667
7027.81504962749	19183.181282413956	-765.4385964912282
7027.81504962749	19183.272838838504	-1070.3026315789475
7027.81504962749	19183.364395263055	-1521.1578947368423
7027.81504962749	19183.455951687607	-1521.1578947368423
7027.81504962749	19183.547508112155	-2186.7061403508774
7027.81504962749	19183.639064536706	-1521.1578947368423
7027.81504962749	19183.730620961254	-1521.1578947368423
7027.81504962749	19183.822177385806	-1521.1578947368423
7027.81504962749	19183.913733810357	-1521.1578947368423
7027.81504962749	19184.005290234905	-1521.1578947368423
7027.81504962749	19184.096846659457	-1521.1578947368423
7027.81504962749	19184.188403084005	-1984.8947368421054
7027.81504962749	19184.279959508556	-1740.1447368421054
7027.81504962749	19184.371515933104	-1521.1578947368423
7027.81504962749	19184.463072357656	-1521.1578947368423
7027.81504962749	19184.554628782207	-1521.1578947368423
7027.81504962749	19184.646185206755	-1744.4385964912283
7027.81504962749	19184.737741631307	-314.58333333333337
7027.81504962749	19184.829298055854	-1521.1578947368423
7027.81504962749	19184.920854480406	-1521.1578947368423
7027.81504962749	19185.012410904958	-1521.1578947368423
7027.81504962749	19185.103967329505	-1521.1578947368423
7027.81504962749	19185.195523754057	-1521.1578947368423
7027.81504962749	19185.287080178605	-1521.1578947368423
7027.81504962749	19185.378636603156	-1744.4385964912283
7027.81504962749	19185.470193027704	-1521.1578947368423
7027.81504962749	19185.561749452256	-1521.1578947368423
7027.81504962749	19185.653305876807	-1744.4385964912283
7027.81504962749	19185.744862301355	-1740.1447368421054
7027.81504962749	19185.836418725907	-1521.1578947368423
7027.81504962749	19185.927975150455	-1744.4385964912283
7027.81504962749	19186.019531575006	-1740.1447368421054
7027.81504962749	19186.111087999558	-1521.1578947368423
7027.81504962749	19186.202644424106	-1521.1578947368423
7027.81504962749	19186.294200848657	-1521.1578947368423
7027.81504962749	19186.385757273205	-1521.1578947368423
7027.81504962749	19186.477313697756	-1744.4385964912283
7027.81504962749	19186.568870122304	-2083.6535087719303
7027.81504962749	19186.660426546856	-1744.4385964912283
7027.81504962749	19186.751982971407	-1744.4385964912283
7027.81504962749	19186.843539395955	-1521.1578947368423
7027.81504962749	19186.935095820507	-2178.1184210526317
7027.81504962749	19187.026652245055	-1521.1578947368423
7027.81504962749	19187.118208669606	-1744.4385964912283
7027.81504962749	19187.209765094158	-1744.4385964912283
7027.81504962749	19187.301321518706	-1744.4385964912283
7027.81504962749	19187.392877943257	-1521.1578947368423
7027.81504962749	19187.484434367805	-1521.1578947368423
7027.81504962749	19187.575990792357	-1521.1578947368423
7018.629868711627	19178.603461186456	-748.2631578947369
7018.629868711627	19178.695017611004	-868.4912280701755
7018.629868711627	19178.786574035556	-666.6798245614036
7018.629868711627	19178.878130460103	-881.3728070175439
7018.629868711627	19178.969686884655	-1117.5350877192982
7018.629868711627	19179.061243309206	-1096.0657894736842
7018.629868711627	19179.152799733754	-1126.122807017544
7018.629868711627	19179.244356158306	-1139.0043859649122
7018.629868711627	19179.335912582854	-1177.6491228070176
7018.629868711627	19179.427469007405	-1147.592105263158
7018.629868711627	19179.519025431953	-868.4912280701755
7018.629868711627	19179.610581856505	-868.4912280701755
7018.629868711627	19179.702138281056	-1212.0
7018.629868711627	19179.793694705604	-1276.407894736842
7018.629868711627	19179.885251130156	-1263.5263157894738
7018.629868711627	19179.976807554704	-1272.1140350877195
7018.629868711627	19180.068363979255	-1293.5833333333335
7018.629868711627	19180.159920403807	-2178.1184210526317
7018.629868711627	19180.251476828354	-2186.7061403508774
7018.629868711627	19180.343033252906	-2186.7061403508774
7018.629868711627	19180.434589677454	-2083.6535087719303
7018.629868711627	19180.526146102005	-1521.1578947368423
7018.629868711627	19180.617702526553	-1740.1447368421054
7018.629868711627	19180.709258951105	-1701.5000000000002
7018.629868711627	19180.800815375656	-1521.1578947368423
7018.629868711627	19180.892371800204	-2178.1184210526317
7018.629868711627	19180.983928224756	-1306.4649122807018
7018.629868711627	19181.075484649304	-1984.8947368421054
7018.629868711627	19181.167041073855	-1744.4385964912283
7018.629868711627	19181.258597498407	-1323.640350877193
7018.629868711627	19181.350153922955	-1521.1578947368423
7018.629868711627	19181.441710347506	-1521.1578947368423
7018.629868711627	19181.533266772054	-1701.5000000000002
7018.629868711627	19181.624823196606	-2083.6535087719303
7018.629868711627	19181.716379621153	-1521.1578947368423
7018.629868711627	19181.807936045705	-1521.1578947368423
7018.629868711627	19181.899492470257	-1521.1578947368423
7018.629868711627	19181.991048894804	-1521.1578947368423
7018.629868711627	19182.082605319356	-1521.1578947368423
7018.629868711627	19182.174161743904	-1521.1578947368423
7018.629868711627	19182.265718168455	-1521.1578947368423
7018.629868711627	19182.357274593007	-1521.1578947368423
7018.629868711627	19182.448831017555	-1701.5000000000002
7018.629868711627	19182.540387442106	-2178.1184210526317
7018.629868711627	19182.631943866654	-1984.8947368421054
7018.629868711627	19182.723500291206	-1521.1578947368423
7018.629868711627	19182.815056715757	-1521.1578947368423
7018.629868711627	19182.906613140305	-1984.8947368421054
7018.629868711627	19182.998169564857	-1899.0175438596493
7018.629868711627	19183.089725989405	-911.4298245614036
7018.629868711627	19183.181282413956	-1297.8771929824563
7018.629868711627	19183.272838838504	-1521.1578947368423
7018.629868711627	19183.364395263055	-1521.1578947368423
7018.629868711627	19183.455951687607	-795.4956140350878
7018.629868711627	19183.547508112155	-1521.1578947368423
7018.629868711627	19183.639064536706	-1521.1578947368423
7018.629868711627	19183.730620961254	-2083.6535087719303
7018.629868711627	19183.822177385806	-1521.1578947368423
7018.629868711627	19183.913733810357	-1521.1578947368423
7018.629868711627	19184.005290234905	-1744.4385964912283
7018.629868711627	19184.096846659457	-1744.4385964912283
7018.629868711627	19184.188403084005	-1740.1447368421054
7018.629868711627	19184.279959508556	-1521.1578947368423
7018.629868711627	19184.371515933104	-1521.1578947368423
7018.629868711627	19184.463072357656	-1521.1578947368423
7018.629868711627	19184.554628782207	-1521.1578947368423
7018.629868711627	19184.646185206755	-348.9342105263158
7018.629868711627	19184.737741631307	-1521.1578947368423
7018.629868711627	19184.829298055854	-1521.1578947368423
7018.629868711627	19184.920854480406	-1521.1578947368423
7018.629868711627	19185.012410904958	-1521.1578947368423
7018.629868711627	19185.103967329505	-2118.004385964912
7018.629868711627	19185.195523754057	-1521.1578947368423
7018.629868711627	19185.287080178605	-1984.8947368421054
7018.629868711627	19185.378636603156	-1521.1578947368423
7018.629868711627	19185.470193027704	-1521.1578947368423
7018.629868711627	19185.561749452256	-1521.1578947368423
7018.629868711627	19185.653305876807	-1744.4385964912283
7018.629868711627	19185.744862301355	-1521.1578947368423
7018.629868711627	19185.836418725907	-1744.4385964912283
7018.629868711627	19185.927975150455	-1740.1447368421054
7018.629868711627	19186.019531575006	-1521.1578947368423
7018.629868711627	19186.111087999558	-1521.1578947368423
7018.629868711627	19186.202644424106	-1521.1578947368423
7018.629868711627	19186.294200848657	-1521.1578947368423
7018.629868711627	19186.385757273205	-1521.1578947368423
7018.629868711627	19186.477313697756	-1744.4385964912283
7018.629868711627	19186.568870122304	-1744.4385964912283
7018.629868711627	19186.660426546856	-1744.4385964912283
7018.629868711627	19186.751982971407	-1744.4385964912283
7018.629868711627	19186.843539395955	-1744.4385964912283
7018.629868711627	19186.935095820507	-1744.4385964912283
7018.629868711627	19187.026652245055	-1744.4385964912283
7018.629868711627	19187.118208669606	-1521.1578947368423
7018.629868711627	19187.209765094158	-1521.1578947368423
7018.629868711627	19187.301321518706	-1521.1578947368423
7018.629868711627	19187.392877943257	-1521.1578947368423
7018.629868711627	19187.484434367805	-1521.1578947368423
7018.629868711627	19187.575990792357	-1521.1578947368423
7009.444687795763	19178.603461186456	-881.3728070175439
7009.444687795763	19178.695017611004	-993.0131578947369
7009.444687795763	19178.786574035556	-451.9868421052632
7009.444687795763	19178.878130460103	-1014.4824561403509
7009.444687795763	19178.969686884655	-1053.127192982456
7009.444687795763	19179.061243309206	-885.6666666666667
7009.444687795763	19179.152799733754	-1108.9473684210527
7009.444687795763	19179.244356158306	-1181.9429824561403
7009.444687795763	19179.335912582854	-881.3728070175439
7009.444687795763	19179.427469007405	-1207.7061403508774
7009.444687795763	19179.519025431953	-1220.5877192982457
7009.444687795763	19179.610581856505	-1220.5877192982457
7009.444687795763	19179.702138281056	-683.8552631578948
7009.444687795763	19179.793694705604	-1263.5263157894738
7009.444687795763	19179.885251130156	-1276.407894736842
7009.444687795763	19179.976807554704	-1272.1140350877195
7009.444687795763	19180.068363979255	-1284.9956140350878
7009.444687795763	19180.159920403807	-1293.5833333333335
7009.444687795763	19180.251476828354	-1899.0175438596493
7009.444687795763	19180.343033252906	-1521.1578947368423
7009.444687795763	19180.434589677454	-1744.4385964912283
7009.444687795763	19180.526146102005	-1521.1578947368423
7009.444687795763	19180.617702526553	-1323.640350877193
7009.444687795763	19180.709258951105	-2186.7061403508774
7009.444687795763	19180.800815375656	-2178.1184210526317
7009.444687795763	19180.892371800204	-1744.4385964912283
7009.444687795763	19180.983928224756	-2178.1184210526317
7009.444687795763	19181.075484649304	-2186.7061403508774
7009.444687795763	19181.167041073855	-1899.0175438596493
7009.444687795763	19181.258597498407	-1521.1578947368423
7009.444687795763	19181.350153922955	-1529.7456140350878
7009.444687795763	19181.441710347506	-1521.1578947368423
7009.444687795763	19181.533266772054	-1302.171052631579
7009.444687795763	19181.624823196606	-2178.1184210526317
7009.444687795763	19181.716379621153	-1521.1578947368423
7009.444687795763	19181.807936045705	-1521.1578947368423
7009.444687795763	19181.899492470257	-1323.640350877193
7009.444687795763	19181.991048894804	-1521.1578947368423
7009.444687795763	19182.082605319356	-1521.1578947368423
7009.444687795763	19182.174161743904	-1521.1578947368423
7009.444687795763	19182.265718168455	-1529.7456140350878
7009.444687795763	19182.357274593007	-1701.5000000000002
7009.444687795763	19182.448831017555	-2178.1184210526317
7009.444687795763	19182.540387442106	-1521.1578947368423
7009.444687795763	19182.631943866654	-2186.7061403508774
7009.444687795763	19182.723500291206	-1521.1578947368423
7009.444687795763	19182.815056715757	-1984.8947368421054
7009.444687795763	19182.906613140305	-1521.1578947368423
7009.444687795763	19182.998169564857	-1521.1578947368423
7009.444687795763	19183.089725989405	-795.4956140350878
7009.444687795763	19183.181282413956	-1521.1578947368423
7009.444687795763	19183.272838838504	-1740.1447368421054
7009.444687795763	19183.364395263055	-2186.7061403508774
7009.444687795763	19183.455951687607	-1521.1578947368423
7009.444687795763	19183.547508112155	-1521.1578947368423
7009.444687795763	19183.639064536706	-1521.1578947368423
7009.444687795763	19183.730620961254	-1521.1578947368423
7009.444687795763	19183.822177385806	-1521.1578947368423
7009.444687795763	19183.913733810357	-1521.1578947368423
7009.444687795763	19184.005290234905	-1521.1578947368423
7009.444687795763	19184.096846659457	-1521.1578947368423
7009.444687795763	19184.188403084005	-1521.1578947368423
7009.444687795763	19184.279959508556	-1521.1578947368423
7009.444687795763	19184.371515933104	-1521.1578947368423
7009.444687795763	19184.463072357656	-1744.4385964912283
7009.444687795763	19184.554628782207	-1899.0175438596493
7009.444687795763	19184.646185206755	-1521.1578947368423
7009.444687795763	19184.737741631307	-1521.1578947368423
7009.444687795763	19184.829298055854	-1521.1578947368423
7009.444687795763	19184.920854480406	-1521.1578947368423
7009.444687795763	19185.012410904958	-1521.1578947368423
7009.444687795763	19185.103967329505	-1521.1578947368423
7009.444687795763	19185.195523754057	-1744.4385964912283
7009.444687795763	19185.287080178605	-1521.1578947368423
7009.444687795763	19185.378636603156	-1521.1578947368423
7009.444687795763	19185.470193027704	-1740.1447368421054
7009.444687795763	19185.561749452256	-1521.1578947368423
7009.444687795763	19185.653305876807	-1521.1578947368423
7009.444687795763	19185.744862301355	-1744.4385964912283
7009.444687795763	19185.836418725907	-1740.1447368421054
7009.444687795763	19185.927975150455	-1521.1578947368423
7009.444687795763	19186.019531575006	-1521.1578947368423
7009.444687795763	19186.111087999558	-1521.1578947368423
7009.444687795763	19186.202644424106	-1521.1578947368423
7009.444687795763	19186.294200848657	-1984.8947368421054
7009.444687795763	19186.385757273205	-1744.4385964912283
7009.444687795763	19186.477313697756	-1744.4385964912283
7009.444687795763	19186.568870122304	-1744.4385964912283
7009.444687795763	19186.660426546856	-1521.1578947368423
7009.444687795763	19186.751982971407	-1744.4385964912283
7009.444687795763	19186.843539395955	-1521.1578947368423
7009.444687795763	19186.935095820507	-1521.1578947368423
7009.444687795763	19187.026652245055	-1521.1578947368423
7009.444687795763	19187.118208669606	-1521.1578947368423
7009.444687795763	19187.209765094158	-1521.1578947368423
7009.444687795763	19187.301321518706	-1521.1578947368423
7009.444687795763	19187.392877943257	-1521.1578947368423
7009.444687795763	19187.484434367805	-1521.1578947368423
7009.444687795763	19187.575990792357	-1521.1578947368423
7000.259506879899	19178.603461186456	-993.0131578947369
7000.259506879899	19178.695017611004	-383.28508771929825
7000.259506879899	19178.786574035556	-1035.951754385965
7000.259506879899	19178.878130460103	-1087.4780701754387
7000.259506879899	19178.969686884655	-881.3728070175439
7000.259506879899	19179.061243309206	-1078.8903508771932
7000.259506879899	19179.152799733754	-1143.2982456140353
7000.259506879899	19179.244356158306	-1177.6491228070176
7000.259506879899	19179.335912582854	-1220.5877192982457
7000.259506879899	19179.427469007405	-1212.0
7000.259506879899	19179.519025431953	-1233.469298245614
7000.259506879899	19179.610581856505	-816.9649122807018
7000.259506879899	19179.702138281056	-1254.938596491228
7000.259506879899	19179.793694705604	-1276.407894736842
7000.259506879899	19179.885251130156	-795.4956140350878
7000.259506879899	19179.976807554704	-1293.5833333333335
7000.259506879899	19180.068363979255	-1315.0526315789475
7000.259506879899	19180.159920403807	-2178.1184210526317
7000.259506879899	19180.251476828354	-1744.4385964912283
7000.259506879899	19180.343033252906	-1521.1578947368423
7000.259506879899	19180.434589677454	-1521.1578947368423
7000.259506879899	19180.526146102005	-1521.1578947368423
7000.259506879899	19180.617702526553	-1521.1578947368423
7000.259506879899	19180.709258951105	-2178.1184210526317
7000.259506879899	19180.800815375656	-2178.1184210526317
7000.259506879899	19180.892371800204	-739.6754385964913
7000.259506879899	19180.983928224756	-1521.1578947368423
7000.259506879899	19181.075484649304	-1521.1578947368423
7000.259506879899	19181.167041073855	-1521.1578947368423
7000.259506879899	19181.258597498407	-1521.1578947368423
7000.259506879899	19181.350153922955	-1323.640350877193
7000.259506879899	19181.441710347506	-2186.7061403508774
7000.259506879899	19181.533266772054	-1521.1578947368423
7000.259506879899	19181.624823196606	-1521.1578947368423
7000.259506879899	19181.716379621153	-1521.1578947368423
7000.259506879899	19181.807936045705	-1323.640350877193
7000.259506879899	19181.899492470257	-1521.1578947368423
7000.259506879899	19181.991048894804	-1521.1578947368423
7000.259506879899	19182.082605319356	-1521.1578947368423
7000.259506879899	19182.174161743904	-1899.0175438596493
7000.259506879899	19182.265718168455	-1521.1578947368423
7000.259506879899	19182.357274593007	-1521.1578947368423
7000.259506879899	19182.448831017555	-1521.1578947368423
7000.259506879899	19182.540387442106	-1521.1578947368423
7000.259506879899	19182.631943866654	-1521.1578947368423
7000.259506879899	19182.723500291206	-1984.8947368421054
7000.259506879899	19182.815056715757	-1984.8947368421054
7000.259506879899	19182.906613140305	-1521.1578947368423
7000.259506879899	19182.998169564857	-1521.1578947368423
7000.259506879899	19183.089725989405	-1899.0175438596493
7000.259506879899	19183.181282413956	-2186.7061403508774
7000.259506879899	19183.272838838504	-1521.1578947368423
7000.259506879899	19183.364395263055	-1744.4385964912283
7000.259506879899	19183.455951687607	-1521.1578947368423
7000.259506879899	19183.547508112155	-1323.640350877193
7000.259506879899	19183.639064536706	-1984.8947368421054
7000.259506879899	19183.730620961254	-1521.1578947368423
7000.259506879899	19183.822177385806	-1744.4385964912283
7000.259506879899	19183.913733810357	-1521.1578947368423
7000.259506879899	19184.005290234905	-1521.1578947368423
7000.259506879899	19184.096846659457	-1740.1447368421054
7000.259506879899	19184.188403084005	-1740.1447368421054
7000.259506879899	19184.279959508556	-1521.1578947368423
7000.259506879899	19184.371515933104	-1744.4385964912283
7000.259506879899	19184.463072357656	-2178.1184210526317
7000.259506879899	19184.554628782207	-1521.1578947368423
7000.259506879899	19184.646185206755	-1521.1578947368423
7000.259506879899	19184.737741631307	-1521.1578947368423
7000.259506879899	19184.829298055854	-1521.1578947368423
7000.259506879899	19184.920854480406	-1521.1578947368423
7000.259506879899	19185.012410904958	-1521.1578947368423
7000.259506879899	19185.103967329505	-1984.8947368421054
7000.259506879899	19185.195523754057	-1521.1578947368423
7000.259506879899	19185.287080178605	-1521.1578947368423
7000.259506879899	19185.378636603156	-1740.1447368421054
7000.259506879899	19185.470193027704	-1521.1578947368423
7000.259506879899	19185.561749452256	-1740.1447368421054
7000.259506879899	19185.653305876807	-1740.1447368421054
7000.259506879899	19185.744862301355	-1521.1578947368423
7000.259506879899	19185.836418725907	-1521.1578947368423
7000.259506879899	19185.927975150455	-1521.1578947368423
7000.259506879899	19186.019531575006	-1521.1578947368423
7000.259506879899	19186.111087999558	-1521.1578947368423
7000.259506879899	19186.202644424106	-1521.1578947368423
7000.259506879899	19186.294200848657	-1521.1578947368423
7000.259506879899	19186.385757273205	-1744.4385964912283
7000.259506879899	19186.477313697756	-1521.1578947368423
7000.259506879899	19186.568870122304	-1521.1578947368423
7000.259506879899	19186.660426546856	-1521.1578947368423
7000.259506879899	19186.751982971407	-1521.1578947368423
7000.259506879899	19186.843539395955	-1521.1578947368423
7000.259506879899	19186.935095820507	-1521.1578947368423
7000.259506879899	19187.026652245055	-1521.1578947368423
7000.259506879899	19187.118208669606	-1521.1578947368423
7000.259506879899	19187.209765094158	-1521.1578947368423
7000.259506879899	19187.301321518706	-1521.1578947368423
7000.259506879899	19187.392877943257	-1521.1578947368423
7000.259506879899	19187.484434367805	-1521.1578947368423
7000.259506879899	19187.575990792357	-1744.4385964912283
6991.074325964035	19178.603461186456	-1044.5394736842106
6991.074325964035	19178.695017611004	-1014.4824561403509
6991.074325964035	19178.786574035556	-1091.7719298245615
6991.074325964035	19178.878130460103	-1061.7149122807018
6991.074325964035	19178.969686884655	-1104.6535087719299
6991.074325964035	19179.061243309206	-1177.6491228070176
6991.074325964035	19179.152799733754	-1151.8859649122808
6991.074325964035	19179.244356158306	-1164.7675438596493
6991.074325964035	19179.335912582854	-1173.3552631578948
6991.074325964035	19179.427469007405	-1212.0
6991.074325964035	19179.519025431953	-1242.0570175438597
6991.074325964035	19179.610581856505	-1224.8815789473686
6991.074325964035	19179.702138281056	-1276.407894736842
6991.074325964035	19179.793694705604	-2191.0
6991.074325964035	19179.885251130156	-2191.0
6991.074325964035	19179.976807554704	-1302.171052631579
6991.074325964035	19180.068363979255	-1744.4385964912283
6991.074325964035	19180.159920403807	-1529.7456140350878
6991.074325964035	19180.251476828354	-1521.1578947368423
6991.074325964035	19180.343033252906	-1521.1578947368423
6991.074325964035	19180.434589677454	-2083.6535087719303
6991.074325964035	19180.526146102005	-2186.7061403508774
6991.074325964035	19180.617702526553	-2178.1184210526317
6991.074325964035	19180.709258951105	-1521.1578947368423
6991.074325964035	19180.800815375656	-1521.1578947368423
6991.074325964035	19180.892371800204	-2186.7061403508774
6991.074325964035	19180.983928224756	-1327.9342105263158
6991.074325964035	19181.075484649304	-1521.1578947368423
6991.074325964035	19181.167041073855	-1521.1578947368423
6991.074325964035	19181.258597498407	-1521.1578947368423
6991.074325964035	19181.350153922955	-2186.7061403508774
6991.074325964035	19181.441710347506	-2178.1184210526317
6991.074325964035	19181.533266772054	-1521.1578947368423
6991.074325964035	19181.624823196606	-1327.9342105263158
6991.074325964035	19181.716379621153	-1521.1578947368423
6991.074325964035	19181.807936045705	-1521.1578947368423
6991.074325964035	19181.899492470257	-1984.8947368421054
6991.074325964035	19181.991048894804	-1521.1578947368423
6991.074325964035	19182.082605319356	-1521.1578947368423
6991.074325964035	19182.174161743904	-1701.5000000000002
6991.074325964035	19182.265718168455	-1984.8947368421054
6991.074325964035	19182.357274593007	-1984.8947368421054
6991.074325964035	19182.448831017555	-2186.7061403508774
6991.074325964035	19182.540387442106	-1521.1578947368423
6991.074325964035	19182.631943866654	-1521.1578947368423
6991.074325964035	19182.723500291206	-1521.1578947368423
6991.074325964035	19182.815056715757	-1521.1578947368423
6991.074325964035	19182.906613140305	-1521.1578947368423
6991.074325964035	19182.998169564857	-1521.1578947368423
6991.074325964035	19183.089725989405	-1521.1578947368423
6991.074325964035	19183.181282413956	-1521.1578947368423
6991.074325964035	19183.272838838504	-1521.1578947368423
6991.074325964035	19183.364395263055	-1521.1578947368423
6991.074325964035	19183.455951687607	-1744.4385964912283
6991.074325964035	19183.547508112155	-1521.1578947368423
6991.074325964035	19183.639064536706	-1521.1578947368423
6991.074325964035	19183.730620961254	-2118.004385964912
6991.074325964035	19183.822177385806	-1521.1578947368423
6991.074325964035	19183.913733810357	-1521.1578947368423
6991.074325964035	19184.005290234905	-1521.1578947368423
6991.074325964035	19184.096846659457	-1521.1578947368423
6991.074325964035	19184.188403084005	-1521.1578947368423
6991.074325964035	19184.279959508556	-1744.4385964912283
6991.074325964035	19184.371515933104	-1744.4385964912283
6991.074325964035	19184.463072357656	-1521.1578947368423
6991.074325964035	19184.554628782207	-1521.1578947368423
6991.074325964035	19184.646185206755	-1521.1578947368423
6991.074325964035	19184.737741631307	-1529.7456140350878
6991.074325964035	19184.829298055854	-1521.1578947368423
6991.074325964035	19184.920854480406	-1521.1578947368423
6991.074325964035	19185.012410904958	-1744.4385964912283
6991.074325964035	19185.103967329505	-1521.1578947368423
6991.074325964035	19185.195523754057	-1984.8947368421054
6991.074325964035	19185.287080178605	-1521.1578947368423
6991.074325964035	19185.378636603156	-1521.1578947368423
6991.074325964035	19185.470193027704	-1740.1447368421054
6991.074325964035	19185.561749452256	-1521.1578947368423
6991.074325964035	19185.653305876807	-1521.1578947368423
6991.074325964035	19185.744862301355	-1521.1578947368423
6991.074325964035	19185.836418725907	-1521.1578947368423
6991.074325964035	19185.927975150455	-1744.4385964912283
6991.074325964035	19186.019531575006	-1521.1578947368423
6991.074325964035	19186.111087999558	-1323.640350877193
6991.074325964035	19186.202644424106	-1744.4385964912283
6991.074325964035	19186.294200848657	-1521.1578947368423
6991.074325964035	19186.385757273205	-1521.1578947368423
6991.074325964035	19186.477313697756	-1521.1578947368423
6991.074325964035	19186.568870122304	-1521.1578947368423
6991.074325964035	19186.660426546856	-1521.1578947368423
6991.074325964035	19186.751982971407	-1521.1578947368423
6991.074325964035	19186.843539395955	-1521.1578947368423
6991.074325964035	19186.935095820507	-1521.1578947368423
6991.074325964035	19187.026652245055	-1521.1578947368423
6991.074325964035	19187.118208669606	-1521.1578947368423
6991.074325964035	19187.209765094158	-1521.1578947368423
6991.074325964035	19187.301321518706	-1744.4385964912283
6991.074325964035	19187.392877943257	-1744.4385964912283
6991.074325964035	19187.484434367805	-1744.4385964912283
6991.074325964035	19187.575990792357	-1744.4385964912283
6981.8891450481715	19178.603461186456	-1040.2456140350878
6981.8891450481715	19178.695017611004	-1096.0657894736842
6981.8891450481715	19178.786574035556	-1070.3026315789475
6981.8891450481715	19178.878130460103	-1143.2982456140353
6981.8891450481715	19178.969686884655	-1143.2982456140353
6981.8891450481715	19179.061243309206	-1151.8859649122808
6981.8891450481715	19179.152799733754	-1181.9429824561403
6981.8891450481715	19179.244356158306	-1212.0
6981.8891450481715	19179.335912582854	-1220.5877192982457
6981.8891450481715	19179.427469007405	-1250.6447368421054
6981.8891450481715	19179.519025431953	-1254.938596491228
6981.8891450481715	19179.610581856505	-1276.407894736842
6981.8891450481715	19179.702138281056	-2191.0
6981.8891450481715	19179.793694705604	-2191.0
6981.8891450481715	19179.885251130156	-1302.171052631579
6981.8891450481715	19179.976807554704	-1521.1578947368423
6981.8891450481715	19180.068363979255	-1744.4385964912283
6981.8891450481715	19180.159920403807	-1997.7763157894738
6981.8891450481715	19180.251476828354	-2178.1184210526317
6981.8891450481715	19180.343033252906	-1521.1578947368423
6981.8891450481715	19180.434589677454	-2186.7061403508774
6981.8891450481715	19180.526146102005	-1521.1578947368423
6981.8891450481715	19180.617702526553	-1521.1578947368423
6981.8891450481715	19180.709258951105	-1701.5000000000002
6981.8891450481715	19180.800815375656	-1740.1447368421054
6981.8891450481715	19180.892371800204	-1521.1578947368423
6981.8891450481715	19180.983928224756	-1521.1578947368423
6981.8891450481715	19181.075484649304	-1521.1578947368423
6981.8891450481715	19181.167041073855	-1521.1578947368423
6981.8891450481715	19181.258597498407	-774.0263157894738
6981.8891450481715	19181.350153922955	-1521.1578947368423
6981.8891450481715	19181.441710347506	-1521.1578947368423
6981.8891450481715	19181.533266772054	-739.6754385964913
6981.8891450481715	19181.624823196606	-1521.1578947368423
6981.8891450481715	19181.716379621153	-1521.1578947368423
6981.8891450481715	19181.807936045705	-2186.7061403508774
6981.8891450481715	19181.899492470257	-1521.1578947368423
6981.8891450481715	19181.991048894804	-1521.1578947368423
6981.8891450481715	19182.082605319356	-1984.8947368421054
6981.8891450481715	19182.174161743904	-1521.1578947368423
6981.8891450481715	19182.265718168455	-1521.1578947368423
6981.8891450481715	19182.357274593007	-1521.1578947368423
6981.8891450481715	19182.448831017555	-1521.1578947368423
6981.8891450481715	19182.540387442106	-1521.1578947368423
6981.8891450481715	19182.631943866654	-1521.1578947368423
6981.8891450481715	19182.723500291206	-1521.1578947368423
6981.8891450481715	19182.815056715757	-1521.1578947368423
6981.8891450481715	19182.906613140305	-1521.1578947368423
6981.8891450481715	19182.998169564857	-2186.7061403508774
6981.8891450481715	19183.089725989405	-1521.1578947368423
6981.8891450481715	19183.181282413956	-1521.1578947368423
6981.8891450481715	19183.272838838504	-1521.1578947368423
6981.8891450481715	19183.364395263055	-1521.1578947368423
6981.8891450481715	19183.455951687607	-1984.8947368421054
6981.8891450481715	19183.547508112155	-1984.8947368421054
6981.8891450481715	19183.639064536706	-1302.171052631579
6981.8891450481715	19183.730620961254	-1984.8947368421054
6981.8891450481715	19183.822177385806	-1521.1578947368423
6981.8891450481715	19183.913733810357	-1521.1578947368423
6981.8891450481715	19184.005290234905	-1984.8947368421054
6981.8891450481715	19184.096846659457	-1521.1578947368423
6981.8891450481715	19184.188403084005	-1521.1578947368423
6981.8891450481715	19184.279959508556	-1744.4385964912283
6981.8891450481715	19184.371515933104	-1521.1578947368423
6981.8891450481715	19184.463072357656	-1521.1578947368423
6981.8891450481715	19184.554628782207	-1521.1578947368423
6981.8891450481715	19184.646185206755	-2178.1184210526317
6981.8891450481715	19184.737741631307	-1521.1578947368423
6981.8891450481715	19184.829298055854	-1984.8947368421054
6981.8891450481715	19184.920854480406	-1744.4385964912283
6981.8891450481715	19185.012410904958	-1521.1578947368423
6981.8891450481715	19185.103967329505	-1984.8947368421054
6981.8891450481715	19185.195523754057	-2178.1184210526317
6981.8891450481715	19185.287080178605	-1521.1578947368423
6981.8891450481715	19185.378636603156	-1740.1447368421054
6981.8891450481715	19185.470193027704	-1521.1578947368423
6981.8891450481715	19185.561749452256	-1521.1578947368423
6981.8891450481715	19185.653305876807	-1521.1578947368423
6981.8891450481715	19185.744862301355	-1521.1578947368423
6981.8891450481715	19185.836418725907	-2083.6535087719303
6981.8891450481715	19185.927975150455	-1744.4385964912283
6981.8891450481715	19186.019531575006	-1521.1578947368423
6981.8891450481715	19186.111087999558	-1521.1578947368423
6981.8891450481715	19186.202644424106	-1521.1578947368423
6981.8891450481715	19186.294200848657	-1521.1578947368423
6981.8891450481715	19186.385757273205	-1521.1578947368423
6981.8891450481715	19186.477313697756	-1521.1578947368423
6981.8891450481715	19186.568870122304	-1521.1578947368423
6981.8891450481715	19186.660426546856	-1521.1578947368423
6981.8891450481715	19186.751982971407	-1521.1578947368423
6981.8891450481715	19186.843539395955	-1521.1578947368423
6981.8891450481715	19186.935095820507	-1521.1578947368423
6981.8891450481715	19187.026652245055	-1521.1578947368423
6981.8891450481715	19187.118208669606	-1744.4385964912283
6981.8891450481715	19187.209765094158	-1744.4385964912283
6981.8891450481715	19187.301321518706	-1521.1578947368423
6981.8891450481715	19187.392877943257	-1744.4385964912283
6981.8891450481715	19187.484434367805	-1744.4385964912283
6981.8891450481715	19187.575990792357	-1744.4385964912283
6972.703964132308	19178.603461186456	-1117.5350877192982
6972.703964132308	19178.695017611004	-1035.951754385965
6972.703964132308	19178.786574035556	-881.3728070175439
6972.703964132308	19178.878130460103	-1151.8859649122808
6972.703964132308	19178.969686884655	-1173.3552631578948
6972.703964132308	19179.061243309206	-1173.3552631578948
6972.703964132308	19179.152799733754	-1199.1184210526317
6972.703964132308	19179.244356158306	-1224.8815789473686
6972.703964132308	19179.335912582854	-1250.6447368421054
6972.703964132308	19179.427469007405	-1267.8201754385966
6972.703964132308	19179.519025431953	-1267.8201754385966
6972.703964132308	19179.610581856505	-1254.938596491228
6972.703964132308	19179.702138281056	-1284.9956140350878
6972.703964132308	19179.793694705604	-2178.1184210526317
6972.703964132308	19179.885251130156	-2118.004385964912
6972.703964132308	19179.976807554704	-1327.9342105263158
6972.703964132308	19180.068363979255	-1521.1578947368423
6972.703964132308	19180.159920403807	-1740.1447368421054
6972.703964132308	19180.251476828354	-2083.6535087719303
6972.703964132308	19180.343033252906	-2178.1184210526317
6972.703964132308	19180.434589677454	-1521.1578947368423
6972.703964132308	19180.526146102005	-1521.1578947368423
6972.703964132308	19180.617702526553	-2178.1184210526317
6972.703964132308	19180.709258951105	-1323.640350877193
6972.703964132308	19180.800815375656	-1521.1578947368423
6972.703964132308	19180.892371800204	-2186.7061403508774
6972.703964132308	19180.983928224756	-2178.1184210526317
6972.703964132308	19181.075484649304	-1521.1578947368423
6972.703964132308	19181.167041073855	-1521.1578947368423
6972.703964132308	19181.258597498407	-1984.8947368421054
6972.703964132308	19181.350153922955	-1521.1578947368423
6972.703964132308	19181.441710347506	-1521.1578947368423
6972.703964132308	19181.533266772054	-1521.1578947368423
6972.703964132308	19181.624823196606	-1701.5000000000002
6972.703964132308	19181.716379621153	-1521.1578947368423
6972.703964132308	19181.807936045705	-1899.0175438596493
6972.703964132308	19181.899492470257	-1984.8947368421054
6972.703964132308	19181.991048894804	-1521.1578947368423
6972.703964132308	19182.082605319356	-1529.7456140350878
6972.703964132308	19182.174161743904	-1521.1578947368423
6972.703964132308	19182.265718168455	-1521.1578947368423
6972.703964132308	19182.357274593007	-1521.1578947368423
6972.703964132308	19182.448831017555	-1521.1578947368423
6972.703964132308	19182.540387442106	-1521.1578947368423
6972.703964132308	19182.631943866654	-1521.1578947368423
6972.703964132308	19182.723500291206	-1521.1578947368423
6972.703964132308	19182.815056715757	-1521.1578947368423
6972.703964132308	19182.906613140305	-2191.0
6972.703964132308	19182.998169564857	-2178.1184210526317
6972.703964132308	19183.089725989405	-1521.1578947368423
6972.703964132308	19183.181282413956	-1521.1578947368423
6972.703964132308	19183.272838838504	-1521.1578947368423
6972.703964132308	19183.364395263055	-1521.1578947368423
6972.703964132308	19183.455951687607	-1521.1578947368423
6972.703964132308	19183.547508112155	-2178.1184210526317
6972.703964132308	19183.639064536706	-1740.1447368421054
6972.703964132308	19183.730620961254	-1521.1578947368423
6972.703964132308	19183.822177385806	-1521.1578947368423
6972.703964132308	19183.913733810357	-1521.1578947368423
6972.703964132308	19184.005290234905	-1521.1578947368423
6972.703964132308	19184.096846659457	-1744.4385964912283
6972.703964132308	19184.188403084005	-1744.4385964912283
6972.703964132308	19184.279959508556	-1740.1447368421054
6972.703964132308	19184.371515933104	-1521.1578947368423
6972.703964132308	19184.463072357656	-1521.1578947368423
6972.703964132308	19184.554628782207	-2186.7061403508774
6972.703964132308	19184.646185206755	-1521.1578947368423
6972.703964132308	19184.737741631307	-1744.4385964912283
6972.703964132308	19184.829298055854	-1521.1578947368423
6972.703964132308	19184.920854480406	-1521.1578947368423
6972.703964132308	19185.012410904958	-1744.4385964912283
6972.703964132308	19185.103967329505	-1521.1578947368423
6972.703964132308	19185.195523754057	-1744.4385964912283
6972.703964132308	19185.287080178605	-1740.1447368421054
6972.703964132308	19185.378636603156	-1521.1578947368423
6972.703964132308	19185.470193027704	-1521.1578947368423
6972.703964132308	19185.561749452256	-2083.6535087719303
6972.703964132308	19185.653305876807	-537.8640350877193
6972.703964132308	19185.744862301355	-1744.4385964912283
6972.703964132308	19185.836418725907	-1744.4385964912283
6972.703964132308	19185.927975150455	-1521.1578947368423
6972.703964132308	19186.019531575006	-1521.1578947368423
6972.703964132308	19186.111087999558	-1521.1578947368423
6972.703964132308	19186.202644424106	-1521.1578947368423
6972.703964132308	19186.294200848657	-1521.1578947368423
6972.703964132308	19186.385757273205	-1521.1578947368423
6972.703964132308	19186.477313697756	-1521.1578947368423
6972.703964132308	19186.568870122304	-1521.1578947368423
6972.703964132308	19186.660426546856	-1521.1578947368423
6972.703964132308	19186.751982971407	-1521.1578947368423
6972.703964132308	19186.843539395955	-1744.4385964912283
6972.703964132308	19186.935095820507	-1744.4385964912283
6972.703964132308	19187.026652245055	-1744.4385964912283
6972.703964132308	19187.118208669606	-1744.4385964912283
6972.703964132308	19187.209765094158	-1744.4385964912283
6972.703964132308	19187.301321518706	-1744.4385964912283
6972.703964132308	19187.392877943257	-1744.4385964912283
6972.703964132308	19187.484434367805	-1521.1578947368423
6972.703964132308	19187.575990792357	-1984.8947368421054
6963.518783216444	19178.603461186456	-1139.0043859649122
6963.518783216444	19178.695017611004	-1139.0043859649122
6963.518783216444	19178.786574035556	-1156.1798245614036
6963.518783216444	19178.878130460103	-1156.1798245614036
6963.518783216444	19178.969686884655	-1181.9429824561403
6963.518783216444	19179.061243309206	-1181.9429824561403
6963.518783216444	19179.152799733754	-1233.469298245614
6963.518783216444	19179.244356158306	-1233.469298245614
6963.518783216444	19179.335912582854	-1254.938596491228
6963.518783216444	19179.427469007405	-1276.407894736842
6963.518783216444	19179.519025431953	-1284.9956140350878
6963.518783216444	19179.610581856505	-1521.1578947368423
6963.518783216444	19179.702138281056	-2186.7061403508774
6963.518783216444	19179.793694705604	-2083.6535087719303
6963.518783216444	19179.885251130156	-2083.6535087719303
6963.518783216444	19179.976807554704	-1521.1578947368423
6963.518783216444	19180.068363979255	-2178.1184210526317
6963.518783216444	19180.159920403807	-1744.4385964912283
6963.518783216444	19180.251476828354	-494.92543859649123
6963.518783216444	19180.343033252906	-2178.1184210526317
6963.518783216444	19180.434589677454	-1521.1578947368423
6963.518783216444	19180.526146102005	-1521.1578947368423
6963.518783216444	19180.617702526553	-1521.1578947368423
6963.518783216444	19180.709258951105	-1521.1578947368423
6963.518783216444	19180.800815375656	-1984.8947368421054
6963.518783216444	19180.892371800204	-1984.8947368421054
6963.518783216444	19180.983928224756	-1521.1578947368423
6963.518783216444	19181.075484649304	-1984.8947368421054
6963.518783216444	19181.167041073855	-1521.1578947368423
6963.518783216444	19181.258597498407	-1899.0175438596493
6963.518783216444	19181.350153922955	-1521.1578947368423
6963.518783216444	19181.441710347506	-1521.1578947368423
6963.518783216444	19181.533266772054	-2178.1184210526317
6963.518783216444	19181.624823196606	-1521.1578947368423
6963.518783216444	19181.716379621153	-2178.1184210526317
6963.518783216444	19181.807936045705	-1521.1578947368423
6963.518783216444	19181.899492470257	-1233.469298245614
6963.518783216444	19181.991048894804	-1521.1578947368423
6963.518783216444	19182.082605319356	-1521.1578947368423
6963.518783216444	19182.174161743904	-1521.1578947368423
6963.518783216444	19182.265718168455	-1521.1578947368423
6963.518783216444	19182.357274593007	-1984.8947368421054
6963.518783216444	19182.448831017555	-1521.1578947368423
6963.518783216444	19182.540387442106	-1984.8947368421054
6963.518783216444	19182.631943866654	-1521.1578947368423
6963.518783216444	19182.723500291206	-1521.1578947368423
6963.518783216444	19182.815056715757	-2186.7061403508774
6963.518783216444	19182.906613140305	-1521.1578947368423
6963.518783216444	19182.998169564857	-1899.0175438596493
6963.518783216444	19183.089725989405	-1521.1578947368423
6963.518783216444	19183.181282413956	-1521.1578947368423
6963.518783216444	19183.272838838504	-1521.1578947368423
6963.518783216444	19183.364395263055	-1521.1578947368423
6963.518783216444	19183.455951687607	-1984.8947368421054
6963.518783216444	19183.547508112155	-1744.4385964912283
6963.518783216444	19183.639064536706	-1521.1578947368423
6963.518783216444	19183.730620961254	-1521.1578947368423
6963.518783216444	19183.822177385806	-1521.1578947368423
6963.518783216444	19183.913733810357	-1521.1578947368423
6963.518783216444	19184.005290234905	-1521.1578947368423
6963.518783216444	19184.096846659457	-1521.1578947368423
6963.518783216444	19184.188403084005	-1521.1578947368423
6963.518783216444	19184.279959508556	-1521.1578947368423
6963.518783216444	19184.371515933104	-1521.1578947368423
6963.518783216444	19184.463072357656	-1521.1578947368423
6963.518783216444	19184.554628782207	-1521.1578947368423
6963.518783216444	19184.646185206755	-1521.1578947368423
6963.518783216444	19184.737741631307	-1744.4385964912283
6963.518783216444	19184.829298055854	-1521.1578947368423
6963.518783216444	19184.920854480406	-2118.004385964912
6963.518783216444	19185.012410904958	-1521.1578947368423
6963.518783216444	19185.103967329505	-1521.1578947368423
6963.518783216444	19185.195523754057	-1740.1447368421054
6963.518783216444	19185.287080178605	-1521.1578947368423
6963.518783216444	19185.378636603156	-1521.1578947368423
6963.518783216444	19185.470193027704	-1521.1578947368423
6963.518783216444	19185.561749452256	-1315.0526315789475
6963.518783216444	19185.653305876807	-1521.1578947368423
6963.518783216444	19185.744862301355	-1521.1578947368423
6963.518783216444	19185.836418725907	-1521.1578947368423
6963.518783216444	19185.927975150455	-1521.1578947368423
6963.518783216444	19186.019531575006	-1521.1578947368423
6963.518783216444	19186.111087999558	-1521.1578947368423
6963.518783216444	19186.202644424106	-1521.1578947368423
6963.518783216444	19186.294200848657	-1521.1578947368423
6963.518783216444	19186.385757273205	-1521.1578947368423
6963.518783216444	19186.477313697756	-1521.1578947368423
6963.518783216444	19186.568870122304	-1521.1578947368423
6963.518783216444	19186.660426546856	-1744.4385964912283
6963.518783216444	19186.751982971407	-1744.4385964912283
6963.518783216444	19186.843539395955	-1744.4385964912283
6963.518783216444	19186.935095820507	-1744.4385964912283
6963.518783216444	19187.026652245055	-1744.4385964912283
6963.518783216444	19187.118208669606	-1744.4385964912283
6963.518783216444	19187.209765094158	-1744.4385964912283
6963.518783216444	19187.301321518706	-1521.1578947368423
6963.518783216444	19187.392877943257	-2083.6535087719303
6963.518783216444	19187.484434367805	-1744.4385964912283
6963.518783216444	19187.575990792357	-1744.4385964912283
6954.33360230058	19178.603461186456	-1096.0657894736842
6954.33360230058	19178.695017611004	-1121.8289473684213
6954.33360230058	19178.786574035556	-1169.061403508772
6954.33360230058	19178.878130460103	-1177.6491228070176
6954.33360230058	19178.969686884655	-1160.4736842105262
6954.33360230058	19179.061243309206	-1212.0
6954.33360230058	19179.152799733754	-1220.5877192982457
6954.33360230058	19179.244356158306	-1246.3508771929826
6954.33360230058	19179.335912582854	-1272.1140350877195
6954.33360230058	19179.427469007405	-1302.171052631579
6954.33360230058	19179.519025431953	-1529.7456140350878
6954.33360230058	19179.610581856505	-2178.1184210526317
6954.33360230058	19179.702138281056	-1744.4385964912283
6954.33360230058	19179.793694705604	-2083.6535087719303
6954.33360230058	19179.885251130156	-1323.640350877193
6954.33360230058	19179.976807554704	-2083.6535087719303
6954.33360230058	19180.068363979255	-1521.1578947368423
6954.33360230058	19180.159920403807	-1302.171052631579
6954.33360230058	19180.251476828354	-1297.8771929824563
6954.33360230058	19180.343033252906	-1521.1578947368423
6954.33360230058	19180.434589677454	-1521.1578947368423
6954.33360230058	19180.526146102005	-1521.1578947368423
6954.33360230058	19180.617702526553	-1297.8771929824563
6954.33360230058	19180.709258951105	-1984.8947368421054
6954.33360230058	19180.800815375656	-1984.8947368421054
6954.33360230058	19180.892371800204	-1302.171052631579
6954.33360230058	19180.983928224756	-1521.1578947368423
6954.33360230058	19181.075484649304	-1521.1578947368423
6954.33360230058	19181.167041073855	-1521.1578947368423
6954.33360230058	19181.258597498407	-1327.9342105263158
6954.33360230058	19181.350153922955	-2118.004385964912
6954.33360230058	19181.441710347506	-1521.1578947368423
6954.33360230058	19181.533266772054	-1521.1578947368423
6954.33360230058	19181.624823196606	-1302.171052631579
6954.33360230058	19181.716379621153	-2118.004385964912
6954.33360230058	19181.807936045705	-1323.640350877193
6954.33360230058	19181.899492470257	-1521.1578947368423
6954.33360230058	19181.991048894804	-1521.1578947368423
6954.33360230058	19182.082605319356	-1521.1578947368423
6954.33360230058	19182.174161743904	-1521.1578947368423
6954.33360230058	19182.265718168455	-1984.8947368421054
6954.33360230058	19182.357274593007	-1899.0175438596493
6954.33360230058	19182.448831017555	-1521.1578947368423
6954.33360230058	19182.540387442106	-705.3245614035088
6954.33360230058	19182.631943866654	-1521.1578947368423
6954.33360230058	19182.723500291206	-1521.1578947368423
6954.33360230058	19182.815056715757	-1521.1578947368423
6954.33360230058	19182.906613140305	-1521.1578947368423
6954.33360230058	19182.998169564857	-1521.1578947368423
6954.33360230058	19183.089725989405	-1521.1578947368423
6954.33360230058	19183.181282413956	-1984.8947368421054
6954.33360230058	19183.272838838504	-1521.1578947368423
6954.33360230058	19183.364395263055	-1744.4385964912283
6954.33360230058	19183.455951687607	-2178.1184210526317
6954.33360230058	19183.547508112155	-1521.1578947368423
6954.33360230058	19183.639064536706	-1521.1578947368423
6954.33360230058	19183.730620961254	-1521.1578947368423
6954.33360230058	19183.822177385806	-1984.8947368421054
6954.33360230058	19183.913733810357	-1744.4385964912283
6954.33360230058	19184.005290234905	-1984.8947368421054
6954.33360230058	19184.096846659457	-2178.1184210526317
6954.33360230058	19184.188403084005	-1521.1578947368423
6954.33360230058	19184.279959508556	-1521.1578947368423
6954.33360230058	19184.371515933104	-1521.1578947368423
6954.33360230058	19184.463072357656	-2083.6535087719303
6954.33360230058	19184.554628782207	-1521.1578947368423
6954.33360230058	19184.646185206755	-1744.4385964912283
6954.33360230058	19184.737741631307	-1521.1578947368423
6954.33360230058	19184.829298055854	-1744.4385964912283
6954.33360230058	19184.920854480406	-1744.4385964912283
6954.33360230058	19185.012410904958	-1521.1578947368423
6954.33360230058	19185.103967329505	-1744.4385964912283
6954.33360230058	19185.195523754057	-1521.1578947368423
6954.33360230058	19185.287080178605	-1521.1578947368423
6954.33360230058	19185.378636603156	-1521.1578947368423
6954.33360230058	19185.470193027704	-1323.640350877193
6954.33360230058	19185.561749452256	-1521.1578947368423
6954.33360230058	19185.653305876807	-1521.1578947368423
6954.33360230058	19185.744862301355	-1521.1578947368423
6954.33360230058	19185.836418725907	-1521.1578947368423
6954.33360230058	19185.927975150455	-1521.1578947368423
6954.33360230058	19186.019531575006	-1521.1578947368423
6954.33360230058	19186.111087999558	-1521.1578947368423
6954.33360230058	19186.202644424106	-1521.1578947368423
6954.33360230058	19186.294200848657	-1521.1578947368423
6954.33360230058	19186.385757273205	-1744.4385964912283
6954.33360230058	19186.477313697756	-1744.4385964912283
6954.33360230058	19186.568870122304	-1744.4385964912283
6954.33360230058	19186.660426546856	-1744.4385964912283
6954.33360230058	19186.751982971407	-1744.4385964912283
6954.33360230058	19186.843539395955	-1744.4385964912283
6954.33360230058	19186.935095820507	-1744.4385964912283
6954.33360230058	19187.026652245055	-1984.8947368421054
6954.33360230058	19187.118208669606	-1744.4385964912283
6954.33360230058	19187.209765094158	-1984.8947368421054
6954.33360230058	19187.301321518706	-1744.4385964912283
6954.33360230058	19187.392877943257	-1744.4385964912283
6954.33360230058	19187.484434367805	-1744.4385964912283
6954.33360230058	19187.575990792357	-1744.4385964912283
6945.148421384716	19178.603461186456	-1169.061403508772
6945.148421384716	19178.695017611004	-868.4912280701755
6945.148421384716	19178.786574035556	-1190.530701754386
6945.148421384716	19178.878130460103	-1199.1184210526317
6945.148421384716	19178.969686884655	-1212.0
6945.148421384716	19179.061243309206	-1229.1754385964914
6945.148421384716	19179.152799733754	-1233.469298245614
6945.148421384716	19179.244356158306	-1267.8201754385966
6945.148421384716	19179.335912582854	-1302.171052631579
6945.148421384716	19179.427469007405	-451.9868421052632
6945.148421384716	19179.519025431953	-2186.7061403508774
6945.148421384716	19179.610581856505	-1521.1578947368423
6945.148421384716	19179.702138281056	-2178.1184210526317
6945.148421384716	19179.793694705604	-1521.1578947368423
6945.148421384716	19179.885251130156	-2083.6535087719303
6945.148421384716	19179.976807554704	-1521.1578947368423
6945.148421384716	19180.068363979255	-1323.640350877193
6945.148421384716	19180.159920403807	-1744.4385964912283
6945.148421384716	19180.251476828354	-1521.1578947368423
6945.148421384716	19180.343033252906	-2178.1184210526317
6945.148421384716	19180.434589677454	-2178.1184210526317
6945.148421384716	19180.526146102005	-1521.1578947368423
6945.148421384716	19180.617702526553	-1984.8947368421054
6945.148421384716	19180.709258951105	-1984.8947368421054
6945.148421384716	19180.800815375656	-2178.1184210526317
6945.148421384716	19180.892371800204	-1521.1578947368423
6945.148421384716	19180.983928224756	-1521.1578947368423
6945.148421384716	19181.075484649304	-1521.1578947368423
6945.148421384716	19181.167041073855	-1701.5000000000002
6945.148421384716	19181.258597498407	-1521.1578947368423
6945.148421384716	19181.350153922955	-1521.1578947368423
6945.148421384716	19181.441710347506	-1521.1578947368423
6945.148421384716	19181.533266772054	-1521.1578947368423
6945.148421384716	19181.624823196606	-1521.1578947368423
6945.148421384716	19181.716379621153	-1521.1578947368423
6945.148421384716	19181.807936045705	-1521.1578947368423
6945.148421384716	19181.899492470257	-1521.1578947368423
6945.148421384716	19181.991048894804	-1521.1578947368423
6945.148421384716	19182.082605319356	-2178.1184210526317
6945.148421384716	19182.174161743904	-1521.1578947368423
6945.148421384716	19182.265718168455	-1521.1578947368423
6945.148421384716	19182.357274593007	-1521.1578947368423
6945.148421384716	19182.448831017555	-1521.1578947368423
6945.148421384716	19182.540387442106	-1521.1578947368423
6945.148421384716	19182.631943866654	-1521.1578947368423
6945.148421384716	19182.723500291206	-1521.1578947368423
6945.148421384716	19182.815056715757	-1521.1578947368423
6945.148421384716	19182.906613140305	-1521.1578947368423
6945.148421384716	19182.998169564857	-1521.1578947368423
6945.148421384716	19183.089725989405	-1521.1578947368423
6945.148421384716	19183.181282413956	-1521.1578947368423
6945.148421384716	19183.272838838504	-1521.1578947368423
6945.148421384716	19183.364395263055	-1740.1447368421054
6945.148421384716	19183.455951687607	-1521.1578947368423
6945.148421384716	19183.547508112155	-1740.1447368421054
6945.148421384716	19183.639064536706	-1521.1578947368423
6945.148421384716	19183.730620961254	-1521.1578947368423
6945.148421384716	19183.822177385806	-1744.4385964912283
6945.148421384716	19183.913733810357	-1521.1578947368423
6945.148421384716	19184.005290234905	-2186.7061403508774
6945.148421384716	19184.096846659457	-1521.1578947368423
6945.148421384716	19184.188403084005	-1521.1578947368423
6945.148421384716	19184.279959508556	-1521.1578947368423
6945.148421384716	19184.371515933104	-709.6184210526317
6945.148421384716	19184.463072357656	-1744.4385964912283
6945.148421384716	19184.554628782207	-1744.4385964912283
6945.148421384716	19184.646185206755	-1521.1578947368423
6945.148421384716	19184.737741631307	-1521.1578947368423
6945.148421384716	19184.829298055854	-1740.1447368421054
6945.148421384716	19184.920854480406	-1521.1578947368423
6945.148421384716	19185.012410904958	-1740.1447368421054
6945.148421384716	19185.103967329505	-1521.1578947368423
6945.148421384716	19185.195523754057	-1521.1578947368423
6945.148421384716	19185.287080178605	-1521.1578947368423
6945.148421384716	19185.378636603156	-1984.8947368421054
6945.148421384716	19185.470193027704	-1744.4385964912283
6945.148421384716	19185.561749452256	-1521.1578947368423
6945.148421384716	19185.653305876807	-1521.1578947368423
6945.148421384716	19185.744862301355	-1521.1578947368423
6945.148421384716	19185.836418725907	-1521.1578947368423
6945.148421384716	19185.927975150455	-1521.1578947368423
6945.148421384716	19186.019531575006	-1521.1578947368423
6945.148421384716	19186.111087999558	-1521.1578947368423
6945.148421384716	19186.202644424106	-1744.4385964912283
6945.148421384716	19186.294200848657	-1744.4385964912283
6945.148421384716	19186.385757273205	-1744.4385964912283
6945.148421384716	19186.477313697756	-1744.4385964912283
6945.148421384716	19186.568870122304	-1744.4385964912283
6945.148421384716	19186.660426546856	-1744.4385964912283
6945.148421384716	19186.751982971407	-1984.8947368421054
6945.148421384716	19186.843539395955	-2178.1184210526317
6945.148421384716	19186.935095820507	-2186.7061403508774
6945.148421384716	19187.026652245055	-1744.4385964912283
6945.148421384716	19187.118208669606	-1744.4385964912283
6945.148421384716	19187.209765094158	-1744.4385964912283
6945.148421384716	19187.301321518706	-1744.4385964912283
6945.148421384716	19187.392877943257	-1744.4385964912283
6945.148421384716	19187.484434367805	-1744.4385964912283
6945.148421384716	19187.575990792357	-1521.1578947368423
6935.963240468853	19178.603461186456	-1156.1798245614036
6935.963240468853	19178.695017611004	-1173.3552631578948
6935.963240468853	19178.786574035556	-1233.469298245614
6935.963240468853	19178.878130460103	-1220.5877192982457
6935.963240468853	19178.969686884655	-1233.469298245614
6935.963240468853	19179.061243309206	-1237.7631578947369
6935.963240468853	19179.152799733754	-1297.8771929824563
6935.963240468853	19179.244356158306	-1289.2894736842106
6935.963240468853	19179.335912582854	-2191.0
6935.963240468853	19179.427469007405	-2186.7061403508774
6935.963240468853	19179.519025431953	-1744.4385964912283
6935.963240468853	19179.610581856505	-1521.1578947368423
6935.963240468853	19179.702138281056	-1744.4385964912283
6935.963240468853	19179.793694705604	-1984.8947368421054
6935.963240468853	19179.885251130156	-1327.9342105263158
6935.963240468853	19179.976807554704	-1521.1578947368423
6935.963240468853	19180.068363979255	-675.2675438596491
6935.963240468853	19180.159920403807	-2186.7061403508774
6935.963240468853	19180.251476828354	-1521.1578947368423
6935.963240468853	19180.343033252906	-1521.1578947368423
6935.963240468853	19180.434589677454	-1323.640350877193
6935.963240468853	19180.526146102005	-1984.8947368421054
6935.963240468853	19180.617702526553	-1529.7456140350878
6935.963240468853	19180.709258951105	-1984.8947368421054
6935.963240468853	19180.800815375656	-1521.1578947368423
6935.963240468853	19180.892371800204	-1984.8947368421054
6935.963240468853	19180.983928224756	-1899.0175438596493
6935.963240468853	19181.075484649304	-2186.7061403508774
6935.963240468853	19181.167041073855	-1521.1578947368423
6935.963240468853	19181.258597498407	-1323.640350877193
6935.963240468853	19181.350153922955	-1323.640350877193
6935.963240468853	19181.441710347506	-1521.1578947368423
6935.963240468853	19181.533266772054	-1521.1578947368423
6935.963240468853	19181.624823196606	-2186.7061403508774
6935.963240468853	19181.716379621153	-1521.1578947368423
6935.963240468853	19181.807936045705	-1521.1578947368423
6935.963240468853	19181.899492470257	-1521.1578947368423
6935.963240468853	19181.991048894804	-1521.1578947368423
6935.963240468853	19182.082605319356	-1521.1578947368423
6935.963240468853	19182.174161743904	-1521.1578947368423
6935.963240468853	19182.265718168455	-1521.1578947368423
6935.963240468853	19182.357274593007	-1521.1578947368423
6935.963240468853	19182.448831017555	-1521.1578947368423
6935.963240468853	19182.540387442106	-1521.1578947368423
6935.963240468853	19182.631943866654	-2191.0
6935.963240468853	19182.723500291206	-1521.1578947368423
6935.963240468853	19182.815056715757	-1521.1578947368423
6935.963240468853	19182.906613140305	-1521.1578947368423
6935.963240468853	19182.998169564857	-1521.1578947368423
6935.963240468853	19183.089725989405	-1521.1578947368423
6935.963240468853	19183.181282413956	-1740.1447368421054
6935.963240468853	19183.272838838504	-1521.1578947368423
6935.963240468853	19183.364395263055	-1521.1578947368423
6935.963240468853	19183.455951687607	-1521.1578947368423
6935.963240468853	19183.547508112155	-1521.1578947368423
6935.963240468853	19183.639064536706	-1521.1578947368423
6935.963240468853	19183.730620961254	-1521.1578947368423
6935.963240468853	19183.822177385806	-1744.4385964912283
6935.963240468853	19183.913733810357	-2178.1184210526317
6935.963240468853	19184.005290234905	-1521.1578947368423
6935.963240468853	19184.096846659457	-1521.1578947368423
6935.963240468853	19184.188403084005	-1521.1578947368423
6935.963240468853	19184.279959508556	-1740.1447368421054
6935.963240468853	19184.371515933104	-1529.7456140350878
6935.963240468853	19184.463072357656	-1984.8947368421054
6935.963240468853	19184.554628782207	-1521.1578947368423
6935.963240468853	19184.646185206755	-1744.4385964912283
6935.963240468853	19184.737741631307	-1744.4385964912283
6935.963240468853	19184.829298055854	-1521.1578947368423
6935.963240468853	19184.920854480406	-1740.1447368421054
6935.963240468853	19185.012410904958	-1521.1578947368423
6935.963240468853	19185.103967329505	-1521.1578947368423
6935.963240468853	19185.195523754057	-1744.4385964912283
6935.963240468853	19185.287080178605	-1521.1578947368423
6935.963240468853	19185.378636603156	-1744.4385964912283
6935.963240468853	19185.470193027704	-1521.1578947368423
6935.963240468853	19185.561749452256	-1521.1578947368423
6935.963240468853	19185.653305876807	-1521.1578947368423
6935.963240468853	19185.744862301355	-1521.1578947368423
6935.963240468853	19185.836418725907	-1521.1578947368423
6935.963240468853	19185.927975150455	-1521.1578947368423
6935.963240468853	19186.019531575006	-1521.1578947368423
6935.963240468853	19186.111087999558	-1744.4385964912283
6935.963240468853	19186.202644424106	-1744.4385964912283
6935.963240468853	19186.294200848657	-1744.4385964912283
6935.963240468853	19186.385757273205	-1744.4385964912283
6935.963240468853	19186.477313697756	-1744.4385964912283
6935.963240468853	19186.568870122304	-1744.4385964912283
6935.963240468853	19186.660426546856	-1744.4385964912283
6935.963240468853	19186.751982971407	-1521.1578947368423
6935.963240468853	19186.843539395955	-1744.4385964912283
6935.963240468853	19186.935095820507	-1744.4385964912283
6935.963240468853	19187.026652245055	-1744.4385964912283
6935.963240468853	19187.118208669606	-1744.4385964912283
6935.963240468853	19187.209765094158	-1744.4385964912283
6935.963240468853	19187.301321518706	-1744.4385964912283
6935.963240468853	19187.392877943257	-1744.4385964912283
6935.963240468853	19187.484434367805	-1744.4385964912283
6935.963240468853	19187.575990792357	-1521.1578947368423
6926.778059552988	19178.603461186456	-1199.1184210526317
6926.778059552988	19178.695017611004	-881.3728070175439
6926.778059552988	19178.786574035556	-1212.0
6926.778059552988	19178.878130460103	-1233.469298245614
6926.778059552988	19178.969686884655	-1254.938596491228
6926.778059552988	19179.061243309206	-1250.6447368421054
6926.778059552988	19179.152799733754	-2186.7061403508774
6926.778059552988	19179.244356158306	-1302.171052631579
6926.778059552988	19179.335912582854	-739.6754385964913
6926.778059552988	19179.427469007405	-1521.1578947368423
6926.778059552988	19179.519025431953	-1744.4385964912283
6926.778059552988	19179.610581856505	-1521.1578947368423
6926.778059552988	19179.702138281056	-1744.4385964912283
6926.778059552988	19179.793694705604	-1740.1447368421054
6926.778059552988	19179.885251130156	-1521.1578947368423
6926.778059552988	19179.976807554704	-1521.1578947368423
6926.778059552988	19180.068363979255	-1521.1578947368423
6926.778059552988	19180.159920403807	-1521.1578947368423
6926.778059552988	19180.251476828354	-1521.1578947368423
6926.778059552988	19180.343033252906	-1302.171052631579
6926.778059552988	19180.434589677454	-1521.1578947368423
6926.778059552988	19180.526146102005	-1323.640350877193
6926.778059552988	19180.617702526553	-1521.1578947368423
6926.778059552988	19180.709258951105	-1521.1578947368423
6926.778059552988	19180.800815375656	-1521.1578947368423
6926.778059552988	19180.892371800204	-778.3201754385965
6926.778059552988	19180.983928224756	-1521.1578947368423
6926.778059552988	19181.075484649304	-1521.1578947368423
6926.778059552988	19181.167041073855	-1306.4649122807018
6926.778059552988	19181.258597498407	-1521.1578947368423
6926.778059552988	19181.350153922955	-1521.1578947368423
6926.778059552988	19181.441710347506	-1984.8947368421054
6926.778059552988	19181.533266772054	-1521.1578947368423
6926.778059552988	19181.624823196606	-1701.5000000000002
6926.778059552988	19181.716379621153	-1529.7456140350878
6926.778059552988	19181.807936045705	-1984.8947368421054
6926.778059552988	19181.899492470257	-1521.1578947368423
6926.778059552988	19181.991048894804	-1521.1578947368423
6926.778059552988	19182.082605319356	-1984.8947368421054
6926.778059552988	19182.174161743904	-1521.1578947368423
6926.778059552988	19182.265718168455	-1521.1578947368423
6926.778059552988	19182.357274593007	-1521.1578947368423
6926.778059552988	19182.448831017555	-1521.1578947368423
6926.778059552988	19182.540387442106	-1521.1578947368423
6926.778059552988	19182.631943866654	-1744.4385964912283
6926.778059552988	19182.723500291206	-1521.1578947368423
6926.778059552988	19182.815056715757	-1521.1578947368423
6926.778059552988	19182.906613140305	-1984.8947368421054
6926.778059552988	19182.998169564857	-1521.1578947368423
6926.778059552988	19183.089725989405	-1740.1447368421054
6926.778059552988	19183.181282413956	-1521.1578947368423
6926.778059552988	19183.272838838504	-1740.1447368421054
6926.778059552988	19183.364395263055	-1521.1578947368423
6926.778059552988	19183.455951687607	-1521.1578947368423
6926.778059552988	19183.547508112155	-1521.1578947368423
6926.778059552988	19183.639064536706	-1521.1578947368423
6926.778059552988	19183.730620961254	-2083.6535087719303
6926.778059552988	19183.822177385806	-2186.7061403508774
6926.778059552988	19183.913733810357	-1521.1578947368423
6926.778059552988	19184.005290234905	-1521.1578947368423
6926.778059552988	19184.096846659457	-1521.1578947368423
6926.778059552988	19184.188403084005	-1521.1578947368423
6926.778059552988	19184.279959508556	-945.780701754386
6926.778059552988	19184.371515933104	-1744.4385964912283
6926.778059552988	19184.463072357656	-1521.1578947368423
6926.778059552988	19184.554628782207	-1744.4385964912283
6926.778059552988	19184.646185206755	-1521.1578947368423
6926.778059552988	19184.737741631307	-1521.1578947368423
6926.778059552988	19184.829298055854	-1740.1447368421054
6926.778059552988	19184.920854480406	-1521.1578947368423
6926.778059552988	19185.012410904958	-1521.1578947368423
6926.778059552988	19185.103967329505	-2178.1184210526317
6926.778059552988	19185.195523754057	-1744.4385964912283
6926.778059552988	19185.287080178605	-1521.1578947368423
6926.778059552988	19185.378636603156	-1521.1578947368423
6926.778059552988	19185.470193027704	-1521.1578947368423
6926.778059552988	19185.561749452256	-1521.1578947368423
6926.778059552988	19185.653305876807	-1521.1578947368423
6926.778059552988	19185.744862301355	-1521.1578947368423
6926.778059552988	19185.836418725907	-1521.1578947368423
6926.778059552988	19185.927975150455	-1521.1578947368423
6926.778059552988	19186.019531575006	-1744.4385964912283
6926.778059552988	19186.111087999558	-1744.4385964912283
6926.778059552988	19186.202644424106	-1744.4385964912283
6926.778059552988	19186.294200848657	-1744.4385964912283
6926.778059552988	19186.385757273205	-1744.4385964912283
6926.778059552988	19186.477313697756	-1744.4385964912283
6926.778059552988	19186.568870122304	-1744.4385964912283
6926.778059552988	19186.660426546856	-1744.4385964912283
6926.778059552988	19186.751982971407	-1744.4385964912283
6926.778059552988	19186.843539395955	-1744.4385964912283
6926.778059552988	19186.935095820507	-1744.4385964912283
6926.778059552988	19187.026652245055	-1744.4385964912283
6926.778059552988	19187.118208669606	-1521.1578947368423
6926.778059552988	19187.209765094158	-1744.4385964912283
6926.778059552988	19187.301321518706	-1521.1578947368423
6926.778059552988	19187.392877943257	-1521.1578947368423
6926.778059552988	19187.484434367805	-1521.1578947368423
6926.778059552988	19187.575990792357	-1521.1578947368423
6917.592878637125	19178.603461186456	-1207.7061403508774
6917.592878637125	19178.695017611004	-1199.1184210526317
6917.592878637125	19178.786574035556	-1233.469298245614
6917.592878637125	19178.878130460103	-752.5570175438597
6917.592878637125	19178.969686884655	-739.6754385964913
6917.592878637125	19179.061243309206	-872.7850877192983
6917.592878637125	19179.152799733754	-1233.469298245614
6917.592878637125	19179.244356158306	-709.6184210526317
6917.592878637125	19179.335912582854	-1997.7763157894738
6917.592878637125	19179.427469007405	-1521.1578947368423
6917.592878637125	19179.519025431953	-1521.1578947368423
6917.592878637125	19179.610581856505	-1521.1578947368423
6917.592878637125	19179.702138281056	-1744.4385964912283
6917.592878637125	19179.793694705604	-383.28508771929825
6917.592878637125	19179.885251130156	-2118.004385964912
6917.592878637125	19179.976807554704	-1521.1578947368423
6917.592878637125	19180.068363979255	-1521.1578947368423
6917.592878637125	19180.159920403807	-739.6754385964913
6917.592878637125	19180.251476828354	-1521.1578947368423
6917.592878637125	19180.343033252906	-1521.1578947368423
6917.592878637125	19180.434589677454	-1984.8947368421054
6917.592878637125	19180.526146102005	-1521.1578947368423
6917.592878637125	19180.617702526553	-1521.1578947368423
6917.592878637125	19180.709258951105	-1984.8947368421054
6917.592878637125	19180.800815375656	-739.6754385964913
6917.592878637125	19180.892371800204	-1521.1578947368423
6917.592878637125	19180.983928224756	-1521.1578947368423
6917.592878637125	19181.075484649304	-2186.7061403508774
6917.592878637125	19181.167041073855	-1521.1578947368423
6917.592878637125	19181.258597498407	-1984.8947368421054
6917.592878637125	19181.350153922955	-1521.1578947368423
6917.592878637125	19181.441710347506	-1521.1578947368423
6917.592878637125	19181.533266772054	-816.9649122807018
6917.592878637125	19181.624823196606	-1521.1578947368423
6917.592878637125	19181.716379621153	-1984.8947368421054
6917.592878637125	19181.807936045705	-1521.1578947368423
6917.592878637125	19181.899492470257	-1521.1578947368423
6917.592878637125	19181.991048894804	-1521.1578947368423
6917.592878637125	19182.082605319356	-2178.1184210526317
6917.592878637125	19182.174161743904	-1521.1578947368423
6917.592878637125	19182.265718168455	-1521.1578947368423
6917.592878637125	19182.357274593007	-1521.1578947368423
6917.592878637125	19182.448831017555	-1521.1578947368423
6917.592878637125	19182.540387442106	-2083.6535087719303
6917.592878637125	19182.631943866654	-1521.1578947368423
6917.592878637125	19182.723500291206	-1521.1578947368423
6917.592878637125	19182.815056715757	-1521.1578947368423
6917.592878637125	19182.906613140305	-1521.1578947368423
6917.592878637125	19182.998169564857	-1984.8947368421054
6917.592878637125	19183.089725989405	-1521.1578947368423
6917.592878637125	19183.181282413956	-1740.1447368421054
6917.592878637125	19183.272838838504	-1521.1578947368423
6917.592878637125	19183.364395263055	-1521.1578947368423
6917.592878637125	19183.455951687607	-1521.1578947368423
6917.592878637125	19183.547508112155	-1521.1578947368423
6917.592878637125	19183.639064536706	-1744.4385964912283
6917.592878637125	19183.730620961254	-2178.1184210526317
6917.592878637125	19183.822177385806	-1521.1578947368423
6917.592878637125	19183.913733810357	-1521.1578947368423
6917.592878637125	19184.005290234905	-1521.1578947368423
6917.592878637125	19184.096846659457	-1521.1578947368423
6917.592878637125	19184.188403084005	-1521.1578947368423
6917.592878637125	19184.279959508556	-1984.8947368421054
6917.592878637125	19184.371515933104	-1521.1578947368423
6917.592878637125	19184.463072357656	-1744.4385964912283
6917.592878637125	19184.554628782207	-1744.4385964912283
6917.592878637125	19184.646185206755	-1744.4385964912283
6917.592878637125	19184.737741631307	-1740.1447368421054
6917.592878637125	19184.829298055854	-1521.1578947368423
6917.592878637125	19184.920854480406	-1521.1578947368423
6917.592878637125	19185.012410904958	-1744.4385964912283
6917.592878637125	19185.103967329505	-1984.8947368421054
6917.592878637125	19185.195523754057	-1521.1578947368423
6917.592878637125	19185.287080178605	-1521.1578947368423
6917.592878637125	19185.378636603156	-1521.1578947368423
6917.592878637125	19185.470193027704	-1521.1578947368423
6917.592878637125	19185.561749452256	-1521.1578947368423
6917.592878637125	19185.653305876807	-1521.1578947368423
6917.592878637125	19185.744862301355	-1521.1578947368423
6917.592878637125	19185.836418725907	-1744.4385964912283
6917.592878637125	19185.927975150455	-1744.4385964912283
6917.592878637125	19186.019531575006	-1744.4385964912283
6917.592878637125	19186.111087999558	-1744.4385964912283
6917.592878637125	19186.202644424106	-1744.4385964912283
6917.592878637125	19186.294200848657	-1529.7456140350878
6917.592878637125	19186.385757273205	-1744.4385964912283
6917.592878637125	19186.477313697756	-1744.4385964912283
6917.592878637125	19186.568870122304	-1744.4385964912283
6917.592878637125	19186.660426546856	-1744.4385964912283
6917.592878637125	19186.751982971407	-1521.1578947368423
6917.592878637125	19186.843539395955	-1521.1578947368423
6917.592878637125	19186.935095820507	-1744.4385964912283
6917.592878637125	19187.026652245055	-1744.4385964912283
6917.592878637125	19187.118208669606	-1744.4385964912283
6917.592878637125	19187.209765094158	-1744.4385964912283
6917.592878637125	19187.301321518706	-1521.1578947368423
6917.592878637125	19187.392877943257	-1521.1578947368423
6917.592878637125	19187.484434367805	-1521.1578947368423
6917.592878637125	19187.575990792357	-1521.1578947368423
6908.407697721261	19178.603461186456	-1199.1184210526317
6908.407697721261	19178.695017611004	-1220.5877192982457
6908.407697721261	19178.786574035556	-1263.5263157894738
6908.407697721261	19178.878130460103	-1276.407894736842
6908.407697721261	19178.969686884655	-842.7280701754387
6908.407697721261	19179.061243309206	-1315.0526315789475
6908.407697721261	19179.152799733754	-2178.1184210526317
6908.407697721261	19179.244356158306	-1327.9342105263158
6908.407697721261	19179.335912582854	-1521.1578947368423
6908.407697721261	19179.427469007405	-1327.9342105263158
6908.407697721261	19179.519025431953	-756.8508771929825
6908.407697721261	19179.610581856505	-1323.640350877193
6908.407697721261	19179.702138281056	-1744.4385964912283
6908.407697721261	19179.793694705604	-1701.5000000000002
6908.407697721261	19179.885251130156	-1521.1578947368423
6908.407697721261	19179.976807554704	-1744.4385964912283
6908.407697721261	19180.068363979255	-795.4956140350878
6908.407697721261	19180.159920403807	-2186.7061403508774
6908.407697721261	19180.251476828354	-1984.8947368421054
6908.407697721261	19180.343033252906	-1984.8947368421054
6908.407697721261	19180.434589677454	-1521.1578947368423
6908.407697721261	19180.526146102005	-1521.1578947368423
6908.407697721261	19180.617702526553	-1984.8947368421054
6908.407697721261	19180.709258951105	-1323.640350877193
6908.407697721261	19180.800815375656	-1899.0175438596493
6908.407697721261	19180.892371800204	-1521.1578947368423
6908.407697721261	19180.983928224756	-2186.7061403508774
6908.407697721261	19181.075484649304	-1521.1578947368423
6908.407697721261	19181.167041073855	-1521.1578947368423
6908.407697721261	19181.258597498407	-1521.1578947368423
6908.407697721261	19181.350153922955	-1521.1578947368423
6908.407697721261	19181.441710347506	-2083.6535087719303
6908.407697721261	19181.533266772054	-1521.1578947368423
6908.407697721261	19181.624823196606	-756.8508771929825
6908.407697721261	19181.716379621153	-1984.8947368421054
6908.407697721261	19181.807936045705	-2186.7061403508774
6908.407697721261	19181.899492470257	-1521.1578947368423
6908.407697721261	19181.991048894804	-2186.7061403508774
6908.407697721261	19182.082605319356	-1521.1578947368423
6908.407697721261	19182.174161743904	-2118.004385964912
6908.407697721261	19182.265718168455	-1521.1578947368423
6908.407697721261	19182.357274593007	-1521.1578947368423
6908.407697721261	19182.448831017555	-842.7280701754387
6908.407697721261	19182.540387442106	-1521.1578947368423
6908.407697721261	19182.631943866654	-1521.1578947368423
6908.407697721261	19182.723500291206	-2178.1184210526317
6908.407697721261	19182.815056715757	-1984.8947368421054
6908.407697721261	19182.906613140305	-1740.1447368421054
6908.407697721261	19182.998169564857	-2083.6535087719303
6908.407697721261	19183.089725989405	-1740.1447368421054
6908.407697721261	19183.181282413956	-1521.1578947368423
6908.407697721261	19183.272838838504	-1276.407894736842
6908.407697721261	19183.364395263055	-1521.1578947368423
6908.407697721261	19183.455951687607	-1521.1578947368423
6908.407697721261	19183.547508112155	-1744.4385964912283
6908.407697721261	19183.639064536706	-1302.171052631579
6908.407697721261	19183.730620961254	-1521.1578947368423
6908.407697721261	19183.822177385806	-1521.1578947368423
6908.407697721261	19183.913733810357	-1521.1578947368423
6908.407697721261	19184.005290234905	-1521.1578947368423
6908.407697721261	19184.096846659457	-1521.1578947368423
6908.407697721261	19184.188403084005	-1744.4385964912283
6908.407697721261	19184.279959508556	-1521.1578947368423
6908.407697721261	19184.371515933104	-1744.4385964912283
6908.407697721261	19184.463072357656	-1744.4385964912283
6908.407697721261	19184.554628782207	-1521.1578947368423
6908.407697721261	19184.646185206755	-1740.1447368421054
6908.407697721261	19184.737741631307	-1521.1578947368423
6908.407697721261	19184.829298055854	-1521.1578947368423
6908.407697721261	19184.920854480406	-1521.1578947368423
6908.407697721261	19185.012410904958	-1744.4385964912283
6908.407697721261	19185.103967329505	-1521.1578947368423
6908.407697721261	19185.195523754057	-1521.1578947368423
6908.407697721261	19185.287080178605	-1521.1578947368423
6908.407697721261	19185.378636603156	-1521.1578947368423
6908.407697721261	19185.470193027704	-1521.1578947368423
6908.407697721261	19185.561749452256	-1521.1578947368423
6908.407697721261	19185.653305876807	-1744.4385964912283
6908.407697721261	19185.744862301355	-1744.4385964912283
6908.407697721261	19185.836418725907	-1744.4385964912283
6908.407697721261	19185.927975150455	-1744.4385964912283
6908.407697721261	19186.019531575006	-1744.4385964912283
6908.407697721261	19186.111087999558	-1744.4385964912283
6908.407697721261	19186.202644424106	-1744.4385964912283
6908.407697721261	19186.294200848657	-1744.4385964912283
6908.407697721261	19186.385757273205	-1744.4385964912283
6908.407697721261	19186.477313697756	-1744.4385964912283
6908.407697721261	19186.568870122304	-1521.1578947368423
6908.407697721261	19186.660426546856	-1521.1578947368423
6908.407697721261	19186.751982971407	-1521.1578947368423
6908.407697721261	19186.843539395955	-1521.1578947368423
6908.407697721261	19186.935095820507	-1521.1578947368423
6908.407697721261	19187.026652245055	-1744.4385964912283
6908.407697721261	19187.118208669606	-1744.4385964912283
6908.407697721261	19187.209765094158	-1744.4385964912283
6908.407697721261	19187.301321518706	-1521.1578947368423
6908.407697721261	19187.392877943257	-1521.1578947368423
6908.407697721261	19187.484434367805	-1521.1578947368423
6908.407697721261	19187.575990792357	-1521.1578947368423
6899.222516805397	19178.603461186456	-1212.0
6899.222516805397	19178.695017611004	-1229.1754385964914
6899.222516805397	19178.786574035556	-1250.6447368421054
6899.222516805397	19178.878130460103	-1280.701754385965
6899.222516805397	19178.969686884655	-2186.7061403508774
6899.222516805397	19179.061243309206	-2178.1184210526317
6899.222516805397	19179.152799733754	-2083.6535087719303
6899.222516805397	19179.244356158306	-1521.1578947368423
6899.222516805397	19179.335912582854	-2083.6535087719303
6899.222516805397	19179.427469007405	-2186.7061403508774
6899.222516805397	19179.519025431953	-2083.6535087719303
6899.222516805397	19179.610581856505	-1521.1578947368423
6899.222516805397	19179.702138281056	-1521.1578947368423
6899.222516805397	19179.793694705604	-1521.1578947368423
6899.222516805397	19179.885251130156	-1521.1578947368423
6899.222516805397	19179.976807554704	-748.2631578947369
6899.222516805397	19180.068363979255	-1744.4385964912283
6899.222516805397	19180.159920403807	-1984.8947368421054
6899.222516805397	19180.251476828354	-1529.7456140350878
6899.222516805397	19180.343033252906	-2186.7061403508774
6899.222516805397	19180.434589677454	-2118.004385964912
6899.222516805397	19180.526146102005	-1521.1578947368423
6899.222516805397	19180.617702526553	-748.2631578947369
6899.222516805397	19180.709258951105	-2178.1184210526317
6899.222516805397	19180.800815375656	-1521.1578947368423
6899.222516805397	19180.892371800204	-2118.004385964912
6899.222516805397	19180.983928224756	-1521.1578947368423
6899.222516805397	19181.075484649304	-1521.1578947368423
6899.222516805397	19181.167041073855	-1521.1578947368423
6899.222516805397	19181.258597498407	-1521.1578947368423
6899.222516805397	19181.350153922955	-1521.1578947368423
6899.222516805397	19181.441710347506	-1521.1578947368423
6899.222516805397	19181.533266772054	-2178.1184210526317
6899.222516805397	19181.624823196606	-1984.8947368421054
6899.222516805397	19181.716379621153	-1302.171052631579
6899.222516805397	19181.807936045705	-1521.1578947368423
6899.222516805397	19181.899492470257	-2178.1184210526317
6899.222516805397	19181.991048894804	-2083.6535087719303
6899.222516805397	19182.082605319356	-1521.1578947368423
6899.222516805397	19182.174161743904	-1521.1578947368423
6899.222516805397	19182.265718168455	-1984.8947368421054
6899.222516805397	19182.357274593007	-2178.1184210526317
6899.222516805397	19182.448831017555	-1744.4385964912283
6899.222516805397	19182.540387442106	-1521.1578947368423
6899.222516805397	19182.631943866654	-1323.640350877193
6899.222516805397	19182.723500291206	-1521.1578947368423
6899.222516805397	19182.815056715757	-1521.1578947368423
6899.222516805397	19182.906613140305	-1521.1578947368423
6899.222516805397	19182.998169564857	-2083.6535087719303
6899.222516805397	19183.089725989405	-1521.1578947368423
6899.222516805397	19183.181282413956	-1984.8947368421054
6899.222516805397	19183.272838838504	-1521.1578947368423
6899.222516805397	19183.364395263055	-1521.1578947368423
6899.222516805397	19183.455951687607	-1984.8947368421054
6899.222516805397	19183.547508112155	-383.28508771929825
6899.222516805397	19183.639064536706	-1521.1578947368423
6899.222516805397	19183.730620961254	-1521.1578947368423
6899.222516805397	19183.822177385806	-2186.7061403508774
6899.222516805397	19183.913733810357	-1521.1578947368423
6899.222516805397	19184.005290234905	-1744.4385964912283
6899.222516805397	19184.096846659457	-1521.1578947368423
6899.222516805397	19184.188403084005	-1521.1578947368423
6899.222516805397	19184.279959508556	-1984.8947368421054
6899.222516805397	19184.371515933104	-1984.8947368421054
6899.222516805397	19184.463072357656	-1744.4385964912283
6899.222516805397	19184.554628782207	-1740.1447368421054
6899.222516805397	19184.646185206755	-1521.1578947368423
6899.222516805397	19184.737741631307	-1521.1578947368423
6899.222516805397	19184.829298055854	-1521.1578947368423
6899.222516805397	19184.920854480406	-1521.1578947368423
6899.222516805397	19185.012410904958	-1744.4385964912283
6899.222516805397	19185.103967329505	-1521.1578947368423
6899.222516805397	19185.195523754057	-1521.1578947368423
6899.222516805397	19185.287080178605	-1521.1578947368423
6899.222516805397	19185.378636603156	-1521.1578947368423
6899.222516805397	19185.470193027704	-1521.1578947368423
6899.222516805397	19185.561749452256	-1521.1578947368423
6899.222516805397	19185.653305876807	-1521.1578947368423
6899.222516805397	19185.744862301355	-1744.4385964912283
6899.222516805397	19185.836418725907	-1744.4385964912283
6899.222516805397	19185.927975150455	-1744.4385964912283
6899.222516805397	19186.019531575006	-1744.4385964912283
6899.222516805397	19186.111087999558	-2186.7061403508774
6899.222516805397	19186.202644424106	-1744.4385964912283
6899.222516805397	19186.294200848657	-1744.4385964912283
6899.222516805397	19186.385757273205	-1744.4385964912283
6899.222516805397	19186.477313697756	-1521.1578947368423
6899.222516805397	19186.568870122304	-1521.1578947368423
6899.222516805397	19186.660426546856	-1521.1578947368423
6899.222516805397	19186.751982971407	-1521.1578947368423
6899.222516805397	19186.843539395955	-1521.1578947368423
6899.222516805397	19186.935095820507	-1521.1578947368423
6899.222516805397	19187.026652245055	-1521.1578947368423
6899.222516805397	19187.118208669606	-1521.1578947368423
6899.222516805397	19187.209765094158	-1521.1578947368423
6899.222516805397	19187.301321518706	-1521.1578947368423
6899.222516805397	19187.392877943257	-1521.1578947368423
6899.222516805397	19187.484434367805	-1521.1578947368423
6899.222516805397	19187.575990792357	-1521.1578947368423
6890.037335889533	19178.603461186456	-1220.5877192982457
6890.037335889533	19178.695017611004	-838.4342105263158
6890.037335889533	19178.786574035556	-1267.8201754385966
6890.037335889533	19178.878130460103	-2191.0
6890.037335889533	19178.969686884655	-2186.7061403508774
6890.037335889533	19179.061243309206	-2178.1184210526317
6890.037335889533	19179.152799733754	-1521.1578947368423
6890.037335889533	19179.244356158306	-2083.6535087719303
6890.037335889533	19179.335912582854	-1521.1578947368423
6890.037335889533	19179.427469007405	-2186.7061403508774
6890.037335889533	19179.519025431953	-1521.1578947368423
6890.037335889533	19179.610581856505	-2083.6535087719303
6890.037335889533	19179.702138281056	-1744.4385964912283
6890.037335889533	19179.793694705604	-2118.004385964912
6890.037335889533	19179.885251130156	-1744.4385964912283
6890.037335889533	19179.976807554704	-1521.1578947368423
6890.037335889533	19180.068363979255	-1521.1578947368423
6890.037335889533	19180.159920403807	-1521.1578947368423
6890.037335889533	19180.251476828354	-1521.1578947368423
6890.037335889533	19180.343033252906	-1521.1578947368423
6890.037335889533	19180.434589677454	-1984.8947368421054
6890.037335889533	19180.526146102005	-761.1447368421053
6890.037335889533	19180.617702526553	-1521.1578947368423
6890.037335889533	19180.709258951105	-1521.1578947368423
6890.037335889533	19180.800815375656	-1521.1578947368423
6890.037335889533	19180.892371800204	-1521.1578947368423
6890.037335889533	19180.983928224756	-2118.004385964912
6890.037335889533	19181.075484649304	-1521.1578947368423
6890.037335889533	19181.167041073855	-1521.1578947368423
6890.037335889533	19181.258597498407	-1521.1578947368423
6890.037335889533	19181.350153922955	-1302.171052631579
6890.037335889533	19181.441710347506	-1521.1578947368423
6890.037335889533	19181.533266772054	-2178.1184210526317
6890.037335889533	19181.624823196606	-1984.8947368421054
6890.037335889533	19181.716379621153	-1521.1578947368423
6890.037335889533	19181.807936045705	-1984.8947368421054
6890.037335889533	19181.899492470257	-1521.1578947368423
6890.037335889533	19181.991048894804	-1521.1578947368423
6890.037335889533	19182.082605319356	-1521.1578947368423
6890.037335889533	19182.174161743904	-1521.1578947368423
6890.037335889533	19182.265718168455	-1984.8947368421054
6890.037335889533	19182.357274593007	-1521.1578947368423
6890.037335889533	19182.448831017555	-1521.1578947368423
6890.037335889533	19182.540387442106	-1521.1578947368423
6890.037335889533	19182.631943866654	-1521.1578947368423
6890.037335889533	19182.723500291206	-1521.1578947368423
6890.037335889533	19182.815056715757	-2186.7061403508774
6890.037335889533	19182.906613140305	-1521.1578947368423
6890.037335889533	19182.998169564857	-1521.1578947368423
6890.037335889533	19183.089725989405	-1984.8947368421054
6890.037335889533	19183.181282413956	-1521.1578947368423
6890.037335889533	19183.272838838504	-1744.4385964912283
6890.037335889533	19183.364395263055	-1521.1578947368423
6890.037335889533	19183.455951687607	-1521.1578947368423
6890.037335889533	19183.547508112155	-1521.1578947368423
6890.037335889533	19183.639064536706	-1521.1578947368423
6890.037335889533	19183.730620961254	-1984.8947368421054
6890.037335889533	19183.822177385806	-2178.1184210526317
6890.037335889533	19183.913733810357	-1744.4385964912283
6890.037335889533	19184.005290234905	-1521.1578947368423
6890.037335889533	19184.096846659457	-1521.1578947368423
6890.037335889533	19184.188403084005	-1899.0175438596493
6890.037335889533	19184.279959508556	-2118.004385964912
6890.037335889533	19184.371515933104	-1521.1578947368423
6890.037335889533	19184.463072357656	-1740.1447368421054
6890.037335889533	19184.554628782207	-1521.1578947368423
6890.037335889533	19184.646185206755	-1521.1578947368423
6890.037335889533	19184.737741631307	-1521.1578947368423
6890.037335889533	19184.829298055854	-1521.1578947368423
6890.037335889533	19184.920854480406	-2178.1184210526317
6890.037335889533	19185.012410904958	-1744.4385964912283
6890.037335889533	19185.103967329505	-1521.1578947368423
6890.037335889533	19185.195523754057	-1521.1578947368423
6890.037335889533	19185.287080178605	-1521.1578947368423
6890.037335889533	19185.378636603156	-1521.1578947368423
6890.037335889533	19185.470193027704	-1521.1578947368423
6890.037335889533	19185.561749452256	-1521.1578947368423
6890.037335889533	19185.653305876807	-1521.1578947368423
6890.037335889533	19185.744862301355	-1744.4385964912283
6890.037335889533	19185.836418725907	-1744.4385964912283
6890.037335889533	19185.927975150455	-1744.4385964912283
6890.037335889533	19186.019531575006	-1744.4385964912283
6890.037335889533	19186.111087999558	-2083.6535087719303
6890.037335889533	19186.202644424106	-1744.4385964912283
6890.037335889533	19186.294200848657	-1744.4385964912283
6890.037335889533	19186.385757273205	-1521.1578947368423
6890.037335889533	19186.477313697756	-1521.1578947368423
6890.037335889533	19186.568870122304	-1984.8947368421054
6890.037335889533	19186.660426546856	-1744.4385964912283
6890.037335889533	19186.751982971407	-1984.8947368421054
6890.037335889533	19186.843539395955	-1744.4385964912283
6890.037335889533	19186.935095820507	-1744.4385964912283
6890.037335889533	19187.026652245055	-1744.4385964912283
6890.037335889533	19187.118208669606	-1984.8947368421054
6890.037335889533	19187.209765094158	-1521.1578947368423
6890.037335889533	19187.301321518706	-1984.8947368421054
6890.037335889533	19187.392877943257	-1521.1578947368423
6890.037335889533	19187.484434367805	-1984.8947368421054
6890.037335889533	19187.575990792357	-1984.8947368421054
6880.85215497367	19178.603461186456	-1254.938596491228
6880.85215497367	19178.695017611004	-1272.1140350877195
6880.85215497367	19178.786574035556	-1250.6447368421054
6880.85215497367	19178.878130460103	-2191.0
6880.85215497367	19178.969686884655	-1293.5833333333335
6880.85215497367	19179.061243309206	-1984.8947368421054
6880.85215497367	19179.152799733754	-1529.7456140350878
6880.85215497367	19179.244356158306	-1521.1578947368423
6880.85215497367	19179.335912582854	-1744.4385964912283
6880.85215497367	19179.427469007405	-1293.5833333333335
6880.85215497367	19179.519025431953	-1306.4649122807018
6880.85215497367	19179.610581856505	-984.4254385964913
6880.85215497367	19179.702138281056	-2178.1184210526317
6880.85215497367	19179.793694705604	-1521.1578947368423
6880.85215497367	19179.885251130156	-1302.171052631579
6880.85215497367	19179.976807554704	-1521.1578947368423
6880.85215497367	19180.068363979255	-2178.1184210526317
6880.85215497367	19180.159920403807	-2178.1184210526317
6880.85215497367	19180.251476828354	-1521.1578947368423
6880.85215497367	19180.343033252906	-1899.0175438596493
6880.85215497367	19180.434589677454	-2178.1184210526317
6880.85215497367	19180.526146102005	-1521.1578947368423
6880.85215497367	19180.617702526553	-1521.1578947368423
6880.85215497367	19180.709258951105	-1521.1578947368423
6880.85215497367	19180.800815375656	-1521.1578947368423
6880.85215497367	19180.892371800204	-2178.1184210526317
6880.85215497367	19180.983928224756	-1521.1578947368423
6880.85215497367	19181.075484649304	-1521.1578947368423
6880.85215497367	19181.167041073855	-1521.1578947368423
6880.85215497367	19181.258597498407	-1521.1578947368423
6880.85215497367	19181.350153922955	-1521.1578947368423
6880.85215497367	19181.441710347506	-1521.1578947368423
6880.85215497367	19181.533266772054	-1984.8947368421054
6880.85215497367	19181.624823196606	-1521.1578947368423
6880.85215497367	19181.716379621153	-1984.8947368421054
6880.85215497367	19181.807936045705	-1521.1578947368423
6880.85215497367	19181.899492470257	-1521.1578947368423
6880.85215497367	19181.991048894804	-1521.1578947368423
6880.85215497367	19182.082605319356	-1521.1578947368423
6880.85215497367	19182.174161743904	-825.5526315789474
6880.85215497367	19182.265718168455	-1740.1447368421054
6880.85215497367	19182.357274593007	-1521.1578947368423
6880.85215497367	19182.448831017555	-1521.1578947368423
6880.85215497367	19182.540387442106	-1521.1578947368423
6880.85215497367	19182.631943866654	-1740.1447368421054
6880.85215497367	19182.723500291206	-245.8815789473684
6880.85215497367	19182.815056715757	-1984.8947368421054
6880.85215497367	19182.906613140305	-1521.1578947368423
6880.85215497367	19182.998169564857	-1521.1578947368423
6880.85215497367	19183.089725989405	-1521.1578947368423
6880.85215497367	19183.181282413956	-1521.1578947368423
6880.85215497367	19183.272838838504	-1744.4385964912283
6880.85215497367	19183.364395263055	-1521.1578947368423
6880.85215497367	19183.455951687607	-1521.1578947368423
6880.85215497367	19183.547508112155	-1521.1578947368423
6880.85215497367	19183.639064536706	-1521.1578947368423
6880.85215497367	19183.730620961254	-1521.1578947368423
6880.85215497367	19183.822177385806	-1521.1578947368423
6880.85215497367	19183.913733810357	-1744.4385964912283
6880.85215497367	19184.005290234905	-1521.1578947368423
6880.85215497367	19184.096846659457	-1521.1578947368423
6880.85215497367	19184.188403084005	-1521.1578947368423
6880.85215497367	19184.279959508556	-1744.4385964912283
6880.85215497367	19184.371515933104	-1740.1447368421054
6880.85215497367	19184.463072357656	-1521.1578947368423
6880.85215497367	19184.554628782207	-1521.1578947368423
6880.85215497367	19184.646185206755	-1521.1578947368423
6880.85215497367	19184.737741631307	-1306.4649122807018
6880.85215497367	19184.829298055854	-1744.4385964912283
6880.85215497367	19184.920854480406	-1744.4385964912283
6880.85215497367	19185.012410904958	-1521.1578947368423
6880.85215497367	19185.103967329505	-1521.1578947368423
6880.85215497367	19185.195523754057	-1521.1578947368423
6880.85215497367	19185.287080178605	-1521.1578947368423
6880.85215497367	19185.378636603156	-1521.1578947368423
6880.85215497367	19185.470193027704	-1521.1578947368423
6880.85215497367	19185.561749452256	-1744.4385964912283
6880.85215497367	19185.653305876807	-1744.4385964912283
6880.85215497367	19185.744862301355	-1744.4385964912283
6880.85215497367	19185.836418725907	-1744.4385964912283
6880.85215497367	19185.927975150455	-1744.4385964912283
6880.85215497367	19186.019531575006	-1744.4385964912283
6880.85215497367	19186.111087999558	-1297.8771929824563
6880.85215497367	19186.202644424106	-1744.4385964912283
6880.85215497367	19186.294200848657	-1744.4385964912283
6880.85215497367	19186.385757273205	-1744.4385964912283
6880.85215497367	19186.477313697756	-1521.1578947368423
6880.85215497367	19186.568870122304	-1984.8947368421054
6880.85215497367	19186.660426546856	-1744.4385964912283
6880.85215497367	19186.751982971407	-1744.4385964912283
6880.85215497367	19186.843539395955	-1744.4385964912283
6880.85215497367	19186.935095820507	-1744.4385964912283
6880.85215497367	19187.026652245055	-1744.4385964912283
6880.85215497367	19187.118208669606	-1744.4385964912283
6880.85215497367	19187.209765094158	-1744.4385964912283
6880.85215497367	19187.301321518706	-1744.4385964912283
6880.85215497367	19187.392877943257	-1744.4385964912283
6880.85215497367	19187.484434367805	-1744.4385964912283
6880.85215497367	19187.575990792357	-1744.4385964912283
6871.666974057805	19178.603461186456	-1276.407894736842
6871.666974057805	19178.695017611004	-1284.9956140350878
6871.666974057805	19178.786574035556	-1293.5833333333335
6871.666974057805	19178.878130460103	-2178.1184210526317
6871.666974057805	19178.969686884655	-2083.6535087719303
6871.666974057805	19179.061243309206	-1529.7456140350878
6871.666974057805	19179.152799733754	-1521.1578947368423
6871.666974057805	19179.244356158306	-1521.1578947368423
6871.666974057805	19179.335912582854	-1327.9342105263158
6871.666974057805	19179.427469007405	-2083.6535087719303
6871.666974057805	19179.519025431953	-1521.1578947368423
6871.666974057805	19179.610581856505	-1521.1578947368423
6871.666974057805	19179.702138281056	-1521.1578947368423
6871.666974057805	19179.793694705604	-1521.1578947368423
6871.666974057805	19179.885251130156	-1521.1578947368423
6871.666974057805	19179.976807554704	-1315.0526315789475
6871.666974057805	19180.068363979255	-1984.8947368421054
6871.666974057805	19180.159920403807	-1521.1578947368423
6871.666974057805	19180.251476828354	-1521.1578947368423
6871.666974057805	19180.343033252906	-816.9649122807018
6871.666974057805	19180.434589677454	-1521.1578947368423
6871.666974057805	19180.526146102005	-1521.1578947368423
6871.666974057805	19180.617702526553	-1521.1578947368423
6871.666974057805	19180.709258951105	-1521.1578947368423
6871.666974057805	19180.800815375656	-1521.1578947368423
6871.666974057805	19180.892371800204	-1521.1578947368423
6871.666974057805	19180.983928224756	-1521.1578947368423
6871.666974057805	19181.075484649304	-1521.1578947368423
6871.666974057805	19181.167041073855	-1521.1578947368423
6871.666974057805	19181.258597498407	-1521.1578947368423
6871.666974057805	19181.350153922955	-1984.8947368421054
6871.666974057805	19181.441710347506	-1521.1578947368423
6871.666974057805	19181.533266772054	-1521.1578947368423
6871.666974057805	19181.624823196606	-1984.8947368421054
6871.666974057805	19181.716379621153	-1521.1578947368423
6871.666974057805	19181.807936045705	-1521.1578947368423
6871.666974057805	19181.899492470257	-2178.1184210526317
6871.666974057805	19181.991048894804	-1521.1578947368423
6871.666974057805	19182.082605319356	-1521.1578947368423
6871.666974057805	19182.174161743904	-1899.0175438596493
6871.666974057805	19182.265718168455	-1744.4385964912283
6871.666974057805	19182.357274593007	-1521.1578947368423
6871.666974057805	19182.448831017555	-1521.1578947368423
6871.666974057805	19182.540387442106	-1740.1447368421054
6871.666974057805	19182.631943866654	-2083.6535087719303
6871.666974057805	19182.723500291206	-1521.1578947368423
6871.666974057805	19182.815056715757	-718.2061403508771
6871.666974057805	19182.906613140305	-245.8815789473684
6871.666974057805	19182.998169564857	-1521.1578947368423
6871.666974057805	19183.089725989405	-1744.4385964912283
6871.666974057805	19183.181282413956	-1521.1578947368423
6871.666974057805	19183.272838838504	-1521.1578947368423
6871.666974057805	19183.364395263055	-1521.1578947368423
6871.666974057805	19183.455951687607	-1521.1578947368423
6871.666974057805	19183.547508112155	-2118.004385964912
6871.666974057805	19183.639064536706	-1521.1578947368423
6871.666974057805	19183.730620961254	-1521.1578947368423
6871.666974057805	19183.822177385806	-1744.4385964912283
6871.666974057805	19183.913733810357	-1521.1578947368423
6871.666974057805	19184.005290234905	-2186.7061403508774
6871.666974057805	19184.096846659457	-1744.4385964912283
6871.666974057805	19184.188403084005	-1740.1447368421054
6871.666974057805	19184.279959508556	-1740.1447368421054
6871.666974057805	19184.371515933104	-1521.1578947368423
6871.666974057805	19184.463072357656	-1521.1578947368423
6871.666974057805	19184.554628782207	-1284.9956140350878
6871.666974057805	19184.646185206755	-1744.4385964912283
6871.666974057805	19184.737741631307	-1744.4385964912283
6871.666974057805	19184.829298055854	-1521.1578947368423
6871.666974057805	19184.920854480406	-1521.1578947368423
6871.666974057805	19185.012410904958	-1521.1578947368423
6871.666974057805	19185.103967329505	-1521.1578947368423
6871.666974057805	19185.195523754057	-1521.1578947368423
6871.666974057805	19185.287080178605	-1521.1578947368423
6871.666974057805	19185.378636603156	-1521.1578947368423
6871.666974057805	19185.470193027704	-1521.1578947368423
6871.666974057805	19185.561749452256	-1744.4385964912283
6871.666974057805	19185.653305876807	-1744.4385964912283
6871.666974057805	19185.744862301355	-1744.4385964912283
6871.666974057805	19185.836418725907	-1744.4385964912283
6871.666974057805	19185.927975150455	-1744.4385964912283
6871.666974057805	19186.019531575006	-1744.4385964912283
6871.666974057805	19186.111087999558	-1744.4385964912283
6871.666974057805	19186.202644424106	-1744.4385964912283
6871.666974057805	19186.294200848657	-1744.4385964912283
6871.666974057805	19186.385757273205	-1744.4385964912283
6871.666974057805	19186.477313697756	-1521.1578947368423
6871.666974057805	19186.568870122304	-1984.8947368421054
6871.666974057805	19186.660426546856	-1744.4385964912283
6871.666974057805	19186.751982971407	-1744.4385964912283
6871.666974057805	19186.843539395955	-1744.4385964912283
6871.666974057805	19186.935095820507	-1744.4385964912283
6871.666974057805	19187.026652245055	-1744.4385964912283
6871.666974057805	19187.118208669606	-1744.4385964912283
6871.666974057805	19187.209765094158	-1744.4385964912283
6871.666974057805	19187.301321518706	-1744.4385964912283
6871.666974057805	19187.392877943257	-1744.4385964912283
6871.666974057805	19187.484434367805	-1744.4385964912283
6871.666974057805	19187.575990792357	-1744.4385964912283
6862.481793141942	19178.603461186456	-1297.8771929824563
6862.481793141942	19178.695017611004	-1302.171052631579
6862.481793141942	19178.786574035556	-2186.7061403508774
6862.481793141942	19178.878130460103	-2178.1184210526317
6862.481793141942	19178.969686884655	-1293.5833333333335
6862.481793141942	19179.061243309206	-1310.7587719298247
6862.481793141942	19179.152799733754	-2191.0
6862.481793141942	19179.244356158306	-2178.1184210526317
6862.481793141942	19179.335912582854	-2178.1184210526317
6862.481793141942	19179.427469007405	-1521.1578947368423
6862.481793141942	19179.519025431953	-1521.1578947368423
6862.481793141942	19179.610581856505	-1521.1578947368423
6862.481793141942	19179.702138281056	-1521.1578947368423
6862.481793141942	19179.793694705604	-1521.1578947368423
6862.481793141942	19179.885251130156	-1984.8947368421054
6862.481793141942	19179.976807554704	-1521.1578947368423
6862.481793141942	19180.068363979255	-1984.8947368421054
6862.481793141942	19180.159920403807	-1521.1578947368423
6862.481793141942	19180.251476828354	-2178.1184210526317
6862.481793141942	19180.343033252906	-1521.1578947368423
6862.481793141942	19180.434589677454	-1521.1578947368423
6862.481793141942	19180.526146102005	-2178.1184210526317
6862.481793141942	19180.617702526553	-1521.1578947368423
6862.481793141942	19180.709258951105	-1323.640350877193
6862.481793141942	19180.800815375656	-1521.1578947368423
6862.481793141942	19180.892371800204	-1521.1578947368423
6862.481793141942	19180.983928224756	-1323.640350877193
6862.481793141942	19181.075484649304	-1701.5000000000002
6862.481793141942	19181.167041073855	-1521.1578947368423
6862.481793141942	19181.258597498407	-1984.8947368421054
6862.481793141942	19181.350153922955	-1521.1578947368423
6862.481793141942	19181.441710347506	-1521.1578947368423
6862.481793141942	19181.533266772054	-1984.8947368421054
6862.481793141942	19181.624823196606	-1521.1578947368423
6862.481793141942	19181.716379621153	-1521.1578947368423
6862.481793141942	19181.807936045705	-1521.1578947368423
6862.481793141942	19181.899492470257	-1521.1578947368423
6862.481793141942	19181.991048894804	-1521.1578947368423
6862.481793141942	19182.082605319356	-2178.1184210526317
6862.481793141942	19182.174161743904	-1521.1578947368423
6862.481793141942	19182.265718168455	-1899.0175438596493
6862.481793141942	19182.357274593007	-1521.1578947368423
6862.481793141942	19182.448831017555	-1521.1578947368423
6862.481793141942	19182.540387442106	-1744.4385964912283
6862.481793141942	19182.631943866654	-1740.1447368421054
6862.481793141942	19182.723500291206	-1521.1578947368423
6862.481793141942	19182.815056715757	-1899.0175438596493
6862.481793141942	19182.906613140305	-1521.1578947368423
6862.481793141942	19182.998169564857	-1744.4385964912283
6862.481793141942	19183.089725989405	-1521.1578947368423
6862.481793141942	19183.181282413956	-1744.4385964912283
6862.481793141942	19183.272838838504	-1521.1578947368423
6862.481793141942	19183.364395263055	-1521.1578947368423
6862.481793141942	19183.455951687607	-1984.8947368421054
6862.481793141942	19183.547508112155	-1521.1578947368423
6862.481793141942	19183.639064536706	-1521.1578947368423
6862.481793141942	19183.730620961254	-1744.4385964912283
6862.481793141942	19183.822177385806	-1521.1578947368423
6862.481793141942	19183.913733810357	-1521.1578947368423
6862.481793141942	19184.005290234905	-1521.1578947368423
6862.481793141942	19184.096846659457	-1740.1447368421054
6862.481793141942	19184.188403084005	-1521.1578947368423
6862.481793141942	19184.279959508556	-1521.1578947368423
6862.481793141942	19184.371515933104	-1521.1578947368423
6862.481793141942	19184.463072357656	-1521.1578947368423
6862.481793141942	19184.554628782207	-1521.1578947368423
6862.481793141942	19184.646185206755	-1521.1578947368423
6862.481793141942	19184.737741631307	-1521.1578947368423
6862.481793141942	19184.829298055854	-1521.1578947368423
6862.481793141942	19184.920854480406	-1521.1578947368423
6862.481793141942	19185.012410904958	-1521.1578947368423
6862.481793141942	19185.103967329505	-1521.1578947368423
6862.481793141942	19185.195523754057	-1744.4385964912283
6862.481793141942	19185.287080178605	-1744.4385964912283
6862.481793141942	19185.378636603156	-1744.4385964912283
6862.481793141942	19185.470193027704	-1744.4385964912283
6862.481793141942	19185.561749452256	-1744.4385964912283
6862.481793141942	19185.653305876807	-1744.4385964912283
6862.481793141942	19185.744862301355	-1744.4385964912283
6862.481793141942	19185.836418725907	-1744.4385964912283
6862.481793141942	19185.927975150455	-1744.4385964912283
6862.481793141942	19186.019531575006	-1744.4385964912283
6862.481793141942	19186.111087999558	-1521.1578947368423
6862.481793141942	19186.202644424106	-1744.4385964912283
6862.481793141942	19186.294200848657	-1744.4385964912283
6862.481793141942	19186.385757273205	-1521.1578947368423
6862.481793141942	19186.477313697756	-1521.1578947368423
6862.481793141942	19186.568870122304	-1984.8947368421054
6862.481793141942	19186.660426546856	-1744.4385964912283
6862.481793141942	19186.751982971407	-1744.4385964912283
6862.481793141942	19186.843539395955	-1744.4385964912283
6862.481793141942	19186.935095820507	-1744.4385964912283
6862.481793141942	19187.026652245055	-1744.4385964912283
6862.481793141942	19187.118208669606	-1744.4385964912283
6862.481793141942	19187.209765094158	-1744.4385964912283
6862.481793141942	19187.301321518706	-1744.4385964912283
6862.481793141942	19187.392877943257	-1744.4385964912283
6862.481793141942	19187.484434367805	-1744.4385964912283
6862.481793141942	19187.575990792357	-1744.4385964912283
6853.296612226078	19178.603461186456	-1297.8771929824563
6853.296612226078	19178.695017611004	-2186.7061403508774
6853.296612226078	19178.786574035556	-1323.640350877193
6853.296612226078	19178.878130460103	-1521.1578947368423
6853.296612226078	19178.969686884655	-2178.1184210526317
6853.296612226078	19179.061243309206	-1276.407894736842
6853.296612226078	19179.152799733754	-2083.6535087719303
6853.296612226078	19179.244356158306	-1521.1578947368423
6853.296612226078	19179.335912582854	-1521.1578947368423
6853.296612226078	19179.427469007405	-1521.1578947368423
6853.296612226078	19179.519025431953	-1521.1578947368423
6853.296612226078	19179.610581856505	-1297.8771929824563
6853.296612226078	19179.702138281056	-1521.1578947368423
6853.296612226078	19179.793694705604	-1701.5000000000002
6853.296612226078	19179.885251130156	-1701.5000000000002
6853.296612226078	19179.976807554704	-1521.1578947368423
6853.296612226078	19180.068363979255	-413.3421052631579
6853.296612226078	19180.159920403807	-1521.1578947368423
6853.296612226078	19180.251476828354	-1521.1578947368423
6853.296612226078	19180.343033252906	-1521.1578947368423
6853.296612226078	19180.434589677454	-2083.6535087719303
6853.296612226078	19180.526146102005	-1521.1578947368423
6853.296612226078	19180.617702526553	-1521.1578947368423
6853.296612226078	19180.709258951105	-1521.1578947368423
6853.296612226078	19180.800815375656	-1521.1578947368423
6853.296612226078	19180.892371800204	-2178.1184210526317
6853.296612226078	19180.983928224756	-1701.5000000000002
6853.296612226078	19181.075484649304	-1984.8947368421054
6853.296612226078	19181.167041073855	-1521.1578947368423
6853.296612226078	19181.258597498407	-2178.1184210526317
6853.296612226078	19181.350153922955	-1521.1578947368423
6853.296612226078	19181.441710347506	-1521.1578947368423
6853.296612226078	19181.533266772054	-1521.1578947368423
6853.296612226078	19181.624823196606	-1521.1578947368423
6853.296612226078	19181.716379621153	-1744.4385964912283
6853.296612226078	19181.807936045705	-1521.1578947368423
6853.296612226078	19181.899492470257	-1521.1578947368423
6853.296612226078	19181.991048894804	-1521.1578947368423
6853.296612226078	19182.082605319356	-1521.1578947368423
6853.296612226078	19182.174161743904	-1521.1578947368423
6853.296612226078	19182.265718168455	-1521.1578947368423
6853.296612226078	19182.357274593007	-1521.1578947368423
6853.296612226078	19182.448831017555	-1744.4385964912283
6853.296612226078	19182.540387442106	-1740.1447368421054
6853.296612226078	19182.631943866654	-1521.1578947368423
6853.296612226078	19182.723500291206	-1521.1578947368423
6853.296612226078	19182.815056715757	-1521.1578947368423
6853.296612226078	19182.906613140305	-1521.1578947368423
6853.296612226078	19182.998169564857	-1744.4385964912283
6853.296612226078	19183.089725989405	-2118.004385964912
6853.296612226078	19183.181282413956	-1521.1578947368423
6853.296612226078	19183.272838838504	-1521.1578947368423
6853.296612226078	19183.364395263055	-1984.8947368421054
6853.296612226078	19183.455951687607	-2118.004385964912
6853.296612226078	19183.547508112155	-1521.1578947368423
6853.296612226078	19183.639064536706	-1744.4385964912283
6853.296612226078	19183.730620961254	-1521.1578947368423
6853.296612226078	19183.822177385806	-1521.1578947368423
6853.296612226078	19183.913733810357	-1521.1578947368423
6853.296612226078	19184.005290234905	-1744.4385964912283
6853.296612226078	19184.096846659457	-1521.1578947368423
6853.296612226078	19184.188403084005	-1521.1578947368423
6853.296612226078	19184.279959508556	-1521.1578947368423
6853.296612226078	19184.371515933104	-1744.4385964912283
6853.296612226078	19184.463072357656	-1521.1578947368423
6853.296612226078	19184.554628782207	-1521.1578947368423
6853.296612226078	19184.646185206755	-1521.1578947368423
6853.296612226078	19184.737741631307	-1521.1578947368423
6853.296612226078	19184.829298055854	-1521.1578947368423
6853.296612226078	19184.920854480406	-1744.4385964912283
6853.296612226078	19185.012410904958	-1521.1578947368423
6853.296612226078	19185.103967329505	-1521.1578947368423
6853.296612226078	19185.195523754057	-1744.4385964912283
6853.296612226078	19185.287080178605	-1744.4385964912283
6853.296612226078	19185.378636603156	-1744.4385964912283
6853.296612226078	19185.470193027704	-1744.4385964912283
6853.296612226078	19185.561749452256	-1744.4385964912283
6853.296612226078	19185.653305876807	-1744.4385964912283
6853.296612226078	19185.744862301355	-1744.4385964912283
6853.296612226078	19185.836418725907	-1744.4385964912283
6853.296612226078	19185.927975150455	-1744.4385964912283
6853.296612226078	19186.019531575006	-1744.4385964912283
6853.296612226078	19186.111087999558	-1521.1578947368423
6853.296612226078	19186.202644424106	-1744.4385964912283
6853.296612226078	19186.294200848657	-1521.1578947368423
6853.296612226078	19186.385757273205	-1521.1578947368423
6853.296612226078	19186.477313697756	-1521.1578947368423
6853.296612226078	19186.568870122304	-1521.1578947368423
6853.296612226078	19186.660426546856	-1744.4385964912283
6853.296612226078	19186.751982971407	-1744.4385964912283
6853.296612226078	19186.843539395955	-1744.4385964912283
6853.296612226078	19186.935095820507	-1744.4385964912283
6853.296612226078	19187.026652245055	-1744.4385964912283
6853.296612226078	19187.118208669606	-1744.4385964912283
6853.296612226078	19187.209765094158	-1744.4385964912283
6853.296612226078	19187.301321518706	-1744.4385964912283
6853.296612226078	19187.392877943257	-1744.4385964912283
6853.296612226078	19187.484434367805	-1744.4385964912283
6853.296612226078	19187.575990792357	-1744.4385964912283
6844.111431310214	19178.603461186456	-1306.4649122807018
6844.111431310214	19178.695017611004	-1327.9342105263158
6844.111431310214	19178.786574035556	-1323.640350877193
6844.111431310214	19178.878130460103	-2178.1184210526317
6844.111431310214	19178.969686884655	-709.6184210526317
6844.111431310214	19179.061243309206	-1984.8947368421054
6844.111431310214	19179.152799733754	-1521.1578947368423
6844.111431310214	19179.244356158306	-1521.1578947368423
6844.111431310214	19179.335912582854	-1521.1578947368423
6844.111431310214	19179.427469007405	-1744.4385964912283
6844.111431310214	19179.519025431953	-816.9649122807018
6844.111431310214	19179.610581856505	-1744.4385964912283
6844.111431310214	19179.702138281056	-1521.1578947368423
6844.111431310214	19179.793694705604	-1521.1578947368423
6844.111431310214	19179.885251130156	-2186.7061403508774
6844.111431310214	19179.976807554704	-1521.1578947368423
6844.111431310214	19180.068363979255	-1521.1578947368423
6844.111431310214	19180.159920403807	-1521.1578947368423
6844.111431310214	19180.251476828354	-709.6184210526317
6844.111431310214	19180.343033252906	-1521.1578947368423
6844.111431310214	19180.434589677454	-1521.1578947368423
6844.111431310214	19180.526146102005	-1899.0175438596493
6844.111431310214	19180.617702526553	-1521.1578947368423
6844.111431310214	19180.709258951105	-1521.1578947368423
6844.111431310214	19180.800815375656	-2186.7061403508774
6844.111431310214	19180.892371800204	-1701.5000000000002
6844.111431310214	19180.983928224756	-1323.640350877193
6844.111431310214	19181.075484649304	-1984.8947368421054
6844.111431310214	19181.167041073855	-1521.1578947368423
6844.111431310214	19181.258597498407	-1521.1578947368423
6844.111431310214	19181.350153922955	-1521.1578947368423
6844.111431310214	19181.441710347506	-1521.1578947368423
6844.111431310214	19181.533266772054	-1297.8771929824563
6844.111431310214	19181.624823196606	-1521.1578947368423
6844.111431310214	19181.716379621153	-1521.1578947368423
6844.111431310214	19181.807936045705	-2178.1184210526317
6844.111431310214	19181.899492470257	-1521.1578947368423
6844.111431310214	19181.991048894804	-1521.1578947368423
6844.111431310214	19182.082605319356	-1521.1578947368423
6844.111431310214	19182.174161743904	-1521.1578947368423
6844.111431310214	19182.265718168455	-1521.1578947368423
6844.111431310214	19182.357274593007	-2178.1184210526317
6844.111431310214	19182.448831017555	-1521.1578947368423
6844.111431310214	19182.540387442106	-1521.1578947368423
6844.111431310214	19182.631943866654	-1521.1578947368423
6844.111431310214	19182.723500291206	-1521.1578947368423
6844.111431310214	19182.815056715757	-1521.1578947368423
6844.111431310214	19182.906613140305	-1744.4385964912283
6844.111431310214	19182.998169564857	-1521.1578947368423
6844.111431310214	19183.089725989405	-1521.1578947368423
6844.111431310214	19183.181282413956	-1521.1578947368423
6844.111431310214	19183.272838838504	-1521.1578947368423
6844.111431310214	19183.364395263055	-1315.0526315789475
6844.111431310214	19183.455951687607	-1521.1578947368423
6844.111431310214	19183.547508112155	-1744.4385964912283
6844.111431310214	19183.639064536706	-1521.1578947368423
6844.111431310214	19183.730620961254	-1984.8947368421054
6844.111431310214	19183.822177385806	-1740.1447368421054
6844.111431310214	19183.913733810357	-1521.1578947368423
6844.111431310214	19184.005290234905	-1521.1578947368423
6844.111431310214	19184.096846659457	-1521.1578947368423
6844.111431310214	19184.188403084005	-1521.1578947368423
6844.111431310214	19184.279959508556	-1744.4385964912283
6844.111431310214	19184.371515933104	-1521.1578947368423
6844.111431310214	19184.463072357656	-1521.1578947368423
6844.111431310214	19184.554628782207	-1521.1578947368423
6844.111431310214	19184.646185206755	-1521.1578947368423
6844.111431310214	19184.737741631307	-1521.1578947368423
6844.111431310214	19184.829298055854	-1744.4385964912283
6844.111431310214	19184.920854480406	-1744.4385964912283
6844.111431310214	19185.012410904958	-1744.4385964912283
6844.111431310214	19185.103967329505	-1744.4385964912283
6844.111431310214	19185.195523754057	-1744.4385964912283
6844.111431310214	19185.287080178605	-1744.4385964912283
6844.111431310214	19185.378636603156	-1744.4385964912283
6844.111431310214	19185.470193027704	-1744.4385964912283
6844.111431310214	19185.561749452256	-1744.4385964912283
6844.111431310214	19185.653305876807	-1744.4385964912283
6844.111431310214	19185.744862301355	-1744.4385964912283
6844.111431310214	19185.836418725907	-1744.4385964912283
6844.111431310214	19185.927975150455	-2186.7061403508774
6844.111431310214	19186.019531575006	-1744.4385964912283
6844.111431310214	19186.111087999558	-1744.4385964912283
6844.111431310214	19186.202644424106	-1744.4385964912283
6844.111431310214	19186.294200848657	-1744.4385964912283
6844.111431310214	19186.385757273205	-1521.1578947368423
6844.111431310214	19186.477313697756	-1521.1578947368423
6844.111431310214	19186.568870122304	-1521.1578947368423
6844.111431310214	19186.660426546856	-1521.1578947368423
6844.111431310214	19186.751982971407	-1521.1578947368423
6844.111431310214	19186.843539395955	-1521.1578947368423
6844.111431310214	19186.935095820507	-1984.8947368421054
6844.111431310214	19187.026652245055	-1744.4385964912283
6844.111431310214	19187.118208669606	-1744.4385964912283
6844.111431310214	19187.209765094158	-1744.4385964912283
6844.111431310214	19187.301321518706	-1744.4385964912283
6844.111431310214	19187.392877943257	-1744.4385964912283
6844.111431310214	19187.484434367805	-1744.4385964912283
6844.111431310214	19187.575990792357	-1744.4385964912283
6834.92625039435	19178.603461186456	-1323.640350877193
6834.92625039435	19178.695017611004	-1521.1578947368423
6834.92625039435	19178.786574035556	-1284.9956140350878
6834.92625039435	19178.878130460103	-2178.1184210526317
6834.92625039435	19178.969686884655	-1521.1578947368423
6834.92625039435	19179.061243309206	-1521.1578947368423
6834.92625039435	19179.152799733754	-1521.1578947368423
6834.92625039435	19179.244356158306	-1327.9342105263158
6834.92625039435	19179.335912582854	-2191.0
6834.92625039435	19179.427469007405	-1306.4649122807018
6834.92625039435	19179.519025431953	-1744.4385964912283
6834.92625039435	19179.610581856505	-1521.1578947368423
6834.92625039435	19179.702138281056	-1529.7456140350878
6834.92625039435	19179.793694705604	-2186.7061403508774
6834.92625039435	19179.885251130156	-1521.1578947368423
6834.92625039435	19179.976807554704	-1521.1578947368423
6834.92625039435	19180.068363979255	-2178.1184210526317
6834.92625039435	19180.159920403807	-1521.1578947368423
6834.92625039435	19180.251476828354	-1521.1578947368423
6834.92625039435	19180.343033252906	-1521.1578947368423
6834.92625039435	19180.434589677454	-2186.7061403508774
6834.92625039435	19180.526146102005	-1521.1578947368423
6834.92625039435	19180.617702526553	-1984.8947368421054
6834.92625039435	19180.709258951105	-1521.1578947368423
6834.92625039435	19180.800815375656	-1701.5000000000002
6834.92625039435	19180.892371800204	-1984.8947368421054
6834.92625039435	19180.983928224756	-1984.8947368421054
6834.92625039435	19181.075484649304	-1521.1578947368423
6834.92625039435	19181.167041073855	-1984.8947368421054
6834.92625039435	19181.258597498407	-1521.1578947368423
6834.92625039435	19181.350153922955	-1521.1578947368423
6834.92625039435	19181.441710347506	-2186.7061403508774
6834.92625039435	19181.533266772054	-1521.1578947368423
6834.92625039435	19181.624823196606	-1984.8947368421054
6834.92625039435	19181.716379621153	-2178.1184210526317
6834.92625039435	19181.807936045705	-1521.1578947368423
6834.92625039435	19181.899492470257	-1521.1578947368423
6834.92625039435	19181.991048894804	-2178.1184210526317
6834.92625039435	19182.082605319356	-1984.8947368421054
6834.92625039435	19182.174161743904	-1984.8947368421054
6834.92625039435	19182.265718168455	-1701.5000000000002
6834.92625039435	19182.357274593007	-1521.1578947368423
6834.92625039435	19182.448831017555	-1521.1578947368423
6834.92625039435	19182.540387442106	-1521.1578947368423
6834.92625039435	19182.631943866654	-1521.1578947368423
6834.92625039435	19182.723500291206	-1521.1578947368423
6834.92625039435	19182.815056715757	-1984.8947368421054
6834.92625039435	19182.906613140305	-1521.1578947368423
6834.92625039435	19182.998169564857	-1521.1578947368423
6834.92625039435	19183.089725989405	-1521.1578947368423
6834.92625039435	19183.181282413956	-1521.1578947368423
6834.92625039435	19183.272838838504	-2186.7061403508774
6834.92625039435	19183.364395263055	-1521.1578947368423
6834.92625039435	19183.455951687607	-1984.8947368421054
6834.92625039435	19183.547508112155	-1521.1578947368423
6834.92625039435	19183.639064536706	-1984.8947368421054
6834.92625039435	19183.730620961254	-1521.1578947368423
6834.92625039435	19183.822177385806	-1521.1578947368423
6834.92625039435	19183.913733810357	-1740.1447368421054
6834.92625039435	19184.005290234905	-1521.1578947368423
6834.92625039435	19184.096846659457	-1521.1578947368423
6834.92625039435	19184.188403084005	-1744.4385964912283
6834.92625039435	19184.279959508556	-1744.4385964912283
6834.92625039435	19184.371515933104	-1521.1578947368423
6834.92625039435	19184.463072357656	-1521.1578947368423
6834.92625039435	19184.554628782207	-1521.1578947368423
6834.92625039435	19184.646185206755	-1521.1578947368423
6834.92625039435	19184.737741631307	-1521.1578947368423
6834.92625039435	19184.829298055854	-1744.4385964912283
6834.92625039435	19184.920854480406	-1744.4385964912283
6834.92625039435	19185.012410904958	-1744.4385964912283
6834.92625039435	19185.103967329505	-1744.4385964912283
6834.92625039435	19185.195523754057	-1744.4385964912283
6834.92625039435	19185.287080178605	-1744.4385964912283
6834.92625039435	19185.378636603156	-1744.4385964912283
6834.92625039435	19185.470193027704	-1744.4385964912283
6834.92625039435	19185.561749452256	-1744.4385964912283
6834.92625039435	19185.653305876807	-1744.4385964912283
6834.92625039435	19185.744862301355	-1744.4385964912283
6834.92625039435	19185.836418725907	-1744.4385964912283
6834.92625039435	19185.927975150455	-1744.4385964912283
6834.92625039435	19186.019531575006	-1744.4385964912283
6834.92625039435	19186.111087999558	-1744.4385964912283
6834.92625039435	19186.202644424106	-1744.4385964912283
6834.92625039435	19186.294200848657	-1744.4385964912283
6834.92625039435	19186.385757273205	-1521.1578947368423
6834.92625039435	19186.477313697756	-1521.1578947368423
6834.92625039435	19186.568870122304	-1521.1578947368423
6834.92625039435	19186.660426546856	-1521.1578947368423
6834.92625039435	19186.751982971407	-1521.1578947368423
6834.92625039435	19186.843539395955	-1521.1578947368423
6834.92625039435	19186.935095820507	-1521.1578947368423
6834.92625039435	19187.026652245055	-1521.1578947368423
6834.92625039435	19187.118208669606	-1744.4385964912283
6834.92625039435	19187.209765094158	-1744.4385964912283
6834.92625039435	19187.301321518706	-1744.4385964912283
6834.92625039435	19187.392877943257	-1744.4385964912283
6834.92625039435	19187.484434367805	-1744.4385964912283
6834.92625039435	19187.575990792357	-1744.4385964912283
6825.741069478487	19178.603461186456	-1521.1578947368423
6825.741069478487	19178.695017611004	-2186.7061403508774
6825.741069478487	19178.786574035556	-1521.1578947368423
6825.741069478487	19178.878130460103	-1521.1578947368423
6825.741069478487	19178.969686884655	-2178.1184210526317
6825.741069478487	19179.061243309206	-2083.6535087719303
6825.741069478487	19179.152799733754	-314.58333333333337
6825.741069478487	19179.244356158306	-2186.7061403508774
6825.741069478487	19179.335912582854	-1521.1578947368423
6825.741069478487	19179.427469007405	-1323.640350877193
6825.741069478487	19179.519025431953	-1701.5000000000002
6825.741069478487	19179.610581856505	-2178.1184210526317
6825.741069478487	19179.702138281056	-1521.1578947368423
6825.741069478487	19179.793694705604	-1984.8947368421054
6825.741069478487	19179.885251130156	-1521.1578947368423
6825.741069478487	19179.976807554704	-782.6140350877193
6825.741069478487	19180.068363979255	-1521.1578947368423
6825.741069478487	19180.159920403807	-1521.1578947368423
6825.741069478487	19180.251476828354	-1984.8947368421054
6825.741069478487	19180.343033252906	-1521.1578947368423
6825.741069478487	19180.434589677454	-1521.1578947368423
6825.741069478487	19180.526146102005	-2186.7061403508774
6825.741069478487	19180.617702526553	-2178.1184210526317
6825.741069478487	19180.709258951105	-1984.8947368421054
6825.741069478487	19180.800815375656	-1521.1578947368423
6825.741069478487	19180.892371800204	-1984.8947368421054
6825.741069478487	19180.983928224756	-1323.640350877193
6825.741069478487	19181.075484649304	-1521.1578947368423
6825.741069478487	19181.167041073855	-1521.1578947368423
6825.741069478487	19181.258597498407	-1521.1578947368423
6825.741069478487	19181.350153922955	-1521.1578947368423
6825.741069478487	19181.441710347506	-1521.1578947368423
6825.741069478487	19181.533266772054	-2083.6535087719303
6825.741069478487	19181.624823196606	-1521.1578947368423
6825.741069478487	19181.716379621153	-1521.1578947368423
6825.741069478487	19181.807936045705	-1521.1578947368423
6825.741069478487	19181.899492470257	-1521.1578947368423
6825.741069478487	19181.991048894804	-1744.4385964912283
6825.741069478487	19182.082605319356	-1521.1578947368423
6825.741069478487	19182.174161743904	-1984.8947368421054
6825.741069478487	19182.265718168455	-1740.1447368421054
6825.741069478487	19182.357274593007	-1740.1447368421054
6825.741069478487	19182.448831017555	-1521.1578947368423
6825.741069478487	19182.540387442106	-1521.1578947368423
6825.741069478487	19182.631943866654	-1744.4385964912283
6825.741069478487	19182.723500291206	-1323.640350877193
6825.741069478487	19182.815056715757	-2178.1184210526317
6825.741069478487	19182.906613140305	-1521.1578947368423
6825.741069478487	19182.998169564857	-1521.1578947368423
6825.741069478487	19183.089725989405	-1521.1578947368423
6825.741069478487	19183.181282413956	-1521.1578947368423
6825.741069478487	19183.272838838504	-1521.1578947368423
6825.741069478487	19183.364395263055	-1744.4385964912283
6825.741069478487	19183.455951687607	-1521.1578947368423
6825.741069478487	19183.547508112155	-1521.1578947368423
6825.741069478487	19183.639064536706	-1740.1447368421054
6825.741069478487	19183.730620961254	-1521.1578947368423
6825.741069478487	19183.822177385806	-1740.1447368421054
6825.741069478487	19183.913733810357	-1521.1578947368423
6825.741069478487	19184.005290234905	-1521.1578947368423
6825.741069478487	19184.096846659457	-1521.1578947368423
6825.741069478487	19184.188403084005	-1744.4385964912283
6825.741069478487	19184.279959508556	-1521.1578947368423
6825.741069478487	19184.371515933104	-1521.1578947368423
6825.741069478487	19184.463072357656	-1521.1578947368423
6825.741069478487	19184.554628782207	-1521.1578947368423
6825.741069478487	19184.646185206755	-1521.1578947368423
6825.741069478487	19184.737741631307	-1521.1578947368423
6825.741069478487	19184.829298055854	-1521.1578947368423
6825.741069478487	19184.920854480406	-1521.1578947368423
6825.741069478487	19185.012410904958	-1521.1578947368423
6825.741069478487	19185.103967329505	-1521.1578947368423
6825.741069478487	19185.195523754057	-1744.4385964912283
6825.741069478487	19185.287080178605	-1744.4385964912283
6825.741069478487	19185.378636603156	-1744.4385964912283
6825.741069478487	19185.470193027704	-1744.4385964912283
6825.741069478487	19185.561749452256	-1744.4385964912283
6825.741069478487	19185.653305876807	-1744.4385964912283
6825.741069478487	19185.744862301355	-1744.4385964912283
6825.741069478487	19185.836418725907	-1744.4385964912283
6825.741069478487	19185.927975150455	-1521.1578947368423
6825.741069478487	19186.019531575006	-1744.4385964912283
6825.741069478487	19186.111087999558	-1744.4385964912283
6825.741069478487	19186.202644424106	-1744.4385964912283
6825.741069478487	19186.294200848657	-1744.4385964912283
6825.741069478487	19186.385757273205	-1984.8947368421054
6825.741069478487	19186.477313697756	-1744.4385964912283
6825.741069478487	19186.568870122304	-1744.4385964912283
6825.741069478487	19186.660426546856	-1521.1578947368423
6825.741069478487	19186.751982971407	-1744.4385964912283
6825.741069478487	19186.843539395955	-1744.4385964912283
6825.741069478487	19186.935095820507	-1521.1578947368423
6825.741069478487	19187.026652245055	-1521.1578947368423
6825.741069478487	19187.118208669606	-1744.4385964912283
6825.741069478487	19187.209765094158	-1744.4385964912283
6825.741069478487	19187.301321518706	-1744.4385964912283
6825.741069478487	19187.392877943257	-1744.4385964912283
6825.741069478487	19187.484434367805	-1744.4385964912283
6825.741069478487	19187.575990792357	-1744.4385964912283
6816.555888562623	19178.603461186456	-1521.1578947368423
6816.555888562623	19178.695017611004	-1521.1578947368423
6816.555888562623	19178.786574035556	-1701.5000000000002
6816.555888562623	19178.878130460103	-1521.1578947368423
6816.555888562623	19178.969686884655	-1529.7456140350878
6816.555888562623	19179.061243309206	-383.28508771929825
6816.555888562623	19179.152799733754	-1984.8947368421054
6816.555888562623	19179.244356158306	-1521.1578947368423
6816.555888562623	19179.335912582854	-1521.1578947368423
6816.555888562623	19179.427469007405	-2178.1184210526317
6816.555888562623	19179.519025431953	-1529.7456140350878
6816.555888562623	19179.610581856505	-1701.5000000000002
6816.555888562623	19179.702138281056	-1521.1578947368423
6816.555888562623	19179.793694705604	-2178.1184210526317
6816.555888562623	19179.885251130156	-2178.1184210526317
6816.555888562623	19179.976807554704	-1521.1578947368423
6816.555888562623	19180.068363979255	-1327.9342105263158
6816.555888562623	19180.159920403807	-1521.1578947368423
6816.555888562623	19180.251476828354	-1521.1578947368423
6816.555888562623	19180.343033252906	-1521.1578947368423
6816.555888562623	19180.434589677454	-1529.7456140350878
6816.555888562623	19180.526146102005	-1521.1578947368423
6816.555888562623	19180.617702526553	-1899.0175438596493
6816.555888562623	19180.709258951105	-1899.0175438596493
6816.555888562623	19180.800815375656	-1984.8947368421054
6816.555888562623	19180.892371800204	-1521.1578947368423
6816.555888562623	19180.983928224756	-1521.1578947368423
6816.555888562623	19181.075484649304	-2178.1184210526317
6816.555888562623	19181.167041073855	-1521.1578947368423
6816.555888562623	19181.258597498407	-2118.004385964912
6816.555888562623	19181.350153922955	-1521.1578947368423
6816.555888562623	19181.441710347506	-1521.1578947368423
6816.555888562623	19181.533266772054	-1521.1578947368423
6816.555888562623	19181.624823196606	-1740.1447368421054
6816.555888562623	19181.716379621153	-1521.1578947368423
6816.555888562623	19181.807936045705	-1521.1578947368423
6816.555888562623	19181.899492470257	-1521.1578947368423
6816.555888562623	19181.991048894804	-1521.1578947368423
6816.555888562623	19182.082605319356	-1984.8947368421054
6816.555888562623	19182.174161743904	-1521.1578947368423
6816.555888562623	19182.265718168455	-1740.1447368421054
6816.555888562623	19182.357274593007	-1521.1578947368423
6816.555888562623	19182.448831017555	-1740.1447368421054
6816.555888562623	19182.540387442106	-1521.1578947368423
6816.555888562623	19182.631943866654	-1521.1578947368423
6816.555888562623	19182.723500291206	-2186.7061403508774
6816.555888562623	19182.815056715757	-1521.1578947368423
6816.555888562623	19182.906613140305	-1521.1578947368423
6816.555888562623	19182.998169564857	-1521.1578947368423
6816.555888562623	19183.089725989405	-1529.7456140350878
6816.555888562623	19183.181282413956	-1521.1578947368423
6816.555888562623	19183.272838838504	-1744.4385964912283
6816.555888562623	19183.364395263055	-1521.1578947368423
6816.555888562623	19183.455951687607	-1521.1578947368423
6816.555888562623	19183.547508112155	-1521.1578947368423
6816.555888562623	19183.639064536706	-1521.1578947368423
6816.555888562623	19183.730620961254	-1740.1447368421054
6816.555888562623	19183.822177385806	-1740.1447368421054
6816.555888562623	19183.913733810357	-1521.1578947368423
6816.555888562623	19184.005290234905	-1521.1578947368423
6816.555888562623	19184.096846659457	-2178.1184210526317
6816.555888562623	19184.188403084005	-1521.1578947368423
6816.555888562623	19184.279959508556	-1521.1578947368423
6816.555888562623	19184.371515933104	-1521.1578947368423
6816.555888562623	19184.463072357656	-1521.1578947368423
6816.555888562623	19184.554628782207	-1521.1578947368423
6816.555888562623	19184.646185206755	-1521.1578947368423
6816.555888562623	19184.737741631307	-1521.1578947368423
6816.555888562623	19184.829298055854	-1521.1578947368423
6816.555888562623	19184.920854480406	-1521.1578947368423
6816.555888562623	19185.012410904958	-1521.1578947368423
6816.555888562623	19185.103967329505	-1521.1578947368423
6816.555888562623	19185.195523754057	-1744.4385964912283
6816.555888562623	19185.287080178605	-1744.4385964912283
6816.555888562623	19185.378636603156	-1744.4385964912283
6816.555888562623	19185.470193027704	-1744.4385964912283
6816.555888562623	19185.561749452256	-1744.4385964912283
6816.555888562623	19185.653305876807	-1744.4385964912283
6816.555888562623	19185.744862301355	-1744.4385964912283
6816.555888562623	19185.836418725907	-1744.4385964912283
6816.555888562623	19185.927975150455	-2083.6535087719303
6816.555888562623	19186.019531575006	-1744.4385964912283
6816.555888562623	19186.111087999558	-1744.4385964912283
6816.555888562623	19186.202644424106	-1744.4385964912283
6816.555888562623	19186.294200848657	-1744.4385964912283
6816.555888562623	19186.385757273205	-1744.4385964912283
6816.555888562623	19186.477313697756	-1744.4385964912283
6816.555888562623	19186.568870122304	-1744.4385964912283
6816.555888562623	19186.660426546856	-1744.4385964912283
6816.555888562623	19186.751982971407	-1744.4385964912283
6816.555888562623	19186.843539395955	-1521.1578947368423
6816.555888562623	19186.935095820507	-1521.1578947368423
6816.555888562623	19187.026652245055	-1521.1578947368423
6816.555888562623	19187.118208669606	-1744.4385964912283
6816.555888562623	19187.209765094158	-1744.4385964912283
6816.555888562623	19187.301321518706	-1744.4385964912283
6816.555888562623	19187.392877943257	-1744.4385964912283
6816.555888562623	19187.484434367805	-1744.4385964912283
6816.555888562623	19187.575990792357	-1744.4385964912283
6807.370707646759	19178.603461186456	-1302.171052631579
6807.370707646759	19178.695017611004	-1521.1578947368423
6807.370707646759	19178.786574035556	-1521.1578947368423
6807.370707646759	19178.878130460103	-1744.4385964912283
6807.370707646759	19178.969686884655	-2186.7061403508774
6807.370707646759	19179.061243309206	-1521.1578947368423
6807.370707646759	19179.152799733754	-1744.4385964912283
6807.370707646759	19179.244356158306	-2191.0
6807.370707646759	19179.335912582854	-1521.1578947368423
6807.370707646759	19179.427469007405	-1521.1578947368423
6807.370707646759	19179.519025431953	-1521.1578947368423
6807.370707646759	19179.610581856505	-1521.1578947368423
6807.370707646759	19179.702138281056	-1521.1578947368423
6807.370707646759	19179.793694705604	-1521.1578947368423
6807.370707646759	19179.885251130156	-1899.0175438596493
6807.370707646759	19179.976807554704	-1521.1578947368423
6807.370707646759	19180.068363979255	-2186.7061403508774
6807.370707646759	19180.159920403807	-1521.1578947368423
6807.370707646759	19180.251476828354	-1521.1578947368423
6807.370707646759	19180.343033252906	-1521.1578947368423
6807.370707646759	19180.434589677454	-1521.1578947368423
6807.370707646759	19180.526146102005	-1297.8771929824563
6807.370707646759	19180.617702526553	-1521.1578947368423
6807.370707646759	19180.709258951105	-1984.8947368421054
6807.370707646759	19180.800815375656	-2178.1184210526317
6807.370707646759	19180.892371800204	-1521.1578947368423
6807.370707646759	19180.983928224756	-1521.1578947368423
6807.370707646759	19181.075484649304	-1521.1578947368423
6807.370707646759	19181.167041073855	-2186.7061403508774
6807.370707646759	19181.258597498407	-1521.1578947368423
6807.370707646759	19181.350153922955	-1521.1578947368423
6807.370707646759	19181.441710347506	-2186.7061403508774
6807.370707646759	19181.533266772054	-1521.1578947368423
6807.370707646759	19181.624823196606	-1521.1578947368423
6807.370707646759	19181.716379621153	-1521.1578947368423
6807.370707646759	19181.807936045705	-1521.1578947368423
6807.370707646759	19181.899492470257	-1521.1578947368423
6807.370707646759	19181.991048894804	-1521.1578947368423
6807.370707646759	19182.082605319356	-1521.1578947368423
6807.370707646759	19182.174161743904	-1521.1578947368423
6807.370707646759	19182.265718168455	-1521.1578947368423
6807.370707646759	19182.357274593007	-361.8157894736842
6807.370707646759	19182.448831017555	-1521.1578947368423
6807.370707646759	19182.540387442106	-1744.4385964912283
6807.370707646759	19182.631943866654	-1323.640350877193
6807.370707646759	19182.723500291206	-2083.6535087719303
6807.370707646759	19182.815056715757	-1529.7456140350878
6807.370707646759	19182.906613140305	-1521.1578947368423
6807.370707646759	19182.998169564857	-2118.004385964912
6807.370707646759	19183.089725989405	-1521.1578947368423
6807.370707646759	19183.181282413956	-1984.8947368421054
6807.370707646759	19183.272838838504	-1521.1578947368423
6807.370707646759	19183.364395263055	-1521.1578947368423
6807.370707646759	19183.455951687607	-1521.1578947368423
6807.370707646759	19183.547508112155	-1521.1578947368423
6807.370707646759	19183.639064536706	-1744.4385964912283
6807.370707646759	19183.730620961254	-1740.1447368421054
6807.370707646759	19183.822177385806	-1521.1578947368423
6807.370707646759	19183.913733810357	-1521.1578947368423
6807.370707646759	19184.005290234905	-1521.1578947368423
6807.370707646759	19184.096846659457	-1744.4385964912283
6807.370707646759	19184.188403084005	-1521.1578947368423
6807.370707646759	19184.279959508556	-1521.1578947368423
6807.370707646759	19184.371515933104	-1521.1578947368423
6807.370707646759	19184.463072357656	-1521.1578947368423
6807.370707646759	19184.554628782207	-1521.1578947368423
6807.370707646759	19184.646185206755	-1521.1578947368423
6807.370707646759	19184.737741631307	-1521.1578947368423
6807.370707646759	19184.829298055854	-1521.1578947368423
6807.370707646759	19184.920854480406	-1521.1578947368423
6807.370707646759	19185.012410904958	-1521.1578947368423
6807.370707646759	19185.103967329505	-1521.1578947368423
6807.370707646759	19185.195523754057	-1521.1578947368423
6807.370707646759	19185.287080178605	-1744.4385964912283
6807.370707646759	19185.378636603156	-1744.4385964912283
6807.370707646759	19185.470193027704	-1744.4385964912283
6807.370707646759	19185.561749452256	-1521.1578947368423
6807.370707646759	19185.653305876807	-1744.4385964912283
6807.370707646759	19185.744862301355	-1744.4385964912283
6807.370707646759	19185.836418725907	-1984.8947368421054
6807.370707646759	19185.927975150455	-1744.4385964912283
6807.370707646759	19186.019531575006	-1744.4385964912283
6807.370707646759	19186.111087999558	-1744.4385964912283
6807.370707646759	19186.202644424106	-1984.8947368421054
6807.370707646759	19186.294200848657	-1744.4385964912283
6807.370707646759	19186.385757273205	-1744.4385964912283
6807.370707646759	19186.477313697756	-1744.4385964912283
6807.370707646759	19186.568870122304	-1744.4385964912283
6807.370707646759	19186.660426546856	-1744.4385964912283
6807.370707646759	19186.751982971407	-1521.1578947368423
6807.370707646759	19186.843539395955	-1521.1578947368423
6807.370707646759	19186.935095820507	-1521.1578947368423
6807.370707646759	19187.026652245055	-1744.4385964912283
6807.370707646759	19187.118208669606	-1744.4385964912283
6807.370707646759	19187.209765094158	-1744.4385964912283
6807.370707646759	19187.301321518706	-1744.4385964912283
6807.370707646759	19187.392877943257	-1744.4385964912283
6807.370707646759	19187.484434367805	-1744.4385964912283
6807.370707646759	19187.575990792357	-1521.1578947368423
6798.185526730896	19178.603461186456	-1701.5000000000002
6798.185526730896	19178.695017611004	-1521.1578947368423
6798.185526730896	19178.786574035556	-2178.1184210526317
6798.185526730896	19178.878130460103	-1740.1447368421054
6798.185526730896	19178.969686884655	-1521.1578947368423
6798.185526730896	19179.061243309206	-2083.6535087719303
6798.185526730896	19179.152799733754	-1327.9342105263158
6798.185526730896	19179.244356158306	-1302.171052631579
6798.185526730896	19179.335912582854	-1984.8947368421054
6798.185526730896	19179.427469007405	-1984.8947368421054
6798.185526730896	19179.519025431953	-1521.1578947368423
6798.185526730896	19179.610581856505	-1323.640350877193
6798.185526730896	19179.702138281056	-1521.1578947368423
6798.185526730896	19179.793694705604	-1323.640350877193
6798.185526730896	19179.885251130156	-1521.1578947368423
6798.185526730896	19179.976807554704	-1306.4649122807018
6798.185526730896	19180.068363979255	-1521.1578947368423
6798.185526730896	19180.159920403807	-1521.1578947368423
6798.185526730896	19180.251476828354	-1521.1578947368423
6798.185526730896	19180.343033252906	-1521.1578947368423
6798.185526730896	19180.434589677454	-1521.1578947368423
6798.185526730896	19180.526146102005	-1521.1578947368423
6798.185526730896	19180.617702526553	-2186.7061403508774
6798.185526730896	19180.709258951105	-1984.8947368421054
6798.185526730896	19180.800815375656	-1521.1578947368423
6798.185526730896	19180.892371800204	-1984.8947368421054
6798.185526730896	19180.983928224756	-1521.1578947368423
6798.185526730896	19181.075484649304	-1521.1578947368423
6798.185526730896	19181.167041073855	-1521.1578947368423
6798.185526730896	19181.258597498407	-1984.8947368421054
6798.185526730896	19181.350153922955	-1521.1578947368423
6798.185526730896	19181.441710347506	-1521.1578947368423
6798.185526730896	19181.533266772054	-2178.1184210526317
6798.185526730896	19181.624823196606	-1984.8947368421054
6798.185526730896	19181.716379621153	-1521.1578947368423
6798.185526730896	19181.807936045705	-1521.1578947368423
6798.185526730896	19181.899492470257	-1744.4385964912283
6798.185526730896	19181.991048894804	-1521.1578947368423
6798.185526730896	19182.082605319356	-1521.1578947368423
6798.185526730896	19182.174161743904	-1521.1578947368423
6798.185526730896	19182.265718168455	-1521.1578947368423
6798.185526730896	19182.357274593007	-1521.1578947368423
6798.185526730896	19182.448831017555	-1744.4385964912283
6798.185526730896	19182.540387442106	-1521.1578947368423
6798.185526730896	19182.631943866654	-1899.0175438596493
6798.185526730896	19182.723500291206	-1521.1578947368423
6798.185526730896	19182.815056715757	-2186.7061403508774
6798.185526730896	19182.906613140305	-782.6140350877193
6798.185526730896	19182.998169564857	-1521.1578947368423
6798.185526730896	19183.089725989405	-1744.4385964912283
6798.185526730896	19183.181282413956	-1521.1578947368423
6798.185526730896	19183.272838838504	-2191.0
6798.185526730896	19183.364395263055	-1521.1578947368423
6798.185526730896	19183.455951687607	-1521.1578947368423
6798.185526730896	19183.547508112155	-1740.1447368421054
6798.185526730896	19183.639064536706	-1521.1578947368423
6798.185526730896	19183.730620961254	-1521.1578947368423
6798.185526730896	19183.822177385806	-1521.1578947368423
6798.185526730896	19183.913733810357	-2118.004385964912
6798.185526730896	19184.005290234905	-1744.4385964912283
6798.185526730896	19184.096846659457	-1521.1578947368423
6798.185526730896	19184.188403084005	-1521.1578947368423
6798.185526730896	19184.279959508556	-1521.1578947368423
6798.185526730896	19184.371515933104	-1521.1578947368423
6798.185526730896	19184.463072357656	-1521.1578947368423
6798.185526730896	19184.554628782207	-1521.1578947368423
6798.185526730896	19184.646185206755	-1521.1578947368423
6798.185526730896	19184.737741631307	-1521.1578947368423
6798.185526730896	19184.829298055854	-1521.1578947368423
6798.185526730896	19184.920854480406	-1521.1578947368423
6798.185526730896	19185.012410904958	-1521.1578947368423
6798.185526730896	19185.103967329505	-1521.1578947368423
6798.185526730896	19185.195523754057	-1521.1578947368423
6798.185526730896	19185.287080178605	-1744.4385964912283
6798.185526730896	19185.378636603156	-1744.4385964912283
6798.185526730896	19185.470193027704	-1744.4385964912283
6798.185526730896	19185.561749452256	-1744.4385964912283
6798.185526730896	19185.653305876807	-1899.0175438596493
6798.185526730896	19185.744862301355	-1744.4385964912283
6798.185526730896	19185.836418725907	-1744.4385964912283
6798.185526730896	19185.927975150455	-1744.4385964912283
6798.185526730896	19186.019531575006	-1744.4385964912283
6798.185526730896	19186.111087999558	-1744.4385964912283
6798.185526730896	19186.202644424106	-1521.1578947368423
6798.185526730896	19186.294200848657	-1521.1578947368423
6798.185526730896	19186.385757273205	-1521.1578947368423
6798.185526730896	19186.477313697756	-1521.1578947368423
6798.185526730896	19186.568870122304	-1521.1578947368423
6798.185526730896	19186.660426546856	-1521.1578947368423
6798.185526730896	19186.751982971407	-1521.1578947368423
6798.185526730896	19186.843539395955	-1521.1578947368423
6798.185526730896	19186.935095820507	-1744.4385964912283
6798.185526730896	19187.026652245055	-1744.4385964912283
6798.185526730896	19187.118208669606	-1744.4385964912283
6798.185526730896	19187.209765094158	-1521.1578947368423
6798.185526730896	19187.301321518706	-1521.1578947368423
6798.185526730896	19187.392877943257	-1521.1578947368423
6798.185526730896	19187.484434367805	-1521.1578947368423
6798.185526730896	19187.575990792357	-1521.1578947368423
6789.000345815031	19178.603461186456	-1701.5000000000002
6789.000345815031	19178.695017611004	-1521.1578947368423
6789.000345815031	19178.786574035556	-2178.1184210526317
6789.000345815031	19178.878130460103	-1521.1578947368423
6789.000345815031	19178.969686884655	-1521.1578947368423
6789.000345815031	19179.061243309206	-1744.4385964912283
6789.000345815031	19179.152799733754	-1297.8771929824563
6789.000345815031	19179.244356158306	-1521.1578947368423
6789.000345815031	19179.335912582854	-1984.8947368421054
6789.000345815031	19179.427469007405	-1899.0175438596493
6789.000345815031	19179.519025431953	-2178.1184210526317
6789.000345815031	19179.610581856505	-1521.1578947368423
6789.000345815031	19179.702138281056	-1521.1578947368423
6789.000345815031	19179.793694705604	-1521.1578947368423
6789.000345815031	19179.885251130156	-1521.1578947368423
6789.000345815031	19179.976807554704	-1521.1578947368423
6789.000345815031	19180.068363979255	-1521.1578947368423
6789.000345815031	19180.159920403807	-1521.1578947368423
6789.000345815031	19180.251476828354	-1521.1578947368423
6789.000345815031	19180.343033252906	-1521.1578947368423
6789.000345815031	19180.434589677454	-1521.1578947368423
6789.000345815031	19180.526146102005	-1529.7456140350878
6789.000345815031	19180.617702526553	-1984.8947368421054
6789.000345815031	19180.709258951105	-1521.1578947368423
6789.000345815031	19180.800815375656	-1521.1578947368423
6789.000345815031	19180.892371800204	-2083.6535087719303
6789.000345815031	19180.983928224756	-2186.7061403508774
6789.000345815031	19181.075484649304	-1521.1578947368423
6789.000345815031	19181.167041073855	-1899.0175438596493
6789.000345815031	19181.258597498407	-1984.8947368421054
6789.000345815031	19181.350153922955	-1521.1578947368423
6789.000345815031	19181.441710347506	-2186.7061403508774
6789.000345815031	19181.533266772054	-1984.8947368421054
6789.000345815031	19181.624823196606	-1984.8947368421054
6789.000345815031	19181.716379621153	-1297.8771929824563
6789.000345815031	19181.807936045705	-1521.1578947368423
6789.000345815031	19181.899492470257	-1521.1578947368423
6789.000345815031	19181.991048894804	-1521.1578947368423
6789.000345815031	19182.082605319356	-679.561403508772
6789.000345815031	19182.174161743904	-1984.8947368421054
6789.000345815031	19182.265718168455	-1521.1578947368423
6789.000345815031	19182.357274593007	-1744.4385964912283
6789.000345815031	19182.448831017555	-1521.1578947368423
6789.000345815031	19182.540387442106	-1276.407894736842
6789.000345815031	19182.631943866654	-907.1359649122808
6789.000345815031	19182.723500291206	-885.6666666666667
6789.000345815031	19182.815056715757	-1521.1578947368423
6789.000345815031	19182.906613140305	-1521.1578947368423
6789.000345815031	19182.998169564857	-1984.8947368421054
6789.000345815031	19183.089725989405	-1521.1578947368423
6789.000345815031	19183.181282413956	-1302.171052631579
6789.000345815031	19183.272838838504	-1521.1578947368423
6789.000345815031	19183.364395263055	-1740.1447368421054
6789.000345815031	19183.455951687607	-1740.1447368421054
6789.000345815031	19183.547508112155	-1521.1578947368423
6789.000345815031	19183.639064536706	-1521.1578947368423
6789.000345815031	19183.730620961254	-1521.1578947368423
6789.000345815031	19183.822177385806	-2178.1184210526317
6789.000345815031	19183.913733810357	-1744.4385964912283
6789.000345815031	19184.005290234905	-1521.1578947368423
6789.000345815031	19184.096846659457	-1521.1578947368423
6789.000345815031	19184.188403084005	-1521.1578947368423
6789.000345815031	19184.279959508556	-1521.1578947368423
6789.000345815031	19184.371515933104	-1521.1578947368423
6789.000345815031	19184.463072357656	-1521.1578947368423
6789.000345815031	19184.554628782207	-1521.1578947368423
6789.000345815031	19184.646185206755	-1521.1578947368423
6789.000345815031	19184.737741631307	-1521.1578947368423
6789.000345815031	19184.829298055854	-1521.1578947368423
6789.000345815031	19184.920854480406	-1521.1578947368423
6789.000345815031	19185.012410904958	-1744.4385964912283
6789.000345815031	19185.103967329505	-1744.4385964912283
6789.000345815031	19185.195523754057	-1744.4385964912283
6789.000345815031	19185.287080178605	-1521.1578947368423
6789.000345815031	19185.378636603156	-1521.1578947368423
6789.000345815031	19185.470193027704	-1521.1578947368423
6789.000345815031	19185.561749452256	-1984.8947368421054
6789.000345815031	19185.653305876807	-1744.4385964912283
6789.000345815031	19185.744862301355	-1744.4385964912283
6789.000345815031	19185.836418725907	-1744.4385964912283
6789.000345815031	19185.927975150455	-1744.4385964912283
6789.000345815031	19186.019531575006	-1744.4385964912283
6789.000345815031	19186.111087999558	-1744.4385964912283
6789.000345815031	19186.202644424106	-1521.1578947368423
6789.000345815031	19186.294200848657	-1521.1578947368423
6789.000345815031	19186.385757273205	-1521.1578947368423
6789.000345815031	19186.477313697756	-1521.1578947368423
6789.000345815031	19186.568870122304	-1521.1578947368423
6789.000345815031	19186.660426546856	-1521.1578947368423
6789.000345815031	19186.751982971407	-1521.1578947368423
6789.000345815031	19186.843539395955	-1521.1578947368423
6789.000345815031	19186.935095820507	-1521.1578947368423
6789.000345815031	19187.026652245055	-1521.1578947368423
6789.000345815031	19187.118208669606	-1521.1578947368423
6789.000345815031	19187.209765094158	-1521.1578947368423
6789.000345815031	19187.301321518706	-1521.1578947368423
6789.000345815031	19187.392877943257	-1521.1578947368423
6789.000345815031	19187.484434367805	-1744.4385964912283
6789.000345815031	19187.575990792357	-1744.4385964912283
6779.815164899168	19178.603461186456	-2178.1184210526317
6779.815164899168	19178.695017611004	-1521.1578947368423
6779.815164899168	19178.786574035556	-1521.1578947368423
6779.815164899168	19178.878130460103	-1744.4385964912283
6779.815164899168	19178.969686884655	-1521.1578947368423
6779.815164899168	19179.061243309206	-1323.640350877193
6779.815164899168	19179.152799733754	-692.4429824561404
6779.815164899168	19179.244356158306	-1701.5000000000002
6779.815164899168	19179.335912582854	-1521.1578947368423
6779.815164899168	19179.427469007405	-1984.8947368421054
6779.815164899168	19179.519025431953	-2191.0
6779.815164899168	19179.610581856505	-1521.1578947368423
6779.815164899168	19179.702138281056	-1521.1578947368423
6779.815164899168	19179.793694705604	-1521.1578947368423
6779.815164899168	19179.885251130156	-1521.1578947368423
6779.815164899168	19179.976807554704	-2186.7061403508774
6779.815164899168	19180.068363979255	-1521.1578947368423
6779.815164899168	19180.159920403807	-1521.1578947368423
6779.815164899168	19180.251476828354	-1984.8947368421054
6779.815164899168	19180.343033252906	-1529.7456140350878
6779.815164899168	19180.434589677454	-1521.1578947368423
6779.815164899168	19180.526146102005	-1521.1578947368423
6779.815164899168	19180.617702526553	-1521.1578947368423
6779.815164899168	19180.709258951105	-1984.8947368421054
6779.815164899168	19180.800815375656	-1521.1578947368423
6779.815164899168	19180.892371800204	-1521.1578947368423
6779.815164899168	19180.983928224756	-1521.1578947368423
6779.815164899168	19181.075484649304	-2178.1184210526317
6779.815164899168	19181.167041073855	-1521.1578947368423
6779.815164899168	19181.258597498407	-1984.8947368421054
6779.815164899168	19181.350153922955	-1521.1578947368423
6779.815164899168	19181.441710347506	-1521.1578947368423
6779.815164899168	19181.533266772054	-1740.1447368421054
6779.815164899168	19181.624823196606	-1744.4385964912283
6779.815164899168	19181.716379621153	-1740.1447368421054
6779.815164899168	19181.807936045705	-1744.4385964912283
6779.815164899168	19181.899492470257	-2186.7061403508774
6779.815164899168	19181.991048894804	-1521.1578947368423
6779.815164899168	19182.082605319356	-1521.1578947368423
6779.815164899168	19182.174161743904	-1744.4385964912283
6779.815164899168	19182.265718168455	-1521.1578947368423
6779.815164899168	19182.357274593007	-1327.9342105263158
6779.815164899168	19182.448831017555	-1521.1578947368423
6779.815164899168	19182.540387442106	-1521.1578947368423
6779.815164899168	19182.631943866654	-1521.1578947368423
6779.815164899168	19182.723500291206	-718.2061403508771
6779.815164899168	19182.815056715757	-1521.1578947368423
6779.815164899168	19182.906613140305	-1744.4385964912283
6779.815164899168	19182.998169564857	-1521.1578947368423
6779.815164899168	19183.089725989405	-1323.640350877193
6779.815164899168	19183.181282413956	-1521.1578947368423
6779.815164899168	19183.272838838504	-1740.1447368421054
6779.815164899168	19183.364395263055	-1740.1447368421054
6779.815164899168	19183.455951687607	-1521.1578947368423
6779.815164899168	19183.547508112155	-1521.1578947368423
6779.815164899168	19183.639064536706	-1521.1578947368423
6779.815164899168	19183.730620961254	-1302.171052631579
6779.815164899168	19183.822177385806	-1744.4385964912283
6779.815164899168	19183.913733810357	-1521.1578947368423
6779.815164899168	19184.005290234905	-1521.1578947368423
6779.815164899168	19184.096846659457	-1521.1578947368423
6779.815164899168	19184.188403084005	-1521.1578947368423
6779.815164899168	19184.279959508556	-1744.4385964912283
6779.815164899168	19184.371515933104	-1744.4385964912283
6779.815164899168	19184.463072357656	-1744.4385964912283
6779.815164899168	19184.554628782207	-1744.4385964912283
6779.815164899168	19184.646185206755	-1744.4385964912283
6779.815164899168	19184.737741631307	-1744.4385964912283
6779.815164899168	19184.829298055854	-1744.4385964912283
6779.815164899168	19184.920854480406	-1744.4385964912283
6779.815164899168	19185.012410904958	-1744.4385964912283
6779.815164899168	19185.103967329505	-1744.4385964912283
6779.815164899168	19185.195523754057	-1744.4385964912283
6779.815164899168	19185.287080178605	-1744.4385964912283
6779.815164899168	19185.378636603156	-1744.4385964912283
6779.815164899168	19185.470193027704	-1744.4385964912283
6779.815164899168	19185.561749452256	-1521.1578947368423
6779.815164899168	19185.653305876807	-1521.1578947368423
6779.815164899168	19185.744862301355	-1521.1578947368423
6779.815164899168	19185.836418725907	-1521.1578947368423
6779.815164899168	19185.927975150455	-1521.1578947368423
6779.815164899168	19186.019531575006	-1521.1578947368423
6779.815164899168	19186.111087999558	-1521.1578947368423
6779.815164899168	19186.202644424106	-1521.1578947368423
6779.815164899168	19186.294200848657	-1744.4385964912283
6779.815164899168	19186.385757273205	-1744.4385964912283
6779.815164899168	19186.477313697756	-1744.4385964912283
6779.815164899168	19186.568870122304	-1744.4385964912283
6779.815164899168	19186.660426546856	-1521.1578947368423
6779.815164899168	19186.751982971407	-1521.1578947368423
6779.815164899168	19186.843539395955	-1521.1578947368423
6779.815164899168	19186.935095820507	-1521.1578947368423
6779.815164899168	19187.026652245055	-1521.1578947368423
6779.815164899168	19187.118208669606	-1521.1578947368423
6779.815164899168	19187.209765094158	-1521.1578947368423
6779.815164899168	19187.301321518706	-1521.1578947368423
6779.815164899168	19187.392877943257	-1744.4385964912283
6779.815164899168	19187.484434367805	-1744.4385964912283
6779.815164899168	19187.575990792357	-1744.4385964912283
6770.629983983304	19178.603461186456	-1306.4649122807018
6770.629983983304	19178.695017611004	-1521.1578947368423
6770.629983983304	19178.786574035556	-1744.4385964912283
6770.629983983304	19178.878130460103	-1744.4385964912283
6770.629983983304	19178.969686884655	-1521.1578947368423
6770.629983983304	19179.061243309206	-1521.1578947368423
6770.629983983304	19179.152799733754	-1984.8947368421054
6770.629983983304	19179.244356158306	-1521.1578947368423
6770.629983983304	19179.335912582854	-1701.5000000000002
6770.629983983304	19179.427469007405	-709.6184210526317
6770.629983983304	19179.519025431953	-1521.1578947368423
6770.629983983304	19179.610581856505	-1521.1578947368423
6770.629983983304	19179.702138281056	-752.5570175438597
6770.629983983304	19179.793694705604	-1521.1578947368423
6770.629983983304	19179.885251130156	-1521.1578947368423
6770.629983983304	19179.976807554704	-1521.1578947368423
6770.629983983304	19180.068363979255	-1521.1578947368423
6770.629983983304	19180.159920403807	-1521.1578947368423
6770.629983983304	19180.251476828354	-1521.1578947368423
6770.629983983304	19180.343033252906	-1323.640350877193
6770.629983983304	19180.434589677454	-1521.1578947368423
6770.629983983304	19180.526146102005	-1521.1578947368423
6770.629983983304	19180.617702526553	-1984.8947368421054
6770.629983983304	19180.709258951105	-1521.1578947368423
6770.629983983304	19180.800815375656	-1521.1578947368423
6770.629983983304	19180.892371800204	-1744.4385964912283
6770.629983983304	19180.983928224756	-1984.8947368421054
6770.629983983304	19181.075484649304	-1521.1578947368423
6770.629983983304	19181.167041073855	-1521.1578947368423
6770.629983983304	19181.258597498407	-1521.1578947368423
6770.629983983304	19181.350153922955	-1521.1578947368423
6770.629983983304	19181.441710347506	-2118.004385964912
6770.629983983304	19181.533266772054	-1744.4385964912283
6770.629983983304	19181.624823196606	-1740.1447368421054
6770.629983983304	19181.716379621153	-1521.1578947368423
6770.629983983304	19181.807936045705	-1984.8947368421054
6770.629983983304	19181.899492470257	-1521.1578947368423
6770.629983983304	19181.991048894804	-1744.4385964912283
6770.629983983304	19182.082605319356	-1521.1578947368423
6770.629983983304	19182.174161743904	-2178.1184210526317
6770.629983983304	19182.265718168455	-1521.1578947368423
6770.629983983304	19182.357274593007	-1521.1578947368423
6770.629983983304	19182.448831017555	-1521.1578947368423
6770.629983983304	19182.540387442106	-1521.1578947368423
6770.629983983304	19182.631943866654	-2186.7061403508774
6770.629983983304	19182.723500291206	-1521.1578947368423
6770.629983983304	19182.815056715757	-1984.8947368421054
6770.629983983304	19182.906613140305	-1521.1578947368423
6770.629983983304	19182.998169564857	-1521.1578947368423
6770.629983983304	19183.089725989405	-1521.1578947368423
6770.629983983304	19183.181282413956	-1744.4385964912283
6770.629983983304	19183.272838838504	-1521.1578947368423
6770.629983983304	19183.364395263055	-1521.1578947368423
6770.629983983304	19183.455951687607	-1521.1578947368423
6770.629983983304	19183.547508112155	-2178.1184210526317
6770.629983983304	19183.639064536706	-1521.1578947368423
6770.629983983304	19183.730620961254	-1744.4385964912283
6770.629983983304	19183.822177385806	-1521.1578947368423
6770.629983983304	19183.913733810357	-1521.1578947368423
6770.629983983304	19184.005290234905	-1521.1578947368423
6770.629983983304	19184.096846659457	-1521.1578947368423
6770.629983983304	19184.188403084005	-1744.4385964912283
6770.629983983304	19184.279959508556	-1744.4385964912283
6770.629983983304	19184.371515933104	-1744.4385964912283
6770.629983983304	19184.463072357656	-1744.4385964912283
6770.629983983304	19184.554628782207	-1521.1578947368423
6770.629983983304	19184.646185206755	-1521.1578947368423
6770.629983983304	19184.737741631307	-1744.4385964912283
6770.629983983304	19184.829298055854	-1744.4385964912283
6770.629983983304	19184.920854480406	-1744.4385964912283
6770.629983983304	19185.012410904958	-1744.4385964912283
6770.629983983304	19185.103967329505	-1744.4385964912283
6770.629983983304	19185.195523754057	-1327.9342105263158
6770.629983983304	19185.287080178605	-1744.4385964912283
6770.629983983304	19185.378636603156	-1521.1578947368423
6770.629983983304	19185.470193027704	-1984.8947368421054
6770.629983983304	19185.561749452256	-1744.4385964912283
6770.629983983304	19185.653305876807	-1744.4385964912283
6770.629983983304	19185.744862301355	-1744.4385964912283
6770.629983983304	19185.836418725907	-1744.4385964912283
6770.629983983304	19185.927975150455	-1744.4385964912283
6770.629983983304	19186.019531575006	-1984.8947368421054
6770.629983983304	19186.111087999558	-1521.1578947368423
6770.629983983304	19186.202644424106	-1521.1578947368423
6770.629983983304	19186.294200848657	-1744.4385964912283
6770.629983983304	19186.385757273205	-1744.4385964912283
6770.629983983304	19186.477313697756	-1744.4385964912283
6770.629983983304	19186.568870122304	-1521.1578947368423
6770.629983983304	19186.660426546856	-1521.1578947368423
6770.629983983304	19186.751982971407	-1521.1578947368423
6770.629983983304	19186.843539395955	-1521.1578947368423
6770.629983983304	19186.935095820507	-1744.4385964912283
6770.629983983304	19187.026652245055	-1744.4385964912283
6770.629983983304	19187.118208669606	-1744.4385964912283
6770.629983983304	19187.209765094158	-1744.4385964912283
6770.629983983304	19187.301321518706	-1744.4385964912283
6770.629983983304	19187.392877943257	-1744.4385964912283
6770.629983983304	19187.484434367805	-1744.4385964912283
6770.629983983304	19187.575990792357	-1744.4385964912283
6761.44480306744	19178.603461186456	-1529.7456140350878
6761.44480306744	19178.695017611004	-2083.6535087719303
6761.44480306744	19178.786574035556	-2083.6535087719303
6761.44480306744	19178.878130460103	-1521.1578947368423
6761.44480306744	19178.969686884655	-1899.0175438596493
6761.44480306744	19179.061243309206	-1521.1578947368423
6761.44480306744	19179.152799733754	-1521.1578947368423
6761.44480306744	19179.244356158306	-1521.1578947368423
6761.44480306744	19179.335912582854	-2178.1184210526317
6761.44480306744	19179.427469007405	-1521.1578947368423
6761.44480306744	19179.519025431953	-1529.7456140350878
6761.44480306744	19179.610581856505	-1521.1578947368423
6761.44480306744	19179.702138281056	-1521.1578947368423
6761.44480306744	19179.793694705604	-1521.1578947368423
6761.44480306744	19179.885251130156	-1521.1578947368423
6761.44480306744	19179.976807554704	-1521.1578947368423
6761.44480306744	19180.068363979255	-1521.1578947368423
6761.44480306744	19180.159920403807	-1701.5000000000002
6761.44480306744	19180.251476828354	-1323.640350877193
6761.44480306744	19180.343033252906	-1984.8947368421054
6761.44480306744	19180.434589677454	-2186.7061403508774
6761.44480306744	19180.526146102005	-1521.1578947368423
6761.44480306744	19180.617702526553	-2186.7061403508774
6761.44480306744	19180.709258951105	-1521.1578947368423
6761.44480306744	19180.800815375656	-1521.1578947368423
6761.44480306744	19180.892371800204	-1521.1578947368423
6761.44480306744	19180.983928224756	-1521.1578947368423
6761.44480306744	19181.075484649304	-1521.1578947368423
6761.44480306744	19181.167041073855	-1521.1578947368423
6761.44480306744	19181.258597498407	-1521.1578947368423
6761.44480306744	19181.350153922955	-1899.0175438596493
6761.44480306744	19181.441710347506	-1521.1578947368423
6761.44480306744	19181.533266772054	-1521.1578947368423
6761.44480306744	19181.624823196606	-2178.1184210526317
6761.44480306744	19181.716379621153	-1740.1447368421054
6761.44480306744	19181.807936045705	-1521.1578947368423
6761.44480306744	19181.899492470257	-1521.1578947368423
6761.44480306744	19181.991048894804	-2118.004385964912
6761.44480306744	19182.082605319356	-1521.1578947368423
6761.44480306744	19182.174161743904	-1521.1578947368423
6761.44480306744	19182.265718168455	-1521.1578947368423
6761.44480306744	19182.357274593007	-1521.1578947368423
6761.44480306744	19182.448831017555	-1323.640350877193
6761.44480306744	19182.540387442106	-1293.5833333333335
6761.44480306744	19182.631943866654	-1521.1578947368423
6761.44480306744	19182.723500291206	-1744.4385964912283
6761.44480306744	19182.815056715757	-1521.1578947368423
6761.44480306744	19182.906613140305	-2191.0
6761.44480306744	19182.998169564857	-1521.1578947368423
6761.44480306744	19183.089725989405	-1740.1447368421054
6761.44480306744	19183.181282413956	-1521.1578947368423
6761.44480306744	19183.272838838504	-1521.1578947368423
6761.44480306744	19183.364395263055	-1521.1578947368423
6761.44480306744	19183.455951687607	-1323.640350877193
6761.44480306744	19183.547508112155	-1744.4385964912283
6761.44480306744	19183.639064536706	-1521.1578947368423
6761.44480306744	19183.730620961254	-1521.1578947368423
6761.44480306744	19183.822177385806	-1521.1578947368423
6761.44480306744	19183.913733810357	-1521.1578947368423
6761.44480306744	19184.005290234905	-1521.1578947368423
6761.44480306744	19184.096846659457	-1744.4385964912283
6761.44480306744	19184.188403084005	-1744.4385964912283
6761.44480306744	19184.279959508556	-1744.4385964912283
6761.44480306744	19184.371515933104	-1899.0175438596493
6761.44480306744	19184.463072357656	-1984.8947368421054
6761.44480306744	19184.554628782207	-1744.4385964912283
6761.44480306744	19184.646185206755	-1744.4385964912283
6761.44480306744	19184.737741631307	-1744.4385964912283
6761.44480306744	19184.829298055854	-1744.4385964912283
6761.44480306744	19184.920854480406	-1744.4385964912283
6761.44480306744	19185.012410904958	-1744.4385964912283
6761.44480306744	19185.103967329505	-1744.4385964912283
6761.44480306744	19185.195523754057	-1744.4385964912283
6761.44480306744	19185.287080178605	-1521.1578947368423
6761.44480306744	19185.378636603156	-1744.4385964912283
6761.44480306744	19185.470193027704	-1744.4385964912283
6761.44480306744	19185.561749452256	-1744.4385964912283
6761.44480306744	19185.653305876807	-1521.1578947368423
6761.44480306744	19185.744862301355	-1744.4385964912283
6761.44480306744	19185.836418725907	-1744.4385964912283
6761.44480306744	19185.927975150455	-1744.4385964912283
6761.44480306744	19186.019531575006	-1744.4385964912283
6761.44480306744	19186.111087999558	-1521.1578947368423
6761.44480306744	19186.202644424106	-1521.1578947368423
6761.44480306744	19186.294200848657	-1984.8947368421054
6761.44480306744	19186.385757273205	-1744.4385964912283
6761.44480306744	19186.477313697756	-1744.4385964912283
6761.44480306744	19186.568870122304	-1521.1578947368423
6761.44480306744	19186.660426546856	-1521.1578947368423
6761.44480306744	19186.751982971407	-1521.1578947368423
6761.44480306744	19186.843539395955	-1521.1578947368423
6761.44480306744	19186.935095820507	-1744.4385964912283
6761.44480306744	19187.026652245055	-1744.4385964912283
6761.44480306744	19187.118208669606	-1744.4385964912283
6761.44480306744	19187.209765094158	-1744.4385964912283
6761.44480306744	19187.301321518706	-1744.4385964912283
6761.44480306744	19187.392877943257	-1744.4385964912283
6761.44480306744	19187.484434367805	-1744.4385964912283
6761.44480306744	19187.575990792357	-1744.4385964912283
6752.259622151576	19178.603461186456	-1521.1578947368423
6752.259622151576	19178.695017611004	-1521.1578947368423
6752.259622151576	19178.786574035556	-245.8815789473684
6752.259622151576	19178.878130460103	-1521.1578947368423
6752.259622151576	19178.969686884655	-1521.1578947368423
6752.259622151576	19179.061243309206	-1984.8947368421054
6752.259622151576	19179.152799733754	-1521.1578947368423
6752.259622151576	19179.244356158306	-2186.7061403508774
6752.259622151576	19179.335912582854	-1521.1578947368423
6752.259622151576	19179.427469007405	-1521.1578947368423
6752.259622151576	19179.519025431953	-1521.1578947368423
6752.259622151576	19179.610581856505	-1521.1578947368423
6752.259622151576	19179.702138281056	-1521.1578947368423
6752.259622151576	19179.793694705604	-1521.1578947368423
6752.259622151576	19179.885251130156	-1984.8947368421054
6752.259622151576	19179.976807554704	-2178.1184210526317
6752.259622151576	19180.068363979255	-1899.0175438596493
6752.259622151576	19180.159920403807	-1521.1578947368423
6752.259622151576	19180.251476828354	-1984.8947368421054
6752.259622151576	19180.343033252906	-1521.1578947368423
6752.259622151576	19180.434589677454	-1521.1578947368423
6752.259622151576	19180.526146102005	-1521.1578947368423
6752.259622151576	19180.617702526553	-1521.1578947368423
6752.259622151576	19180.709258951105	-1521.1578947368423
6752.259622151576	19180.800815375656	-1521.1578947368423
6752.259622151576	19180.892371800204	-795.4956140350878
6752.259622151576	19180.983928224756	-1521.1578947368423
6752.259622151576	19181.075484649304	-1521.1578947368423
6752.259622151576	19181.167041073855	-1984.8947368421054
6752.259622151576	19181.258597498407	-1521.1578947368423
6752.259622151576	19181.350153922955	-2178.1184210526317
6752.259622151576	19181.441710347506	-1740.1447368421054
6752.259622151576	19181.533266772054	-1521.1578947368423
6752.259622151576	19181.624823196606	-1521.1578947368423
6752.259622151576	19181.716379621153	-1521.1578947368423
6752.259622151576	19181.807936045705	-1521.1578947368423
6752.259622151576	19181.899492470257	-1521.1578947368423
6752.259622151576	19181.991048894804	-1744.4385964912283
6752.259622151576	19182.082605319356	-1521.1578947368423
6752.259622151576	19182.174161743904	-1521.1578947368423
6752.259622151576	19182.265718168455	-1521.1578947368423
6752.259622151576	19182.357274593007	-692.4429824561404
6752.259622151576	19182.448831017555	-1521.1578947368423
6752.259622151576	19182.540387442106	-1521.1578947368423
6752.259622151576	19182.631943866654	-1744.4385964912283
6752.259622151576	19182.723500291206	-1521.1578947368423
6752.259622151576	19182.815056715757	-477.75
6752.259622151576	19182.906613140305	-1521.1578947368423
6752.259622151576	19182.998169564857	-1740.1447368421054
6752.259622151576	19183.089725989405	-1521.1578947368423
6752.259622151576	19183.181282413956	-1521.1578947368423
6752.259622151576	19183.272838838504	-1521.1578947368423
6752.259622151576	19183.364395263055	-1899.0175438596493
6752.259622151576	19183.455951687607	-1744.4385964912283
6752.259622151576	19183.547508112155	-1521.1578947368423
6752.259622151576	19183.639064536706	-1521.1578947368423
6752.259622151576	19183.730620961254	-1521.1578947368423
6752.259622151576	19183.822177385806	-1521.1578947368423
6752.259622151576	19183.913733810357	-1521.1578947368423
6752.259622151576	19184.005290234905	-1744.4385964912283
6752.259622151576	19184.096846659457	-1744.4385964912283
6752.259622151576	19184.188403084005	-1744.4385964912283
6752.259622151576	19184.279959508556	-1744.4385964912283
6752.259622151576	19184.371515933104	-1521.1578947368423
6752.259622151576	19184.463072357656	-1744.4385964912283
6752.259622151576	19184.554628782207	-2178.1184210526317
6752.259622151576	19184.646185206755	-1521.1578947368423
6752.259622151576	19184.737741631307	-1744.4385964912283
6752.259622151576	19184.829298055854	-1744.4385964912283
6752.259622151576	19184.920854480406	-1744.4385964912283
6752.259622151576	19185.012410904958	-1521.1578947368423
6752.259622151576	19185.103967329505	-1984.8947368421054
6752.259622151576	19185.195523754057	-1744.4385964912283
6752.259622151576	19185.287080178605	-1744.4385964912283
6752.259622151576	19185.378636603156	-1744.4385964912283
6752.259622151576	19185.470193027704	-1744.4385964912283
6752.259622151576	19185.561749452256	-1744.4385964912283
6752.259622151576	19185.653305876807	-1744.4385964912283
6752.259622151576	19185.744862301355	-1744.4385964912283
6752.259622151576	19185.836418725907	-1744.4385964912283
6752.259622151576	19185.927975150455	-1744.4385964912283
6752.259622151576	19186.019531575006	-1744.4385964912283
6752.259622151576	19186.111087999558	-1744.4385964912283
6752.259622151576	19186.202644424106	-1521.1578947368423
6752.259622151576	19186.294200848657	-1521.1578947368423
6752.259622151576	19186.385757273205	-1521.1578947368423
6752.259622151576	19186.477313697756	-1744.4385964912283
6752.259622151576	19186.568870122304	-1744.4385964912283
6752.259622151576	19186.660426546856	-1521.1578947368423
6752.259622151576	19186.751982971407	-1521.1578947368423
6752.259622151576	19186.843539395955	-1521.1578947368423
6752.259622151576	19186.935095820507	-1521.1578947368423
6752.259622151576	19187.026652245055	-1744.4385964912283
6752.259622151576	19187.118208669606	-1744.4385964912283
6752.259622151576	19187.209765094158	-1744.4385964912283
6752.259622151576	19187.301321518706	-1744.4385964912283
6752.259622151576	19187.392877943257	-1744.4385964912283
6752.259622151576	19187.484434367805	-1744.4385964912283
6752.259622151576	19187.575990792357	-2186.7061403508774
6743.074441235713	19178.603461186456	-2118.004385964912
6743.074441235713	19178.695017611004	-2178.1184210526317
6743.074441235713	19178.786574035556	-1984.8947368421054
6743.074441235713	19178.878130460103	-1521.1578947368423
6743.074441235713	19178.969686884655	-1521.1578947368423
6743.074441235713	19179.061243309206	-1521.1578947368423
6743.074441235713	19179.152799733754	-829.8464912280702
6743.074441235713	19179.244356158306	-1521.1578947368423
6743.074441235713	19179.335912582854	-1521.1578947368423
6743.074441235713	19179.427469007405	-1899.0175438596493
6743.074441235713	19179.519025431953	-1521.1578947368423
6743.074441235713	19179.610581856505	-1521.1578947368423
6743.074441235713	19179.702138281056	-2083.6535087719303
6743.074441235713	19179.793694705604	-1521.1578947368423
6743.074441235713	19179.885251130156	-1529.7456140350878
6743.074441235713	19179.976807554704	-1521.1578947368423
6743.074441235713	19180.068363979255	-1529.7456140350878
6743.074441235713	19180.159920403807	-1984.8947368421054
6743.074441235713	19180.251476828354	-1521.1578947368423
6743.074441235713	19180.343033252906	-1521.1578947368423
6743.074441235713	19180.434589677454	-2118.004385964912
6743.074441235713	19180.526146102005	-1984.8947368421054
6743.074441235713	19180.617702526553	-1521.1578947368423
6743.074441235713	19180.709258951105	-1521.1578947368423
6743.074441235713	19180.800815375656	-1323.640350877193
6743.074441235713	19180.892371800204	-1984.8947368421054
6743.074441235713	19180.983928224756	-1984.8947368421054
6743.074441235713	19181.075484649304	-1521.1578947368423
6743.074441235713	19181.167041073855	-1521.1578947368423
6743.074441235713	19181.258597498407	-1740.1447368421054
6743.074441235713	19181.350153922955	-2083.6535087719303
6743.074441235713	19181.441710347506	-1740.1447368421054
6743.074441235713	19181.533266772054	-2178.1184210526317
6743.074441235713	19181.624823196606	-1521.1578947368423
6743.074441235713	19181.716379621153	-1744.4385964912283
6743.074441235713	19181.807936045705	-1521.1578947368423
6743.074441235713	19181.899492470257	-1521.1578947368423
6743.074441235713	19181.991048894804	-1521.1578947368423
6743.074441235713	19182.082605319356	-1521.1578947368423
6743.074441235713	19182.174161743904	-1521.1578947368423
6743.074441235713	19182.265718168455	-1521.1578947368423
6743.074441235713	19182.357274593007	-1521.1578947368423
6743.074441235713	19182.448831017555	-1521.1578947368423
6743.074441235713	19182.540387442106	-1744.4385964912283
6743.074441235713	19182.631943866654	-1521.1578947368423
6743.074441235713	19182.723500291206	-1899.0175438596493
6743.074441235713	19182.815056715757	-1327.9342105263158
6743.074441235713	19182.906613140305	-1740.1447368421054
6743.074441235713	19182.998169564857	-1521.1578947368423
6743.074441235713	19183.089725989405	-1521.1578947368423
6743.074441235713	19183.181282413956	-1521.1578947368423
6743.074441235713	19183.272838838504	-1521.1578947368423
6743.074441235713	19183.364395263055	-1521.1578947368423
6743.074441235713	19183.455951687607	-1521.1578947368423
6743.074441235713	19183.547508112155	-1521.1578947368423
6743.074441235713	19183.639064536706	-1521.1578947368423
6743.074441235713	19183.730620961254	-1521.1578947368423
6743.074441235713	19183.822177385806	-1744.4385964912283
6743.074441235713	19183.913733810357	-1744.4385964912283
6743.074441235713	19184.005290234905	-1521.1578947368423
6743.074441235713	19184.096846659457	-1744.4385964912283
6743.074441235713	19184.188403084005	-1744.4385964912283
6743.074441235713	19184.279959508556	-1984.8947368421054
6743.074441235713	19184.371515933104	-1744.4385964912283
6743.074441235713	19184.463072357656	-1744.4385964912283
6743.074441235713	19184.554628782207	-1744.4385964912283
6743.074441235713	19184.646185206755	-1521.1578947368423
6743.074441235713	19184.737741631307	-1744.4385964912283
6743.074441235713	19184.829298055854	-1744.4385964912283
6743.074441235713	19184.920854480406	-1744.4385964912283
6743.074441235713	19185.012410904958	-1521.1578947368423
6743.074441235713	19185.103967329505	-1744.4385964912283
6743.074441235713	19185.195523754057	-1744.4385964912283
6743.074441235713	19185.287080178605	-1984.8947368421054
6743.074441235713	19185.378636603156	-1744.4385964912283
6743.074441235713	19185.470193027704	-1744.4385964912283
6743.074441235713	19185.561749452256	-1740.1447368421054
6743.074441235713	19185.653305876807	-1744.4385964912283
6743.074441235713	19185.744862301355	-1744.4385964912283
6743.074441235713	19185.836418725907	-1744.4385964912283
6743.074441235713	19185.927975150455	-1744.4385964912283
6743.074441235713	19186.019531575006	-1744.4385964912283
6743.074441235713	19186.111087999558	-1744.4385964912283
6743.074441235713	19186.202644424106	-1521.1578947368423
6743.074441235713	19186.294200848657	-1521.1578947368423
6743.074441235713	19186.385757273205	-1521.1578947368423
6743.074441235713	19186.477313697756	-1521.1578947368423
6743.074441235713	19186.568870122304	-1744.4385964912283
6743.074441235713	19186.660426546856	-1521.1578947368423
6743.074441235713	19186.751982971407	-1521.1578947368423
6743.074441235713	19186.843539395955	-1521.1578947368423
6743.074441235713	19186.935095820507	-1521.1578947368423
6743.074441235713	19187.026652245055	-1521.1578947368423
6743.074441235713	19187.118208669606	-1521.1578947368423
6743.074441235713	19187.209765094158	-1744.4385964912283
6743.074441235713	19187.301321518706	-1744.4385964912283
6743.074441235713	19187.392877943257	-1744.4385964912283
6743.074441235713	19187.484434367805	-1744.4385964912283
6743.074441235713	19187.575990792357	-1744.4385964912283
6733.889260319848	19178.603461186456	-2191.0
6733.889260319848	19178.695017611004	-1984.8947368421054
6733.889260319848	19178.786574035556	-1521.1578947368423
6733.889260319848	19178.878130460103	-1521.1578947368423
6733.889260319848	19178.969686884655	-1327.9342105263158
6733.889260319848	19179.061243309206	-907.1359649122808
6733.889260319848	19179.152799733754	-1521.1578947368423
6733.889260319848	19179.244356158306	-1521.1578947368423
6733.889260319848	19179.335912582854	-1984.8947368421054
6733.889260319848	19179.427469007405	-1521.1578947368423
6733.889260319848	19179.519025431953	-1521.1578947368423
6733.889260319848	19179.610581856505	-1521.1578947368423
6733.889260319848	19179.702138281056	-1521.1578947368423
6733.889260319848	19179.793694705604	-804.0833333333334
6733.889260319848	19179.885251130156	-1701.5000000000002
6733.889260319848	19179.976807554704	-1521.1578947368423
6733.889260319848	19180.068363979255	-1521.1578947368423
6733.889260319848	19180.159920403807	-1984.8947368421054
6733.889260319848	19180.251476828354	-1521.1578947368423
6733.889260319848	19180.343033252906	-1984.8947368421054
6733.889260319848	19180.434589677454	-1984.8947368421054
6733.889260319848	19180.526146102005	-1521.1578947368423
6733.889260319848	19180.617702526553	-1521.1578947368423
6733.889260319848	19180.709258951105	-1984.8947368421054
6733.889260319848	19180.800815375656	-1521.1578947368423
6733.889260319848	19180.892371800204	-1521.1578947368423
6733.889260319848	19180.983928224756	-2186.7061403508774
6733.889260319848	19181.075484649304	-1521.1578947368423
6733.889260319848	19181.167041073855	-1521.1578947368423
6733.889260319848	19181.258597498407	-1521.1578947368423
6733.889260319848	19181.350153922955	-1984.8947368421054
6733.889260319848	19181.441710347506	-1521.1578947368423
6733.889260319848	19181.533266772054	-1521.1578947368423
6733.889260319848	19181.624823196606	-1521.1578947368423
6733.889260319848	19181.716379621153	-1744.4385964912283
6733.889260319848	19181.807936045705	-1521.1578947368423
6733.889260319848	19181.899492470257	-1521.1578947368423
6733.889260319848	19181.991048894804	-1521.1578947368423
6733.889260319848	19182.082605319356	-1521.1578947368423
6733.889260319848	19182.174161743904	-1521.1578947368423
6733.889260319848	19182.265718168455	-1521.1578947368423
6733.889260319848	19182.357274593007	-1984.8947368421054
6733.889260319848	19182.448831017555	-1744.4385964912283
6733.889260319848	19182.540387442106	-1521.1578947368423
6733.889260319848	19182.631943866654	-2186.7061403508774
6733.889260319848	19182.723500291206	-1521.1578947368423
6733.889260319848	19182.815056715757	-1740.1447368421054
6733.889260319848	19182.906613140305	-1521.1578947368423
6733.889260319848	19182.998169564857	-1521.1578947368423
6733.889260319848	19183.089725989405	-1521.1578947368423
6733.889260319848	19183.181282413956	-1744.4385964912283
6733.889260319848	19183.272838838504	-1744.4385964912283
6733.889260319848	19183.364395263055	-1521.1578947368423
6733.889260319848	19183.455951687607	-1521.1578947368423
6733.889260319848	19183.547508112155	-1521.1578947368423
6733.889260319848	19183.639064536706	-1744.4385964912283
6733.889260319848	19183.730620961254	-1744.4385964912283
6733.889260319848	19183.822177385806	-1744.4385964912283
6733.889260319848	19183.913733810357	-1521.1578947368423
6733.889260319848	19184.005290234905	-1521.1578947368423
6733.889260319848	19184.096846659457	-2178.1184210526317
6733.889260319848	19184.188403084005	-1327.9342105263158
6733.889260319848	19184.279959508556	-1744.4385964912283
6733.889260319848	19184.371515933104	-1744.4385964912283
6733.889260319848	19184.463072357656	-1521.1578947368423
6733.889260319848	19184.554628782207	-1521.1578947368423
6733.889260319848	19184.646185206755	-1744.4385964912283
6733.889260319848	19184.737741631307	-1521.1578947368423
6733.889260319848	19184.829298055854	-1521.1578947368423
6733.889260319848	19184.920854480406	-1521.1578947368423
6733.889260319848	19185.012410904958	-1744.4385964912283
6733.889260319848	19185.103967329505	-1744.4385964912283
6733.889260319848	19185.195523754057	-1744.4385964912283
6733.889260319848	19185.287080178605	-1984.8947368421054
6733.889260319848	19185.378636603156	-1521.1578947368423
6733.889260319848	19185.470193027704	-1306.4649122807018
6733.889260319848	19185.561749452256	-984.4254385964913
6733.889260319848	19185.653305876807	-1984.8947368421054
6733.889260319848	19185.744862301355	-1521.1578947368423
6733.889260319848	19185.836418725907	-1744.4385964912283
6733.889260319848	19185.927975150455	-1744.4385964912283
6733.889260319848	19186.019531575006	-1744.4385964912283
6733.889260319848	19186.111087999558	-1744.4385964912283
6733.889260319848	19186.202644424106	-1984.8947368421054
6733.889260319848	19186.294200848657	-1521.1578947368423
6733.889260319848	19186.385757273205	-1521.1578947368423
6733.889260319848	19186.477313697756	-1521.1578947368423
6733.889260319848	19186.568870122304	-1521.1578947368423
6733.889260319848	19186.660426546856	-1984.8947368421054
6733.889260319848	19186.751982971407	-1521.1578947368423
6733.889260319848	19186.843539395955	-1521.1578947368423
6733.889260319848	19186.935095820507	-1521.1578947368423
6733.889260319848	19187.026652245055	-1521.1578947368423
6733.889260319848	19187.118208669606	-1744.4385964912283
6733.889260319848	19187.209765094158	-1744.4385964912283
6733.889260319848	19187.301321518706	-1744.4385964912283
6733.889260319848	19187.392877943257	-1744.4385964912283
6733.889260319848	19187.484434367805	-1744.4385964912283
6733.889260319848	19187.575990792357	-1744.4385964912283
6724.704079403985	19178.603461186456	-1984.8947368421054
6724.704079403985	19178.695017611004	-1521.1578947368423
6724.704079403985	19178.786574035556	-1521.1578947368423
6724.704079403985	19178.878130460103	-1521.1578947368423
6724.704079403985	19178.969686884655	-2178.1184210526317
6724.704079403985	19179.061243309206	-1521.1578947368423
6724.704079403985	19179.152799733754	-1521.1578947368423
6724.704079403985	19179.244356158306	-1323.640350877193
6724.704079403985	19179.335912582854	-1521.1578947368423
6724.704079403985	19179.427469007405	-1521.1578947368423
6724.704079403985	19179.519025431953	-1323.640350877193
6724.704079403985	19179.610581856505	-1521.1578947368423
6724.704079403985	19179.702138281056	-1984.8947368421054
6724.704079403985	19179.793694705604	-1701.5000000000002
6724.704079403985	19179.885251130156	-658.0921052631579
6724.704079403985	19179.976807554704	-1521.1578947368423
6724.704079403985	19180.068363979255	-1521.1578947368423
6724.704079403985	19180.159920403807	-1521.1578947368423
6724.704079403985	19180.251476828354	-1984.8947368421054
6724.704079403985	19180.343033252906	-1701.5000000000002
6724.704079403985	19180.434589677454	-1521.1578947368423
6724.704079403985	19180.526146102005	-1521.1578947368423
6724.704079403985	19180.617702526553	-1521.1578947368423
6724.704079403985	19180.709258951105	-1521.1578947368423
6724.704079403985	19180.800815375656	-1521.1578947368423
6724.704079403985	19180.892371800204	-1327.9342105263158
6724.704079403985	19180.983928224756	-1984.8947368421054
6724.704079403985	19181.075484649304	-1521.1578947368423
6724.704079403985	19181.167041073855	-2186.7061403508774
6724.704079403985	19181.258597498407	-1521.1578947368423
6724.704079403985	19181.350153922955	-1521.1578947368423
6724.704079403985	19181.441710347506	-1018.7763157894738
6724.704079403985	19181.533266772054	-1744.4385964912283
6724.704079403985	19181.624823196606	-1744.4385964912283
6724.704079403985	19181.716379621153	-1521.1578947368423
6724.704079403985	19181.807936045705	-1521.1578947368423
6724.704079403985	19181.899492470257	-1521.1578947368423
6724.704079403985	19181.991048894804	-1521.1578947368423
6724.704079403985	19182.082605319356	-1521.1578947368423
6724.704079403985	19182.174161743904	-1521.1578947368423
6724.704079403985	19182.265718168455	-1521.1578947368423
6724.704079403985	19182.357274593007	-1744.4385964912283
6724.704079403985	19182.448831017555	-1521.1578947368423
6724.704079403985	19182.540387442106	-1315.0526315789475
6724.704079403985	19182.631943866654	-1521.1578947368423
6724.704079403985	19182.723500291206	-1744.4385964912283
6724.704079403985	19182.815056715757	-1740.1447368421054
6724.704079403985	19182.906613140305	-1521.1578947368423
6724.704079403985	19182.998169564857	-1521.1578947368423
6724.704079403985	19183.089725989405	-1327.9342105263158
6724.704079403985	19183.181282413956	-1744.4385964912283
6724.704079403985	19183.272838838504	-1521.1578947368423
6724.704079403985	19183.364395263055	-1521.1578947368423
6724.704079403985	19183.455951687607	-1521.1578947368423
6724.704079403985	19183.547508112155	-1521.1578947368423
6724.704079403985	19183.639064536706	-1521.1578947368423
6724.704079403985	19183.730620961254	-1521.1578947368423
6724.704079403985	19183.822177385806	-1744.4385964912283
6724.704079403985	19183.913733810357	-1744.4385964912283
6724.704079403985	19184.005290234905	-1744.4385964912283
6724.704079403985	19184.096846659457	-1744.4385964912283
6724.704079403985	19184.188403084005	-1744.4385964912283
6724.704079403985	19184.279959508556	-1744.4385964912283
6724.704079403985	19184.371515933104	-1744.4385964912283
6724.704079403985	19184.463072357656	-1521.1578947368423
6724.704079403985	19184.554628782207	-1521.1578947368423
6724.704079403985	19184.646185206755	-1521.1578947368423
6724.704079403985	19184.737741631307	-1744.4385964912283
6724.704079403985	19184.829298055854	-1744.4385964912283
6724.704079403985	19184.920854480406	-1744.4385964912283
6724.704079403985	19185.012410904958	-1744.4385964912283
6724.704079403985	19185.103967329505	-1744.4385964912283
6724.704079403985	19185.195523754057	-1323.640350877193
6724.704079403985	19185.287080178605	-1984.8947368421054
6724.704079403985	19185.378636603156	-1521.1578947368423
6724.704079403985	19185.470193027704	-1521.1578947368423
6724.704079403985	19185.561749452256	-1521.1578947368423
6724.704079403985	19185.653305876807	-1744.4385964912283
6724.704079403985	19185.744862301355	-1744.4385964912283
6724.704079403985	19185.836418725907	-1984.8947368421054
6724.704079403985	19185.927975150455	-1744.4385964912283
6724.704079403985	19186.019531575006	-1744.4385964912283
6724.704079403985	19186.111087999558	-1744.4385964912283
6724.704079403985	19186.202644424106	-1744.4385964912283
6724.704079403985	19186.294200848657	-1984.8947368421054
6724.704079403985	19186.385757273205	-1984.8947368421054
6724.704079403985	19186.477313697756	-1521.1578947368423
6724.704079403985	19186.568870122304	-1984.8947368421054
6724.704079403985	19186.660426546856	-1744.4385964912283
6724.704079403985	19186.751982971407	-1984.8947368421054
6724.704079403985	19186.843539395955	-1521.1578947368423
6724.704079403985	19186.935095820507	-1521.1578947368423
6724.704079403985	19187.026652245055	-1521.1578947368423
6724.704079403985	19187.118208669606	-1521.1578947368423
6724.704079403985	19187.209765094158	-1744.4385964912283
6724.704079403985	19187.301321518706	-1744.4385964912283
6724.704079403985	19187.392877943257	-1744.4385964912283
6724.704079403985	19187.484434367805	-1744.4385964912283
6724.704079403985	19187.575990792357	-1744.4385964912283
6715.518898488121	19178.603461186456	-1984.8947368421054
6715.518898488121	19178.695017611004	-1521.1578947368423
6715.518898488121	19178.786574035556	-2186.7061403508774
6715.518898488121	19178.878130460103	-1521.1578947368423
6715.518898488121	19178.969686884655	-1521.1578947368423
6715.518898488121	19179.061243309206	-1521.1578947368423
6715.518898488121	19179.152799733754	-2178.1184210526317
6715.518898488121	19179.244356158306	-1521.1578947368423
6715.518898488121	19179.335912582854	-1521.1578947368423
6715.518898488121	19179.427469007405	-2178.1184210526317
6715.518898488121	19179.519025431953	-1521.1578947368423
6715.518898488121	19179.610581856505	-2186.7061403508774
6715.518898488121	19179.702138281056	-1521.1578947368423
6715.518898488121	19179.793694705604	-1521.1578947368423
6715.518898488121	19179.885251130156	-1521.1578947368423
6715.518898488121	19179.976807554704	-1984.8947368421054
6715.518898488121	19180.068363979255	-1521.1578947368423
6715.518898488121	19180.159920403807	-1984.8947368421054
6715.518898488121	19180.251476828354	-1521.1578947368423
6715.518898488121	19180.343033252906	-1521.1578947368423
6715.518898488121	19180.434589677454	-1984.8947368421054
6715.518898488121	19180.526146102005	-1521.1578947368423
6715.518898488121	19180.617702526553	-816.9649122807018
6715.518898488121	19180.709258951105	-1521.1578947368423
6715.518898488121	19180.800815375656	-1521.1578947368423
6715.518898488121	19180.892371800204	-1521.1578947368423
6715.518898488121	19180.983928224756	-1521.1578947368423
6715.518898488121	19181.075484649304	-1521.1578947368423
6715.518898488121	19181.167041073855	-1740.1447368421054
6715.518898488121	19181.258597498407	-1521.1578947368423
6715.518898488121	19181.350153922955	-1521.1578947368423
6715.518898488121	19181.441710347506	-1521.1578947368423
6715.518898488121	19181.533266772054	-1744.4385964912283
6715.518898488121	19181.624823196606	-1744.4385964912283
6715.518898488121	19181.716379621153	-1521.1578947368423
6715.518898488121	19181.807936045705	-1521.1578947368423
6715.518898488121	19181.899492470257	-1521.1578947368423
6715.518898488121	19181.991048894804	-1521.1578947368423
6715.518898488121	19182.082605319356	-1744.4385964912283
6715.518898488121	19182.174161743904	-1529.7456140350878
6715.518898488121	19182.265718168455	-1744.4385964912283
6715.518898488121	19182.357274593007	-1521.1578947368423
6715.518898488121	19182.448831017555	-1521.1578947368423
6715.518898488121	19182.540387442106	-1521.1578947368423
6715.518898488121	19182.631943866654	-1521.1578947368423
6715.518898488121	19182.723500291206	-1740.1447368421054
6715.518898488121	19182.815056715757	-1521.1578947368423
6715.518898488121	19182.906613140305	-1521.1578947368423
6715.518898488121	19182.998169564857	-1744.4385964912283
6715.518898488121	19183.089725989405	-1744.4385964912283
6715.518898488121	19183.181282413956	-1521.1578947368423
6715.518898488121	19183.272838838504	-1521.1578947368423
6715.518898488121	19183.364395263055	-1521.1578947368423
6715.518898488121	19183.455951687607	-1521.1578947368423
6715.518898488121	19183.547508112155	-1744.4385964912283
6715.518898488121	19183.639064536706	-1744.4385964912283
6715.518898488121	19183.730620961254	-1744.4385964912283
6715.518898488121	19183.822177385806	-1744.4385964912283
6715.518898488121	19183.913733810357	-1744.4385964912283
6715.518898488121	19184.005290234905	-1744.4385964912283
6715.518898488121	19184.096846659457	-1744.4385964912283
6715.518898488121	19184.188403084005	-1744.4385964912283
6715.518898488121	19184.279959508556	-1744.4385964912283
6715.518898488121	19184.371515933104	-1521.1578947368423
6715.518898488121	19184.463072357656	-1521.1578947368423
6715.518898488121	19184.554628782207	-1744.4385964912283
6715.518898488121	19184.646185206755	-1744.4385964912283
6715.518898488121	19184.737741631307	-1744.4385964912283
6715.518898488121	19184.829298055854	-1744.4385964912283
6715.518898488121	19184.920854480406	-1744.4385964912283
6715.518898488121	19185.012410904958	-1744.4385964912283
6715.518898488121	19185.103967329505	-1984.8947368421054
6715.518898488121	19185.195523754057	-1521.1578947368423
6715.518898488121	19185.287080178605	-1521.1578947368423
6715.518898488121	19185.378636603156	-1521.1578947368423
6715.518898488121	19185.470193027704	-1521.1578947368423
6715.518898488121	19185.561749452256	-1521.1578947368423
6715.518898488121	19185.653305876807	-1521.1578947368423
6715.518898488121	19185.744862301355	-1521.1578947368423
6715.518898488121	19185.836418725907	-1521.1578947368423
6715.518898488121	19185.927975150455	-1984.8947368421054
6715.518898488121	19186.019531575006	-1744.4385964912283
6715.518898488121	19186.111087999558	-1744.4385964912283
6715.518898488121	19186.202644424106	-1744.4385964912283
6715.518898488121	19186.294200848657	-1744.4385964912283
6715.518898488121	19186.385757273205	-1744.4385964912283
6715.518898488121	19186.477313697756	-1744.4385964912283
6715.518898488121	19186.568870122304	-1744.4385964912283
6715.518898488121	19186.660426546856	-1744.4385964912283
6715.518898488121	19186.751982971407	-1744.4385964912283
6715.518898488121	19186.843539395955	-1744.4385964912283
6715.518898488121	19186.935095820507	-1521.1578947368423
6715.518898488121	19187.026652245055	-1521.1578947368423
6715.518898488121	19187.118208669606	-1744.4385964912283
6715.518898488121	19187.209765094158	-1744.4385964912283
6715.518898488121	19187.301321518706	-1744.4385964912283
6715.518898488121	19187.392877943257	-1744.4385964912283
6715.518898488121	19187.484434367805	-1744.4385964912283
6715.518898488121	19187.575990792357	-1744.4385964912283
6706.333717572257	19178.603461186456	-1521.1578947368423
6706.333717572257	19178.695017611004	-1521.1578947368423
6706.333717572257	19178.786574035556	-1521.1578947368423
6706.333717572257	19178.878130460103	-1521.1578947368423
6706.333717572257	19178.969686884655	-1701.5000000000002
6706.333717572257	19179.061243309206	-1701.5000000000002
6706.333717572257	19179.152799733754	-1521.1578947368423
6706.333717572257	19179.244356158306	-1521.1578947368423
6706.333717572257	19179.335912582854	-1323.640350877193
6706.333717572257	19179.427469007405	-1521.1578947368423
6706.333717572257	19179.519025431953	-782.6140350877193
6706.333717572257	19179.610581856505	-1521.1578947368423
6706.333717572257	19179.702138281056	-1306.4649122807018
6706.333717572257	19179.793694705604	-1521.1578947368423
6706.333717572257	19179.885251130156	-1521.1578947368423
6706.333717572257	19179.976807554704	-1521.1578947368423
6706.333717572257	19180.068363979255	-1984.8947368421054
6706.333717572257	19180.159920403807	-1521.1578947368423
6706.333717572257	19180.251476828354	-1521.1578947368423
6706.333717572257	19180.343033252906	-2178.1184210526317
6706.333717572257	19180.434589677454	-1521.1578947368423
6706.333717572257	19180.526146102005	-1521.1578947368423
6706.333717572257	19180.617702526553	-1521.1578947368423
6706.333717572257	19180.709258951105	-1521.1578947368423
6706.333717572257	19180.800815375656	-1521.1578947368423
6706.333717572257	19180.892371800204	-1521.1578947368423
6706.333717572257	19180.983928224756	-1740.1447368421054
6706.333717572257	19181.075484649304	-1740.1447368421054
6706.333717572257	19181.167041073855	-1740.1447368421054
6706.333717572257	19181.258597498407	-1521.1578947368423
6706.333717572257	19181.350153922955	-1984.8947368421054
6706.333717572257	19181.441710347506	-1521.1578947368423
6706.333717572257	19181.533266772054	-1521.1578947368423
6706.333717572257	19181.624823196606	-1521.1578947368423
6706.333717572257	19181.716379621153	-1521.1578947368423
6706.333717572257	19181.807936045705	-1521.1578947368423
6706.333717572257	19181.899492470257	-1521.1578947368423
6706.333717572257	19181.991048894804	-1521.1578947368423
6706.333717572257	19182.082605319356	-340.3464912280702
6706.333717572257	19182.174161743904	-1521.1578947368423
6706.333717572257	19182.265718168455	-1744.4385964912283
6706.333717572257	19182.357274593007	-1521.1578947368423
6706.333717572257	19182.448831017555	-2178.1184210526317
6706.333717572257	19182.540387442106	-1521.1578947368423
6706.333717572257	19182.631943866654	-1740.1447368421054
6706.333717572257	19182.723500291206	-1521.1578947368423
6706.333717572257	19182.815056715757	-1521.1578947368423
6706.333717572257	19182.906613140305	-1521.1578947368423
6706.333717572257	19182.998169564857	-1521.1578947368423
6706.333717572257	19183.089725989405	-1521.1578947368423
6706.333717572257	19183.181282413956	-1521.1578947368423
6706.333717572257	19183.272838838504	-1521.1578947368423
6706.333717572257	19183.364395263055	-1744.4385964912283
6706.333717572257	19183.455951687607	-1744.4385964912283
6706.333717572257	19183.547508112155	-1744.4385964912283
6706.333717572257	19183.639064536706	-1521.1578947368423
6706.333717572257	19183.730620961254	-1744.4385964912283
6706.333717572257	19183.822177385806	-1521.1578947368423
6706.333717572257	19183.913733810357	-1521.1578947368423
6706.333717572257	19184.005290234905	-1521.1578947368423
6706.333717572257	19184.096846659457	-1521.1578947368423
6706.333717572257	19184.188403084005	-1521.1578947368423
6706.333717572257	19184.279959508556	-1521.1578947368423
6706.333717572257	19184.371515933104	-1521.1578947368423
6706.333717572257	19184.463072357656	-1521.1578947368423
6706.333717572257	19184.554628782207	-1744.4385964912283
6706.333717572257	19184.646185206755	-1744.4385964912283
6706.333717572257	19184.737741631307	-1744.4385964912283
6706.333717572257	19184.829298055854	-1744.4385964912283
6706.333717572257	19184.920854480406	-1744.4385964912283
6706.333717572257	19185.012410904958	-1984.8947368421054
6706.333717572257	19185.103967329505	-1521.1578947368423
6706.333717572257	19185.195523754057	-2083.6535087719303
6706.333717572257	19185.287080178605	-1521.1578947368423
6706.333717572257	19185.378636603156	-1521.1578947368423
6706.333717572257	19185.470193027704	-1521.1578947368423
6706.333717572257	19185.561749452256	-1521.1578947368423
6706.333717572257	19185.653305876807	-1521.1578947368423
6706.333717572257	19185.744862301355	-1521.1578947368423
6706.333717572257	19185.836418725907	-1521.1578947368423
6706.333717572257	19185.927975150455	-1521.1578947368423
6706.333717572257	19186.019531575006	-1744.4385964912283
6706.333717572257	19186.111087999558	-1744.4385964912283
6706.333717572257	19186.202644424106	-1744.4385964912283
6706.333717572257	19186.294200848657	-1744.4385964912283
6706.333717572257	19186.385757273205	-1744.4385964912283
6706.333717572257	19186.477313697756	-1744.4385964912283
6706.333717572257	19186.568870122304	-1744.4385964912283
6706.333717572257	19186.660426546856	-1744.4385964912283
6706.333717572257	19186.751982971407	-1744.4385964912283
6706.333717572257	19186.843539395955	-1744.4385964912283
6706.333717572257	19186.935095820507	-1521.1578947368423
6706.333717572257	19187.026652245055	-1521.1578947368423
6706.333717572257	19187.118208669606	-1744.4385964912283
6706.333717572257	19187.209765094158	-1744.4385964912283
6706.333717572257	19187.301321518706	-1744.4385964912283
6706.333717572257	19187.392877943257	-1744.4385964912283
6706.333717572257	19187.484434367805	-2083.6535087719303
6706.333717572257	19187.575990792357	-1744.4385964912283
6697.148536656394	19178.603461186456	-2186.7061403508774
6697.148536656394	19178.695017611004	-1521.1578947368423
6697.148536656394	19178.786574035556	-1984.8947368421054
6697.148536656394	19178.878130460103	-2186.7061403508774
6697.148536656394	19178.969686884655	-1521.1578947368423
6697.148536656394	19179.061243309206	-1521.1578947368423
6697.148536656394	19179.152799733754	-1521.1578947368423
6697.148536656394	19179.244356158306	-1521.1578947368423
6697.148536656394	19179.335912582854	-1521.1578947368423
6697.148536656394	19179.427469007405	-1521.1578947368423
6697.148536656394	19179.519025431953	-1521.1578947368423
6697.148536656394	19179.610581856505	-1521.1578947368423
6697.148536656394	19179.702138281056	-1984.8947368421054
6697.148536656394	19179.793694705604	-1984.8947368421054
6697.148536656394	19179.885251130156	-1521.1578947368423
6697.148536656394	19179.976807554704	-1984.8947368421054
6697.148536656394	19180.068363979255	-1521.1578947368423
6697.148536656394	19180.159920403807	-1521.1578947368423
6697.148536656394	19180.251476828354	-1521.1578947368423
6697.148536656394	19180.343033252906	-1521.1578947368423
6697.148536656394	19180.434589677454	-1521.1578947368423
6697.148536656394	19180.526146102005	-1521.1578947368423
6697.148536656394	19180.617702526553	-1521.1578947368423
6697.148536656394	19180.709258951105	-1521.1578947368423
6697.148536656394	19180.800815375656	-1521.1578947368423
6697.148536656394	19180.892371800204	-1984.8947368421054
6697.148536656394	19180.983928224756	-1521.1578947368423
6697.148536656394	19181.075484649304	-1521.1578947368423
6697.148536656394	19181.167041073855	-2083.6535087719303
6697.148536656394	19181.258597498407	-2083.6535087719303
6697.148536656394	19181.350153922955	-1521.1578947368423
6697.148536656394	19181.441710347506	-1529.7456140350878
6697.148536656394	19181.533266772054	-1323.640350877193
6697.148536656394	19181.624823196606	-1521.1578947368423
6697.148536656394	19181.716379621153	-1521.1578947368423
6697.148536656394	19181.807936045705	-1521.1578947368423
6697.148536656394	19181.899492470257	-1521.1578947368423
6697.148536656394	19181.991048894804	-1521.1578947368423
6697.148536656394	19182.082605319356	-1521.1578947368423
6697.148536656394	19182.174161743904	-1984.8947368421054
6697.148536656394	19182.265718168455	-1521.1578947368423
6697.148536656394	19182.357274593007	-1744.4385964912283
6697.148536656394	19182.448831017555	-1521.1578947368423
6697.148536656394	19182.540387442106	-1744.4385964912283
6697.148536656394	19182.631943866654	-1744.4385964912283
6697.148536656394	19182.723500291206	-1521.1578947368423
6697.148536656394	19182.815056715757	-1744.4385964912283
6697.148536656394	19182.906613140305	-1744.4385964912283
6697.148536656394	19182.998169564857	-1521.1578947368423
6697.148536656394	19183.089725989405	-1521.1578947368423
6697.148536656394	19183.181282413956	-1521.1578947368423
6697.148536656394	19183.272838838504	-1744.4385964912283
6697.148536656394	19183.364395263055	-1744.4385964912283
6697.148536656394	19183.455951687607	-1744.4385964912283
6697.148536656394	19183.547508112155	-1001.6008771929825
6697.148536656394	19183.639064536706	-1744.4385964912283
6697.148536656394	19183.730620961254	-1521.1578947368423
6697.148536656394	19183.822177385806	-1521.1578947368423
6697.148536656394	19183.913733810357	-1521.1578947368423
6697.148536656394	19184.005290234905	-1521.1578947368423
6697.148536656394	19184.096846659457	-1744.4385964912283
6697.148536656394	19184.188403084005	-1521.1578947368423
6697.148536656394	19184.279959508556	-1521.1578947368423
6697.148536656394	19184.371515933104	-1744.4385964912283
6697.148536656394	19184.463072357656	-1744.4385964912283
6697.148536656394	19184.554628782207	-1744.4385964912283
6697.148536656394	19184.646185206755	-1744.4385964912283
6697.148536656394	19184.737741631307	-1744.4385964912283
6697.148536656394	19184.829298055854	-1744.4385964912283
6697.148536656394	19184.920854480406	-1744.4385964912283
6697.148536656394	19185.012410904958	-1744.4385964912283
6697.148536656394	19185.103967329505	-2178.1184210526317
6697.148536656394	19185.195523754057	-1521.1578947368423
6697.148536656394	19185.287080178605	-1327.9342105263158
6697.148536656394	19185.378636603156	-1740.1447368421054
6697.148536656394	19185.470193027704	-1744.4385964912283
6697.148536656394	19185.561749452256	-1521.1578947368423
6697.148536656394	19185.653305876807	-1984.8947368421054
6697.148536656394	19185.744862301355	-993.0131578947369
6697.148536656394	19185.836418725907	-1521.1578947368423
6697.148536656394	19185.927975150455	-1521.1578947368423
6697.148536656394	19186.019531575006	-1744.4385964912283
6697.148536656394	19186.111087999558	-1744.4385964912283
6697.148536656394	19186.202644424106	-1744.4385964912283
6697.148536656394	19186.294200848657	-1744.4385964912283
6697.148536656394	19186.385757273205	-1744.4385964912283
6697.148536656394	19186.477313697756	-1744.4385964912283
6697.148536656394	19186.568870122304	-1744.4385964912283
6697.148536656394	19186.660426546856	-1744.4385964912283
6697.148536656394	19186.751982971407	-1521.1578947368423
6697.148536656394	19186.843539395955	-1521.1578947368423
6697.148536656394	19186.935095820507	-1521.1578947368423
6697.148536656394	19187.026652245055	-1521.1578947368423
6697.148536656394	19187.118208669606	-1744.4385964912283
6697.148536656394	19187.209765094158	-1744.4385964912283
6697.148536656394	19187.301321518706	-1744.4385964912283
6697.148536656394	19187.392877943257	-1744.4385964912283
6697.148536656394	19187.484434367805	-1744.4385964912283
6697.148536656394	19187.575990792357	-1744.4385964912283
6687.96335574053	19178.603461186456	-1521.1578947368423
6687.96335574053	19178.695017611004	-1521.1578947368423
6687.96335574053	19178.786574035556	-2178.1184210526317
6687.96335574053	19178.878130460103	-1521.1578947368423
6687.96335574053	19178.969686884655	-1521.1578947368423
6687.96335574053	19179.061243309206	-1327.9342105263158
6687.96335574053	19179.152799733754	-1521.1578947368423
6687.96335574053	19179.244356158306	-1984.8947368421054
6687.96335574053	19179.335912582854	-1323.640350877193
6687.96335574053	19179.427469007405	-1521.1578947368423
6687.96335574053	19179.519025431953	-1529.7456140350878
6687.96335574053	19179.610581856505	-1521.1578947368423
6687.96335574053	19179.702138281056	-1521.1578947368423
6687.96335574053	19179.793694705604	-1521.1578947368423
6687.96335574053	19179.885251130156	-1984.8947368421054
6687.96335574053	19179.976807554704	-1306.4649122807018
6687.96335574053	19180.068363979255	-1521.1578947368423
6687.96335574053	19180.159920403807	-1521.1578947368423
6687.96335574053	19180.251476828354	-1521.1578947368423
6687.96335574053	19180.343033252906	-1521.1578947368423
6687.96335574053	19180.434589677454	-1744.4385964912283
6687.96335574053	19180.526146102005	-1521.1578947368423
6687.96335574053	19180.617702526553	-1521.1578947368423
6687.96335574053	19180.709258951105	-1984.8947368421054
6687.96335574053	19180.800815375656	-1740.1447368421054
6687.96335574053	19180.892371800204	-2178.1184210526317
6687.96335574053	19180.983928224756	-1984.8947368421054
6687.96335574053	19181.075484649304	-1521.1578947368423
6687.96335574053	19181.167041073855	-494.92543859649123
6687.96335574053	19181.258597498407	-1521.1578947368423
6687.96335574053	19181.350153922955	-1521.1578947368423
6687.96335574053	19181.441710347506	-2186.7061403508774
6687.96335574053	19181.533266772054	-1521.1578947368423
6687.96335574053	19181.624823196606	-1521.1578947368423
6687.96335574053	19181.716379621153	-1521.1578947368423
6687.96335574053	19181.807936045705	-1521.1578947368423
6687.96335574053	19181.899492470257	-1521.1578947368423
6687.96335574053	19181.991048894804	-2186.7061403508774
6687.96335574053	19182.082605319356	-1521.1578947368423
6687.96335574053	19182.174161743904	-1744.4385964912283
6687.96335574053	19182.265718168455	-1744.4385964912283
6687.96335574053	19182.357274593007	-1521.1578947368423
6687.96335574053	19182.448831017555	-1740.1447368421054
6687.96335574053	19182.540387442106	-1521.1578947368423
6687.96335574053	19182.631943866654	-1521.1578947368423
6687.96335574053	19182.723500291206	-1521.1578947368423
6687.96335574053	19182.815056715757	-1744.4385964912283
6687.96335574053	19182.906613140305	-1521.1578947368423
6687.96335574053	19182.998169564857	-1521.1578947368423
6687.96335574053	19183.089725989405	-1521.1578947368423
6687.96335574053	19183.181282413956	-1744.4385964912283
6687.96335574053	19183.272838838504	-2178.1184210526317
6687.96335574053	19183.364395263055	-1521.1578947368423
6687.96335574053	19183.455951687607	-1744.4385964912283
6687.96335574053	19183.547508112155	-1744.4385964912283
6687.96335574053	19183.639064536706	-1521.1578947368423
6687.96335574053	19183.730620961254	-1521.1578947368423
6687.96335574053	19183.822177385806	-1521.1578947368423
6687.96335574053	19183.913733810357	-1521.1578947368423
6687.96335574053	19184.005290234905	-1744.4385964912283
6687.96335574053	19184.096846659457	-1744.4385964912283
6687.96335574053	19184.188403084005	-1744.4385964912283
6687.96335574053	19184.279959508556	-1521.1578947368423
6687.96335574053	19184.371515933104	-1744.4385964912283
6687.96335574053	19184.463072357656	-1744.4385964912283
6687.96335574053	19184.554628782207	-1744.4385964912283
6687.96335574053	19184.646185206755	-1744.4385964912283
6687.96335574053	19184.737741631307	-1744.4385964912283
6687.96335574053	19184.829298055854	-1744.4385964912283
6687.96335574053	19184.920854480406	-1744.4385964912283
6687.96335574053	19185.012410904958	-1521.1578947368423
6687.96335574053	19185.103967329505	-1521.1578947368423
6687.96335574053	19185.195523754057	-1744.4385964912283
6687.96335574053	19185.287080178605	-1014.4824561403509
6687.96335574053	19185.378636603156	-1521.1578947368423
6687.96335574053	19185.470193027704	-1521.1578947368423
6687.96335574053	19185.561749452256	-1744.4385964912283
6687.96335574053	19185.653305876807	-1521.1578947368423
6687.96335574053	19185.744862301355	-1521.1578947368423
6687.96335574053	19185.836418725907	-1744.4385964912283
6687.96335574053	19185.927975150455	-1744.4385964912283
6687.96335574053	19186.019531575006	-1744.4385964912283
6687.96335574053	19186.111087999558	-1744.4385964912283
6687.96335574053	19186.202644424106	-1744.4385964912283
6687.96335574053	19186.294200848657	-1744.4385964912283
6687.96335574053	19186.385757273205	-1744.4385964912283
6687.96335574053	19186.477313697756	-1744.4385964912283
6687.96335574053	19186.568870122304	-1744.4385964912283
6687.96335574053	19186.660426546856	-1744.4385964912283
6687.96335574053	19186.751982971407	-1744.4385964912283
6687.96335574053	19186.843539395955	-1521.1578947368423
6687.96335574053	19186.935095820507	-1521.1578947368423
6687.96335574053	19187.026652245055	-1521.1578947368423
6687.96335574053	19187.118208669606	-1744.4385964912283
6687.96335574053	19187.209765094158	-1744.4385964912283
6687.96335574053	19187.301321518706	-1744.4385964912283
6687.96335574053	19187.392877943257	-1744.4385964912283
6687.96335574053	19187.484434367805	-1744.4385964912283
6687.96335574053	19187.575990792357	-1744.4385964912283
6678.778174824665	19178.603461186456	-1521.1578947368423
6678.778174824665	19178.695017611004	-1323.640350877193
6678.778174824665	19178.786574035556	-1521.1578947368423
6678.778174824665	19178.878130460103	-1529.7456140350878
6678.778174824665	19178.969686884655	-1521.1578947368423
6678.778174824665	19179.061243309206	-1521.1578947368423
6678.778174824665	19179.152799733754	-2178.1184210526317
6678.778174824665	19179.244356158306	-1521.1578947368423
6678.778174824665	19179.335912582854	-1521.1578947368423
6678.778174824665	19179.427469007405	-1323.640350877193
6678.778174824665	19179.519025431953	-1984.8947368421054
6678.778174824665	19179.610581856505	-2178.1184210526317
6678.778174824665	19179.702138281056	-1521.1578947368423
6678.778174824665	19179.793694705604	-2186.7061403508774
6678.778174824665	19179.885251130156	-1521.1578947368423
6678.778174824665	19179.976807554704	-1521.1578947368423
6678.778174824665	19180.068363979255	-1984.8947368421054
6678.778174824665	19180.159920403807	-1521.1578947368423
6678.778174824665	19180.251476828354	-1521.1578947368423
6678.778174824665	19180.343033252906	-1740.1447368421054
6678.778174824665	19180.434589677454	-1521.1578947368423
6678.778174824665	19180.526146102005	-709.6184210526317
6678.778174824665	19180.617702526553	-1521.1578947368423
6678.778174824665	19180.709258951105	-1984.8947368421054
6678.778174824665	19180.800815375656	-1740.1447368421054
6678.778174824665	19180.892371800204	-1740.1447368421054
6678.778174824665	19180.983928224756	-1899.0175438596493
6678.778174824665	19181.075484649304	-2083.6535087719303
6678.778174824665	19181.167041073855	-1521.1578947368423
6678.778174824665	19181.258597498407	-1744.4385964912283
6678.778174824665	19181.350153922955	-1521.1578947368423
6678.778174824665	19181.441710347506	-1521.1578947368423
6678.778174824665	19181.533266772054	-1521.1578947368423
6678.778174824665	19181.624823196606	-1521.1578947368423
6678.778174824665	19181.716379621153	-1521.1578947368423
6678.778174824665	19181.807936045705	-765.4385964912282
6678.778174824665	19181.899492470257	-1521.1578947368423
6678.778174824665	19181.991048894804	-1521.1578947368423
6678.778174824665	19182.082605319356	-1744.4385964912283
6678.778174824665	19182.174161743904	-1744.4385964912283
6678.778174824665	19182.265718168455	-1744.4385964912283
6678.778174824665	19182.357274593007	-1740.1447368421054
6678.778174824665	19182.448831017555	-1521.1578947368423
6678.778174824665	19182.540387442106	-1521.1578947368423
6678.778174824665	19182.631943866654	-1521.1578947368423
6678.778174824665	19182.723500291206	-1984.8947368421054
6678.778174824665	19182.815056715757	-1521.1578947368423
6678.778174824665	19182.906613140305	-1521.1578947368423
6678.778174824665	19182.998169564857	-1744.4385964912283
6678.778174824665	19183.089725989405	-1744.4385964912283
6678.778174824665	19183.181282413956	-1899.0175438596493
6678.778174824665	19183.272838838504	-1521.1578947368423
6678.778174824665	19183.364395263055	-1744.4385964912283
6678.778174824665	19183.455951687607	-1521.1578947368423
6678.778174824665	19183.547508112155	-1744.4385964912283
6678.778174824665	19183.639064536706	-1744.4385964912283
6678.778174824665	19183.730620961254	-1744.4385964912283
6678.778174824665	19183.822177385806	-1744.4385964912283
6678.778174824665	19183.913733810357	-1744.4385964912283
6678.778174824665	19184.005290234905	-1744.4385964912283
6678.778174824665	19184.096846659457	-1744.4385964912283
6678.778174824665	19184.188403084005	-1744.4385964912283
6678.778174824665	19184.279959508556	-1744.4385964912283
6678.778174824665	19184.371515933104	-1744.4385964912283
6678.778174824665	19184.463072357656	-1744.4385964912283
6678.778174824665	19184.554628782207	-1744.4385964912283
6678.778174824665	19184.646185206755	-1984.8947368421054
6678.778174824665	19184.737741631307	-1327.9342105263158
6678.778174824665	19184.829298055854	-1984.8947368421054
6678.778174824665	19184.920854480406	-1327.9342105263158
6678.778174824665	19185.012410904958	-1521.1578947368423
6678.778174824665	19185.103967329505	-1306.4649122807018
6678.778174824665	19185.195523754057	-1521.1578947368423
6678.778174824665	19185.287080178605	-2178.1184210526317
6678.778174824665	19185.378636603156	-1521.1578947368423
6678.778174824665	19185.470193027704	-1984.8947368421054
6678.778174824665	19185.561749452256	-1744.4385964912283
6678.778174824665	19185.653305876807	-1744.4385964912283
6678.778174824665	19185.744862301355	-1744.4385964912283
6678.778174824665	19185.836418725907	-1744.4385964912283
6678.778174824665	19185.927975150455	-1744.4385964912283
6678.778174824665	19186.019531575006	-1744.4385964912283
6678.778174824665	19186.111087999558	-1744.4385964912283
6678.778174824665	19186.202644424106	-1744.4385964912283
6678.778174824665	19186.294200848657	-1744.4385964912283
6678.778174824665	19186.385757273205	-1744.4385964912283
6678.778174824665	19186.477313697756	-1744.4385964912283
6678.778174824665	19186.568870122304	-1744.4385964912283
6678.778174824665	19186.660426546856	-1984.8947368421054
6678.778174824665	19186.751982971407	-1521.1578947368423
6678.778174824665	19186.843539395955	-1521.1578947368423
6678.778174824665	19186.935095820507	-1521.1578947368423
6678.778174824665	19187.026652245055	-1744.4385964912283
6678.778174824665	19187.118208669606	-1744.4385964912283
6678.778174824665	19187.209765094158	-1744.4385964912283
6678.778174824665	19187.301321518706	-1744.4385964912283
6678.778174824665	19187.392877943257	-1744.4385964912283
6678.778174824665	19187.484434367805	-1744.4385964912283
6678.778174824665	19187.575990792357	-1306.4649122807018
6669.592993908802	19178.603461186456	-1521.1578947368423
6669.592993908802	19178.695017611004	-1521.1578947368423
6669.592993908802	19178.786574035556	-718.2061403508771
6669.592993908802	19178.878130460103	-1521.1578947368423
6669.592993908802	19178.969686884655	-1521.1578947368423
6669.592993908802	19179.061243309206	-928.6052631578948
6669.592993908802	19179.152799733754	-1521.1578947368423
6669.592993908802	19179.244356158306	-1521.1578947368423
6669.592993908802	19179.335912582854	-1529.7456140350878
6669.592993908802	19179.427469007405	-1521.1578947368423
6669.592993908802	19179.519025431953	-1327.9342105263158
6669.592993908802	19179.610581856505	-1521.1578947368423
6669.592993908802	19179.702138281056	-2178.1184210526317
6669.592993908802	19179.793694705604	-1521.1578947368423
6669.592993908802	19179.885251130156	-1521.1578947368423
6669.592993908802	19179.976807554704	-1521.1578947368423
6669.592993908802	19180.068363979255	-1521.1578947368423
6669.592993908802	19180.159920403807	-1521.1578947368423
6669.592993908802	19180.251476828354	-1521.1578947368423
6669.592993908802	19180.343033252906	-1521.1578947368423
6669.592993908802	19180.434589677454	-2178.1184210526317
6669.592993908802	19180.526146102005	-1521.1578947368423
6669.592993908802	19180.617702526553	-1521.1578947368423
6669.592993908802	19180.709258951105	-1521.1578947368423
6669.592993908802	19180.800815375656	-1740.1447368421054
6669.592993908802	19180.892371800204	-1521.1578947368423
6669.592993908802	19180.983928224756	-679.561403508772
6669.592993908802	19181.075484649304	-1521.1578947368423
6669.592993908802	19181.167041073855	-1521.1578947368423
6669.592993908802	19181.258597498407	-1521.1578947368423
6669.592993908802	19181.350153922955	-1744.4385964912283
6669.592993908802	19181.441710347506	-1521.1578947368423
6669.592993908802	19181.533266772054	-1521.1578947368423
6669.592993908802	19181.624823196606	-1899.0175438596493
6669.592993908802	19181.716379621153	-1521.1578947368423
6669.592993908802	19181.807936045705	-1521.1578947368423
6669.592993908802	19181.899492470257	-1744.4385964912283
6669.592993908802	19181.991048894804	-1744.4385964912283
6669.592993908802	19182.082605319356	-1521.1578947368423
6669.592993908802	19182.174161743904	-2178.1184210526317
6669.592993908802	19182.265718168455	-1521.1578947368423
6669.592993908802	19182.357274593007	-1740.1447368421054
6669.592993908802	19182.448831017555	-1521.1578947368423
6669.592993908802	19182.540387442106	-1521.1578947368423
6669.592993908802	19182.631943866654	-1744.4385964912283
6669.592993908802	19182.723500291206	-1521.1578947368423
6669.592993908802	19182.815056715757	-1521.1578947368423
6669.592993908802	19182.906613140305	-1521.1578947368423
6669.592993908802	19182.998169564857	-1744.4385964912283
6669.592993908802	19183.089725989405	-1284.9956140350878
6669.592993908802	19183.181282413956	-1744.4385964912283
6669.592993908802	19183.272838838504	-1744.4385964912283
6669.592993908802	19183.364395263055	-1521.1578947368423
6669.592993908802	19183.455951687607	-1744.4385964912283
6669.592993908802	19183.547508112155	-1744.4385964912283
6669.592993908802	19183.639064536706	-1744.4385964912283
6669.592993908802	19183.730620961254	-1744.4385964912283
6669.592993908802	19183.822177385806	-1744.4385964912283
6669.592993908802	19183.913733810357	-1744.4385964912283
6669.592993908802	19184.005290234905	-1744.4385964912283
6669.592993908802	19184.096846659457	-1744.4385964912283
6669.592993908802	19184.188403084005	-1744.4385964912283
6669.592993908802	19184.279959508556	-1744.4385964912283
6669.592993908802	19184.371515933104	-1744.4385964912283
6669.592993908802	19184.463072357656	-1744.4385964912283
6669.592993908802	19184.554628782207	-1744.4385964912283
6669.592993908802	19184.646185206755	-1984.8947368421054
6669.592993908802	19184.737741631307	-1521.1578947368423
6669.592993908802	19184.829298055854	-1521.1578947368423
6669.592993908802	19184.920854480406	-1521.1578947368423
6669.592993908802	19185.012410904958	-2083.6535087719303
6669.592993908802	19185.103967329505	-1521.1578947368423
6669.592993908802	19185.195523754057	-1744.4385964912283
6669.592993908802	19185.287080178605	-1521.1578947368423
6669.592993908802	19185.378636603156	-1521.1578947368423
6669.592993908802	19185.470193027704	-1744.4385964912283
6669.592993908802	19185.561749452256	-1744.4385964912283
6669.592993908802	19185.653305876807	-1744.4385964912283
6669.592993908802	19185.744862301355	-1744.4385964912283
6669.592993908802	19185.836418725907	-1744.4385964912283
6669.592993908802	19185.927975150455	-1744.4385964912283
6669.592993908802	19186.019531575006	-1744.4385964912283
6669.592993908802	19186.111087999558	-1744.4385964912283
6669.592993908802	19186.202644424106	-1744.4385964912283
6669.592993908802	19186.294200848657	-1744.4385964912283
6669.592993908802	19186.385757273205	-1744.4385964912283
6669.592993908802	19186.477313697756	-1744.4385964912283
6669.592993908802	19186.568870122304	-1744.4385964912283
6669.592993908802	19186.660426546856	-1521.1578947368423
6669.592993908802	19186.751982971407	-1521.1578947368423
6669.592993908802	19186.843539395955	-1521.1578947368423
6669.592993908802	19186.935095820507	-1744.4385964912283
6669.592993908802	19187.026652245055	-1744.4385964912283
6669.592993908802	19187.118208669606	-1744.4385964912283
6669.592993908802	19187.209765094158	-1744.4385964912283
6669.592993908802	19187.301321518706	-1744.4385964912283
6669.592993908802	19187.392877943257	-1744.4385964912283
6669.592993908802	19187.484434367805	-2083.6535087719303
6669.592993908802	19187.575990792357	-1744.4385964912283
6660.4078129929385	19178.603461186456	-1521.1578947368423
6660.4078129929385	19178.695017611004	-1327.9342105263158
6660.4078129929385	19178.786574035556	-1521.1578947368423
6660.4078129929385	19178.878130460103	-1521.1578947368423
6660.4078129929385	19178.969686884655	-1521.1578947368423
6660.4078129929385	19179.061243309206	-1521.1578947368423
6660.4078129929385	19179.152799733754	-1521.1578947368423
6660.4078129929385	19179.244356158306	-1521.1578947368423
6660.4078129929385	19179.335912582854	-1984.8947368421054
6660.4078129929385	19179.427469007405	-1521.1578947368423
6660.4078129929385	19179.519025431953	-1521.1578947368423
6660.4078129929385	19179.610581856505	-1984.8947368421054
6660.4078129929385	19179.702138281056	-1521.1578947368423
6660.4078129929385	19179.793694705604	-1521.1578947368423
6660.4078129929385	19179.885251130156	-1521.1578947368423
6660.4078129929385	19179.976807554704	-1521.1578947368423
6660.4078129929385	19180.068363979255	-1521.1578947368423
6660.4078129929385	19180.159920403807	-1899.0175438596493
6660.4078129929385	19180.251476828354	-1744.4385964912283
6660.4078129929385	19180.343033252906	-1521.1578947368423
6660.4078129929385	19180.434589677454	-1521.1578947368423
6660.4078129929385	19180.526146102005	-1984.8947368421054
6660.4078129929385	19180.617702526553	-1744.4385964912283
6660.4078129929385	19180.709258951105	-1521.1578947368423
6660.4078129929385	19180.800815375656	-1521.1578947368423
6660.4078129929385	19180.892371800204	-314.58333333333337
6660.4078129929385	19180.983928224756	-1521.1578947368423
6660.4078129929385	19181.075484649304	-1744.4385964912283
6660.4078129929385	19181.167041073855	-1521.1578947368423
6660.4078129929385	19181.258597498407	-2178.1184210526317
6660.4078129929385	19181.350153922955	-1521.1578947368423
6660.4078129929385	19181.441710347506	-1521.1578947368423
6660.4078129929385	19181.533266772054	-688.1491228070176
6660.4078129929385	19181.624823196606	-1323.640350877193
6660.4078129929385	19181.716379621153	-1984.8947368421054
6660.4078129929385	19181.807936045705	-1744.4385964912283
6660.4078129929385	19181.899492470257	-1521.1578947368423
6660.4078129929385	19181.991048894804	-1744.4385964912283
6660.4078129929385	19182.082605319356	-1984.8947368421054
6660.4078129929385	19182.174161743904	-1521.1578947368423
6660.4078129929385	19182.265718168455	-1740.1447368421054
6660.4078129929385	19182.357274593007	-1521.1578947368423
6660.4078129929385	19182.448831017555	-2178.1184210526317
6660.4078129929385	19182.540387442106	-1744.4385964912283
6660.4078129929385	19182.631943866654	-1521.1578947368423
6660.4078129929385	19182.723500291206	-1521.1578947368423
6660.4078129929385	19182.815056715757	-1744.4385964912283
6660.4078129929385	19182.906613140305	-1744.4385964912283
6660.4078129929385	19182.998169564857	-1744.4385964912283
6660.4078129929385	19183.089725989405	-1744.4385964912283
6660.4078129929385	19183.181282413956	-1521.1578947368423
6660.4078129929385	19183.272838838504	-1521.1578947368423
6660.4078129929385	19183.364395263055	-1744.4385964912283
6660.4078129929385	19183.455951687607	-1744.4385964912283
6660.4078129929385	19183.547508112155	-1744.4385964912283
6660.4078129929385	19183.639064536706	-1744.4385964912283
6660.4078129929385	19183.730620961254	-1744.4385964912283
6660.4078129929385	19183.822177385806	-1744.4385964912283
6660.4078129929385	19183.913733810357	-1744.4385964912283
6660.4078129929385	19184.005290234905	-1744.4385964912283
6660.4078129929385	19184.096846659457	-1744.4385964912283
6660.4078129929385	19184.188403084005	-1744.4385964912283
6660.4078129929385	19184.279959508556	-1744.4385964912283
6660.4078129929385	19184.371515933104	-1744.4385964912283
6660.4078129929385	19184.463072357656	-1744.4385964912283
6660.4078129929385	19184.554628782207	-1744.4385964912283
6660.4078129929385	19184.646185206755	-1744.4385964912283
6660.4078129929385	19184.737741631307	-1521.1578947368423
6660.4078129929385	19184.829298055854	-1521.1578947368423
6660.4078129929385	19184.920854480406	-1521.1578947368423
6660.4078129929385	19185.012410904958	-1521.1578947368423
6660.4078129929385	19185.103967329505	-1521.1578947368423
6660.4078129929385	19185.195523754057	-1521.1578947368423
6660.4078129929385	19185.287080178605	-1521.1578947368423
6660.4078129929385	19185.378636603156	-2178.1184210526317
6660.4078129929385	19185.470193027704	-1984.8947368421054
6660.4078129929385	19185.561749452256	-1744.4385964912283
6660.4078129929385	19185.653305876807	-1744.4385964912283
6660.4078129929385	19185.744862301355	-1744.4385964912283
6660.4078129929385	19185.836418725907	-1744.4385964912283
6660.4078129929385	19185.927975150455	-1744.4385964912283
6660.4078129929385	19186.019531575006	-1744.4385964912283
6660.4078129929385	19186.111087999558	-1744.4385964912283
6660.4078129929385	19186.202644424106	-1744.4385964912283
6660.4078129929385	19186.294200848657	-1744.4385964912283
6660.4078129929385	19186.385757273205	-1521.1578947368423
6660.4078129929385	19186.477313697756	-1521.1578947368423
6660.4078129929385	19186.568870122304	-1521.1578947368423
6660.4078129929385	19186.660426546856	-1521.1578947368423
6660.4078129929385	19186.751982971407	-1521.1578947368423
6660.4078129929385	19186.843539395955	-1744.4385964912283
6660.4078129929385	19186.935095820507	-1744.4385964912283
6660.4078129929385	19187.026652245055	-1744.4385964912283
6660.4078129929385	19187.118208669606	-1744.4385964912283
6660.4078129929385	19187.209765094158	-1744.4385964912283
6660.4078129929385	19187.301321518706	-1744.4385964912283
6660.4078129929385	19187.392877943257	-1899.0175438596493
6660.4078129929385	19187.484434367805	-1744.4385964912283
6660.4078129929385	19187.575990792357	-1744.4385964912283
6651.222632077074	19178.603461186456	-1521.1578947368423
6651.222632077074	19178.695017611004	-1521.1578947368423
6651.222632077074	19178.786574035556	-1521.1578947368423
6651.222632077074	19178.878130460103	-1984.8947368421054
6651.222632077074	19178.969686884655	-1521.1578947368423
6651.222632077074	19179.061243309206	-829.8464912280702
6651.222632077074	19179.152799733754	-1521.1578947368423
6651.222632077074	19179.244356158306	-1984.8947368421054
6651.222632077074	19179.335912582854	-1984.8947368421054
6651.222632077074	19179.427469007405	-1521.1578947368423
6651.222632077074	19179.519025431953	-1521.1578947368423
6651.222632077074	19179.610581856505	-1521.1578947368423
6651.222632077074	19179.702138281056	-1521.1578947368423
6651.222632077074	19179.793694705604	-1323.640350877193
6651.222632077074	19179.885251130156	-1521.1578947368423
6651.222632077074	19179.976807554704	-2118.004385964912
6651.222632077074	19180.068363979255	-1521.1578947368423
6651.222632077074	19180.159920403807	-1521.1578947368423
6651.222632077074	19180.251476828354	-1521.1578947368423
6651.222632077074	19180.343033252906	-1521.1578947368423
6651.222632077074	19180.434589677454	-1521.1578947368423
6651.222632077074	19180.526146102005	-1984.8947368421054
6651.222632077074	19180.617702526553	-1740.1447368421054
6651.222632077074	19180.709258951105	-1521.1578947368423
6651.222632077074	19180.800815375656	-1521.1578947368423
6651.222632077074	19180.892371800204	-1521.1578947368423
6651.222632077074	19180.983928224756	-1744.4385964912283
6651.222632077074	19181.075484649304	-2083.6535087719303
6651.222632077074	19181.167041073855	-1521.1578947368423
6651.222632077074	19181.258597498407	-1521.1578947368423
6651.222632077074	19181.350153922955	-1521.1578947368423
6651.222632077074	19181.441710347506	-1315.0526315789475
6651.222632077074	19181.533266772054	-1521.1578947368423
6651.222632077074	19181.624823196606	-1744.4385964912283
6651.222632077074	19181.716379621153	-1521.1578947368423
6651.222632077074	19181.807936045705	-1744.4385964912283
6651.222632077074	19181.899492470257	-1899.0175438596493
6651.222632077074	19181.991048894804	-1521.1578947368423
6651.222632077074	19182.082605319356	-1740.1447368421054
6651.222632077074	19182.174161743904	-1521.1578947368423
6651.222632077074	19182.265718168455	-1521.1578947368423
6651.222632077074	19182.357274593007	-1521.1578947368423
6651.222632077074	19182.448831017555	-1744.4385964912283
6651.222632077074	19182.540387442106	-1521.1578947368423
6651.222632077074	19182.631943866654	-1521.1578947368423
6651.222632077074	19182.723500291206	-1744.4385964912283
6651.222632077074	19182.815056715757	-1744.4385964912283
6651.222632077074	19182.906613140305	-1744.4385964912283
6651.222632077074	19182.998169564857	-1744.4385964912283
6651.222632077074	19183.089725989405	-1521.1578947368423
6651.222632077074	19183.181282413956	-1744.4385964912283
6651.222632077074	19183.272838838504	-1744.4385964912283
6651.222632077074	19183.364395263055	-1744.4385964912283
6651.222632077074	19183.455951687607	-1744.4385964912283
6651.222632077074	19183.547508112155	-1744.4385964912283
6651.222632077074	19183.639064536706	-1744.4385964912283
6651.222632077074	19183.730620961254	-1744.4385964912283
6651.222632077074	19183.822177385806	-1744.4385964912283
6651.222632077074	19183.913733810357	-1744.4385964912283
6651.222632077074	19184.005290234905	-1744.4385964912283
6651.222632077074	19184.096846659457	-1744.4385964912283
6651.222632077074	19184.188403084005	-1744.4385964912283
6651.222632077074	19184.279959508556	-1744.4385964912283
6651.222632077074	19184.371515933104	-1744.4385964912283
6651.222632077074	19184.463072357656	-1744.4385964912283
6651.222632077074	19184.554628782207	-2178.1184210526317
6651.222632077074	19184.646185206755	-1521.1578947368423
6651.222632077074	19184.737741631307	-1744.4385964912283
6651.222632077074	19184.829298055854	-1744.4385964912283
6651.222632077074	19184.920854480406	-1744.4385964912283
6651.222632077074	19185.012410904958	-1740.1447368421054
6651.222632077074	19185.103967329505	-1521.1578947368423
6651.222632077074	19185.195523754057	-1521.1578947368423
6651.222632077074	19185.287080178605	-1521.1578947368423
6651.222632077074	19185.378636603156	-1521.1578947368423
6651.222632077074	19185.470193027704	-1521.1578947368423
6651.222632077074	19185.561749452256	-1521.1578947368423
6651.222632077074	19185.653305876807	-1984.8947368421054
6651.222632077074	19185.744862301355	-1744.4385964912283
6651.222632077074	19185.836418725907	-1744.4385964912283
6651.222632077074	19185.927975150455	-1744.4385964912283
6651.222632077074	19186.019531575006	-1744.4385964912283
6651.222632077074	19186.111087999558	-1744.4385964912283
6651.222632077074	19186.202644424106	-1744.4385964912283
6651.222632077074	19186.294200848657	-1744.4385964912283
6651.222632077074	19186.385757273205	-1521.1578947368423
6651.222632077074	19186.477313697756	-1521.1578947368423
6651.222632077074	19186.568870122304	-1521.1578947368423
6651.222632077074	19186.660426546856	-1521.1578947368423
6651.222632077074	19186.751982971407	-1521.1578947368423
6651.222632077074	19186.843539395955	-1744.4385964912283
6651.222632077074	19186.935095820507	-1744.4385964912283
6651.222632077074	19187.026652245055	-1744.4385964912283
6651.222632077074	19187.118208669606	-1744.4385964912283
6651.222632077074	19187.209765094158	-1744.4385964912283
6651.222632077074	19187.301321518706	-1744.4385964912283
6651.222632077074	19187.392877943257	-1521.1578947368423
6651.222632077074	19187.484434367805	-1744.4385964912283
6651.222632077074	19187.575990792357	-1744.4385964912283
6642.037451161211	19178.603461186456	-1521.1578947368423
6642.037451161211	19178.695017611004	-1521.1578947368423
6642.037451161211	19178.786574035556	-1521.1578947368423
6642.037451161211	19178.878130460103	-1521.1578947368423
6642.037451161211	19178.969686884655	-778.3201754385965
6642.037451161211	19179.061243309206	-1521.1578947368423
6642.037451161211	19179.152799733754	-1899.0175438596493
6642.037451161211	19179.244356158306	-1521.1578947368423
6642.037451161211	19179.335912582854	-1521.1578947368423
6642.037451161211	19179.427469007405	-1323.640350877193
6642.037451161211	19179.519025431953	-1521.1578947368423
6642.037451161211	19179.610581856505	-1521.1578947368423
6642.037451161211	19179.702138281056	-1521.1578947368423
6642.037451161211	19179.793694705604	-1521.1578947368423
6642.037451161211	19179.885251130156	-1315.0526315789475
6642.037451161211	19179.976807554704	-1740.1447368421054
6642.037451161211	19180.068363979255	-1744.4385964912283
6642.037451161211	19180.159920403807	-2186.7061403508774
6642.037451161211	19180.251476828354	-1521.1578947368423
6642.037451161211	19180.343033252906	-1521.1578947368423
6642.037451161211	19180.434589677454	-1740.1447368421054
6642.037451161211	19180.526146102005	-2083.6535087719303
6642.037451161211	19180.617702526553	-1740.1447368421054
6642.037451161211	19180.709258951105	-2186.7061403508774
6642.037451161211	19180.800815375656	-1521.1578947368423
6642.037451161211	19180.892371800204	-1744.4385964912283
6642.037451161211	19180.983928224756	-1744.4385964912283
6642.037451161211	19181.075484649304	-1521.1578947368423
6642.037451161211	19181.167041073855	-1521.1578947368423
6642.037451161211	19181.258597498407	-1521.1578947368423
6642.037451161211	19181.350153922955	-2178.1184210526317
6642.037451161211	19181.441710347506	-1521.1578947368423
6642.037451161211	19181.533266772054	-1744.4385964912283
6642.037451161211	19181.624823196606	-1521.1578947368423
6642.037451161211	19181.716379621153	-2178.1184210526317
6642.037451161211	19181.807936045705	-1521.1578947368423
6642.037451161211	19181.899492470257	-1521.1578947368423
6642.037451161211	19181.991048894804	-1744.4385964912283
6642.037451161211	19182.082605319356	-1521.1578947368423
6642.037451161211	19182.174161743904	-1521.1578947368423
6642.037451161211	19182.265718168455	-585.0964912280701
6642.037451161211	19182.357274593007	-1744.4385964912283
6642.037451161211	19182.448831017555	-1521.1578947368423
6642.037451161211	19182.540387442106	-1521.1578947368423
6642.037451161211	19182.631943866654	-1744.4385964912283
6642.037451161211	19182.723500291206	-1744.4385964912283
6642.037451161211	19182.815056715757	-2178.1184210526317
6642.037451161211	19182.906613140305	-1744.4385964912283
6642.037451161211	19182.998169564857	-1521.1578947368423
6642.037451161211	19183.089725989405	-1744.4385964912283
6642.037451161211	19183.181282413956	-1744.4385964912283
6642.037451161211	19183.272838838504	-1744.4385964912283
6642.037451161211	19183.364395263055	-1744.4385964912283
6642.037451161211	19183.455951687607	-1744.4385964912283
6642.037451161211	19183.547508112155	-1744.4385964912283
6642.037451161211	19183.639064536706	-1744.4385964912283
6642.037451161211	19183.730620961254	-1744.4385964912283
6642.037451161211	19183.822177385806	-1744.4385964912283
6642.037451161211	19183.913733810357	-1744.4385964912283
6642.037451161211	19184.005290234905	-1744.4385964912283
6642.037451161211	19184.096846659457	-1744.4385964912283
6642.037451161211	19184.188403084005	-1744.4385964912283
6642.037451161211	19184.279959508556	-1744.4385964912283
6642.037451161211	19184.371515933104	-1744.4385964912283
6642.037451161211	19184.463072357656	-1984.8947368421054
6642.037451161211	19184.554628782207	-1521.1578947368423
6642.037451161211	19184.646185206755	-1521.1578947368423
6642.037451161211	19184.737741631307	-1744.4385964912283
6642.037451161211	19184.829298055854	-1744.4385964912283
6642.037451161211	19184.920854480406	-1744.4385964912283
6642.037451161211	19185.012410904958	-1744.4385964912283
6642.037451161211	19185.103967329505	-1744.4385964912283
6642.037451161211	19185.195523754057	-1744.4385964912283
6642.037451161211	19185.287080178605	-1740.1447368421054
6642.037451161211	19185.378636603156	-1744.4385964912283
6642.037451161211	19185.470193027704	-1744.4385964912283
6642.037451161211	19185.561749452256	-1297.8771929824563
6642.037451161211	19185.653305876807	-1521.1578947368423
6642.037451161211	19185.744862301355	-1744.4385964912283
6642.037451161211	19185.836418725907	-1744.4385964912283
6642.037451161211	19185.927975150455	-1744.4385964912283
6642.037451161211	19186.019531575006	-1744.4385964912283
6642.037451161211	19186.111087999558	-1744.4385964912283
6642.037451161211	19186.202644424106	-1744.4385964912283
6642.037451161211	19186.294200848657	-1744.4385964912283
6642.037451161211	19186.385757273205	-1744.4385964912283
6642.037451161211	19186.477313697756	-1521.1578947368423
6642.037451161211	19186.568870122304	-1744.4385964912283
6642.037451161211	19186.660426546856	-1744.4385964912283
6642.037451161211	19186.751982971407	-1521.1578947368423
6642.037451161211	19186.843539395955	-1521.1578947368423
6642.037451161211	19186.935095820507	-1744.4385964912283
6642.037451161211	19187.026652245055	-1744.4385964912283
6642.037451161211	19187.118208669606	-1744.4385964912283
6642.037451161211	19187.209765094158	-1744.4385964912283
6642.037451161211	19187.301321518706	-1521.1578947368423
6642.037451161211	19187.392877943257	-1744.4385964912283
6642.037451161211	19187.484434367805	-1744.4385964912283
6642.037451161211	19187.575990792357	-1744.4385964912283
6632.8522702453465	19178.603461186456	-1521.1578947368423
6632.8522702453465	19178.695017611004	-1521.1578947368423
6632.8522702453465	19178.786574035556	-1521.1578947368423
6632.8522702453465	19178.878130460103	-2178.1184210526317
6632.8522702453465	19178.969686884655	-1521.1578947368423
6632.8522702453465	19179.061243309206	-1521.1578947368423
6632.8522702453465	19179.152799733754	-1984.8947368421054
6632.8522702453465	19179.244356158306	-1521.1578947368423
6632.8522702453465	19179.335912582854	-1521.1578947368423
6632.8522702453465	19179.427469007405	-1521.1578947368423
6632.8522702453465	19179.519025431953	-1521.1578947368423
6632.8522702453465	19179.610581856505	-1521.1578947368423
6632.8522702453465	19179.702138281056	-1521.1578947368423
6632.8522702453465	19179.793694705604	-765.4385964912282
6632.8522702453465	19179.885251130156	-1521.1578947368423
6632.8522702453465	19179.976807554704	-1521.1578947368423
6632.8522702453465	19180.068363979255	-2178.1184210526317
6632.8522702453465	19180.159920403807	-1521.1578947368423
6632.8522702453465	19180.251476828354	-1521.1578947368423
6632.8522702453465	19180.343033252906	-2178.1184210526317
6632.8522702453465	19180.434589677454	-1744.4385964912283
6632.8522702453465	19180.526146102005	-1740.1447368421054
6632.8522702453465	19180.617702526553	-1701.5000000000002
6632.8522702453465	19180.709258951105	-1984.8947368421054
6632.8522702453465	19180.800815375656	-1744.4385964912283
6632.8522702453465	19180.892371800204	-1521.1578947368423
6632.8522702453465	19180.983928224756	-1521.1578947368423
6632.8522702453465	19181.075484649304	-1521.1578947368423
6632.8522702453465	19181.167041073855	-1521.1578947368423
6632.8522702453465	19181.258597498407	-1302.171052631579
6632.8522702453465	19181.350153922955	-1521.1578947368423
6632.8522702453465	19181.441710347506	-1744.4385964912283
6632.8522702453465	19181.533266772054	-1521.1578947368423
6632.8522702453465	19181.624823196606	-1323.640350877193
6632.8522702453465	19181.716379621153	-1521.1578947368423
6632.8522702453465	19181.807936045705	-1740.1447368421054
6632.8522702453465	19181.899492470257	-1740.1447368421054
6632.8522702453465	19181.991048894804	-1521.1578947368423
6632.8522702453465	19182.082605319356	-1521.1578947368423
6632.8522702453465	19182.174161743904	-2118.004385964912
6632.8522702453465	19182.265718168455	-1521.1578947368423
6632.8522702453465	19182.357274593007	-1521.1578947368423
6632.8522702453465	19182.448831017555	-1521.1578947368423
6632.8522702453465	19182.540387442106	-1744.4385964912283
6632.8522702453465	19182.631943866654	-1984.8947368421054
6632.8522702453465	19182.723500291206	-1744.4385964912283
6632.8522702453465	19182.815056715757	-1521.1578947368423
6632.8522702453465	19182.906613140305	-1744.4385964912283
6632.8522702453465	19182.998169564857	-1744.4385964912283
6632.8522702453465	19183.089725989405	-1744.4385964912283
6632.8522702453465	19183.181282413956	-1744.4385964912283
6632.8522702453465	19183.272838838504	-1744.4385964912283
6632.8522702453465	19183.364395263055	-1744.4385964912283
6632.8522702453465	19183.455951687607	-1744.4385964912283
6632.8522702453465	19183.547508112155	-1744.4385964912283
6632.8522702453465	19183.639064536706	-1744.4385964912283
6632.8522702453465	19183.730620961254	-1744.4385964912283
6632.8522702453465	19183.822177385806	-1744.4385964912283
6632.8522702453465	19183.913733810357	-1744.4385964912283
6632.8522702453465	19184.005290234905	-1744.4385964912283
6632.8522702453465	19184.096846659457	-1744.4385964912283
6632.8522702453465	19184.188403084005	-1744.4385964912283
6632.8522702453465	19184.279959508556	-1744.4385964912283
6632.8522702453465	19184.371515933104	-1521.1578947368423
6632.8522702453465	19184.463072357656	-1984.8947368421054
6632.8522702453465	19184.554628782207	-1521.1578947368423
6632.8522702453465	19184.646185206755	-1521.1578947368423
6632.8522702453465	19184.737741631307	-1744.4385964912283
6632.8522702453465	19184.829298055854	-1744.4385964912283
6632.8522702453465	19184.920854480406	-1521.1578947368423
6632.8522702453465	19185.012410904958	-1744.4385964912283
6632.8522702453465	19185.103967329505	-1744.4385964912283
6632.8522702453465	19185.195523754057	-1744.4385964912283
6632.8522702453465	19185.287080178605	-1744.4385964912283
6632.8522702453465	19185.378636603156	-1744.4385964912283
6632.8522702453465	19185.470193027704	-1744.4385964912283
6632.8522702453465	19185.561749452256	-1521.1578947368423
6632.8522702453465	19185.653305876807	-1984.8947368421054
6632.8522702453465	19185.744862301355	-2186.7061403508774
6632.8522702453465	19185.836418725907	-1521.1578947368423
6632.8522702453465	19185.927975150455	-1744.4385964912283
6632.8522702453465	19186.019531575006	-1744.4385964912283
6632.8522702453465	19186.111087999558	-1744.4385964912283
6632.8522702453465	19186.202644424106	-1744.4385964912283
6632.8522702453465	19186.294200848657	-1744.4385964912283
6632.8522702453465	19186.385757273205	-1744.4385964912283
6632.8522702453465	19186.477313697756	-1744.4385964912283
6632.8522702453465	19186.568870122304	-1744.4385964912283
6632.8522702453465	19186.660426546856	-1744.4385964912283
6632.8522702453465	19186.751982971407	-1521.1578947368423
6632.8522702453465	19186.843539395955	-1521.1578947368423
6632.8522702453465	19186.935095820507	-1744.4385964912283
6632.8522702453465	19187.026652245055	-1744.4385964912283
6632.8522702453465	19187.118208669606	-1744.4385964912283
6632.8522702453465	19187.209765094158	-1744.4385964912283
6632.8522702453465	19187.301321518706	-1521.1578947368423
6632.8522702453465	19187.392877943257	-1744.4385964912283
6632.8522702453465	19187.484434367805	-1744.4385964912283
6632.8522702453465	19187.575990792357	-1744.4385964912283
6623.667089329483	19178.603461186456	-2083.6535087719303
6623.667089329483	19178.695017611004	-1521.1578947368423
6623.667089329483	19178.786574035556	-825.5526315789474
6623.667089329483	19178.878130460103	-1521.1578947368423
6623.667089329483	19178.969686884655	-1521.1578947368423
6623.667089329483	19179.061243309206	-1521.1578947368423
6623.667089329483	19179.152799733754	-1521.1578947368423
6623.667089329483	19179.244356158306	-1984.8947368421054
6623.667089329483	19179.335912582854	-1984.8947368421054
6623.667089329483	19179.427469007405	-1521.1578947368423
6623.667089329483	19179.519025431953	-1521.1578947368423
6623.667089329483	19179.610581856505	-1521.1578947368423
6623.667089329483	19179.702138281056	-748.2631578947369
6623.667089329483	19179.793694705604	-1521.1578947368423
6623.667089329483	19179.885251130156	-1521.1578947368423
6623.667089329483	19179.976807554704	-1521.1578947368423
6623.667089329483	19180.068363979255	-1984.8947368421054
6623.667089329483	19180.159920403807	-1521.1578947368423
6623.667089329483	19180.251476828354	-1521.1578947368423
6623.667089329483	19180.343033252906	-1744.4385964912283
6623.667089329483	19180.434589677454	-1740.1447368421054
6623.667089329483	19180.526146102005	-1521.1578947368423
6623.667089329483	19180.617702526553	-1521.1578947368423
6623.667089329483	19180.709258951105	-1521.1578947368423
6623.667089329483	19180.800815375656	-1744.4385964912283
6623.667089329483	19180.892371800204	-1521.1578947368423
6623.667089329483	19180.983928224756	-1521.1578947368423
6623.667089329483	19181.075484649304	-1521.1578947368423
6623.667089329483	19181.167041073855	-2178.1184210526317
6623.667089329483	19181.258597498407	-1521.1578947368423
6623.667089329483	19181.350153922955	-1984.8947368421054
6623.667089329483	19181.441710347506	-1521.1578947368423
6623.667089329483	19181.533266772054	-1744.4385964912283
6623.667089329483	19181.624823196606	-1521.1578947368423
6623.667089329483	19181.716379621153	-1744.4385964912283
6623.667089329483	19181.807936045705	-1521.1578947368423
6623.667089329483	19181.899492470257	-1521.1578947368423
6623.667089329483	19181.991048894804	-1521.1578947368423
6623.667089329483	19182.082605319356	-2186.7061403508774
6623.667089329483	19182.174161743904	-1521.1578947368423
6623.667089329483	19182.265718168455	-1521.1578947368423
6623.667089329483	19182.357274593007	-1521.1578947368423
6623.667089329483	19182.448831017555	-1744.4385964912283
6623.667089329483	19182.540387442106	-1744.4385964912283
6623.667089329483	19182.631943866654	-1984.8947368421054
6623.667089329483	19182.723500291206	-1744.4385964912283
6623.667089329483	19182.815056715757	-1984.8947368421054
6623.667089329483	19182.906613140305	-1744.4385964912283
6623.667089329483	19182.998169564857	-1744.4385964912283
6623.667089329483	19183.089725989405	-1744.4385964912283
6623.667089329483	19183.181282413956	-1744.4385964912283
6623.667089329483	19183.272838838504	-1744.4385964912283
6623.667089329483	19183.364395263055	-1984.8947368421054
6623.667089329483	19183.455951687607	-1521.1578947368423
6623.667089329483	19183.547508112155	-1744.4385964912283
6623.667089329483	19183.639064536706	-1744.4385964912283
6623.667089329483	19183.730620961254	-1744.4385964912283
6623.667089329483	19183.822177385806	-1744.4385964912283
6623.667089329483	19183.913733810357	-1744.4385964912283
6623.667089329483	19184.005290234905	-1744.4385964912283
6623.667089329483	19184.096846659457	-1744.4385964912283
6623.667089329483	19184.188403084005	-1744.4385964912283
6623.667089329483	19184.279959508556	-1744.4385964912283
6623.667089329483	19184.371515933104	-1521.1578947368423
6623.667089329483	19184.463072357656	-2186.7061403508774
6623.667089329483	19184.554628782207	-1521.1578947368423
6623.667089329483	19184.646185206755	-1740.1447368421054
6623.667089329483	19184.737741631307	-1521.1578947368423
6623.667089329483	19184.829298055854	-1521.1578947368423
6623.667089329483	19184.920854480406	-1521.1578947368423
6623.667089329483	19185.012410904958	-1521.1578947368423
6623.667089329483	19185.103967329505	-1744.4385964912283
6623.667089329483	19185.195523754057	-1744.4385964912283
6623.667089329483	19185.287080178605	-1521.1578947368423
6623.667089329483	19185.378636603156	-1521.1578947368423
6623.667089329483	19185.470193027704	-1744.4385964912283
6623.667089329483	19185.561749452256	-1521.1578947368423
6623.667089329483	19185.653305876807	-1521.1578947368423
6623.667089329483	19185.744862301355	-1521.1578947368423
6623.667089329483	19185.836418725907	-1521.1578947368423
6623.667089329483	19185.927975150455	-1521.1578947368423
6623.667089329483	19186.019531575006	-1744.4385964912283
6623.667089329483	19186.111087999558	-1744.4385964912283
6623.667089329483	19186.202644424106	-1744.4385964912283
6623.667089329483	19186.294200848657	-1744.4385964912283
6623.667089329483	19186.385757273205	-1744.4385964912283
6623.667089329483	19186.477313697756	-1744.4385964912283
6623.667089329483	19186.568870122304	-1744.4385964912283
6623.667089329483	19186.660426546856	-1744.4385964912283
6623.667089329483	19186.751982971407	-1744.4385964912283
6623.667089329483	19186.843539395955	-1521.1578947368423
6623.667089329483	19186.935095820507	-1521.1578947368423
6623.667089329483	19187.026652245055	-1744.4385964912283
6623.667089329483	19187.118208669606	-1744.4385964912283
6623.667089329483	19187.209765094158	-1744.4385964912283
6623.667089329483	19187.301321518706	-1521.1578947368423
6623.667089329483	19187.392877943257	-1521.1578947368423
6623.667089329483	19187.484434367805	-1744.4385964912283
6623.667089329483	19187.575990792357	-1744.4385964912283
